2026-06-25 12:10:30,400 - EXECUT - INFO - starting server...
2026-06-25 12:10:35,140 - EXECUT - INFO - trainer number sta4 just joined the pool
2026-06-25 12:10:35,207 - EXECUT - INFO - trainer number sta1 just joined the pool
2026-06-25 12:10:35,249 - EXECUT - INFO - trainer number sta0 just joined the pool
2026-06-25 12:10:35,324 - EXECUT - INFO - trainer number sta3 just joined the pool
2026-06-25 12:10:35,366 - EXECUT - INFO - trainer number sta2 just joined the pool
2026-06-25 12:10:35,445 - EXECUT - INFO - trainer number sta5 just joined the pool
2026-06-25 12:10:35,487 - EXECUT - INFO - trainer number sta6 just joined the pool
2026-06-25 12:10:35,487 - EXECUT - INFO - trainer number sta7 just joined the pool
2026-06-25 12:10:35,504 - EXECUT - INFO - trainer number sta8 just joined the pool
2026-06-25 12:10:35,697 - EXECUT - INFO - trainer number sta10 just joined the pool
2026-06-25 12:10:35,765 - EXECUT - INFO - trainer number sta9 just joined the pool
2026-06-25 12:10:36,410 - EXECUT - INFO - mensagem de data_sz recebida: 
 {'id': 'sta0', 'dataset_sz': 747088320}
2026-06-25 12:10:36,411 - EXECUT - INFO - mensagem de data_sz recebida: 
 {'id': 'sta1', 'dataset_sz': 684321792}
2026-06-25 12:10:36,451 - EXECUT - INFO - mensagem de data_sz recebida: 
 {'id': 'sta3', 'dataset_sz': 1047438528}
2026-06-25 12:10:36,451 - EXECUT - INFO - mensagem de data_sz recebida: 
 {'id': 'sta2', 'dataset_sz': 1128383616}
2026-06-25 12:10:36,451 - EXECUT - INFO - mensagem de data_sz recebida: 
 {'id': 'sta4', 'dataset_sz': 436285440}
2026-06-25 12:10:36,451 - EXECUT - INFO - mensagem de data_sz recebida: 
 {'id': 'sta5', 'dataset_sz': 1135301568}
2026-06-25 12:10:36,451 - EXECUT - INFO - mensagem de data_sz recebida: 
 {'id': 'sta10', 'dataset_sz': 748350720}
2026-06-25 12:10:36,451 - EXECUT - INFO - mensagem de data_sz recebida: 
 {'id': 'sta7', 'dataset_sz': 1026684672}
2026-06-25 12:10:36,451 - EXECUT - INFO - mensagem de data_sz recebida: 
 {'id': 'sta6', 'dataset_sz': 995528640}
2026-06-25 12:10:36,451 - EXECUT - INFO - mensagem de data_sz recebida: 
 {'id': 'sta8', 'dataset_sz': 352361088}
2026-06-25 12:10:36,451 - EXECUT - INFO - mensagem de data_sz recebida: 
 {'id': 'sta9', 'dataset_sz': 1102428672}
2026-06-25 12:10:37,410 - METRIC - INFO - round: 1
2026-06-25 12:10:37,410 - METRIC - INFO - n_selected: 11
2026-06-25 12:10:37,410 - METRIC - INFO - {"selected_trainers": ["sta0", "sta1", "sta10", "sta2", "sta3", "sta4", "sta5", "sta6", "sta7", "sta8", "sta9"]}
2026-06-25 12:10:43,364 - EXECUT - INFO - received weights from trainer sta8!
2026-06-25 12:10:47,023 - EXECUT - INFO - received weights from trainer sta4!
2026-06-25 12:10:48,742 - EXECUT - INFO - received weights from trainer sta10!
2026-06-25 12:10:52,025 - EXECUT - INFO - received weights from trainer sta1!
2026-06-25 12:10:53,570 - EXECUT - INFO - received weights from trainer sta0!
2026-06-25 12:10:53,643 - EXECUT - INFO - received weights from trainer sta9!
2026-06-25 12:10:57,661 - EXECUT - INFO - received weights from trainer sta7!
2026-06-25 12:10:57,819 - EXECUT - INFO - received weights from trainer sta6!
2026-06-25 12:10:59,316 - EXECUT - INFO - received weights from trainer sta3!
2026-06-25 12:11:00,055 - EXECUT - INFO - received weights from trainer sta5!
2026-06-25 12:11:00,638 - EXECUT - INFO - received weights from trainer sta2!
2026-06-25 12:11:01,211 - EXECUT - INFO - sent aggregated weights to trainers!
2026-06-25 12:11:01,883 - METRIC - INFO - {"loss": 0.42703741788864136, "accuracy": 0.8872633576393127, "energy_consumption": null, "selected": false, "client_name": "sta8"}
2026-06-25 12:11:01,943 - METRIC - INFO - {"loss": 0.2911764979362488, "accuracy": 0.917813777923584, "energy_consumption": null, "selected": false, "client_name": "sta10"}
2026-06-25 12:11:02,004 - METRIC - INFO - {"loss": 0.2675054669380188, "accuracy": 0.9266080260276794, "energy_consumption": null, "selected": false, "client_name": "sta9"}
2026-06-25 12:11:02,099 - METRIC - INFO - {"loss": 0.36876264214515686, "accuracy": 0.9055555462837219, "energy_consumption": null, "selected": false, "client_name": "sta4"}
2026-06-25 12:11:02,121 - METRIC - INFO - {"loss": 0.3094104826450348, "accuracy": 0.9131975173950195, "energy_consumption": null, "selected": false, "client_name": "sta1"}
2026-06-25 12:11:02,185 - METRIC - INFO - {"loss": 0.2608695924282074, "accuracy": 0.9220778942108154, "energy_consumption": null, "selected": false, "client_name": "sta7"}
2026-06-25 12:11:02,198 - METRIC - INFO - {"loss": 0.30752959847450256, "accuracy": 0.9119675159454346, "energy_consumption": null, "selected": false, "client_name": "sta0"}
2026-06-25 12:11:02,229 - METRIC - INFO - {"loss": 0.258821040391922, "accuracy": 0.9234693646430969, "energy_consumption": null, "selected": false, "client_name": "sta2"}
2026-06-25 12:11:02,261 - METRIC - INFO - {"loss": 0.2807904779911041, "accuracy": 0.9208523631095886, "energy_consumption": null, "selected": false, "client_name": "sta6"}
2026-06-25 12:11:02,270 - METRIC - INFO - {"loss": 0.27164900302886963, "accuracy": 0.9194021821022034, "energy_consumption": null, "selected": false, "client_name": "sta5"}
2026-06-25 12:11:02,275 - METRIC - INFO - {"loss": 0.26411429047584534, "accuracy": 0.9245010018348694, "energy_consumption": null, "selected": false, "client_name": "sta3"}
2026-06-25 12:11:03,213 - METRIC - INFO - mean_accuracy: 0.9157007770104841

2026-06-25 12:11:03,214 - METRIC - INFO - round: 2
2026-06-25 12:11:03,214 - METRIC - INFO - n_selected: 11
2026-06-25 12:11:03,214 - METRIC - INFO - {"selected_trainers": ["sta0", "sta1", "sta10", "sta2", "sta3", "sta4", "sta5", "sta6", "sta7", "sta8", "sta9"]}
2026-06-25 12:11:08,770 - EXECUT - INFO - received weights from trainer sta8!
2026-06-25 12:11:11,856 - EXECUT - INFO - received weights from trainer sta4!
2026-06-25 12:11:14,241 - EXECUT - INFO - received weights from trainer sta10!
2026-06-25 12:11:16,436 - EXECUT - INFO - received weights from trainer sta1!
2026-06-25 12:11:17,959 - EXECUT - INFO - received weights from trainer sta0!
2026-06-25 12:11:19,250 - EXECUT - INFO - received weights from trainer sta9!
2026-06-25 12:11:22,697 - EXECUT - INFO - received weights from trainer sta7!
2026-06-25 12:11:22,786 - EXECUT - INFO - received weights from trainer sta6!
2026-06-25 12:11:23,700 - EXECUT - INFO - received weights from trainer sta3!
2026-06-25 12:11:24,268 - EXECUT - INFO - received weights from trainer sta2!
2026-06-25 12:11:44,640 - EXECUT - INFO - received weights from trainer sta5!
2026-06-25 12:11:46,041 - EXECUT - INFO - sent aggregated weights to trainers!
2026-06-25 12:11:46,695 - METRIC - INFO - {"loss": 2.246161699295044, "accuracy": 0.3201376795768738, "energy_consumption": null, "selected": false, "client_name": "sta8"}
2026-06-25 12:11:46,771 - METRIC - INFO - {"loss": 0.7567639946937561, "accuracy": 0.8028340339660645, "energy_consumption": null, "selected": false, "client_name": "sta10"}
2026-06-25 12:11:46,811 - METRIC - INFO - {"loss": 0.477851539850235, "accuracy": 0.8677845001220703, "energy_consumption": null, "selected": false, "client_name": "sta9"}
2026-06-25 12:11:46,893 - METRIC - INFO - {"loss": 2.1242778301239014, "accuracy": 0.5916666388511658, "energy_consumption": null, "selected": false, "client_name": "sta4"}
2026-06-25 12:11:46,953 - METRIC - INFO - {"loss": 0.8417404890060425, "accuracy": 0.7878653407096863, "energy_consumption": null, "selected": false, "client_name": "sta1"}
2026-06-25 12:11:46,974 - METRIC - INFO - {"loss": 0.5037334561347961, "accuracy": 0.8671782612800598, "energy_consumption": null, "selected": false, "client_name": "sta7"}
2026-06-25 12:11:46,992 - METRIC - INFO - {"loss": 0.7584654688835144, "accuracy": 0.7906693816184998, "energy_consumption": null, "selected": false, "client_name": "sta0"}
2026-06-25 12:11:47,041 - METRIC - INFO - {"loss": 0.4734063446521759, "accuracy": 0.8767454624176025, "energy_consumption": null, "selected": false, "client_name": "sta2"}
2026-06-25 12:11:47,063 - METRIC - INFO - {"loss": 0.5575627684593201, "accuracy": 0.8508371114730835, "energy_consumption": null, "selected": false, "client_name": "sta6"}
2026-06-25 12:11:47,079 - METRIC - INFO - {"loss": 0.47152331471443176, "accuracy": 0.8729650378227234, "energy_consumption": null, "selected": false, "client_name": "sta5"}
2026-06-25 12:11:47,088 - METRIC - INFO - {"loss": 0.5013468265533447, "accuracy": 0.868093729019165, "energy_consumption": null, "selected": false, "client_name": "sta3"}
2026-06-25 12:11:48,043 - METRIC - INFO - mean_accuracy: 0.7724342888051813

2026-06-25 12:11:48,043 - METRIC - INFO - round: 3
2026-06-25 12:11:48,043 - METRIC - INFO - n_selected: 11
2026-06-25 12:11:48,044 - METRIC - INFO - {"selected_trainers": ["sta0", "sta1", "sta10", "sta2", "sta3", "sta4", "sta5", "sta6", "sta7", "sta8", "sta9"]}
2026-06-25 12:11:53,581 - EXECUT - INFO - received weights from trainer sta8!
2026-06-25 12:11:56,561 - EXECUT - INFO - received weights from trainer sta4!
2026-06-25 12:11:59,015 - EXECUT - INFO - received weights from trainer sta10!
2026-06-25 12:12:01,343 - EXECUT - INFO - received weights from trainer sta1!
2026-06-25 12:12:02,689 - EXECUT - INFO - received weights from trainer sta0!
2026-06-25 12:12:03,985 - EXECUT - INFO - received weights from trainer sta9!
2026-06-25 12:12:07,602 - EXECUT - INFO - received weights from trainer sta7!
2026-06-25 12:12:07,641 - EXECUT - INFO - received weights from trainer sta6!
2026-06-25 12:12:08,429 - EXECUT - INFO - received weights from trainer sta3!
2026-06-25 12:12:09,179 - EXECUT - INFO - received weights from trainer sta2!
2026-06-25 12:12:09,997 - EXECUT - INFO - received weights from trainer sta5!
2026-06-25 12:12:10,826 - EXECUT - INFO - sent aggregated weights to trainers!
2026-06-25 12:12:11,376 - METRIC - INFO - {"loss": 0.40409979224205017, "accuracy": 0.8881239295005798, "energy_consumption": null, "selected": false, "client_name": "sta8"}
2026-06-25 12:12:11,471 - METRIC - INFO - {"loss": 0.32353314757347107, "accuracy": 0.9085020422935486, "energy_consumption": null, "selected": false, "client_name": "sta10"}
2026-06-25 12:12:11,504 - METRIC - INFO - {"loss": 0.29240092635154724, "accuracy": 0.9164376258850098, "energy_consumption": null, "selected": false, "client_name": "sta9"}
2026-06-25 12:12:11,539 - METRIC - INFO - {"loss": 0.37078577280044556, "accuracy": 0.9027777910232544, "energy_consumption": null, "selected": false, "client_name": "sta4"}
2026-06-25 12:12:11,646 - METRIC - INFO - {"loss": 0.32344576716423035, "accuracy": 0.9114260673522949, "energy_consumption": null, "selected": false, "client_name": "sta1"}
2026-06-25 12:12:11,647 - METRIC - INFO - {"loss": 0.29363158345222473, "accuracy": 0.9154135584831238, "energy_consumption": null, "selected": false, "client_name": "sta2"}
2026-06-25 12:12:11,660 - METRIC - INFO - {"loss": 0.29422423243522644, "accuracy": 0.9182408452033997, "energy_consumption": null, "selected": false, "client_name": "sta7"}
2026-06-25 12:12:11,687 - METRIC - INFO - {"loss": 0.3224533498287201, "accuracy": 0.9065449237823486, "energy_consumption": null, "selected": false, "client_name": "sta6"}
2026-06-25 12:12:11,692 - METRIC - INFO - {"loss": 0.2917689383029938, "accuracy": 0.9169800281524658, "energy_consumption": null, "selected": false, "client_name": "sta3"}
2026-06-25 12:12:11,694 - METRIC - INFO - {"loss": 0.3278607428073883, "accuracy": 0.9046652913093567, "energy_consumption": null, "selected": false, "client_name": "sta0"}
2026-06-25 12:12:11,729 - METRIC - INFO - {"loss": 0.29633405804634094, "accuracy": 0.9127301573753357, "energy_consumption": null, "selected": false, "client_name": "sta5"}
2026-06-25 12:12:11,828 - METRIC - INFO - mean_accuracy: 0.9092583873055198

2026-06-25 12:12:11,828 - METRIC - INFO - round: 4
2026-06-25 12:12:11,828 - METRIC - INFO - n_selected: 11
2026-06-25 12:12:11,828 - METRIC - INFO - {"selected_trainers": ["sta0", "sta1", "sta10", "sta2", "sta3", "sta4", "sta5", "sta6", "sta7", "sta8", "sta9"]}
2026-06-25 12:12:17,023 - EXECUT - INFO - received weights from trainer sta8!
2026-06-25 12:12:22,118 - EXECUT - INFO - received weights from trainer sta10!
2026-06-25 12:12:22,407 - EXECUT - INFO - received weights from trainer sta4!
2026-06-25 12:12:24,680 - EXECUT - INFO - received weights from trainer sta1!
2026-06-25 12:12:26,048 - EXECUT - INFO - received weights from trainer sta0!
2026-06-25 12:12:26,679 - EXECUT - INFO - received weights from trainer sta9!
2026-06-25 12:12:30,821 - EXECUT - INFO - received weights from trainer sta6!
2026-06-25 12:12:31,207 - EXECUT - INFO - received weights from trainer sta7!
2026-06-25 12:12:31,551 - EXECUT - INFO - received weights from trainer sta3!
2026-06-25 12:12:31,570 - EXECUT - INFO - received weights from trainer sta2!
2026-06-25 12:12:33,647 - EXECUT - INFO - received weights from trainer sta5!
2026-06-25 12:12:34,636 - EXECUT - INFO - sent aggregated weights to trainers!
2026-06-25 12:12:35,150 - METRIC - INFO - {"loss": 0.25812679529190063, "accuracy": 0.9268502593040466, "energy_consumption": null, "selected": false, "client_name": "sta8"}
2026-06-25 12:12:35,218 - METRIC - INFO - {"loss": 0.22985409200191498, "accuracy": 0.9295546412467957, "energy_consumption": null, "selected": false, "client_name": "sta10"}
2026-06-25 12:12:35,259 - METRIC - INFO - {"loss": 0.21917881071567535, "accuracy": 0.9345794320106506, "energy_consumption": null, "selected": false, "client_name": "sta9"}
2026-06-25 12:12:35,364 - METRIC - INFO - {"loss": 0.23632225394248962, "accuracy": 0.9302231073379517, "energy_consumption": null, "selected": false, "client_name": "sta0"}
2026-06-25 12:12:35,378 - METRIC - INFO - {"loss": 0.21722887456417084, "accuracy": 0.9325993657112122, "energy_consumption": null, "selected": false, "client_name": "sta2"}
2026-06-25 12:12:35,413 - METRIC - INFO - {"loss": 0.2571463882923126, "accuracy": 0.9236111044883728, "energy_consumption": null, "selected": false, "client_name": "sta4"}
2026-06-25 12:12:35,430 - METRIC - INFO - {"loss": 0.22808034718036652, "accuracy": 0.935783863067627, "energy_consumption": null, "selected": false, "client_name": "sta1"}
2026-06-25 12:12:35,474 - METRIC - INFO - {"loss": 0.20914103090763092, "accuracy": 0.9407000541687012, "energy_consumption": null, "selected": false, "client_name": "sta3"}
2026-06-25 12:12:35,479 - METRIC - INFO - {"loss": 0.22897830605506897, "accuracy": 0.9321156740188599, "energy_consumption": null, "selected": false, "client_name": "sta6"}
2026-06-25 12:12:35,506 - METRIC - INFO - {"loss": 0.2146858125925064, "accuracy": 0.9364825487136841, "energy_consumption": null, "selected": false, "client_name": "sta5"}
2026-06-25 12:12:35,553 - METRIC - INFO - {"loss": 0.21465621888637543, "accuracy": 0.9365407228469849, "energy_consumption": null, "selected": false, "client_name": "sta7"}
2026-06-25 12:12:35,638 - METRIC - INFO - mean_accuracy: 0.9326400702649896

2026-06-25 12:12:35,638 - METRIC - INFO - round: 5
2026-06-25 12:12:35,638 - METRIC - INFO - n_selected: 11
2026-06-25 12:12:35,638 - METRIC - INFO - {"selected_trainers": ["sta0", "sta1", "sta10", "sta2", "sta3", "sta4", "sta5", "sta6", "sta7", "sta8", "sta9"]}
2026-06-25 12:12:40,895 - EXECUT - INFO - received weights from trainer sta8!
2026-06-25 12:12:43,475 - EXECUT - INFO - received weights from trainer sta4!
2026-06-25 12:12:45,885 - EXECUT - INFO - received weights from trainer sta10!
2026-06-25 12:12:48,516 - EXECUT - INFO - received weights from trainer sta1!
2026-06-25 12:12:49,515 - EXECUT - INFO - received weights from trainer sta0!
2026-06-25 12:12:50,518 - EXECUT - INFO - received weights from trainer sta9!
2026-06-25 12:12:54,400 - EXECUT - INFO - received weights from trainer sta6!
2026-06-25 12:12:54,688 - EXECUT - INFO - received weights from trainer sta7!
2026-06-25 12:12:54,903 - EXECUT - INFO - received weights from trainer sta3!
2026-06-25 12:12:55,485 - EXECUT - INFO - received weights from trainer sta2!
2026-06-25 12:12:56,591 - EXECUT - INFO - received weights from trainer sta5!
2026-06-25 12:12:57,371 - EXECUT - INFO - sent aggregated weights to trainers!
2026-06-25 12:12:57,983 - METRIC - INFO - {"loss": 0.18202577531337738, "accuracy": 0.9432013630867004, "energy_consumption": null, "selected": false, "client_name": "sta8"}
2026-06-25 12:12:58,018 - METRIC - INFO - {"loss": 0.1990789771080017, "accuracy": 0.9395833611488342, "energy_consumption": null, "selected": false, "client_name": "sta4"}
2026-06-25 12:12:58,063 - METRIC - INFO - {"loss": 0.17129358649253845, "accuracy": 0.9489878416061401, "energy_consumption": null, "selected": false, "client_name": "sta10"}
2026-06-25 12:12:58,097 - METRIC - INFO - {"loss": 0.17021621763706207, "accuracy": 0.950522243976593, "energy_consumption": null, "selected": false, "client_name": "sta9"}
2026-06-25 12:12:58,162 - METRIC - INFO - {"loss": 0.16126911342144012, "accuracy": 0.9495277404785156, "energy_consumption": null, "selected": false, "client_name": "sta7"}
2026-06-25 12:12:58,204 - METRIC - INFO - {"loss": 0.17267124354839325, "accuracy": 0.9460446238517761, "energy_consumption": null, "selected": false, "client_name": "sta0"}
2026-06-25 12:12:58,273 - METRIC - INFO - {"loss": 0.17785124480724335, "accuracy": 0.9460257887840271, "energy_consumption": null, "selected": false, "client_name": "sta2"}
2026-06-25 12:12:58,273 - METRIC - INFO - {"loss": 0.16666586697101593, "accuracy": 0.9526129364967346, "energy_consumption": null, "selected": false, "client_name": "sta1"}
2026-06-25 12:12:58,293 - METRIC - INFO - {"loss": 0.15842922031879425, "accuracy": 0.9537171125411987, "energy_consumption": null, "selected": false, "client_name": "sta3"}
2026-06-25 12:12:58,315 - METRIC - INFO - {"loss": 0.16825203597545624, "accuracy": 0.9491628408432007, "energy_consumption": null, "selected": false, "client_name": "sta6"}
2026-06-25 12:12:58,343 - METRIC - INFO - {"loss": 0.16324293613433838, "accuracy": 0.9514278173446655, "energy_consumption": null, "selected": false, "client_name": "sta5"}
2026-06-25 12:12:58,373 - METRIC - INFO - mean_accuracy: 0.9482557881962169

2026-06-25 12:12:58,374 - METRIC - INFO - round: 6
2026-06-25 12:12:58,374 - METRIC - INFO - n_selected: 11
2026-06-25 12:12:58,374 - METRIC - INFO - {"selected_trainers": ["sta0", "sta1", "sta10", "sta2", "sta3", "sta4", "sta5", "sta6", "sta7", "sta8", "sta9"]}
2026-06-25 12:13:03,549 - EXECUT - INFO - received weights from trainer sta8!
2026-06-25 12:13:06,242 - EXECUT - INFO - received weights from trainer sta4!
2026-06-25 12:13:08,648 - EXECUT - INFO - received weights from trainer sta10!
2026-06-25 12:13:11,081 - EXECUT - INFO - received weights from trainer sta1!
2026-06-25 12:13:12,218 - EXECUT - INFO - received weights from trainer sta0!
2026-06-25 12:13:13,218 - EXECUT - INFO - received weights from trainer sta9!
2026-06-25 12:13:17,059 - EXECUT - INFO - received weights from trainer sta6!
2026-06-25 12:13:17,379 - EXECUT - INFO - received weights from trainer sta7!
2026-06-25 12:13:17,491 - EXECUT - INFO - received weights from trainer sta3!
2026-06-25 12:13:18,140 - EXECUT - INFO - received weights from trainer sta2!
2026-06-25 12:13:19,348 - EXECUT - INFO - received weights from trainer sta5!
2026-06-25 12:13:20,108 - EXECUT - INFO - sent aggregated weights to trainers!
2026-06-25 12:13:20,601 - METRIC - INFO - {"loss": 0.13811877369880676, "accuracy": 0.9586918950080872, "energy_consumption": null, "selected": false, "client_name": "sta8"}
2026-06-25 12:13:20,665 - METRIC - INFO - {"loss": 0.15732289850711823, "accuracy": 0.9527778029441833, "energy_consumption": null, "selected": false, "client_name": "sta4"}
2026-06-25 12:13:20,706 - METRIC - INFO - {"loss": 0.13428165018558502, "accuracy": 0.9635627269744873, "energy_consumption": null, "selected": false, "client_name": "sta10"}
2026-06-25 12:13:20,756 - METRIC - INFO - {"loss": 0.1363438218832016, "accuracy": 0.9593182802200317, "energy_consumption": null, "selected": false, "client_name": "sta9"}
2026-06-25 12:13:20,793 - METRIC - INFO - {"loss": 0.13826701045036316, "accuracy": 0.9602434039115906, "energy_consumption": null, "selected": false, "client_name": "sta0"}
2026-06-25 12:13:20,893 - METRIC - INFO - {"loss": 0.1275734007358551, "accuracy": 0.9614703059196472, "energy_consumption": null, "selected": false, "client_name": "sta1"}
2026-06-25 12:13:20,915 - METRIC - INFO - {"loss": 0.123528853058815, "accuracy": 0.9644200205802917, "energy_consumption": null, "selected": false, "client_name": "sta3"}
2026-06-25 12:13:20,929 - METRIC - INFO - {"loss": 0.13024349510669708, "accuracy": 0.9610350131988525, "energy_consumption": null, "selected": false, "client_name": "sta6"}
2026-06-25 12:13:20,931 - METRIC - INFO - {"loss": 0.12830118834972382, "accuracy": 0.9616292715072632, "energy_consumption": null, "selected": false, "client_name": "sta7"}
2026-06-25 12:13:20,941 - METRIC - INFO - {"loss": 0.13628531992435455, "accuracy": 0.959452211856842, "energy_consumption": null, "selected": false, "client_name": "sta2"}
2026-06-25 12:13:20,956 - METRIC - INFO - {"loss": 0.1296716183423996, "accuracy": 0.9610354900360107, "energy_consumption": null, "selected": false, "client_name": "sta5"}
2026-06-25 12:13:21,110 - METRIC - INFO - mean_accuracy: 0.9603305838324807

2026-06-25 12:13:21,110 - METRIC - INFO - round: 7
2026-06-25 12:13:21,110 - METRIC - INFO - n_selected: 11
2026-06-25 12:13:21,110 - METRIC - INFO - {"selected_trainers": ["sta0", "sta1", "sta10", "sta2", "sta3", "sta4", "sta5", "sta6", "sta7", "sta8", "sta9"]}
2026-06-25 12:13:26,286 - EXECUT - INFO - received weights from trainer sta8!
2026-06-25 12:13:28,934 - EXECUT - INFO - received weights from trainer sta4!
2026-06-25 12:13:31,386 - EXECUT - INFO - received weights from trainer sta10!
2026-06-25 12:13:33,936 - EXECUT - INFO - received weights from trainer sta1!
2026-06-25 12:13:34,999 - EXECUT - INFO - received weights from trainer sta0!
2026-06-25 12:13:35,969 - EXECUT - INFO - received weights from trainer sta9!
2026-06-25 12:13:39,586 - EXECUT - INFO - received weights from trainer sta6!
2026-06-25 12:13:40,019 - EXECUT - INFO - received weights from trainer sta7!
2026-06-25 12:13:40,399 - EXECUT - INFO - received weights from trainer sta3!
2026-06-25 12:13:40,817 - EXECUT - INFO - received weights from trainer sta2!
2026-06-25 12:13:41,895 - EXECUT - INFO - received weights from trainer sta5!
2026-06-25 12:13:42,865 - EXECUT - INFO - sent aggregated weights to trainers!
2026-06-25 12:13:43,367 - METRIC - INFO - {"loss": 0.104468934237957, "accuracy": 0.9707400798797607, "energy_consumption": null, "selected": false, "client_name": "sta8"}
2026-06-25 12:13:43,440 - METRIC - INFO - {"loss": 0.12709686160087585, "accuracy": 0.9638888835906982, "energy_consumption": null, "selected": false, "client_name": "sta4"}
2026-06-25 12:13:43,447 - METRIC - INFO - {"loss": 0.11134368926286697, "accuracy": 0.9688259363174438, "energy_consumption": null, "selected": false, "client_name": "sta10"}
2026-06-25 12:13:43,514 - METRIC - INFO - {"loss": 0.11430542916059494, "accuracy": 0.9653655886650085, "energy_consumption": null, "selected": false, "client_name": "sta9"}
2026-06-25 12:13:43,561 - METRIC - INFO - {"loss": 0.11828485876321793, "accuracy": 0.9659228920936584, "energy_consumption": null, "selected": false, "client_name": "sta0"}
2026-06-25 12:13:43,640 - METRIC - INFO - {"loss": 0.10468702018260956, "accuracy": 0.9698848724365234, "energy_consumption": null, "selected": false, "client_name": "sta1"}
2026-06-25 12:13:43,649 - METRIC - INFO - {"loss": 0.10444711148738861, "accuracy": 0.9722983241081238, "energy_consumption": null, "selected": false, "client_name": "sta6"}
2026-06-25 12:13:43,654 - METRIC - INFO - {"loss": 0.10736951977014542, "accuracy": 0.9681227803230286, "energy_consumption": null, "selected": false, "client_name": "sta7"}
2026-06-25 12:13:43,670 - METRIC - INFO - {"loss": 0.10499265044927597, "accuracy": 0.9681804776191711, "energy_consumption": null, "selected": false, "client_name": "sta3"}
2026-06-25 12:13:43,705 - METRIC - INFO - {"loss": 0.10678587853908539, "accuracy": 0.9695756435394287, "energy_consumption": null, "selected": false, "client_name": "sta5"}
2026-06-25 12:13:43,717 - METRIC - INFO - {"loss": 0.11578471213579178, "accuracy": 0.9669709801673889, "energy_consumption": null, "selected": false, "client_name": "sta2"}
2026-06-25 12:13:43,867 - METRIC - INFO - mean_accuracy: 0.9681614962491122

2026-06-25 12:13:43,867 - METRIC - INFO - round: 8
2026-06-25 12:13:43,867 - METRIC - INFO - n_selected: 11
2026-06-25 12:13:43,867 - METRIC - INFO - {"selected_trainers": ["sta0", "sta1", "sta10", "sta2", "sta3", "sta4", "sta5", "sta6", "sta7", "sta8", "sta9"]}
2026-06-25 12:13:49,036 - EXECUT - INFO - received weights from trainer sta8!
2026-06-25 12:13:51,793 - EXECUT - INFO - received weights from trainer sta4!
2026-06-25 12:13:54,151 - EXECUT - INFO - received weights from trainer sta10!
2026-06-25 12:13:55,931 - EXECUT - INFO - received weights from trainer sta1!
2026-06-25 12:13:56,931 - EXECUT - INFO - received weights from trainer sta0!
2026-06-25 12:13:58,713 - EXECUT - INFO - received weights from trainer sta9!
2026-06-25 12:14:01,496 - EXECUT - INFO - received weights from trainer sta2!
2026-06-25 12:14:02,210 - EXECUT - INFO - received weights from trainer sta6!
2026-06-25 12:14:02,791 - EXECUT - INFO - received weights from trainer sta7!
2026-06-25 12:14:04,673 - EXECUT - INFO - received weights from trainer sta5!
2026-06-25 12:14:04,711 - EXECUT - INFO - received weights from trainer sta3!
2026-06-25 12:14:05,580 - EXECUT - INFO - sent aggregated weights to trainers!
2026-06-25 12:14:06,080 - METRIC - INFO - {"loss": 0.08722782880067825, "accuracy": 0.9767642021179199, "energy_consumption": null, "selected": false, "client_name": "sta8"}
2026-06-25 12:14:06,136 - METRIC - INFO - {"loss": 0.09549152851104736, "accuracy": 0.9708502292633057, "energy_consumption": null, "selected": false, "client_name": "sta10"}
2026-06-25 12:14:06,152 - METRIC - INFO - {"loss": 0.10963515937328339, "accuracy": 0.9694444537162781, "energy_consumption": null, "selected": false, "client_name": "sta4"}
2026-06-25 12:14:06,181 - METRIC - INFO - {"loss": 0.09880638867616653, "accuracy": 0.9708631038665771, "energy_consumption": null, "selected": false, "client_name": "sta9"}
2026-06-25 12:14:06,265 - METRIC - INFO - {"loss": 0.09946155548095703, "accuracy": 0.9712674617767334, "energy_consumption": null, "selected": false, "client_name": "sta2"}
2026-06-25 12:14:06,281 - METRIC - INFO - {"loss": 0.10130345076322556, "accuracy": 0.9695740342140198, "energy_consumption": null, "selected": false, "client_name": "sta0"}
2026-06-25 12:14:06,356 - METRIC - INFO - {"loss": 0.08718033134937286, "accuracy": 0.9747564196586609, "energy_consumption": null, "selected": false, "client_name": "sta1"}
2026-06-25 12:14:06,361 - METRIC - INFO - {"loss": 0.08722266554832458, "accuracy": 0.9771689772605896, "energy_consumption": null, "selected": false, "client_name": "sta6"}
2026-06-25 12:14:06,361 - METRIC - INFO - {"loss": 0.09207462519407272, "accuracy": 0.9740259647369385, "energy_consumption": null, "selected": false, "client_name": "sta7"}
2026-06-25 12:14:06,392 - METRIC - INFO - {"loss": 0.08730898052453995, "accuracy": 0.9730980396270752, "energy_consumption": null, "selected": false, "client_name": "sta3"}
2026-06-25 12:14:06,400 - METRIC - INFO - {"loss": 0.09223663806915283, "accuracy": 0.9738457202911377, "energy_consumption": null, "selected": false, "client_name": "sta5"}
2026-06-25 12:14:06,583 - METRIC - INFO - mean_accuracy: 0.9728780551390215

2026-06-25 12:14:06,583 - METRIC - INFO - round: 9
2026-06-25 12:14:06,586 - METRIC - INFO - n_selected: 11
2026-06-25 12:14:06,586 - METRIC - INFO - {"selected_trainers": ["sta0", "sta1", "sta10", "sta2", "sta3", "sta4", "sta5", "sta6", "sta7", "sta8", "sta9"]}
2026-06-25 12:14:11,852 - EXECUT - INFO - received weights from trainer sta8!
2026-06-25 12:14:13,675 - EXECUT - INFO - received weights from trainer sta4!
2026-06-25 12:14:16,901 - EXECUT - INFO - received weights from trainer sta10!
2026-06-25 12:14:18,696 - EXECUT - INFO - received weights from trainer sta1!
2026-06-25 12:14:19,754 - EXECUT - INFO - received weights from trainer sta0!
2026-06-25 12:14:24,252 - EXECUT - INFO - received weights from trainer sta2!
2026-06-25 12:14:24,652 - EXECUT - INFO - received weights from trainer sta6!
2026-06-25 12:14:24,918 - EXECUT - INFO - received weights from trainer sta3!
2026-06-25 12:14:25,220 - EXECUT - INFO - received weights from trainer sta7!
2026-06-25 12:14:26,939 - EXECUT - INFO - received weights from trainer sta5!
2026-06-25 12:14:27,485 - EXECUT - INFO - received weights from trainer sta9!
2026-06-25 12:14:28,330 - EXECUT - INFO - sent aggregated weights to trainers!
2026-06-25 12:14:28,811 - METRIC - INFO - {"loss": 0.07589198648929596, "accuracy": 0.9784853458404541, "energy_consumption": null, "selected": false, "client_name": "sta8"}
2026-06-25 12:14:28,857 - METRIC - INFO - {"loss": 0.09725465625524521, "accuracy": 0.9701389074325562, "energy_consumption": null, "selected": false, "client_name": "sta4"}
2026-06-25 12:14:28,876 - METRIC - INFO - {"loss": 0.08609212934970856, "accuracy": 0.9744939208030701, "energy_consumption": null, "selected": false, "client_name": "sta10"}
2026-06-25 12:14:28,928 - METRIC - INFO - {"loss": 0.08619283884763718, "accuracy": 0.9730620980262756, "energy_consumption": null, "selected": false, "client_name": "sta9"}
2026-06-25 12:14:28,990 - METRIC - INFO - {"loss": 0.08939177542924881, "accuracy": 0.9736308455467224, "energy_consumption": null, "selected": false, "client_name": "sta0"}
2026-06-25 12:14:29,042 - METRIC - INFO - {"loss": 0.09034760296344757, "accuracy": 0.9731471538543701, "energy_consumption": null, "selected": false, "client_name": "sta2"}
2026-06-25 12:14:29,042 - METRIC - INFO - {"loss": 0.07684104889631271, "accuracy": 0.9769707918167114, "energy_consumption": null, "selected": false, "client_name": "sta1"}
2026-06-25 12:14:29,099 - METRIC - INFO - {"loss": 0.07623418420553207, "accuracy": 0.978691041469574, "energy_consumption": null, "selected": false, "client_name": "sta6"}
2026-06-25 12:14:29,101 - METRIC - INFO - {"loss": 0.07964612543582916, "accuracy": 0.9749114513397217, "energy_consumption": null, "selected": false, "client_name": "sta7"}
2026-06-25 12:14:29,131 - METRIC - INFO - {"loss": 0.07638178020715714, "accuracy": 0.9754121899604797, "energy_consumption": null, "selected": false, "client_name": "sta3"}
2026-06-25 12:14:29,150 - METRIC - INFO - {"loss": 0.0809672623872757, "accuracy": 0.9765145182609558, "energy_consumption": null, "selected": false, "client_name": "sta5"}
2026-06-25 12:14:29,332 - METRIC - INFO - mean_accuracy: 0.9750416603955355

2026-06-25 12:14:29,332 - METRIC - INFO - round: 10
2026-06-25 12:14:29,332 - METRIC - INFO - n_selected: 11
2026-06-25 12:14:29,332 - METRIC - INFO - {"selected_trainers": ["sta0", "sta1", "sta10", "sta2", "sta3", "sta4", "sta5", "sta6", "sta7", "sta8", "sta9"]}
2026-06-25 12:14:34,369 - EXECUT - INFO - received weights from trainer sta8!
2026-06-25 12:14:35,989 - EXECUT - INFO - received weights from trainer sta4!
2026-06-25 12:14:39,271 - EXECUT - INFO - received weights from trainer sta10!
2026-06-25 12:14:40,799 - EXECUT - INFO - received weights from trainer sta1!
2026-06-25 12:14:41,824 - EXECUT - INFO - received weights from trainer sta0!
2026-06-25 12:14:43,736 - EXECUT - INFO - received weights from trainer sta9!
2026-06-25 12:14:46,158 - EXECUT - INFO - received weights from trainer sta2!
2026-06-25 12:14:46,369 - EXECUT - INFO - received weights from trainer sta6!
2026-06-25 12:14:46,534 - EXECUT - INFO - received weights from trainer sta3!
2026-06-25 12:14:46,874 - EXECUT - INFO - received weights from trainer sta7!
2026-06-25 12:14:48,486 - EXECUT - INFO - received weights from trainer sta5!
2026-06-25 12:14:48,964 - EXECUT - INFO - sent aggregated weights to trainers!
2026-06-25 12:14:49,428 - METRIC - INFO - {"loss": 0.0657726600766182, "accuracy": 0.9810671210289001, "energy_consumption": null, "selected": false, "client_name": "sta8"}
2026-06-25 12:14:49,476 - METRIC - INFO - {"loss": 0.08639760315418243, "accuracy": 0.9756944179534912, "energy_consumption": null, "selected": false, "client_name": "sta4"}
2026-06-25 12:14:49,493 - METRIC - INFO - {"loss": 0.07470186054706573, "accuracy": 0.9761133790016174, "energy_consumption": null, "selected": false, "client_name": "sta10"}
2026-06-25 12:14:49,545 - METRIC - INFO - {"loss": 0.07840164005756378, "accuracy": 0.9758108854293823, "energy_consumption": null, "selected": false, "client_name": "sta9"}
2026-06-25 12:14:49,604 - METRIC - INFO - {"loss": 0.0815257877111435, "accuracy": 0.9739527106285095, "energy_consumption": null, "selected": false, "client_name": "sta2"}
2026-06-25 12:14:49,630 - METRIC - INFO - {"loss": 0.07991139590740204, "accuracy": 0.974442183971405, "energy_consumption": null, "selected": false, "client_name": "sta0"}
2026-06-25 12:14:49,678 - METRIC - INFO - {"loss": 0.06820334494113922, "accuracy": 0.9782993793487549, "energy_consumption": null, "selected": false, "client_name": "sta1"}
2026-06-25 12:14:49,701 - METRIC - INFO - {"loss": 0.06797871738672256, "accuracy": 0.9823439717292786, "energy_consumption": null, "selected": false, "client_name": "sta6"}
2026-06-25 12:14:49,705 - METRIC - INFO - {"loss": 0.07063540071249008, "accuracy": 0.9784533381462097, "energy_consumption": null, "selected": false, "client_name": "sta7"}
2026-06-25 12:14:49,728 - METRIC - INFO - {"loss": 0.068132184445858, "accuracy": 0.9791727066040039, "energy_consumption": null, "selected": false, "client_name": "sta3"}
2026-06-25 12:14:49,760 - METRIC - INFO - {"loss": 0.07224740833044052, "accuracy": 0.9791833758354187, "energy_consumption": null, "selected": false, "client_name": "sta5"}
2026-06-25 12:14:49,965 - METRIC - INFO - mean_accuracy: 0.9776848608797247

2026-06-25 12:14:49,966 - METRIC - INFO - round: 11
2026-06-25 12:14:49,966 - METRIC - INFO - n_selected: 11
2026-06-25 12:14:49,966 - METRIC - INFO - {"selected_trainers": ["sta0", "sta1", "sta10", "sta2", "sta3", "sta4", "sta5", "sta6", "sta7", "sta8", "sta9"]}
2026-06-25 12:14:55,092 - EXECUT - INFO - received weights from trainer sta8!
2026-06-25 12:14:56,731 - EXECUT - INFO - received weights from trainer sta4!
2026-06-25 12:14:59,983 - EXECUT - INFO - received weights from trainer sta10!
2026-06-25 12:15:01,582 - EXECUT - INFO - received weights from trainer sta1!
2026-06-25 12:15:02,453 - EXECUT - INFO - received weights from trainer sta0!
2026-06-25 12:15:04,448 - EXECUT - INFO - received weights from trainer sta9!
2026-06-25 12:15:06,810 - EXECUT - INFO - received weights from trainer sta2!
2026-06-25 12:15:06,957 - EXECUT - INFO - received weights from trainer sta6!
2026-06-25 12:15:07,217 - EXECUT - INFO - received weights from trainer sta3!
2026-06-25 12:15:07,616 - EXECUT - INFO - received weights from trainer sta7!
2026-06-25 12:15:09,268 - EXECUT - INFO - received weights from trainer sta5!
2026-06-25 12:15:10,575 - EXECUT - INFO - sent aggregated weights to trainers!
2026-06-25 12:15:11,018 - METRIC - INFO - {"loss": 0.05856269225478172, "accuracy": 0.9836488962173462, "energy_consumption": null, "selected": false, "client_name": "sta8"}
2026-06-25 12:15:11,062 - METRIC - INFO - {"loss": 0.07839999347925186, "accuracy": 0.9763888716697693, "energy_consumption": null, "selected": false, "client_name": "sta4"}
2026-06-25 12:15:11,104 - METRIC - INFO - {"loss": 0.07001930475234985, "accuracy": 0.9761133790016174, "energy_consumption": null, "selected": false, "client_name": "sta10"}
2026-06-25 12:15:11,153 - METRIC - INFO - {"loss": 0.07032844424247742, "accuracy": 0.978559672832489, "energy_consumption": null, "selected": false, "client_name": "sta9"}
2026-06-25 12:15:11,174 - METRIC - INFO - {"loss": 0.07248863577842712, "accuracy": 0.978904664516449, "energy_consumption": null, "selected": false, "client_name": "sta0"}
2026-06-25 12:15:11,287 - METRIC - INFO - {"loss": 0.07455369085073471, "accuracy": 0.9771750569343567, "energy_consumption": null, "selected": false, "client_name": "sta2"}
2026-06-25 12:15:11,294 - METRIC - INFO - {"loss": 0.06189918518066406, "accuracy": 0.9800708293914795, "energy_consumption": null, "selected": false, "client_name": "sta1"}
2026-06-25 12:15:11,297 - METRIC - INFO - {"loss": 0.05949975922703743, "accuracy": 0.9832572340965271, "energy_consumption": null, "selected": false, "client_name": "sta6"}
2026-06-25 12:15:11,310 - METRIC - INFO - {"loss": 0.06247328594326973, "accuracy": 0.9797512292861938, "energy_consumption": null, "selected": false, "client_name": "sta3"}
2026-06-25 12:15:11,341 - METRIC - INFO - {"loss": 0.0636303499341011, "accuracy": 0.9802243113517761, "energy_consumption": null, "selected": false, "client_name": "sta7"}
2026-06-25 12:15:11,363 - METRIC - INFO - {"loss": 0.06615667790174484, "accuracy": 0.9813184142112732, "energy_consumption": null, "selected": false, "client_name": "sta5"}
2026-06-25 12:15:11,576 - METRIC - INFO - mean_accuracy: 0.9795829599553888

2026-06-25 12:15:11,576 - METRIC - INFO - round: 12
2026-06-25 12:15:11,576 - METRIC - INFO - n_selected: 11
2026-06-25 12:15:11,576 - METRIC - INFO - {"selected_trainers": ["sta0", "sta1", "sta10", "sta2", "sta3", "sta4", "sta5", "sta6", "sta7", "sta8", "sta9"]}
2026-06-25 12:15:16,624 - EXECUT - INFO - received weights from trainer sta8!
2026-06-25 12:15:18,297 - EXECUT - INFO - received weights from trainer sta4!
2026-06-25 12:15:21,545 - EXECUT - INFO - received weights from trainer sta10!
2026-06-25 12:15:23,136 - EXECUT - INFO - received weights from trainer sta1!
2026-06-25 12:15:24,115 - EXECUT - INFO - received weights from trainer sta0!
2026-06-25 12:15:25,963 - EXECUT - INFO - received weights from trainer sta9!
2026-06-25 12:15:28,332 - EXECUT - INFO - received weights from trainer sta2!
2026-06-25 12:15:28,522 - EXECUT - INFO - received weights from trainer sta6!
2026-06-25 12:15:28,896 - EXECUT - INFO - received weights from trainer sta3!
2026-06-25 12:15:29,195 - EXECUT - INFO - received weights from trainer sta7!
2026-06-25 12:15:30,789 - EXECUT - INFO - received weights from trainer sta5!
2026-06-25 12:15:31,229 - EXECUT - INFO - sent aggregated weights to trainers!
2026-06-25 12:15:31,682 - METRIC - INFO - {"loss": 0.05121167376637459, "accuracy": 0.9845094680786133, "energy_consumption": null, "selected": false, "client_name": "sta8"}
2026-06-25 12:15:31,698 - METRIC - INFO - {"loss": 0.07166999578475952, "accuracy": 0.9777777791023254, "energy_consumption": null, "selected": false, "client_name": "sta4"}
2026-06-25 12:15:31,768 - METRIC - INFO - {"loss": 0.0625157356262207, "accuracy": 0.9801619648933411, "energy_consumption": null, "selected": false, "client_name": "sta10"}
2026-06-25 12:15:31,814 - METRIC - INFO - {"loss": 0.06534668058156967, "accuracy": 0.9788345098495483, "energy_consumption": null, "selected": false, "client_name": "sta9"}
2026-06-25 12:15:31,829 - METRIC - INFO - {"loss": 0.07408005744218826, "accuracy": 0.9764705896377563, "energy_consumption": null, "selected": false, "client_name": "sta0"}
2026-06-25 12:15:31,901 - METRIC - INFO - {"loss": 0.05619356408715248, "accuracy": 0.9813994765281677, "energy_consumption": null, "selected": false, "client_name": "sta1"}
2026-06-25 12:15:31,912 - METRIC - INFO - {"loss": 0.05811880901455879, "accuracy": 0.9806190133094788, "energy_consumption": null, "selected": false, "client_name": "sta3"}
2026-06-25 12:15:31,926 - METRIC - INFO - {"loss": 0.05458631366491318, "accuracy": 0.9838660359382629, "energy_consumption": null, "selected": false, "client_name": "sta6"}
2026-06-25 12:15:31,951 - METRIC - INFO - {"loss": 0.07040884345769882, "accuracy": 0.9785177111625671, "energy_consumption": null, "selected": false, "client_name": "sta2"}
2026-06-25 12:15:32,007 - METRIC - INFO - {"loss": 0.06036429852247238, "accuracy": 0.985321581363678, "energy_consumption": null, "selected": false, "client_name": "sta5"}
2026-06-25 12:15:32,010 - METRIC - INFO - {"loss": 0.0584300272166729, "accuracy": 0.9817001223564148, "energy_consumption": null, "selected": false, "client_name": "sta7"}
2026-06-25 12:15:32,232 - METRIC - INFO - mean_accuracy: 0.9808343865654685

2026-06-25 12:15:32,232 - METRIC - INFO - round: 13
2026-06-25 12:15:32,232 - METRIC - INFO - n_selected: 11
2026-06-25 12:15:32,232 - METRIC - INFO - {"selected_trainers": ["sta0", "sta1", "sta10", "sta2", "sta3", "sta4", "sta5", "sta6", "sta7", "sta8", "sta9"]}
2026-06-25 12:15:37,306 - EXECUT - INFO - received weights from trainer sta8!
2026-06-25 12:15:38,957 - EXECUT - INFO - received weights from trainer sta4!
2026-06-25 12:15:42,236 - EXECUT - INFO - received weights from trainer sta10!
2026-06-25 12:15:43,700 - EXECUT - INFO - received weights from trainer sta1!
2026-06-25 12:15:44,649 - EXECUT - INFO - received weights from trainer sta0!
2026-06-25 12:15:46,603 - EXECUT - INFO - received weights from trainer sta9!
2026-06-25 12:15:49,003 - EXECUT - INFO - received weights from trainer sta2!
2026-06-25 12:15:49,267 - EXECUT - INFO - received weights from trainer sta6!
2026-06-25 12:15:49,405 - EXECUT - INFO - received weights from trainer sta3!
2026-06-25 12:15:49,735 - EXECUT - INFO - received weights from trainer sta7!
2026-06-25 12:15:51,379 - EXECUT - INFO - received weights from trainer sta5!
2026-06-25 12:15:51,886 - EXECUT - INFO - sent aggregated weights to trainers!
2026-06-25 12:15:52,351 - METRIC - INFO - {"loss": 0.04879133030772209, "accuracy": 0.9862306118011475, "energy_consumption": null, "selected": false, "client_name": "sta8"}
2026-06-25 12:15:52,382 - METRIC - INFO - {"loss": 0.06898622214794159, "accuracy": 0.9791666865348816, "energy_consumption": null, "selected": false, "client_name": "sta4"}
2026-06-25 12:15:52,422 - METRIC - INFO - {"loss": 0.059738025069236755, "accuracy": 0.9805667996406555, "energy_consumption": null, "selected": false, "client_name": "sta10"}
2026-06-25 12:15:52,471 - METRIC - INFO - {"loss": 0.06112533435225487, "accuracy": 0.9810335636138916, "energy_consumption": null, "selected": false, "client_name": "sta9"}
2026-06-25 12:15:52,498 - METRIC - INFO - {"loss": 0.061532530933618546, "accuracy": 0.9821500778198242, "energy_consumption": null, "selected": false, "client_name": "sta0"}
2026-06-25 12:15:52,513 - METRIC - INFO - {"loss": 0.06617755442857742, "accuracy": 0.9787862300872803, "energy_consumption": null, "selected": false, "client_name": "sta2"}
2026-06-25 12:15:52,596 - METRIC - INFO - {"loss": 0.05095735937356949, "accuracy": 0.9866057634353638, "energy_consumption": null, "selected": false, "client_name": "sta6"}
2026-06-25 12:15:52,610 - METRIC - INFO - {"loss": 0.05321143940091133, "accuracy": 0.9818423390388489, "energy_consumption": null, "selected": false, "client_name": "sta1"}
2026-06-25 12:15:52,648 - METRIC - INFO - {"loss": 0.05504421144723892, "accuracy": 0.9828807711601257, "energy_consumption": null, "selected": false, "client_name": "sta7"}
2026-06-25 12:15:52,649 - METRIC - INFO - {"loss": 0.05654841288924217, "accuracy": 0.9832224249839783, "energy_consumption": null, "selected": false, "client_name": "sta3"}
2026-06-25 12:15:52,667 - METRIC - INFO - {"loss": 0.05570891499519348, "accuracy": 0.985321581363678, "energy_consumption": null, "selected": false, "client_name": "sta5"}
2026-06-25 12:15:52,888 - METRIC - INFO - mean_accuracy: 0.9825278954072432

2026-06-25 12:15:52,888 - METRIC - INFO - round: 14
2026-06-25 12:15:52,888 - METRIC - INFO - n_selected: 11
2026-06-25 12:15:52,888 - METRIC - INFO - {"selected_trainers": ["sta0", "sta1", "sta10", "sta2", "sta3", "sta4", "sta5", "sta6", "sta7", "sta8", "sta9"]}
2026-06-25 12:15:57,731 - EXECUT - INFO - received weights from trainer sta8!
2026-06-25 12:15:59,069 - EXECUT - INFO - received weights from trainer sta4!
2026-06-25 12:16:02,343 - EXECUT - INFO - received weights from trainer sta10!
2026-06-25 12:16:04,053 - EXECUT - INFO - received weights from trainer sta1!
2026-06-25 12:16:04,960 - EXECUT - INFO - received weights from trainer sta0!
2026-06-25 12:16:06,478 - EXECUT - INFO - received weights from trainer sta9!
2026-06-25 12:16:08,169 - EXECUT - INFO - received weights from trainer sta2!
2026-06-25 12:16:09,462 - EXECUT - INFO - received weights from trainer sta6!
2026-06-25 12:16:11,838 - EXECUT - INFO - received weights from trainer sta5!
2026-06-25 12:16:13,733 - EXECUT - INFO - received weights from trainer sta3!
2026-06-25 12:16:13,829 - EXECUT - INFO - received weights from trainer sta7!
2026-06-25 12:16:14,511 - EXECUT - INFO - sent aggregated weights to trainers!
2026-06-25 12:16:14,951 - METRIC - INFO - {"loss": 0.06198658049106598, "accuracy": 0.980555534362793, "energy_consumption": null, "selected": false, "client_name": "sta4"}
2026-06-25 12:16:14,972 - METRIC - INFO - {"loss": 0.044172149151563644, "accuracy": 0.9870912432670593, "energy_consumption": null, "selected": false, "client_name": "sta8"}
2026-06-25 12:16:15,040 - METRIC - INFO - {"loss": 0.055232178419828415, "accuracy": 0.9805667996406555, "energy_consumption": null, "selected": false, "client_name": "sta10"}
2026-06-25 12:16:15,082 - METRIC - INFO - {"loss": 0.062001049518585205, "accuracy": 0.9807586669921875, "energy_consumption": null, "selected": false, "client_name": "sta9"}
2026-06-25 12:16:15,104 - METRIC - INFO - {"loss": 0.06444071978330612, "accuracy": 0.9828141927719116, "energy_consumption": null, "selected": false, "client_name": "sta2"}
2026-06-25 12:16:15,133 - METRIC - INFO - {"loss": 0.05931858345866203, "accuracy": 0.980527400970459, "energy_consumption": null, "selected": false, "client_name": "sta0"}
2026-06-25 12:16:15,211 - METRIC - INFO - {"loss": 0.047091882675886154, "accuracy": 0.9872146248817444, "energy_consumption": null, "selected": false, "client_name": "sta6"}
2026-06-25 12:16:15,234 - METRIC - INFO - {"loss": 0.04966465011239052, "accuracy": 0.9849424362182617, "energy_consumption": null, "selected": false, "client_name": "sta1"}
2026-06-25 12:16:15,258 - METRIC - INFO - {"loss": 0.05120290443301201, "accuracy": 0.9835116863250732, "energy_consumption": null, "selected": false, "client_name": "sta3"}
2026-06-25 12:16:15,298 - METRIC - INFO - {"loss": 0.05384005978703499, "accuracy": 0.9866560101509094, "energy_consumption": null, "selected": false, "client_name": "sta5"}
2026-06-25 12:16:15,298 - METRIC - INFO - {"loss": 0.05032295361161232, "accuracy": 0.9834710955619812, "energy_consumption": null, "selected": false, "client_name": "sta7"}
2026-06-25 12:16:15,513 - METRIC - INFO - mean_accuracy: 0.9834645173766396

2026-06-25 12:16:15,513 - METRIC - INFO - round: 15
2026-06-25 12:16:15,513 - METRIC - INFO - n_selected: 11
2026-06-25 12:16:15,513 - METRIC - INFO - {"selected_trainers": ["sta0", "sta1", "sta10", "sta2", "sta3", "sta4", "sta5", "sta6", "sta7", "sta8", "sta9"]}
2026-06-25 12:16:20,325 - EXECUT - INFO - received weights from trainer sta8!
2026-06-25 12:16:21,724 - EXECUT - INFO - received weights from trainer sta4!
2026-06-25 12:16:25,013 - EXECUT - INFO - received weights from trainer sta10!
2026-06-25 12:16:26,634 - EXECUT - INFO - received weights from trainer sta1!
2026-06-25 12:16:27,191 - EXECUT - INFO - received weights from trainer sta0!
2026-06-25 12:16:29,084 - EXECUT - INFO - received weights from trainer sta9!
2026-06-25 12:16:30,780 - EXECUT - INFO - received weights from trainer sta2!
2026-06-25 12:16:31,773 - EXECUT - INFO - received weights from trainer sta3!
2026-06-25 12:16:32,169 - EXECUT - INFO - received weights from trainer sta6!
2026-06-25 12:16:32,791 - EXECUT - INFO - received weights from trainer sta7!
2026-06-25 12:16:34,354 - EXECUT - INFO - received weights from trainer sta5!
2026-06-25 12:16:35,140 - EXECUT - INFO - sent aggregated weights to trainers!
2026-06-25 12:16:35,578 - METRIC - INFO - {"loss": 0.04286298528313637, "accuracy": 0.9862306118011475, "energy_consumption": null, "selected": false, "client_name": "sta8"}
2026-06-25 12:16:35,606 - METRIC - INFO - {"loss": 0.05892501398921013, "accuracy": 0.9819444417953491, "energy_consumption": null, "selected": false, "client_name": "sta4"}
2026-06-25 12:16:35,650 - METRIC - INFO - {"loss": 0.05264253169298172, "accuracy": 0.9825910925865173, "energy_consumption": null, "selected": false, "client_name": "sta10"}
2026-06-25 12:16:35,708 - METRIC - INFO - {"loss": 0.05405878648161888, "accuracy": 0.9826827645301819, "energy_consumption": null, "selected": false, "client_name": "sta9"}
2026-06-25 12:16:35,712 - METRIC - INFO - {"loss": 0.05532975494861603, "accuracy": 0.9837728142738342, "energy_consumption": null, "selected": false, "client_name": "sta0"}
2026-06-25 12:16:35,761 - METRIC - INFO - {"loss": 0.05965064465999603, "accuracy": 0.9822770953178406, "energy_consumption": null, "selected": false, "client_name": "sta2"}
2026-06-25 12:16:35,786 - METRIC - INFO - {"loss": 0.04609977453947067, "accuracy": 0.9862710237503052, "energy_consumption": null, "selected": false, "client_name": "sta1"}
2026-06-25 12:16:35,789 - METRIC - INFO - {"loss": 0.05051510035991669, "accuracy": 0.984090268611908, "energy_consumption": null, "selected": false, "client_name": "sta3"}
2026-06-25 12:16:35,824 - METRIC - INFO - {"loss": 0.04348070174455643, "accuracy": 0.9875190258026123, "energy_consumption": null, "selected": false, "client_name": "sta6"}
2026-06-25 12:16:35,842 - METRIC - INFO - {"loss": 0.04811490699648857, "accuracy": 0.9837662577629089, "energy_consumption": null, "selected": false, "client_name": "sta7"}
2026-06-25 12:16:35,909 - METRIC - INFO - {"loss": 0.0501786507666111, "accuracy": 0.9869228601455688, "energy_consumption": null, "selected": false, "client_name": "sta5"}
2026-06-25 12:16:36,141 - METRIC - INFO - mean_accuracy: 0.9843698414889249

2026-06-25 12:16:36,141 - METRIC - INFO - round: 16
2026-06-25 12:16:36,141 - METRIC - INFO - n_selected: 11
2026-06-25 12:16:36,142 - METRIC - INFO - {"selected_trainers": ["sta0", "sta1", "sta10", "sta2", "sta3", "sta4", "sta5", "sta6", "sta7", "sta8", "sta9"]}
2026-06-25 12:16:40,957 - EXECUT - INFO - received weights from trainer sta8!
2026-06-25 12:16:42,292 - EXECUT - INFO - received weights from trainer sta4!
2026-06-25 12:16:45,625 - EXECUT - INFO - received weights from trainer sta10!
2026-06-25 12:16:47,259 - EXECUT - INFO - received weights from trainer sta1!
2026-06-25 12:16:47,744 - EXECUT - INFO - received weights from trainer sta0!
2026-06-25 12:16:49,722 - EXECUT - INFO - received weights from trainer sta9!
2026-06-25 12:16:51,287 - EXECUT - INFO - received weights from trainer sta2!
2026-06-25 12:16:52,336 - EXECUT - INFO - received weights from trainer sta3!
2026-06-25 12:16:52,721 - EXECUT - INFO - received weights from trainer sta6!
2026-06-25 12:16:53,413 - EXECUT - INFO - received weights from trainer sta7!
2026-06-25 12:16:57,049 - EXECUT - INFO - received weights from trainer sta5!
2026-06-25 12:16:57,699 - EXECUT - INFO - sent aggregated weights to trainers!
2026-06-25 12:16:58,147 - METRIC - INFO - {"loss": 0.053787458688020706, "accuracy": 0.9840278029441833, "energy_consumption": null, "selected": false, "client_name": "sta4"}
2026-06-25 12:16:58,208 - METRIC - INFO - {"loss": 0.04971230402588844, "accuracy": 0.983400821685791, "energy_consumption": null, "selected": false, "client_name": "sta10"}
2026-06-25 12:16:58,245 - METRIC - INFO - {"loss": 0.041466549038887024, "accuracy": 0.9879518151283264, "energy_consumption": null, "selected": false, "client_name": "sta8"}
2026-06-25 12:16:58,248 - METRIC - INFO - {"loss": 0.05113891139626503, "accuracy": 0.9818581342697144, "energy_consumption": null, "selected": false, "client_name": "sta9"}
2026-06-25 12:16:58,394 - METRIC - INFO - {"loss": 0.04422726854681969, "accuracy": 0.985828161239624, "energy_consumption": null, "selected": false, "client_name": "sta1"}
2026-06-25 12:16:58,415 - METRIC - INFO - {"loss": 0.05476245656609535, "accuracy": 0.9825558066368103, "energy_consumption": null, "selected": false, "client_name": "sta0"}
2026-06-25 12:16:58,427 - METRIC - INFO - {"loss": 0.04545877128839493, "accuracy": 0.9843565821647644, "energy_consumption": null, "selected": false, "client_name": "sta7"}
2026-06-25 12:16:58,434 - METRIC - INFO - {"loss": 0.0569932758808136, "accuracy": 0.981203019618988, "energy_consumption": null, "selected": false, "client_name": "sta2"}
2026-06-25 12:16:58,470 - METRIC - INFO - {"loss": 0.05504408851265907, "accuracy": 0.9839872121810913, "energy_consumption": null, "selected": false, "client_name": "sta5"}
2026-06-25 12:16:58,525 - METRIC - INFO - {"loss": 0.04840749129652977, "accuracy": 0.9849580526351929, "energy_consumption": null, "selected": false, "client_name": "sta3"}
2026-06-25 12:16:58,532 - METRIC - INFO - {"loss": 0.04218170791864395, "accuracy": 0.9887366890907288, "energy_consumption": null, "selected": false, "client_name": "sta6"}
2026-06-25 12:16:58,700 - METRIC - INFO - mean_accuracy: 0.9844421906904741

2026-06-25 12:16:58,700 - METRIC - INFO - round: 17
2026-06-25 12:16:58,700 - METRIC - INFO - n_selected: 11
2026-06-25 12:16:58,700 - METRIC - INFO - {"selected_trainers": ["sta0", "sta1", "sta10", "sta2", "sta3", "sta4", "sta5", "sta6", "sta7", "sta8", "sta9"]}
2026-06-25 12:17:04,175 - EXECUT - INFO - received weights from trainer sta8!
2026-06-25 12:17:04,544 - EXECUT - INFO - received weights from trainer sta4!
2026-06-25 12:17:08,219 - EXECUT - INFO - received weights from trainer sta10!
2026-06-25 12:17:09,782 - EXECUT - INFO - received weights from trainer sta1!
2026-06-25 12:17:10,376 - EXECUT - INFO - received weights from trainer sta0!
2026-06-25 12:17:12,317 - EXECUT - INFO - received weights from trainer sta9!
2026-06-25 12:17:13,815 - EXECUT - INFO - received weights from trainer sta6!
2026-06-25 12:17:13,893 - EXECUT - INFO - received weights from trainer sta2!
2026-06-25 12:17:14,840 - EXECUT - INFO - received weights from trainer sta3!
2026-06-25 12:17:15,096 - EXECUT - INFO - received weights from trainer sta7!
2026-06-25 12:17:16,427 - EXECUT - INFO - received weights from trainer sta5!
2026-06-25 12:17:17,343 - EXECUT - INFO - sent aggregated weights to trainers!
2026-06-25 12:17:17,765 - METRIC - INFO - {"loss": 0.05437304079532623, "accuracy": 0.9840278029441833, "energy_consumption": null, "selected": false, "client_name": "sta4"}
2026-06-25 12:17:17,772 - METRIC - INFO - {"loss": 0.03893866017460823, "accuracy": 0.9870912432670593, "energy_consumption": null, "selected": false, "client_name": "sta8"}
2026-06-25 12:17:17,844 - METRIC - INFO - {"loss": 0.04879553243517876, "accuracy": 0.9842105507850647, "energy_consumption": null, "selected": false, "client_name": "sta10"}
2026-06-25 12:17:17,894 - METRIC - INFO - {"loss": 0.049469370394945145, "accuracy": 0.9853955507278442, "energy_consumption": null, "selected": false, "client_name": "sta0"}
2026-06-25 12:17:17,899 - METRIC - INFO - {"loss": 0.04878339171409607, "accuracy": 0.9832325577735901, "energy_consumption": null, "selected": false, "client_name": "sta9"}
2026-06-25 12:17:17,985 - METRIC - INFO - {"loss": 0.03967982530593872, "accuracy": 0.9890410900115967, "energy_consumption": null, "selected": false, "client_name": "sta6"}
2026-06-25 12:17:17,993 - METRIC - INFO - {"loss": 0.0463402159512043, "accuracy": 0.9852473139762878, "energy_consumption": null, "selected": false, "client_name": "sta3"}
2026-06-25 12:17:18,000 - METRIC - INFO - {"loss": 0.05731511861085892, "accuracy": 0.9809345006942749, "energy_consumption": null, "selected": false, "client_name": "sta2"}
2026-06-25 12:17:18,022 - METRIC - INFO - {"loss": 0.04285594820976257, "accuracy": 0.9867138862609863, "energy_consumption": null, "selected": false, "client_name": "sta1"}
2026-06-25 12:17:18,072 - METRIC - INFO - {"loss": 0.047662097960710526, "accuracy": 0.9863891005516052, "energy_consumption": null, "selected": false, "client_name": "sta5"}
2026-06-25 12:17:18,180 - METRIC - INFO - {"loss": 0.04360366240143776, "accuracy": 0.9852420091629028, "energy_consumption": null, "selected": false, "client_name": "sta7"}
2026-06-25 12:17:18,346 - METRIC - INFO - mean_accuracy: 0.9852296005595814

2026-06-25 12:17:18,346 - METRIC - INFO - round: 18
2026-06-25 12:17:18,346 - METRIC - INFO - n_selected: 11
2026-06-25 12:17:18,346 - METRIC - INFO - {"selected_trainers": ["sta0", "sta1", "sta10", "sta2", "sta3", "sta4", "sta5", "sta6", "sta7", "sta8", "sta9"]}
2026-06-25 12:17:23,201 - EXECUT - INFO - received weights from trainer sta8!
2026-06-25 12:17:24,127 - EXECUT - INFO - received weights from trainer sta4!
2026-06-25 12:17:27,836 - EXECUT - INFO - received weights from trainer sta10!
2026-06-25 12:17:29,126 - EXECUT - INFO - received weights from trainer sta1!
2026-06-25 12:17:29,712 - EXECUT - INFO - received weights from trainer sta0!
2026-06-25 12:17:31,936 - EXECUT - INFO - received weights from trainer sta9!
2026-06-25 12:17:32,533 - EXECUT - INFO - received weights from trainer sta2!
2026-06-25 12:17:33,486 - EXECUT - INFO - received weights from trainer sta6!
2026-06-25 12:17:34,293 - EXECUT - INFO - received weights from trainer sta3!
2026-06-25 12:17:36,215 - EXECUT - INFO - received weights from trainer sta5!
2026-06-25 12:17:39,237 - EXECUT - INFO - received weights from trainer sta7!
2026-06-25 12:17:40,028 - EXECUT - INFO - sent aggregated weights to trainers!
2026-06-25 12:17:40,468 - METRIC - INFO - {"loss": 0.05023486167192459, "accuracy": 0.9833333492279053, "energy_consumption": null, "selected": false, "client_name": "sta4"}
2026-06-25 12:17:40,484 - METRIC - INFO - {"loss": 0.03731246665120125, "accuracy": 0.9879518151283264, "energy_consumption": null, "selected": false, "client_name": "sta8"}
2026-06-25 12:17:40,539 - METRIC - INFO - {"loss": 0.04728799685835838, "accuracy": 0.9850202202796936, "energy_consumption": null, "selected": false, "client_name": "sta10"}
2026-06-25 12:17:40,565 - METRIC - INFO - {"loss": 0.04753081500530243, "accuracy": 0.9841784834861755, "energy_consumption": null, "selected": false, "client_name": "sta0"}
2026-06-25 12:17:40,594 - METRIC - INFO - {"loss": 0.047730837017297745, "accuracy": 0.9843320250511169, "energy_consumption": null, "selected": false, "client_name": "sta9"}
2026-06-25 12:17:40,618 - METRIC - INFO - {"loss": 0.0532199926674366, "accuracy": 0.983619749546051, "energy_consumption": null, "selected": false, "client_name": "sta2"}
2026-06-25 12:17:40,660 - METRIC - INFO - {"loss": 0.04214318096637726, "accuracy": 0.9875996708869934, "energy_consumption": null, "selected": false, "client_name": "sta1"}
2026-06-25 12:17:40,688 - METRIC - INFO - {"loss": 0.044732432812452316, "accuracy": 0.9858258366584778, "energy_consumption": null, "selected": false, "client_name": "sta3"}
2026-06-25 12:17:40,696 - METRIC - INFO - {"loss": 0.038552794605493546, "accuracy": 0.9869102239608765, "energy_consumption": null, "selected": false, "client_name": "sta6"}
2026-06-25 12:17:40,729 - METRIC - INFO - {"loss": 0.04199901223182678, "accuracy": 0.9858323335647583, "energy_consumption": null, "selected": false, "client_name": "sta7"}
2026-06-25 12:17:40,735 - METRIC - INFO - {"loss": 0.044581860303878784, "accuracy": 0.9877235293388367, "energy_consumption": null, "selected": false, "client_name": "sta5"}
2026-06-25 12:17:41,029 - METRIC - INFO - mean_accuracy: 0.985666112466292

2026-06-25 12:17:41,030 - METRIC - INFO - round: 19
2026-06-25 12:17:41,030 - METRIC - INFO - n_selected: 11
2026-06-25 12:17:41,030 - METRIC - INFO - {"selected_trainers": ["sta0", "sta1", "sta10", "sta2", "sta3", "sta4", "sta5", "sta6", "sta7", "sta8", "sta9"]}
2026-06-25 12:17:45,901 - EXECUT - INFO - received weights from trainer sta8!
2026-06-25 12:17:46,680 - EXECUT - INFO - received weights from trainer sta4!
2026-06-25 12:17:50,646 - EXECUT - INFO - received weights from trainer sta10!
2026-06-25 12:17:51,951 - EXECUT - INFO - received weights from trainer sta1!
2026-06-25 12:17:52,426 - EXECUT - INFO - received weights from trainer sta0!
2026-06-25 12:17:54,675 - EXECUT - INFO - received weights from trainer sta9!
2026-06-25 12:17:55,229 - EXECUT - INFO - received weights from trainer sta2!
2026-06-25 12:17:56,218 - EXECUT - INFO - received weights from trainer sta6!
2026-06-25 12:17:57,000 - EXECUT - INFO - received weights from trainer sta3!
2026-06-25 12:17:57,465 - EXECUT - INFO - received weights from trainer sta7!
2026-06-25 12:17:58,837 - EXECUT - INFO - received weights from trainer sta5!
2026-06-25 12:17:59,616 - EXECUT - INFO - sent aggregated weights to trainers!
2026-06-25 12:18:00,036 - METRIC - INFO - {"loss": 0.03608668968081474, "accuracy": 0.9888123869895935, "energy_consumption": null, "selected": false, "client_name": "sta8"}
2026-06-25 12:18:00,137 - METRIC - INFO - {"loss": 0.049560680985450745, "accuracy": 0.9847221970558167, "energy_consumption": null, "selected": false, "client_name": "sta4"}
2026-06-25 12:18:00,145 - METRIC - INFO - {"loss": 0.052807267755270004, "accuracy": 0.9822770953178406, "energy_consumption": null, "selected": false, "client_name": "sta2"}
2026-06-25 12:18:00,190 - METRIC - INFO - {"loss": 0.03596451133489609, "accuracy": 0.9881278276443481, "energy_consumption": null, "selected": false, "client_name": "sta6"}
2026-06-25 12:18:00,201 - METRIC - INFO - {"loss": 0.04676475748419762, "accuracy": 0.9845841526985168, "energy_consumption": null, "selected": false, "client_name": "sta0"}
2026-06-25 12:18:00,219 - METRIC - INFO - {"loss": 0.0452408492565155, "accuracy": 0.9854251146316528, "energy_consumption": null, "selected": false, "client_name": "sta10"}
2026-06-25 12:18:00,258 - METRIC - INFO - {"loss": 0.04475833848118782, "accuracy": 0.984606921672821, "energy_consumption": null, "selected": false, "client_name": "sta9"}
2026-06-25 12:18:00,295 - METRIC - INFO - {"loss": 0.044184256345033646, "accuracy": 0.9866936802864075, "energy_consumption": null, "selected": false, "client_name": "sta3"}
2026-06-25 12:18:00,318 - METRIC - INFO - {"loss": 0.041167981922626495, "accuracy": 0.9852420091629028, "energy_consumption": null, "selected": false, "client_name": "sta7"}
2026-06-25 12:18:00,391 - METRIC - INFO - {"loss": 0.04093560576438904, "accuracy": 0.9871567487716675, "energy_consumption": null, "selected": false, "client_name": "sta1"}
2026-06-25 12:18:00,406 - METRIC - INFO - {"loss": 0.04335368424654007, "accuracy": 0.9882572889328003, "energy_consumption": null, "selected": false, "client_name": "sta5"}
2026-06-25 12:18:00,618 - METRIC - INFO - mean_accuracy: 0.9859914021058516

2026-06-25 12:18:00,618 - METRIC - INFO - round: 20
2026-06-25 12:18:00,618 - METRIC - INFO - n_selected: 11
2026-06-25 12:18:00,618 - METRIC - INFO - {"selected_trainers": ["sta0", "sta1", "sta10", "sta2", "sta3", "sta4", "sta5", "sta6", "sta7", "sta8", "sta9"]}
2026-06-25 12:18:05,293 - EXECUT - INFO - received weights from trainer sta8!
2026-06-25 12:18:06,242 - EXECUT - INFO - received weights from trainer sta4!
2026-06-25 12:18:09,676 - EXECUT - INFO - received weights from trainer sta10!
2026-06-25 12:18:10,984 - EXECUT - INFO - received weights from trainer sta1!
2026-06-25 12:18:11,653 - EXECUT - INFO - received weights from trainer sta0!
2026-06-25 12:18:13,570 - EXECUT - INFO - received weights from trainer sta9!
2026-06-25 12:18:14,283 - EXECUT - INFO - received weights from trainer sta2!
2026-06-25 12:18:15,129 - EXECUT - INFO - received weights from trainer sta6!
2026-06-25 12:18:16,034 - EXECUT - INFO - received weights from trainer sta3!
2026-06-25 12:18:16,167 - EXECUT - INFO - received weights from trainer sta7!
2026-06-25 12:18:17,348 - EXECUT - INFO - received weights from trainer sta5!
2026-06-25 12:18:18,217 - EXECUT - INFO - sent aggregated weights to trainers!
2026-06-25 12:18:18,653 - METRIC - INFO - {"loss": 0.04819512739777565, "accuracy": 0.9847221970558167, "energy_consumption": null, "selected": false, "client_name": "sta4"}
2026-06-25 12:18:18,653 - METRIC - INFO - {"loss": 0.03637003153562546, "accuracy": 0.9888123869895935, "energy_consumption": null, "selected": false, "client_name": "sta8"}
2026-06-25 12:18:18,713 - METRIC - INFO - {"loss": 0.044756900519132614, "accuracy": 0.9858299493789673, "energy_consumption": null, "selected": false, "client_name": "sta10"}
2026-06-25 12:18:18,748 - METRIC - INFO - {"loss": 0.043969959020614624, "accuracy": 0.9848818182945251, "energy_consumption": null, "selected": false, "client_name": "sta9"}
2026-06-25 12:18:18,773 - METRIC - INFO - {"loss": 0.05481386184692383, "accuracy": 0.9822770953178406, "energy_consumption": null, "selected": false, "client_name": "sta2"}
2026-06-25 12:18:18,790 - METRIC - INFO - {"loss": 0.04474940523505211, "accuracy": 0.9849898815155029, "energy_consumption": null, "selected": false, "client_name": "sta0"}
2026-06-25 12:18:18,806 - METRIC - INFO - {"loss": 0.03584766760468483, "accuracy": 0.9881278276443481, "energy_consumption": null, "selected": false, "client_name": "sta6"}
2026-06-25 12:18:18,895 - METRIC - INFO - {"loss": 0.03972862660884857, "accuracy": 0.9898139834403992, "energy_consumption": null, "selected": false, "client_name": "sta1"}
2026-06-25 12:18:18,895 - METRIC - INFO - {"loss": 0.04008578509092331, "accuracy": 0.9852420091629028, "energy_consumption": null, "selected": false, "client_name": "sta7"}
2026-06-25 12:18:18,899 - METRIC - INFO - {"loss": 0.04198284447193146, "accuracy": 0.9864044189453125, "energy_consumption": null, "selected": false, "client_name": "sta3"}
2026-06-25 12:18:18,930 - METRIC - INFO - {"loss": 0.0421745590865612, "accuracy": 0.9893248081207275, "energy_consumption": null, "selected": false, "client_name": "sta5"}
2026-06-25 12:18:19,220 - METRIC - INFO - mean_accuracy: 0.9864023978059943

2026-06-25 12:18:19,220 - METRIC - INFO - round: 21
2026-06-25 12:18:19,220 - METRIC - INFO - n_selected: 11
2026-06-25 12:18:19,220 - METRIC - INFO - {"selected_trainers": ["sta0", "sta1", "sta10", "sta2", "sta3", "sta4", "sta5", "sta6", "sta7", "sta8", "sta9"]}
2026-06-25 12:18:23,935 - EXECUT - INFO - received weights from trainer sta8!
2026-06-25 12:18:24,823 - EXECUT - INFO - received weights from trainer sta4!
2026-06-25 12:18:28,282 - EXECUT - INFO - received weights from trainer sta10!
2026-06-25 12:18:29,766 - EXECUT - INFO - received weights from trainer sta1!
2026-06-25 12:18:30,331 - EXECUT - INFO - received weights from trainer sta0!
2026-06-25 12:18:32,164 - EXECUT - INFO - received weights from trainer sta9!
2026-06-25 12:18:32,877 - EXECUT - INFO - received weights from trainer sta2!
2026-06-25 12:18:33,664 - EXECUT - INFO - received weights from trainer sta6!
2026-06-25 12:18:34,670 - EXECUT - INFO - received weights from trainer sta3!
2026-06-25 12:18:34,783 - EXECUT - INFO - received weights from trainer sta7!
2026-06-25 12:18:35,879 - EXECUT - INFO - received weights from trainer sta5!
2026-06-25 12:18:36,753 - EXECUT - INFO - sent aggregated weights to trainers!
2026-06-25 12:18:37,157 - METRIC - INFO - {"loss": 0.045654915273189545, "accuracy": 0.9840278029441833, "energy_consumption": null, "selected": false, "client_name": "sta4"}
2026-06-25 12:18:37,190 - METRIC - INFO - {"loss": 0.03481702134013176, "accuracy": 0.9896729588508606, "energy_consumption": null, "selected": false, "client_name": "sta8"}
2026-06-25 12:18:37,223 - METRIC - INFO - {"loss": 0.044176794588565826, "accuracy": 0.9858299493789673, "energy_consumption": null, "selected": false, "client_name": "sta10"}
2026-06-25 12:18:37,265 - METRIC - INFO - {"loss": 0.0426674522459507, "accuracy": 0.9854315519332886, "energy_consumption": null, "selected": false, "client_name": "sta9"}
2026-06-25 12:18:37,273 - METRIC - INFO - {"loss": 0.05140433460474014, "accuracy": 0.9833512306213379, "energy_consumption": null, "selected": false, "client_name": "sta2"}
2026-06-25 12:18:37,321 - METRIC - INFO - {"loss": 0.04803941771388054, "accuracy": 0.9845841526985168, "energy_consumption": null, "selected": false, "client_name": "sta0"}
2026-06-25 12:18:37,372 - METRIC - INFO - {"loss": 0.03474850207567215, "accuracy": 0.9890410900115967, "energy_consumption": null, "selected": false, "client_name": "sta6"}
2026-06-25 12:18:37,396 - METRIC - INFO - {"loss": 0.03878575935959816, "accuracy": 0.9889282584190369, "energy_consumption": null, "selected": false, "client_name": "sta1"}
2026-06-25 12:18:37,414 - METRIC - INFO - {"loss": 0.0404590405523777, "accuracy": 0.9887910485267639, "energy_consumption": null, "selected": false, "client_name": "sta5"}
2026-06-25 12:18:37,424 - METRIC - INFO - {"loss": 0.04231054335832596, "accuracy": 0.9864044189453125, "energy_consumption": null, "selected": false, "client_name": "sta3"}
2026-06-25 12:18:37,427 - METRIC - INFO - {"loss": 0.03775985538959503, "accuracy": 0.9884887933731079, "energy_consumption": null, "selected": false, "client_name": "sta7"}
2026-06-25 12:18:37,756 - METRIC - INFO - mean_accuracy: 0.9867773868820884

2026-06-25 12:18:37,756 - METRIC - INFO - round: 22
2026-06-25 12:18:37,756 - METRIC - INFO - n_selected: 11
2026-06-25 12:18:37,756 - METRIC - INFO - {"selected_trainers": ["sta0", "sta1", "sta10", "sta2", "sta3", "sta4", "sta5", "sta6", "sta7", "sta8", "sta9"]}
2026-06-25 12:18:42,428 - EXECUT - INFO - received weights from trainer sta8!
2026-06-25 12:18:43,044 - EXECUT - INFO - received weights from trainer sta4!
2026-06-25 12:18:46,834 - EXECUT - INFO - received weights from trainer sta10!
2026-06-25 12:18:48,159 - EXECUT - INFO - received weights from trainer sta1!
2026-06-25 12:18:48,774 - EXECUT - INFO - received weights from trainer sta0!
2026-06-25 12:18:50,670 - EXECUT - INFO - received weights from trainer sta9!
2026-06-25 12:18:51,361 - EXECUT - INFO - received weights from trainer sta2!
2026-06-25 12:18:52,252 - EXECUT - INFO - received weights from trainer sta6!
2026-06-25 12:18:53,276 - EXECUT - INFO - received weights from trainer sta7!
2026-06-25 12:18:54,373 - EXECUT - INFO - received weights from trainer sta5!
2026-06-25 12:18:58,602 - EXECUT - INFO - received weights from trainer sta3!
2026-06-25 12:18:59,359 - EXECUT - INFO - sent aggregated weights to trainers!
2026-06-25 12:18:59,762 - METRIC - INFO - {"loss": 0.04189388081431389, "accuracy": 0.9840278029441833, "energy_consumption": null, "selected": false, "client_name": "sta4"}
2026-06-25 12:18:59,790 - METRIC - INFO - {"loss": 0.035399362444877625, "accuracy": 0.9870912432670593, "energy_consumption": null, "selected": false, "client_name": "sta8"}
2026-06-25 12:18:59,843 - METRIC - INFO - {"loss": 0.04237406328320503, "accuracy": 0.986639678478241, "energy_consumption": null, "selected": false, "client_name": "sta10"}
2026-06-25 12:18:59,894 - METRIC - INFO - {"loss": 0.043458592146635056, "accuracy": 0.9851566553115845, "energy_consumption": null, "selected": false, "client_name": "sta9"}
2026-06-25 12:18:59,910 - METRIC - INFO - {"loss": 0.05007374286651611, "accuracy": 0.983619749546051, "energy_consumption": null, "selected": false, "client_name": "sta2"}
2026-06-25 12:18:59,932 - METRIC - INFO - {"loss": 0.04808793589472771, "accuracy": 0.9845841526985168, "energy_consumption": null, "selected": false, "client_name": "sta0"}
2026-06-25 12:18:59,961 - METRIC - INFO - {"loss": 0.040738075971603394, "accuracy": 0.9858258366584778, "energy_consumption": null, "selected": false, "client_name": "sta3"}
2026-06-25 12:18:59,972 - METRIC - INFO - {"loss": 0.03852570801973343, "accuracy": 0.9880425333976746, "energy_consumption": null, "selected": false, "client_name": "sta1"}
2026-06-25 12:19:00,000 - METRIC - INFO - {"loss": 0.033948905766010284, "accuracy": 0.9902587532997131, "energy_consumption": null, "selected": false, "client_name": "sta6"}
2026-06-25 12:19:00,025 - METRIC - INFO - {"loss": 0.039079200476408005, "accuracy": 0.9885241389274597, "energy_consumption": null, "selected": false, "client_name": "sta5"}
2026-06-25 12:19:00,041 - METRIC - INFO - {"loss": 0.04036489129066467, "accuracy": 0.9858323335647583, "energy_consumption": null, "selected": false, "client_name": "sta7"}
2026-06-25 12:19:00,362 - METRIC - INFO - mean_accuracy: 0.9863275343721564

2026-06-25 12:19:00,362 - METRIC - INFO - round: 23
2026-06-25 12:19:00,362 - METRIC - INFO - n_selected: 11
2026-06-25 12:19:00,362 - METRIC - INFO - {"selected_trainers": ["sta0", "sta1", "sta10", "sta2", "sta3", "sta4", "sta5", "sta6", "sta7", "sta8", "sta9"]}
2026-06-25 12:19:05,018 - EXECUT - INFO - received weights from trainer sta8!
2026-06-25 12:19:05,638 - EXECUT - INFO - received weights from trainer sta4!
2026-06-25 12:19:09,447 - EXECUT - INFO - received weights from trainer sta10!
2026-06-25 12:19:10,773 - EXECUT - INFO - received weights from trainer sta1!
2026-06-25 12:19:11,369 - EXECUT - INFO - received weights from trainer sta0!
2026-06-25 12:19:13,386 - EXECUT - INFO - received weights from trainer sta9!
2026-06-25 12:19:13,861 - EXECUT - INFO - received weights from trainer sta2!
2026-06-25 12:19:14,763 - EXECUT - INFO - received weights from trainer sta6!
2026-06-25 12:19:15,758 - EXECUT - INFO - received weights from trainer sta3!
2026-06-25 12:19:15,891 - EXECUT - INFO - received weights from trainer sta7!
2026-06-25 12:19:17,033 - EXECUT - INFO - received weights from trainer sta5!
2026-06-25 12:19:17,886 - EXECUT - INFO - sent aggregated weights to trainers!
2026-06-25 12:19:18,284 - METRIC - INFO - {"loss": 0.04176880419254303, "accuracy": 0.9833333492279053, "energy_consumption": null, "selected": false, "client_name": "sta4"}
2026-06-25 12:19:18,310 - METRIC - INFO - {"loss": 0.03324482589960098, "accuracy": 0.9905335903167725, "energy_consumption": null, "selected": false, "client_name": "sta8"}
2026-06-25 12:19:18,366 - METRIC - INFO - {"loss": 0.043433427810668945, "accuracy": 0.9874494075775146, "energy_consumption": null, "selected": false, "client_name": "sta10"}
2026-06-25 12:19:18,414 - METRIC - INFO - {"loss": 0.04068586230278015, "accuracy": 0.9865310788154602, "energy_consumption": null, "selected": false, "client_name": "sta9"}
2026-06-25 12:19:18,418 - METRIC - INFO - {"loss": 0.047795627266168594, "accuracy": 0.9844253659248352, "energy_consumption": null, "selected": false, "client_name": "sta2"}
2026-06-25 12:19:18,447 - METRIC - INFO - {"loss": 0.04261798411607742, "accuracy": 0.9862068891525269, "energy_consumption": null, "selected": false, "client_name": "sta0"}
2026-06-25 12:19:18,532 - METRIC - INFO - {"loss": 0.03799963742494583, "accuracy": 0.9884853959083557, "energy_consumption": null, "selected": false, "client_name": "sta1"}
2026-06-25 12:19:18,532 - METRIC - INFO - {"loss": 0.03262616693973541, "accuracy": 0.9875190258026123, "energy_consumption": null, "selected": false, "client_name": "sta6"}
2026-06-25 12:19:18,547 - METRIC - INFO - {"loss": 0.03982175514101982, "accuracy": 0.9872722029685974, "energy_consumption": null, "selected": false, "client_name": "sta3"}
2026-06-25 12:19:18,566 - METRIC - INFO - {"loss": 0.03635391592979431, "accuracy": 0.9881936311721802, "energy_consumption": null, "selected": false, "client_name": "sta7"}
2026-06-25 12:19:18,575 - METRIC - INFO - {"loss": 0.037699732929468155, "accuracy": 0.9882572889328003, "energy_consumption": null, "selected": false, "client_name": "sta5"}
2026-06-25 12:19:18,888 - METRIC - INFO - mean_accuracy: 0.9871097477999601

2026-06-25 12:19:18,889 - METRIC - INFO - round: 24
2026-06-25 12:19:18,889 - METRIC - INFO - n_selected: 11
2026-06-25 12:19:18,889 - METRIC - INFO - {"selected_trainers": ["sta0", "sta1", "sta10", "sta2", "sta3", "sta4", "sta5", "sta6", "sta7", "sta8", "sta9"]}
2026-06-25 12:19:23,557 - EXECUT - INFO - received weights from trainer sta8!
2026-06-25 12:19:24,169 - EXECUT - INFO - received weights from trainer sta4!
2026-06-25 12:19:27,976 - EXECUT - INFO - received weights from trainer sta10!
2026-06-25 12:19:29,163 - EXECUT - INFO - received weights from trainer sta1!
2026-06-25 12:19:29,714 - EXECUT - INFO - received weights from trainer sta0!
2026-06-25 12:19:31,656 - EXECUT - INFO - received weights from trainer sta2!
2026-06-25 12:19:31,939 - EXECUT - INFO - received weights from trainer sta9!
2026-06-25 12:19:33,170 - EXECUT - INFO - received weights from trainer sta6!
2026-06-25 12:19:34,337 - EXECUT - INFO - received weights from trainer sta3!
2026-06-25 12:19:34,446 - EXECUT - INFO - received weights from trainer sta7!
2026-06-25 12:19:35,460 - EXECUT - INFO - received weights from trainer sta5!
2026-06-25 12:19:36,571 - EXECUT - INFO - sent aggregated weights to trainers!
2026-06-25 12:19:36,983 - METRIC - INFO - {"loss": 0.04483147710561752, "accuracy": 0.9854166507720947, "energy_consumption": null, "selected": false, "client_name": "sta4"}
2026-06-25 12:19:37,005 - METRIC - INFO - {"loss": 0.0339389368891716, "accuracy": 0.9879518151283264, "energy_consumption": null, "selected": false, "client_name": "sta8"}
2026-06-25 12:19:37,056 - METRIC - INFO - {"loss": 0.04170249402523041, "accuracy": 0.9850202202796936, "energy_consumption": null, "selected": false, "client_name": "sta10"}
2026-06-25 12:19:37,074 - METRIC - INFO - {"loss": 0.04796791821718216, "accuracy": 0.9846938848495483, "energy_consumption": null, "selected": false, "client_name": "sta2"}
2026-06-25 12:19:37,113 - METRIC - INFO - {"loss": 0.0393204428255558, "accuracy": 0.9857064485549927, "energy_consumption": null, "selected": false, "client_name": "sta9"}
2026-06-25 12:19:37,179 - METRIC - INFO - {"loss": 0.03947049751877785, "accuracy": 0.9866125583648682, "energy_consumption": null, "selected": false, "client_name": "sta0"}
2026-06-25 12:19:37,190 - METRIC - INFO - {"loss": 0.03124612383544445, "accuracy": 0.990563154220581, "energy_consumption": null, "selected": false, "client_name": "sta6"}
2026-06-25 12:19:37,225 - METRIC - INFO - {"loss": 0.037196263670921326, "accuracy": 0.9884853959083557, "energy_consumption": null, "selected": false, "client_name": "sta1"}
2026-06-25 12:19:37,234 - METRIC - INFO - {"loss": 0.036247678101062775, "accuracy": 0.9885241389274597, "energy_consumption": null, "selected": false, "client_name": "sta5"}
2026-06-25 12:19:37,243 - METRIC - INFO - {"loss": 0.040141183882951736, "accuracy": 0.9869829416275024, "energy_consumption": null, "selected": false, "client_name": "sta3"}
2026-06-25 12:19:37,255 - METRIC - INFO - {"loss": 0.03502765670418739, "accuracy": 0.987308144569397, "energy_consumption": null, "selected": false, "client_name": "sta7"}
2026-06-25 12:19:37,572 - METRIC - INFO - mean_accuracy: 0.9870241230184381

2026-06-25 12:19:37,572 - METRIC - INFO - round: 25
2026-06-25 12:19:37,573 - METRIC - INFO - n_selected: 11
2026-06-25 12:19:37,573 - METRIC - INFO - {"selected_trainers": ["sta0", "sta1", "sta10", "sta2", "sta3", "sta4", "sta5", "sta6", "sta7", "sta8", "sta9"]}
2026-06-25 12:19:42,759 - EXECUT - INFO - received weights from trainer sta4!
2026-06-25 12:19:43,022 - EXECUT - INFO - received weights from trainer sta8!
2026-06-25 12:19:46,679 - EXECUT - INFO - received weights from trainer sta10!
2026-06-25 12:19:47,820 - EXECUT - INFO - received weights from trainer sta1!
2026-06-25 12:19:48,016 - EXECUT - INFO - received weights from trainer sta0!
2026-06-25 12:19:50,453 - EXECUT - INFO - received weights from trainer sta2!
2026-06-25 12:19:50,540 - EXECUT - INFO - received weights from trainer sta9!
2026-06-25 12:19:51,799 - EXECUT - INFO - received weights from trainer sta6!
2026-06-25 12:19:52,032 - EXECUT - INFO - received weights from trainer sta3!
2026-06-25 12:19:53,041 - EXECUT - INFO - received weights from trainer sta7!
2026-06-25 12:19:53,716 - EXECUT - INFO - received weights from trainer sta5!
2026-06-25 12:19:54,188 - EXECUT - INFO - sent aggregated weights to trainers!
2026-06-25 12:19:54,578 - METRIC - INFO - {"loss": 0.04063171148300171, "accuracy": 0.9854166507720947, "energy_consumption": null, "selected": false, "client_name": "sta4"}
2026-06-25 12:19:54,612 - METRIC - INFO - {"loss": 0.03176138550043106, "accuracy": 0.9922547340393066, "energy_consumption": null, "selected": false, "client_name": "sta8"}
2026-06-25 12:19:54,654 - METRIC - INFO - {"loss": 0.04133112356066704, "accuracy": 0.9858012199401855, "energy_consumption": null, "selected": false, "client_name": "sta0"}
2026-06-25 12:19:54,671 - METRIC - INFO - {"loss": 0.04247923567891121, "accuracy": 0.986639678478241, "energy_consumption": null, "selected": false, "client_name": "sta10"}
2026-06-25 12:19:54,711 - METRIC - INFO - {"loss": 0.0470634363591671, "accuracy": 0.9844253659248352, "energy_consumption": null, "selected": false, "client_name": "sta2"}
2026-06-25 12:19:54,722 - METRIC - INFO - {"loss": 0.03929068520665169, "accuracy": 0.9854315519332886, "energy_consumption": null, "selected": false, "client_name": "sta9"}
2026-06-25 12:19:54,755 - METRIC - INFO - {"loss": 0.039709415286779404, "accuracy": 0.9869829416275024, "energy_consumption": null, "selected": false, "client_name": "sta3"}
2026-06-25 12:19:54,775 - METRIC - INFO - {"loss": 0.03143201395869255, "accuracy": 0.9887366890907288, "energy_consumption": null, "selected": false, "client_name": "sta6"}
2026-06-25 12:19:54,848 - METRIC - INFO - {"loss": 0.03719126060605049, "accuracy": 0.989371120929718, "energy_consumption": null, "selected": false, "client_name": "sta1"}
2026-06-25 12:19:54,856 - METRIC - INFO - {"loss": 0.036025162786245346, "accuracy": 0.9885241389274597, "energy_consumption": null, "selected": false, "client_name": "sta5"}
2026-06-25 12:19:54,898 - METRIC - INFO - {"loss": 0.034930408000946045, "accuracy": 0.9878984689712524, "energy_consumption": null, "selected": false, "client_name": "sta7"}
2026-06-25 12:19:55,190 - METRIC - INFO - mean_accuracy: 0.9874075055122375

2026-06-25 12:19:55,190 - METRIC - INFO - round: 26
2026-06-25 12:19:55,191 - METRIC - INFO - n_selected: 11
2026-06-25 12:19:55,191 - METRIC - INFO - {"selected_trainers": ["sta0", "sta1", "sta10", "sta2", "sta3", "sta4", "sta5", "sta6", "sta7", "sta8", "sta9"]}
2026-06-25 12:19:59,888 - EXECUT - INFO - received weights from trainer sta8!
2026-06-25 12:20:00,350 - EXECUT - INFO - received weights from trainer sta4!
2026-06-25 12:20:04,268 - EXECUT - INFO - received weights from trainer sta10!
2026-06-25 12:20:05,381 - EXECUT - INFO - received weights from trainer sta1!
2026-06-25 12:20:05,601 - EXECUT - INFO - received weights from trainer sta0!
2026-06-25 12:20:07,951 - EXECUT - INFO - received weights from trainer sta2!
2026-06-25 12:20:08,199 - EXECUT - INFO - received weights from trainer sta9!
2026-06-25 12:20:09,374 - EXECUT - INFO - received weights from trainer sta6!
2026-06-25 12:20:09,744 - EXECUT - INFO - received weights from trainer sta3!
2026-06-25 12:20:10,654 - EXECUT - INFO - received weights from trainer sta7!
2026-06-25 12:20:11,477 - EXECUT - INFO - received weights from trainer sta5!
2026-06-25 12:20:12,853 - EXECUT - INFO - sent aggregated weights to trainers!
2026-06-25 12:20:13,233 - METRIC - INFO - {"loss": 0.04015621542930603, "accuracy": 0.9840278029441833, "energy_consumption": null, "selected": false, "client_name": "sta4"}
2026-06-25 12:20:13,270 - METRIC - INFO - {"loss": 0.03243139386177063, "accuracy": 0.9896729588508606, "energy_consumption": null, "selected": false, "client_name": "sta8"}
2026-06-25 12:20:13,314 - METRIC - INFO - {"loss": 0.040640197694301605, "accuracy": 0.986639678478241, "energy_consumption": null, "selected": false, "client_name": "sta10"}
2026-06-25 12:20:13,327 - METRIC - INFO - {"loss": 0.0473485067486763, "accuracy": 0.9838882684707642, "energy_consumption": null, "selected": false, "client_name": "sta2"}
2026-06-25 12:20:13,365 - METRIC - INFO - {"loss": 0.039377063512802124, "accuracy": 0.9874239563941956, "energy_consumption": null, "selected": false, "client_name": "sta0"}
2026-06-25 12:20:13,366 - METRIC - INFO - {"loss": 0.03954034298658371, "accuracy": 0.9865310788154602, "energy_consumption": null, "selected": false, "client_name": "sta9"}
2026-06-25 12:20:13,438 - METRIC - INFO - {"loss": 0.030222414061427116, "accuracy": 0.9899543523788452, "energy_consumption": null, "selected": false, "client_name": "sta6"}
2026-06-25 12:20:13,464 - METRIC - INFO - {"loss": 0.038963668048381805, "accuracy": 0.9869829416275024, "energy_consumption": null, "selected": false, "client_name": "sta3"}
2026-06-25 12:20:13,467 - METRIC - INFO - {"loss": 0.03454412892460823, "accuracy": 0.9881936311721802, "energy_consumption": null, "selected": false, "client_name": "sta7"}
2026-06-25 12:20:13,469 - METRIC - INFO - {"loss": 0.03592588007450104, "accuracy": 0.9885241389274597, "energy_consumption": null, "selected": false, "client_name": "sta5"}
2026-06-25 12:20:13,485 - METRIC - INFO - {"loss": 0.03645778447389603, "accuracy": 0.9884853959083557, "energy_consumption": null, "selected": false, "client_name": "sta1"}
2026-06-25 12:20:13,854 - METRIC - INFO - mean_accuracy: 0.9873022003607317

2026-06-25 12:20:13,854 - METRIC - INFO - round: 27
2026-06-25 12:20:13,854 - METRIC - INFO - n_selected: 11
2026-06-25 12:20:13,854 - METRIC - INFO - {"selected_trainers": ["sta0", "sta1", "sta10", "sta2", "sta3", "sta4", "sta5", "sta6", "sta7", "sta8", "sta9"]}
2026-06-25 12:20:18,440 - EXECUT - INFO - received weights from trainer sta8!
2026-06-25 12:20:18,845 - EXECUT - INFO - received weights from trainer sta4!
2026-06-25 12:20:22,785 - EXECUT - INFO - received weights from trainer sta10!
2026-06-25 12:20:24,044 - EXECUT - INFO - received weights from trainer sta1!
2026-06-25 12:20:24,334 - EXECUT - INFO - received weights from trainer sta0!
2026-06-25 12:20:26,554 - EXECUT - INFO - received weights from trainer sta9!
2026-06-25 12:20:26,686 - EXECUT - INFO - received weights from trainer sta2!
2026-06-25 12:20:27,188 - EXECUT - INFO - received weights from trainer sta6!
2026-06-25 12:20:28,394 - EXECUT - INFO - received weights from trainer sta3!
2026-06-25 12:20:29,011 - EXECUT - INFO - received weights from trainer sta7!
2026-06-25 12:20:29,462 - EXECUT - INFO - received weights from trainer sta5!
2026-06-25 12:20:30,456 - EXECUT - INFO - sent aggregated weights to trainers!
2026-06-25 12:20:30,830 - METRIC - INFO - {"loss": 0.03913019225001335, "accuracy": 0.9854166507720947, "energy_consumption": null, "selected": false, "client_name": "sta4"}
2026-06-25 12:20:30,929 - METRIC - INFO - {"loss": 0.03978964686393738, "accuracy": 0.986639678478241, "energy_consumption": null, "selected": false, "client_name": "sta10"}
2026-06-25 12:20:30,958 - METRIC - INFO - {"loss": 0.04543326422572136, "accuracy": 0.9846938848495483, "energy_consumption": null, "selected": false, "client_name": "sta2"}
2026-06-25 12:20:30,979 - METRIC - INFO - {"loss": 0.031246595084667206, "accuracy": 0.9913941621780396, "energy_consumption": null, "selected": false, "client_name": "sta8"}
2026-06-25 12:20:30,983 - METRIC - INFO - {"loss": 0.038572169840335846, "accuracy": 0.9870182275772095, "energy_consumption": null, "selected": false, "client_name": "sta0"}
2026-06-25 12:20:31,000 - METRIC - INFO - {"loss": 0.0368468351662159, "accuracy": 0.9870808124542236, "energy_consumption": null, "selected": false, "client_name": "sta9"}
2026-06-25 12:20:31,065 - METRIC - INFO - {"loss": 0.030340004712343216, "accuracy": 0.990563154220581, "energy_consumption": null, "selected": false, "client_name": "sta6"}
2026-06-25 12:20:31,112 - METRIC - INFO - {"loss": 0.03372591733932495, "accuracy": 0.9890791177749634, "energy_consumption": null, "selected": false, "client_name": "sta7"}
2026-06-25 12:20:31,122 - METRIC - INFO - {"loss": 0.03844244405627251, "accuracy": 0.9875614643096924, "energy_consumption": null, "selected": false, "client_name": "sta3"}
2026-06-25 12:20:31,125 - METRIC - INFO - {"loss": 0.03583328425884247, "accuracy": 0.9889282584190369, "energy_consumption": null, "selected": false, "client_name": "sta1"}
2026-06-25 12:20:31,139 - METRIC - INFO - {"loss": 0.035258699208498, "accuracy": 0.9893248081207275, "energy_consumption": null, "selected": false, "client_name": "sta5"}
2026-06-25 12:20:31,459 - METRIC - INFO - mean_accuracy: 0.9879727471958507

2026-06-25 12:20:31,459 - METRIC - INFO - round: 28
2026-06-25 12:20:31,459 - METRIC - INFO - n_selected: 11
2026-06-25 12:20:31,459 - METRIC - INFO - {"selected_trainers": ["sta0", "sta1", "sta10", "sta2", "sta3", "sta4", "sta5", "sta6", "sta7", "sta8", "sta9"]}
2026-06-25 12:20:36,087 - EXECUT - INFO - received weights from trainer sta8!
2026-06-25 12:20:36,401 - EXECUT - INFO - received weights from trainer sta4!
2026-06-25 12:20:40,326 - EXECUT - INFO - received weights from trainer sta10!
2026-06-25 12:20:41,596 - EXECUT - INFO - received weights from trainer sta1!
2026-06-25 12:20:41,816 - EXECUT - INFO - received weights from trainer sta0!
2026-06-25 12:20:43,943 - EXECUT - INFO - received weights from trainer sta2!
2026-06-25 12:20:44,132 - EXECUT - INFO - received weights from trainer sta9!
2026-06-25 12:20:44,856 - EXECUT - INFO - received weights from trainer sta6!
2026-06-25 12:20:45,864 - EXECUT - INFO - received weights from trainer sta3!
2026-06-25 12:20:46,617 - EXECUT - INFO - received weights from trainer sta7!
2026-06-25 12:20:46,998 - EXECUT - INFO - received weights from trainer sta5!
2026-06-25 12:20:48,037 - EXECUT - INFO - sent aggregated weights to trainers!
2026-06-25 12:20:48,384 - METRIC - INFO - {"loss": 0.039810165762901306, "accuracy": 0.9847221970558167, "energy_consumption": null, "selected": false, "client_name": "sta4"}
2026-06-25 12:20:48,432 - METRIC - INFO - {"loss": 0.031527865678071976, "accuracy": 0.9905335903167725, "energy_consumption": null, "selected": false, "client_name": "sta8"}
2026-06-25 12:20:48,490 - METRIC - INFO - {"loss": 0.04025229811668396, "accuracy": 0.986639678478241, "energy_consumption": null, "selected": false, "client_name": "sta10"}
2026-06-25 12:20:48,549 - METRIC - INFO - {"loss": 0.03769940510392189, "accuracy": 0.9862561821937561, "energy_consumption": null, "selected": false, "client_name": "sta9"}
2026-06-25 12:20:48,642 - METRIC - INFO - {"loss": 0.0378555953502655, "accuracy": 0.9858012199401855, "energy_consumption": null, "selected": false, "client_name": "sta0"}
2026-06-25 12:20:48,664 - METRIC - INFO - {"loss": 0.03608892858028412, "accuracy": 0.9889282584190369, "energy_consumption": null, "selected": false, "client_name": "sta1"}
2026-06-25 12:20:48,689 - METRIC - INFO - {"loss": 0.03361823409795761, "accuracy": 0.9890578985214233, "energy_consumption": null, "selected": false, "client_name": "sta5"}
2026-06-25 12:20:48,703 - METRIC - INFO - {"loss": 0.04667964577674866, "accuracy": 0.9841568470001221, "energy_consumption": null, "selected": false, "client_name": "sta2"}
2026-06-25 12:20:48,721 - METRIC - INFO - {"loss": 0.03473269194364548, "accuracy": 0.9876033067703247, "energy_consumption": null, "selected": false, "client_name": "sta7"}
2026-06-25 12:20:48,723 - METRIC - INFO - {"loss": 0.0366307869553566, "accuracy": 0.9884292483329773, "energy_consumption": null, "selected": false, "client_name": "sta3"}
2026-06-25 12:20:48,733 - METRIC - INFO - {"loss": 0.041894663125276566, "accuracy": 0.9866057634353638, "energy_consumption": null, "selected": false, "client_name": "sta6"}
2026-06-25 12:20:49,040 - METRIC - INFO - mean_accuracy: 0.9871576536785472

2026-06-25 12:20:49,040 - METRIC - INFO - round: 29
2026-06-25 12:20:49,040 - METRIC - INFO - n_selected: 11
2026-06-25 12:20:49,040 - METRIC - INFO - {"selected_trainers": ["sta0", "sta1", "sta10", "sta2", "sta3", "sta4", "sta5", "sta6", "sta7", "sta8", "sta9"]}
2026-06-25 12:20:53,930 - EXECUT - INFO - received weights from trainer sta4!
2026-06-25 12:20:54,497 - EXECUT - INFO - received weights from trainer sta8!
2026-06-25 12:20:57,948 - EXECUT - INFO - received weights from trainer sta10!
2026-06-25 12:20:59,219 - EXECUT - INFO - received weights from trainer sta1!
2026-06-25 12:20:59,375 - EXECUT - INFO - received weights from trainer sta0!
2026-06-25 12:21:01,483 - EXECUT - INFO - received weights from trainer sta2!
2026-06-25 12:21:01,691 - EXECUT - INFO - received weights from trainer sta9!
2026-06-25 12:21:02,325 - EXECUT - INFO - received weights from trainer sta6!
2026-06-25 12:21:03,461 - EXECUT - INFO - received weights from trainer sta3!
2026-06-25 12:21:04,151 - EXECUT - INFO - received weights from trainer sta7!
2026-06-25 12:21:04,743 - EXECUT - INFO - received weights from trainer sta5!
2026-06-25 12:21:05,556 - EXECUT - INFO - sent aggregated weights to trainers!
2026-06-25 12:21:05,918 - METRIC - INFO - {"loss": 0.03673102706670761, "accuracy": 0.987500011920929, "energy_consumption": null, "selected": false, "client_name": "sta4"}
2026-06-25 12:21:05,964 - METRIC - INFO - {"loss": 0.03085043467581272, "accuracy": 0.9905335903167725, "energy_consumption": null, "selected": false, "client_name": "sta8"}
2026-06-25 12:21:06,018 - METRIC - INFO - {"loss": 0.03827695548534393, "accuracy": 0.9878542423248291, "energy_consumption": null, "selected": false, "client_name": "sta10"}
2026-06-25 12:21:06,028 - METRIC - INFO - {"loss": 0.04511541128158569, "accuracy": 0.9863050580024719, "energy_consumption": null, "selected": false, "client_name": "sta2"}
2026-06-25 12:21:06,077 - METRIC - INFO - {"loss": 0.03705422580242157, "accuracy": 0.9873557090759277, "energy_consumption": null, "selected": false, "client_name": "sta9"}
2026-06-25 12:21:06,095 - METRIC - INFO - {"loss": 0.037983719259500504, "accuracy": 0.9878296256065369, "energy_consumption": null, "selected": false, "client_name": "sta0"}
2026-06-25 12:21:06,139 - METRIC - INFO - {"loss": 0.02856503427028656, "accuracy": 0.9902587532997131, "energy_consumption": null, "selected": false, "client_name": "sta6"}
2026-06-25 12:21:06,210 - METRIC - INFO - {"loss": 0.03763208165764809, "accuracy": 0.9875614643096924, "energy_consumption": null, "selected": false, "client_name": "sta3"}
2026-06-25 12:21:06,214 - METRIC - INFO - {"loss": 0.03603634610772133, "accuracy": 0.989371120929718, "energy_consumption": null, "selected": false, "client_name": "sta1"}
2026-06-25 12:21:06,224 - METRIC - INFO - {"loss": 0.03632622957229614, "accuracy": 0.989591658115387, "energy_consumption": null, "selected": false, "client_name": "sta5"}
2026-06-25 12:21:06,249 - METRIC - INFO - {"loss": 0.03292280435562134, "accuracy": 0.9890791177749634, "energy_consumption": null, "selected": false, "client_name": "sta7"}
2026-06-25 12:21:06,558 - METRIC - INFO - mean_accuracy: 0.9884763956069946

2026-06-25 12:21:06,558 - METRIC - INFO - round: 30
2026-06-25 12:21:06,558 - METRIC - INFO - n_selected: 11
2026-06-25 12:21:06,558 - METRIC - INFO - {"selected_trainers": ["sta0", "sta1", "sta10", "sta2", "sta3", "sta4", "sta5", "sta6", "sta7", "sta8", "sta9"]}
2026-06-25 12:21:11,004 - EXECUT - INFO - received weights from trainer sta8!
2026-06-25 12:21:11,302 - EXECUT - INFO - received weights from trainer sta4!
2026-06-25 12:21:15,092 - EXECUT - INFO - received weights from trainer sta10!
2026-06-25 12:21:16,328 - EXECUT - INFO - received weights from trainer sta1!
2026-06-25 12:21:16,465 - EXECUT - INFO - received weights from trainer sta0!
2026-06-25 12:21:18,353 - EXECUT - INFO - received weights from trainer sta2!
2026-06-25 12:21:18,680 - EXECUT - INFO - received weights from trainer sta9!
2026-06-25 12:21:19,674 - EXECUT - INFO - received weights from trainer sta6!
2026-06-25 12:21:20,400 - EXECUT - INFO - received weights from trainer sta3!
2026-06-25 12:21:21,173 - EXECUT - INFO - received weights from trainer sta7!
2026-06-25 12:21:21,911 - EXECUT - INFO - received weights from trainer sta5!
2026-06-25 12:21:23,163 - EXECUT - INFO - sent aggregated weights to trainers!
2026-06-25 12:21:23,499 - METRIC - INFO - {"loss": 0.036381322890520096, "accuracy": 0.9861111044883728, "energy_consumption": null, "selected": false, "client_name": "sta4"}
2026-06-25 12:21:23,555 - METRIC - INFO - {"loss": 0.030842959880828857, "accuracy": 0.9896729588508606, "energy_consumption": null, "selected": false, "client_name": "sta8"}
2026-06-25 12:21:23,591 - METRIC - INFO - {"loss": 0.038806669414043427, "accuracy": 0.9874494075775146, "energy_consumption": null, "selected": false, "client_name": "sta10"}
2026-06-25 12:21:23,606 - METRIC - INFO - {"loss": 0.04386724904179573, "accuracy": 0.9849624037742615, "energy_consumption": null, "selected": false, "client_name": "sta2"}
2026-06-25 12:21:23,639 - METRIC - INFO - {"loss": 0.03662273660302162, "accuracy": 0.9873557090759277, "energy_consumption": null, "selected": false, "client_name": "sta9"}
2026-06-25 12:21:23,668 - METRIC - INFO - {"loss": 0.03693142533302307, "accuracy": 0.9874239563941956, "energy_consumption": null, "selected": false, "client_name": "sta0"}
2026-06-25 12:21:23,698 - METRIC - INFO - {"loss": 0.031240057200193405, "accuracy": 0.9893454909324646, "energy_consumption": null, "selected": false, "client_name": "sta6"}
2026-06-25 12:21:23,767 - METRIC - INFO - {"loss": 0.036111608147621155, "accuracy": 0.9881399869918823, "energy_consumption": null, "selected": false, "client_name": "sta3"}
2026-06-25 12:21:23,768 - METRIC - INFO - {"loss": 0.035697247833013535, "accuracy": 0.9884853959083557, "energy_consumption": null, "selected": false, "client_name": "sta1"}
2026-06-25 12:21:23,798 - METRIC - INFO - {"loss": 0.0319584384560585, "accuracy": 0.9890791177749634, "energy_consumption": null, "selected": false, "client_name": "sta7"}
2026-06-25 12:21:23,800 - METRIC - INFO - {"loss": 0.03447409346699715, "accuracy": 0.9887910485267639, "energy_consumption": null, "selected": false, "client_name": "sta5"}
2026-06-25 12:21:24,166 - METRIC - INFO - mean_accuracy: 0.9878924163905057

2026-06-25 12:21:24,166 - METRIC - INFO - round: 31
2026-06-25 12:21:24,166 - METRIC - INFO - n_selected: 11
2026-06-25 12:21:24,166 - METRIC - INFO - {"selected_trainers": ["sta0", "sta1", "sta10", "sta2", "sta3", "sta4", "sta5", "sta6", "sta7", "sta8", "sta9"]}
2026-06-25 12:21:28,643 - EXECUT - INFO - received weights from trainer sta8!
2026-06-25 12:21:28,896 - EXECUT - INFO - received weights from trainer sta4!
2026-06-25 12:21:32,723 - EXECUT - INFO - received weights from trainer sta10!
2026-06-25 12:21:33,886 - EXECUT - INFO - received weights from trainer sta1!
2026-06-25 12:21:34,111 - EXECUT - INFO - received weights from trainer sta0!
2026-06-25 12:21:35,993 - EXECUT - INFO - received weights from trainer sta2!
2026-06-25 12:21:36,292 - EXECUT - INFO - received weights from trainer sta9!
2026-06-25 12:21:37,231 - EXECUT - INFO - received weights from trainer sta6!
2026-06-25 12:21:38,079 - EXECUT - INFO - received weights from trainer sta3!
2026-06-25 12:21:38,814 - EXECUT - INFO - received weights from trainer sta7!
2026-06-25 12:21:39,503 - EXECUT - INFO - received weights from trainer sta5!
2026-06-25 12:21:40,726 - EXECUT - INFO - sent aggregated weights to trainers!
2026-06-25 12:21:41,104 - METRIC - INFO - {"loss": 0.031163876876235008, "accuracy": 0.9905335903167725, "energy_consumption": null, "selected": false, "client_name": "sta8"}
2026-06-25 12:21:41,162 - METRIC - INFO - {"loss": 0.03665441274642944, "accuracy": 0.9874239563941956, "energy_consumption": null, "selected": false, "client_name": "sta0"}
2026-06-25 12:21:41,170 - METRIC - INFO - {"loss": 0.03891467675566673, "accuracy": 0.9882591366767883, "energy_consumption": null, "selected": false, "client_name": "sta10"}
2026-06-25 12:21:41,186 - METRIC - INFO - {"loss": 0.03583764284849167, "accuracy": 0.9861111044883728, "energy_consumption": null, "selected": false, "client_name": "sta4"}
2026-06-25 12:21:41,208 - METRIC - INFO - {"loss": 0.029676640406250954, "accuracy": 0.9893454909324646, "energy_consumption": null, "selected": false, "client_name": "sta6"}
2026-06-25 12:21:41,222 - METRIC - INFO - {"loss": 0.03566927835345268, "accuracy": 0.9873557090759277, "energy_consumption": null, "selected": false, "client_name": "sta9"}
2026-06-25 12:21:41,234 - METRIC - INFO - {"loss": 0.03563949093222618, "accuracy": 0.989371120929718, "energy_consumption": null, "selected": false, "client_name": "sta1"}
2026-06-25 12:21:41,252 - METRIC - INFO - {"loss": 0.04711122065782547, "accuracy": 0.9849624037742615, "energy_consumption": null, "selected": false, "client_name": "sta2"}
2026-06-25 12:21:41,286 - METRIC - INFO - {"loss": 0.03423093259334564, "accuracy": 0.9879903793334961, "energy_consumption": null, "selected": false, "client_name": "sta5"}
2026-06-25 12:21:41,306 - METRIC - INFO - {"loss": 0.03555329144001007, "accuracy": 0.988718569278717, "energy_consumption": null, "selected": false, "client_name": "sta3"}
2026-06-25 12:21:41,497 - METRIC - INFO - {"loss": 0.032584298402071, "accuracy": 0.9890791177749634, "energy_consumption": null, "selected": false, "client_name": "sta7"}
2026-06-25 12:21:41,727 - METRIC - INFO - mean_accuracy: 0.988104598088698

2026-06-25 12:21:41,727 - METRIC - INFO - round: 32
2026-06-25 12:21:41,727 - METRIC - INFO - n_selected: 11
2026-06-25 12:21:41,728 - METRIC - INFO - {"selected_trainers": ["sta0", "sta1", "sta10", "sta2", "sta3", "sta4", "sta5", "sta6", "sta7", "sta8", "sta9"]}
2026-06-25 12:21:46,205 - EXECUT - INFO - received weights from trainer sta8!
2026-06-25 12:21:46,450 - EXECUT - INFO - received weights from trainer sta4!
2026-06-25 12:21:50,272 - EXECUT - INFO - received weights from trainer sta10!
2026-06-25 12:21:51,449 - EXECUT - INFO - received weights from trainer sta1!
2026-06-25 12:21:51,609 - EXECUT - INFO - received weights from trainer sta0!
2026-06-25 12:21:53,531 - EXECUT - INFO - received weights from trainer sta2!
2026-06-25 12:21:54,840 - EXECUT - INFO - received weights from trainer sta6!
2026-06-25 12:21:55,560 - EXECUT - INFO - received weights from trainer sta3!
2026-06-25 12:21:56,327 - EXECUT - INFO - received weights from trainer sta7!
2026-06-25 12:21:57,045 - EXECUT - INFO - received weights from trainer sta5!
2026-06-25 12:22:02,584 - EXECUT - INFO - received weights from trainer sta9!
2026-06-25 12:22:03,361 - EXECUT - INFO - sent aggregated weights to trainers!
2026-06-25 12:22:03,703 - METRIC - INFO - {"loss": 0.03767995536327362, "accuracy": 0.987500011920929, "energy_consumption": null, "selected": false, "client_name": "sta4"}
2026-06-25 12:22:03,761 - METRIC - INFO - {"loss": 0.030591223388910294, "accuracy": 0.9896729588508606, "energy_consumption": null, "selected": false, "client_name": "sta8"}
2026-06-25 12:22:03,812 - METRIC - INFO - {"loss": 0.03854106366634369, "accuracy": 0.9882591366767883, "energy_consumption": null, "selected": false, "client_name": "sta10"}
2026-06-25 12:22:03,821 - METRIC - INFO - {"loss": 0.04346631094813347, "accuracy": 0.9863050580024719, "energy_consumption": null, "selected": false, "client_name": "sta2"}
2026-06-25 12:22:03,856 - METRIC - INFO - {"loss": 0.03882462531328201, "accuracy": 0.9873557090759277, "energy_consumption": null, "selected": false, "client_name": "sta9"}
2026-06-25 12:22:03,893 - METRIC - INFO - {"loss": 0.03573531284928322, "accuracy": 0.9874239563941956, "energy_consumption": null, "selected": false, "client_name": "sta0"}
2026-06-25 12:22:03,936 - METRIC - INFO - {"loss": 0.028207100927829742, "accuracy": 0.9902587532997131, "energy_consumption": null, "selected": false, "client_name": "sta6"}
2026-06-25 12:22:03,975 - METRIC - INFO - {"loss": 0.03513329103589058, "accuracy": 0.989371120929718, "energy_consumption": null, "selected": false, "client_name": "sta1"}
2026-06-25 12:22:03,985 - METRIC - INFO - {"loss": 0.039694685488939285, "accuracy": 0.9872722029685974, "energy_consumption": null, "selected": false, "client_name": "sta3"}
2026-06-25 12:22:04,001 - METRIC - INFO - {"loss": 0.03206555172801018, "accuracy": 0.9884887933731079, "energy_consumption": null, "selected": false, "client_name": "sta7"}
2026-06-25 12:22:04,003 - METRIC - INFO - {"loss": 0.03438297286629677, "accuracy": 0.989591658115387, "energy_consumption": null, "selected": false, "client_name": "sta5"}
2026-06-25 12:22:04,363 - METRIC - INFO - mean_accuracy: 0.9883181236006997

2026-06-25 12:22:04,364 - METRIC - INFO - round: 33
2026-06-25 12:22:04,364 - METRIC - INFO - n_selected: 11
2026-06-25 12:22:04,364 - METRIC - INFO - {"selected_trainers": ["sta0", "sta1", "sta10", "sta2", "sta3", "sta4", "sta5", "sta6", "sta7", "sta8", "sta9"]}
2026-06-25 12:22:08,849 - EXECUT - INFO - received weights from trainer sta8!
2026-06-25 12:22:09,111 - EXECUT - INFO - received weights from trainer sta4!
2026-06-25 12:22:12,961 - EXECUT - INFO - received weights from trainer sta10!
2026-06-25 12:22:14,129 - EXECUT - INFO - received weights from trainer sta1!
2026-06-25 12:22:14,307 - EXECUT - INFO - received weights from trainer sta0!
2026-06-25 12:22:16,125 - EXECUT - INFO - received weights from trainer sta2!
2026-06-25 12:22:16,495 - EXECUT - INFO - received weights from trainer sta9!
2026-06-25 12:22:17,365 - EXECUT - INFO - received weights from trainer sta6!
2026-06-25 12:22:18,274 - EXECUT - INFO - received weights from trainer sta3!
2026-06-25 12:22:19,028 - EXECUT - INFO - received weights from trainer sta7!
2026-06-25 12:22:19,770 - EXECUT - INFO - received weights from trainer sta5!
2026-06-25 12:22:20,946 - EXECUT - INFO - sent aggregated weights to trainers!
2026-06-25 12:22:21,279 - METRIC - INFO - {"loss": 0.03470219671726227, "accuracy": 0.987500011920929, "energy_consumption": null, "selected": false, "client_name": "sta4"}
2026-06-25 12:22:21,346 - METRIC - INFO - {"loss": 0.029920948669314384, "accuracy": 0.9913941621780396, "energy_consumption": null, "selected": false, "client_name": "sta8"}
2026-06-25 12:22:21,447 - METRIC - INFO - {"loss": 0.03743434697389603, "accuracy": 0.9882352948188782, "energy_consumption": null, "selected": false, "client_name": "sta0"}
2026-06-25 12:22:21,485 - METRIC - INFO - {"loss": 0.04255297780036926, "accuracy": 0.9865735769271851, "energy_consumption": null, "selected": false, "client_name": "sta2"}
2026-06-25 12:22:21,495 - METRIC - INFO - {"loss": 0.027432629838585854, "accuracy": 0.990563154220581, "energy_consumption": null, "selected": false, "client_name": "sta6"}
2026-06-25 12:22:21,518 - METRIC - INFO - {"loss": 0.036730021238327026, "accuracy": 0.9878542423248291, "energy_consumption": null, "selected": false, "client_name": "sta10"}
2026-06-25 12:22:21,527 - METRIC - INFO - {"loss": 0.0495692640542984, "accuracy": 0.983801007270813, "energy_consumption": null, "selected": false, "client_name": "sta3"}
2026-06-25 12:22:21,568 - METRIC - INFO - {"loss": 0.035575080662965775, "accuracy": 0.9876305460929871, "energy_consumption": null, "selected": false, "client_name": "sta9"}
2026-06-25 12:22:21,603 - METRIC - INFO - {"loss": 0.03151678666472435, "accuracy": 0.9893742799758911, "energy_consumption": null, "selected": false, "client_name": "sta7"}
2026-06-25 12:22:21,687 - METRIC - INFO - {"loss": 0.03521490842103958, "accuracy": 0.989371120929718, "energy_consumption": null, "selected": false, "client_name": "sta1"}
2026-06-25 12:22:21,706 - METRIC - INFO - {"loss": 0.0320877842605114, "accuracy": 0.9903923273086548, "energy_consumption": null, "selected": false, "client_name": "sta5"}
2026-06-25 12:22:21,948 - METRIC - INFO - mean_accuracy: 0.9884263385425914

2026-06-25 12:22:21,948 - METRIC - INFO - round: 34
2026-06-25 12:22:21,948 - METRIC - INFO - n_selected: 11
2026-06-25 12:22:21,948 - METRIC - INFO - {"selected_trainers": ["sta0", "sta1", "sta10", "sta2", "sta3", "sta4", "sta5", "sta6", "sta7", "sta8", "sta9"]}
2026-06-25 12:22:26,420 - EXECUT - INFO - received weights from trainer sta8!
2026-06-25 12:22:26,572 - EXECUT - INFO - received weights from trainer sta4!
2026-06-25 12:22:30,532 - EXECUT - INFO - received weights from trainer sta10!
2026-06-25 12:22:31,523 - EXECUT - INFO - received weights from trainer sta1!
2026-06-25 12:22:31,731 - EXECUT - INFO - received weights from trainer sta0!
2026-06-25 12:22:33,322 - EXECUT - INFO - received weights from trainer sta2!
2026-06-25 12:22:34,101 - EXECUT - INFO - received weights from trainer sta9!
2026-06-25 12:22:34,285 - EXECUT - INFO - received weights from trainer sta6!
2026-06-25 12:22:35,649 - EXECUT - INFO - received weights from trainer sta3!
2026-06-25 12:22:36,303 - EXECUT - INFO - received weights from trainer sta7!
2026-06-25 12:22:36,877 - EXECUT - INFO - received weights from trainer sta5!
2026-06-25 12:22:37,518 - EXECUT - INFO - sent aggregated weights to trainers!
2026-06-25 12:22:37,805 - METRIC - INFO - {"loss": 0.03474234789609909, "accuracy": 0.988194465637207, "energy_consumption": null, "selected": false, "client_name": "sta4"}
2026-06-25 12:22:37,862 - METRIC - INFO - {"loss": 0.030517693608999252, "accuracy": 0.9905335903167725, "energy_consumption": null, "selected": false, "client_name": "sta8"}
2026-06-25 12:22:37,924 - METRIC - INFO - {"loss": 0.037787940353155136, "accuracy": 0.9874494075775146, "energy_consumption": null, "selected": false, "client_name": "sta10"}
2026-06-25 12:22:37,940 - METRIC - INFO - {"loss": 0.044309139251708984, "accuracy": 0.9857680201530457, "energy_consumption": null, "selected": false, "client_name": "sta2"}
2026-06-25 12:22:37,968 - METRIC - INFO - {"loss": 0.03405670076608658, "accuracy": 0.9884551763534546, "energy_consumption": null, "selected": false, "client_name": "sta9"}
2026-06-25 12:22:38,010 - METRIC - INFO - {"loss": 0.03560316935181618, "accuracy": 0.9882352948188782, "energy_consumption": null, "selected": false, "client_name": "sta0"}
2026-06-25 12:22:38,012 - METRIC - INFO - {"loss": 0.026756390929222107, "accuracy": 0.9911720156669617, "energy_consumption": null, "selected": false, "client_name": "sta6"}
2026-06-25 12:22:38,069 - METRIC - INFO - {"loss": 0.033604592084884644, "accuracy": 0.989007830619812, "energy_consumption": null, "selected": false, "client_name": "sta3"}
2026-06-25 12:22:38,089 - METRIC - INFO - {"loss": 0.03481106087565422, "accuracy": 0.9884853959083557, "energy_consumption": null, "selected": false, "client_name": "sta1"}
2026-06-25 12:22:38,104 - METRIC - INFO - {"loss": 0.03237360715866089, "accuracy": 0.9898585677146912, "energy_consumption": null, "selected": false, "client_name": "sta5"}
2026-06-25 12:22:38,142 - METRIC - INFO - {"loss": 0.03229488804936409, "accuracy": 0.9881936311721802, "energy_consumption": null, "selected": false, "client_name": "sta7"}
2026-06-25 12:22:38,520 - METRIC - INFO - mean_accuracy: 0.9886684905398976

2026-06-25 12:22:38,520 - METRIC - INFO - round: 35
2026-06-25 12:22:38,520 - METRIC - INFO - n_selected: 11
2026-06-25 12:22:38,520 - METRIC - INFO - {"selected_trainers": ["sta0", "sta1", "sta10", "sta2", "sta3", "sta4", "sta5", "sta6", "sta7", "sta8", "sta9"]}
2026-06-25 12:22:42,998 - EXECUT - INFO - received weights from trainer sta8!
2026-06-25 12:22:43,043 - EXECUT - INFO - received weights from trainer sta4!
2026-06-25 12:22:47,132 - EXECUT - INFO - received weights from trainer sta10!
2026-06-25 12:22:48,059 - EXECUT - INFO - received weights from trainer sta0!
2026-06-25 12:22:48,172 - EXECUT - INFO - received weights from trainer sta1!
2026-06-25 12:22:49,923 - EXECUT - INFO - received weights from trainer sta2!
2026-06-25 12:22:50,664 - EXECUT - INFO - received weights from trainer sta9!
2026-06-25 12:22:51,869 - EXECUT - INFO - received weights from trainer sta3!
2026-06-25 12:22:52,958 - EXECUT - INFO - received weights from trainer sta5!
2026-06-25 12:22:59,336 - EXECUT - INFO - received weights from trainer sta6!
2026-06-25 12:22:59,390 - EXECUT - INFO - received weights from trainer sta7!
2026-06-25 12:22:59,984 - EXECUT - INFO - sent aggregated weights to trainers!
2026-06-25 12:23:00,265 - METRIC - INFO - {"loss": 0.03444969654083252, "accuracy": 0.9868055582046509, "energy_consumption": null, "selected": false, "client_name": "sta4"}
2026-06-25 12:23:00,360 - METRIC - INFO - {"loss": 0.0292532779276371, "accuracy": 0.9896729588508606, "energy_consumption": null, "selected": false, "client_name": "sta8"}
2026-06-25 12:23:00,386 - METRIC - INFO - {"loss": 0.04308415949344635, "accuracy": 0.9863050580024719, "energy_consumption": null, "selected": false, "client_name": "sta2"}
2026-06-25 12:23:00,391 - METRIC - INFO - {"loss": 0.037035927176475525, "accuracy": 0.986639678478241, "energy_consumption": null, "selected": false, "client_name": "sta10"}
2026-06-25 12:23:00,434 - METRIC - INFO - {"loss": 0.03387915715575218, "accuracy": 0.9881803393363953, "energy_consumption": null, "selected": false, "client_name": "sta9"}
2026-06-25 12:23:00,500 - METRIC - INFO - {"loss": 0.026715431362390518, "accuracy": 0.990867555141449, "energy_consumption": null, "selected": false, "client_name": "sta6"}
2026-06-25 12:23:00,522 - METRIC - INFO - {"loss": 0.03528232499957085, "accuracy": 0.9882352948188782, "energy_consumption": null, "selected": false, "client_name": "sta0"}
2026-06-25 12:23:00,544 - METRIC - INFO - {"loss": 0.03191762790083885, "accuracy": 0.9887910485267639, "energy_consumption": null, "selected": false, "client_name": "sta5"}
2026-06-25 12:23:00,550 - METRIC - INFO - {"loss": 0.03370307385921478, "accuracy": 0.989007830619812, "energy_consumption": null, "selected": false, "client_name": "sta3"}
2026-06-25 12:23:00,555 - METRIC - INFO - {"loss": 0.036396559327840805, "accuracy": 0.9889282584190369, "energy_consumption": null, "selected": false, "client_name": "sta1"}
2026-06-25 12:23:00,594 - METRIC - INFO - {"loss": 0.03149176016449928, "accuracy": 0.9887839555740356, "energy_consumption": null, "selected": false, "client_name": "sta7"}
2026-06-25 12:23:00,986 - METRIC - INFO - mean_accuracy: 0.988383412361145

2026-06-25 12:23:00,986 - METRIC - INFO - round: 36
2026-06-25 12:23:00,986 - METRIC - INFO - n_selected: 11
2026-06-25 12:23:00,986 - METRIC - INFO - {"selected_trainers": ["sta0", "sta1", "sta10", "sta2", "sta3", "sta4", "sta5", "sta6", "sta7", "sta8", "sta9"]}
2026-06-25 12:23:05,468 - EXECUT - INFO - received weights from trainer sta8!
2026-06-25 12:23:05,505 - EXECUT - INFO - received weights from trainer sta4!
2026-06-25 12:23:09,524 - EXECUT - INFO - received weights from trainer sta10!
2026-06-25 12:23:10,566 - EXECUT - INFO - received weights from trainer sta1!
2026-06-25 12:23:10,590 - EXECUT - INFO - received weights from trainer sta0!
2026-06-25 12:23:12,312 - EXECUT - INFO - received weights from trainer sta2!
2026-06-25 12:23:13,062 - EXECUT - INFO - received weights from trainer sta9!
2026-06-25 12:23:13,302 - EXECUT - INFO - received weights from trainer sta6!
2026-06-25 12:23:14,387 - EXECUT - INFO - received weights from trainer sta3!
2026-06-25 12:23:15,095 - EXECUT - INFO - received weights from trainer sta7!
2026-06-25 12:23:15,290 - EXECUT - INFO - received weights from trainer sta5!
2026-06-25 12:23:16,453 - EXECUT - INFO - sent aggregated weights to trainers!
2026-06-25 12:23:16,744 - METRIC - INFO - {"loss": 0.03679794818162918, "accuracy": 0.988194465637207, "energy_consumption": null, "selected": false, "client_name": "sta4"}
2026-06-25 12:23:16,801 - METRIC - INFO - {"loss": 0.030576827004551888, "accuracy": 0.9896729588508606, "energy_consumption": null, "selected": false, "client_name": "sta8"}
2026-06-25 12:23:16,852 - METRIC - INFO - {"loss": 0.037391163408756256, "accuracy": 0.9870445132255554, "energy_consumption": null, "selected": false, "client_name": "sta10"}
2026-06-25 12:23:16,857 - METRIC - INFO - {"loss": 0.0348530150949955, "accuracy": 0.9890466332435608, "energy_consumption": null, "selected": false, "client_name": "sta0"}
2026-06-25 12:23:16,899 - METRIC - INFO - {"loss": 0.03593723103404045, "accuracy": 0.9889282584190369, "energy_consumption": null, "selected": false, "client_name": "sta1"}
2026-06-25 12:23:16,899 - METRIC - INFO - {"loss": 0.03321630507707596, "accuracy": 0.9879054427146912, "energy_consumption": null, "selected": false, "client_name": "sta9"}
2026-06-25 12:23:16,924 - METRIC - INFO - {"loss": 0.04225112870335579, "accuracy": 0.9860365390777588, "energy_consumption": null, "selected": false, "client_name": "sta2"}
2026-06-25 12:23:16,944 - METRIC - INFO - {"loss": 0.027247320860624313, "accuracy": 0.9902587532997131, "energy_consumption": null, "selected": false, "client_name": "sta6"}
2026-06-25 12:23:16,991 - METRIC - INFO - {"loss": 0.03274458646774292, "accuracy": 0.9901254177093506, "energy_consumption": null, "selected": false, "client_name": "sta5"}
2026-06-25 12:23:17,001 - METRIC - INFO - {"loss": 0.03444168344140053, "accuracy": 0.989297091960907, "energy_consumption": null, "selected": false, "client_name": "sta3"}
2026-06-25 12:23:17,055 - METRIC - INFO - {"loss": 0.03004518710076809, "accuracy": 0.990554928779602, "energy_consumption": null, "selected": false, "client_name": "sta7"}
2026-06-25 12:23:17,456 - METRIC - INFO - mean_accuracy: 0.9888240911743857

2026-06-25 12:23:17,456 - METRIC - INFO - round: 37
2026-06-25 12:23:17,456 - METRIC - INFO - n_selected: 11
2026-06-25 12:23:17,456 - METRIC - INFO - {"selected_trainers": ["sta0", "sta1", "sta10", "sta2", "sta3", "sta4", "sta5", "sta6", "sta7", "sta8", "sta9"]}
2026-06-25 12:23:21,852 - EXECUT - INFO - received weights from trainer sta8!
2026-06-25 12:23:21,905 - EXECUT - INFO - received weights from trainer sta4!
2026-06-25 12:23:25,838 - EXECUT - INFO - received weights from trainer sta10!
2026-06-25 12:23:27,068 - EXECUT - INFO - received weights from trainer sta1!
2026-06-25 12:23:27,094 - EXECUT - INFO - received weights from trainer sta0!
2026-06-25 12:23:28,640 - EXECUT - INFO - received weights from trainer sta2!
2026-06-25 12:23:29,332 - EXECUT - INFO - received weights from trainer sta9!
2026-06-25 12:23:29,410 - EXECUT - INFO - received weights from trainer sta6!
2026-06-25 12:23:30,913 - EXECUT - INFO - received weights from trainer sta3!
2026-06-25 12:23:31,508 - EXECUT - INFO - received weights from trainer sta7!
2026-06-25 12:23:31,678 - EXECUT - INFO - received weights from trainer sta5!
2026-06-25 12:23:31,940 - EXECUT - INFO - sent aggregated weights to trainers!
2026-06-25 12:23:32,240 - METRIC - INFO - {"loss": 0.036059435456991196, "accuracy": 0.9868055582046509, "energy_consumption": null, "selected": false, "client_name": "sta4"}
2026-06-25 12:23:32,304 - METRIC - INFO - {"loss": 0.02911626361310482, "accuracy": 0.9931153059005737, "energy_consumption": null, "selected": false, "client_name": "sta8"}
2026-06-25 12:23:32,332 - METRIC - INFO - {"loss": 0.03692911937832832, "accuracy": 0.9878542423248291, "energy_consumption": null, "selected": false, "client_name": "sta10"}
2026-06-25 12:23:32,342 - METRIC - INFO - {"loss": 0.044695548713207245, "accuracy": 0.9860365390777588, "energy_consumption": null, "selected": false, "client_name": "sta2"}
2026-06-25 12:23:32,372 - METRIC - INFO - {"loss": 0.03351553529500961, "accuracy": 0.9879054427146912, "energy_consumption": null, "selected": false, "client_name": "sta9"}
2026-06-25 12:23:32,412 - METRIC - INFO - {"loss": 0.03432708978652954, "accuracy": 0.9894523620605469, "energy_consumption": null, "selected": false, "client_name": "sta0"}
2026-06-25 12:23:32,417 - METRIC - INFO - {"loss": 0.026835283264517784, "accuracy": 0.990867555141449, "energy_consumption": null, "selected": false, "client_name": "sta6"}
2026-06-25 12:23:32,438 - METRIC - INFO - {"loss": 0.03116997890174389, "accuracy": 0.9887839555740356, "energy_consumption": null, "selected": false, "client_name": "sta7"}
2026-06-25 12:23:32,470 - METRIC - INFO - {"loss": 0.035156719386577606, "accuracy": 0.989371120929718, "energy_consumption": null, "selected": false, "client_name": "sta1"}
2026-06-25 12:23:32,478 - METRIC - INFO - {"loss": 0.032364364713430405, "accuracy": 0.989591658115387, "energy_consumption": null, "selected": false, "client_name": "sta5"}
2026-06-25 12:23:32,499 - METRIC - INFO - {"loss": 0.035323888063430786, "accuracy": 0.989007830619812, "energy_consumption": null, "selected": false, "client_name": "sta3"}
2026-06-25 12:23:32,942 - METRIC - INFO - mean_accuracy: 0.9889810518784956

2026-06-25 12:23:32,942 - METRIC - INFO - round: 38
2026-06-25 12:23:32,942 - METRIC - INFO - n_selected: 11
2026-06-25 12:23:32,942 - METRIC - INFO - {"selected_trainers": ["sta0", "sta1", "sta10", "sta2", "sta3", "sta4", "sta5", "sta6", "sta7", "sta8", "sta9"]}
2026-06-25 12:23:37,344 - EXECUT - INFO - received weights from trainer sta8!
2026-06-25 12:23:37,381 - EXECUT - INFO - received weights from trainer sta4!
2026-06-25 12:23:41,387 - EXECUT - INFO - received weights from trainer sta10!
2026-06-25 12:23:42,455 - EXECUT - INFO - received weights from trainer sta1!
2026-06-25 12:23:42,485 - EXECUT - INFO - received weights from trainer sta0!
2026-06-25 12:23:43,886 - EXECUT - INFO - received weights from trainer sta2!
2026-06-25 12:23:44,877 - EXECUT - INFO - received weights from trainer sta6!
2026-06-25 12:23:46,409 - EXECUT - INFO - received weights from trainer sta3!
2026-06-25 12:23:46,969 - EXECUT - INFO - received weights from trainer sta7!
2026-06-25 12:23:47,222 - EXECUT - INFO - received weights from trainer sta5!
2026-06-25 12:23:53,799 - EXECUT - INFO - received weights from trainer sta9!
2026-06-25 12:23:54,575 - EXECUT - INFO - sent aggregated weights to trainers!
2026-06-25 12:23:54,854 - METRIC - INFO - {"loss": 0.036103345453739166, "accuracy": 0.988194465637207, "energy_consumption": null, "selected": false, "client_name": "sta4"}
2026-06-25 12:23:54,992 - METRIC - INFO - {"loss": 0.0375160276889801, "accuracy": 0.9870445132255554, "energy_consumption": null, "selected": false, "client_name": "sta10"}
2026-06-25 12:23:55,007 - METRIC - INFO - {"loss": 0.028620906174182892, "accuracy": 0.9913941621780396, "energy_consumption": null, "selected": false, "client_name": "sta8"}
2026-06-25 12:23:55,012 - METRIC - INFO - {"loss": 0.0334697961807251, "accuracy": 0.9881803393363953, "energy_consumption": null, "selected": false, "client_name": "sta9"}
2026-06-25 12:23:55,033 - METRIC - INFO - {"loss": 0.03479810431599617, "accuracy": 0.989371120929718, "energy_consumption": null, "selected": false, "client_name": "sta1"}
2026-06-25 12:23:55,045 - METRIC - INFO - {"loss": 0.03579133003950119, "accuracy": 0.9878296256065369, "energy_consumption": null, "selected": false, "client_name": "sta0"}
2026-06-25 12:23:55,046 - METRIC - INFO - {"loss": 0.04169165715575218, "accuracy": 0.9871106147766113, "energy_consumption": null, "selected": false, "client_name": "sta2"}
2026-06-25 12:23:55,058 - METRIC - INFO - {"loss": 0.03327165171504021, "accuracy": 0.989297091960907, "energy_consumption": null, "selected": false, "client_name": "sta3"}
2026-06-25 12:23:55,067 - METRIC - INFO - {"loss": 0.026209264993667603, "accuracy": 0.990867555141449, "energy_consumption": null, "selected": false, "client_name": "sta6"}
2026-06-25 12:23:55,152 - METRIC - INFO - {"loss": 0.031325045973062515, "accuracy": 0.9901254177093506, "energy_consumption": null, "selected": false, "client_name": "sta5"}
2026-06-25 12:23:55,170 - METRIC - INFO - {"loss": 0.03043721430003643, "accuracy": 0.9893742799758911, "energy_consumption": null, "selected": false, "client_name": "sta7"}
2026-06-25 12:23:55,577 - METRIC - INFO - mean_accuracy: 0.9889808351343329

2026-06-25 12:23:55,578 - METRIC - INFO - round: 39
2026-06-25 12:23:55,578 - METRIC - INFO - n_selected: 11
2026-06-25 12:23:55,578 - METRIC - INFO - {"selected_trainers": ["sta0", "sta1", "sta10", "sta2", "sta3", "sta4", "sta5", "sta6", "sta7", "sta8", "sta9"]}
2026-06-25 12:23:59,960 - EXECUT - INFO - received weights from trainer sta4!
2026-06-25 12:23:59,975 - EXECUT - INFO - received weights from trainer sta8!
2026-06-25 12:24:05,018 - EXECUT - INFO - received weights from trainer sta1!
2026-06-25 12:24:05,033 - EXECUT - INFO - received weights from trainer sta0!
2026-06-25 12:24:06,015 - EXECUT - INFO - received weights from trainer sta10!
2026-06-25 12:24:06,702 - EXECUT - INFO - received weights from trainer sta2!
2026-06-25 12:24:07,471 - EXECUT - INFO - received weights from trainer sta9!
2026-06-25 12:24:07,521 - EXECUT - INFO - received weights from trainer sta6!
2026-06-25 12:24:08,865 - EXECUT - INFO - received weights from trainer sta3!
2026-06-25 12:24:09,621 - EXECUT - INFO - received weights from trainer sta7!
2026-06-25 12:24:09,886 - EXECUT - INFO - received weights from trainer sta5!
2026-06-25 12:24:11,119 - EXECUT - INFO - sent aggregated weights to trainers!
2026-06-25 12:24:11,404 - METRIC - INFO - {"loss": 0.03514982759952545, "accuracy": 0.988194465637207, "energy_consumption": null, "selected": false, "client_name": "sta4"}
2026-06-25 12:24:11,493 - METRIC - INFO - {"loss": 0.029986891895532608, "accuracy": 0.9913941621780396, "energy_consumption": null, "selected": false, "client_name": "sta8"}
2026-06-25 12:24:11,523 - METRIC - INFO - {"loss": 0.037329886108636856, "accuracy": 0.986639678478241, "energy_consumption": null, "selected": false, "client_name": "sta10"}
2026-06-25 12:24:11,568 - METRIC - INFO - {"loss": 0.032858796417713165, "accuracy": 0.9887300729751587, "energy_consumption": null, "selected": false, "client_name": "sta9"}
2026-06-25 12:24:11,575 - METRIC - INFO - {"loss": 0.042317576706409454, "accuracy": 0.9868420958518982, "energy_consumption": null, "selected": false, "client_name": "sta2"}
2026-06-25 12:24:11,602 - METRIC - INFO - {"loss": 0.02662683092057705, "accuracy": 0.990563154220581, "energy_consumption": null, "selected": false, "client_name": "sta6"}
2026-06-25 12:24:11,602 - METRIC - INFO - {"loss": 0.03402009978890419, "accuracy": 0.989586353302002, "energy_consumption": null, "selected": false, "client_name": "sta3"}
2026-06-25 12:24:11,687 - METRIC - INFO - {"loss": 0.03262968733906746, "accuracy": 0.9890578985214233, "energy_consumption": null, "selected": false, "client_name": "sta5"}
2026-06-25 12:24:11,692 - METRIC - INFO - {"loss": 0.03437279909849167, "accuracy": 0.989371120929718, "energy_consumption": null, "selected": false, "client_name": "sta1"}
2026-06-25 12:24:11,697 - METRIC - INFO - {"loss": 0.030211463570594788, "accuracy": 0.9893742799758911, "energy_consumption": null, "selected": false, "client_name": "sta7"}
2026-06-25 12:24:11,734 - METRIC - INFO - {"loss": 0.03497882932424545, "accuracy": 0.9894523620605469, "energy_consumption": null, "selected": false, "client_name": "sta0"}
2026-06-25 12:24:12,120 - METRIC - INFO - mean_accuracy: 0.9890186949209734

2026-06-25 12:24:12,120 - METRIC - INFO - round: 40
2026-06-25 12:24:12,120 - METRIC - INFO - n_selected: 11
2026-06-25 12:24:12,120 - METRIC - INFO - {"selected_trainers": ["sta0", "sta1", "sta10", "sta2", "sta3", "sta4", "sta5", "sta6", "sta7", "sta8", "sta9"]}
2026-06-25 12:24:16,483 - EXECUT - INFO - received weights from trainer sta4!
2026-06-25 12:24:16,496 - EXECUT - INFO - received weights from trainer sta8!
2026-06-25 12:24:20,437 - EXECUT - INFO - received weights from trainer sta10!
2026-06-25 12:24:21,222 - EXECUT - INFO - received weights from trainer sta1!
2026-06-25 12:24:21,306 - EXECUT - INFO - received weights from trainer sta0!
2026-06-25 12:24:22,798 - EXECUT - INFO - received weights from trainer sta2!
2026-06-25 12:24:23,758 - EXECUT - INFO - received weights from trainer sta9!
2026-06-25 12:24:23,908 - EXECUT - INFO - received weights from trainer sta6!
2026-06-25 12:24:24,883 - EXECUT - INFO - received weights from trainer sta3!
2026-06-25 12:24:25,814 - EXECUT - INFO - received weights from trainer sta7!
2026-06-25 12:24:26,172 - EXECUT - INFO - received weights from trainer sta5!
2026-06-25 12:24:26,634 - EXECUT - INFO - sent aggregated weights to trainers!
2026-06-25 12:24:26,899 - METRIC - INFO - {"loss": 0.03496624529361725, "accuracy": 0.987500011920929, "energy_consumption": null, "selected": false, "client_name": "sta4"}
2026-06-25 12:24:26,986 - METRIC - INFO - {"loss": 0.02984722889959812, "accuracy": 0.9905335903167725, "energy_consumption": null, "selected": false, "client_name": "sta8"}
2026-06-25 12:24:27,023 - METRIC - INFO - {"loss": 0.03656158223748207, "accuracy": 0.9878542423248291, "energy_consumption": null, "selected": false, "client_name": "sta10"}
2026-06-25 12:24:27,027 - METRIC - INFO - {"loss": 0.034138090908527374, "accuracy": 0.9894523620605469, "energy_consumption": null, "selected": false, "client_name": "sta0"}
2026-06-25 12:24:27,063 - METRIC - INFO - {"loss": 0.03269035369157791, "accuracy": 0.9879054427146912, "energy_consumption": null, "selected": false, "client_name": "sta9"}
2026-06-25 12:24:27,063 - METRIC - INFO - {"loss": 0.03432702645659447, "accuracy": 0.9889282584190369, "energy_consumption": null, "selected": false, "client_name": "sta1"}
2026-06-25 12:24:27,149 - METRIC - INFO - {"loss": 0.03010573796927929, "accuracy": 0.989591658115387, "energy_consumption": null, "selected": false, "client_name": "sta5"}
2026-06-25 12:24:27,193 - METRIC - INFO - {"loss": 0.0418727844953537, "accuracy": 0.9871106147766113, "energy_consumption": null, "selected": false, "client_name": "sta2"}
2026-06-25 12:24:27,215 - METRIC - INFO - {"loss": 0.033873461186885834, "accuracy": 0.989007830619812, "energy_consumption": null, "selected": false, "client_name": "sta3"}
2026-06-25 12:24:27,219 - METRIC - INFO - {"loss": 0.027859413996338844, "accuracy": 0.9896499514579773, "energy_consumption": null, "selected": false, "client_name": "sta6"}
2026-06-25 12:24:27,224 - METRIC - INFO - {"loss": 0.029427893459796906, "accuracy": 0.9902597665786743, "energy_consumption": null, "selected": false, "client_name": "sta7"}
2026-06-25 12:24:27,636 - METRIC - INFO - mean_accuracy: 0.9888903390277516

2026-06-25 12:24:27,640 - METRIC - INFO - stop_condition: rounds
