2026-06-25 13:08:17,185 - EXECUT - INFO - starting server...
2026-06-25 13:08:22,003 - EXECUT - INFO - trainer number sta1 just joined the pool
2026-06-25 13:08:22,045 - EXECUT - INFO - trainer number sta4 just joined the pool
2026-06-25 13:08:22,046 - EXECUT - INFO - trainer number sta0 just joined the pool
2026-06-25 13:08:22,084 - EXECUT - INFO - trainer number sta3 just joined the pool
2026-06-25 13:08:22,125 - EXECUT - INFO - trainer number sta2 just joined the pool
2026-06-25 13:08:22,178 - EXECUT - INFO - trainer number sta6 just joined the pool
2026-06-25 13:08:22,224 - EXECUT - INFO - trainer number sta5 just joined the pool
2026-06-25 13:08:22,380 - EXECUT - INFO - trainer number sta8 just joined the pool
2026-06-25 13:08:22,421 - EXECUT - INFO - trainer number sta7 just joined the pool
2026-06-25 13:08:22,464 - EXECUT - INFO - trainer number sta10 just joined the pool
2026-06-25 13:08:22,505 - EXECUT - INFO - trainer number sta9 just joined the pool
2026-06-25 13:08:23,194 - EXECUT - INFO - mensagem de data_sz recebida: 
 {'id': 'sta0', 'dataset_sz': 747088320}
2026-06-25 13:08:23,195 - EXECUT - INFO - mensagem de data_sz recebida: 
 {'id': 'sta1', 'dataset_sz': 684321792}
2026-06-25 13:08:23,235 - EXECUT - INFO - mensagem de data_sz recebida: 
 {'id': 'sta3', 'dataset_sz': 1047438528}
2026-06-25 13:08:23,235 - EXECUT - INFO - mensagem de data_sz recebida: 
 {'id': 'sta2', 'dataset_sz': 1128383616}
2026-06-25 13:08:23,235 - EXECUT - INFO - mensagem de data_sz recebida: 
 {'id': 'sta5', 'dataset_sz': 1135301568}
2026-06-25 13:08:23,235 - EXECUT - INFO - mensagem de data_sz recebida: 
 {'id': 'sta4', 'dataset_sz': 436285440}
2026-06-25 13:08:23,235 - EXECUT - INFO - mensagem de data_sz recebida: 
 {'id': 'sta6', 'dataset_sz': 995528640}
2026-06-25 13:08:23,235 - EXECUT - INFO - mensagem de data_sz recebida: 
 {'id': 'sta10', 'dataset_sz': 748350720}
2026-06-25 13:08:23,235 - EXECUT - INFO - mensagem de data_sz recebida: 
 {'id': 'sta7', 'dataset_sz': 1026684672}
2026-06-25 13:08:23,235 - EXECUT - INFO - mensagem de data_sz recebida: 
 {'id': 'sta8', 'dataset_sz': 352361088}
2026-06-25 13:08:23,235 - EXECUT - INFO - mensagem de data_sz recebida: 
 {'id': 'sta9', 'dataset_sz': 1102428672}
2026-06-25 13:08:24,194 - METRIC - INFO - round: 1
2026-06-25 13:08:24,194 - METRIC - INFO - n_selected: 11
2026-06-25 13:08:24,194 - METRIC - INFO - {"selected_trainers": ["sta0", "sta1", "sta10", "sta2", "sta3", "sta4", "sta5", "sta6", "sta7", "sta8", "sta9"]}
2026-06-25 13:08:30,179 - EXECUT - INFO - received weights from trainer sta8!
2026-06-25 13:08:33,666 - EXECUT - INFO - received weights from trainer sta4!
2026-06-25 13:08:35,740 - EXECUT - INFO - received weights from trainer sta10!
2026-06-25 13:08:38,609 - EXECUT - INFO - received weights from trainer sta1!
2026-06-25 13:08:40,388 - EXECUT - INFO - received weights from trainer sta0!
2026-06-25 13:08:40,695 - EXECUT - INFO - received weights from trainer sta9!
2026-06-25 13:08:44,263 - EXECUT - INFO - received weights from trainer sta7!
2026-06-25 13:08:44,483 - EXECUT - INFO - received weights from trainer sta6!
2026-06-25 13:08:46,370 - EXECUT - INFO - received weights from trainer sta3!
2026-06-25 13:08:46,457 - EXECUT - INFO - received weights from trainer sta5!
2026-06-25 13:08:47,309 - EXECUT - INFO - received weights from trainer sta2!
2026-06-25 13:08:47,904 - EXECUT - INFO - sent aggregated weights to trainers!
2026-06-25 13:08:48,558 - METRIC - INFO - {"loss": 0.44125986099243164, "accuracy": 0.8889845013618469, "energy_consumption": null, "selected": false, "client_name": "sta8"}
2026-06-25 13:08:48,619 - METRIC - INFO - {"loss": 0.3110816478729248, "accuracy": 0.9052631855010986, "energy_consumption": null, "selected": false, "client_name": "sta10"}
2026-06-25 13:08:48,658 - METRIC - INFO - {"loss": 0.263136088848114, "accuracy": 0.9224848747253418, "energy_consumption": null, "selected": false, "client_name": "sta9"}
2026-06-25 13:08:48,771 - METRIC - INFO - {"loss": 0.4101942777633667, "accuracy": 0.886805534362793, "energy_consumption": null, "selected": false, "client_name": "sta4"}
2026-06-25 13:08:48,823 - METRIC - INFO - {"loss": 0.3151775598526001, "accuracy": 0.9096545577049255, "energy_consumption": null, "selected": false, "client_name": "sta1"}
2026-06-25 13:08:48,863 - METRIC - INFO - {"loss": 0.3134293556213379, "accuracy": 0.9079107642173767, "energy_consumption": null, "selected": false, "client_name": "sta0"}
2026-06-25 13:08:48,872 - METRIC - INFO - {"loss": 0.27138751745224, "accuracy": 0.9197166562080383, "energy_consumption": null, "selected": false, "client_name": "sta7"}
2026-06-25 13:08:48,918 - METRIC - INFO - {"loss": 0.2531319260597229, "accuracy": 0.9247397780418396, "energy_consumption": null, "selected": false, "client_name": "sta5"}
2026-06-25 13:08:48,921 - METRIC - INFO - {"loss": 0.25002649426460266, "accuracy": 0.9288399815559387, "energy_consumption": null, "selected": false, "client_name": "sta2"}
2026-06-25 13:08:48,926 - METRIC - INFO - {"loss": 0.2641125023365021, "accuracy": 0.9217656254768372, "energy_consumption": null, "selected": false, "client_name": "sta6"}
2026-06-25 13:08:48,943 - METRIC - INFO - {"loss": 0.2601236402988434, "accuracy": 0.926236629486084, "energy_consumption": null, "selected": false, "client_name": "sta3"}
2026-06-25 13:08:49,907 - METRIC - INFO - mean_accuracy: 0.912945644422011

2026-06-25 13:08:49,907 - METRIC - INFO - round: 2
2026-06-25 13:08:49,907 - METRIC - INFO - n_selected: 11
2026-06-25 13:08:49,907 - METRIC - INFO - {"selected_trainers": ["sta0", "sta1", "sta10", "sta2", "sta3", "sta4", "sta5", "sta6", "sta7", "sta8", "sta9"]}
2026-06-25 13:08:55,458 - EXECUT - INFO - received weights from trainer sta8!
2026-06-25 13:08:58,458 - EXECUT - INFO - received weights from trainer sta4!
2026-06-25 13:09:00,914 - EXECUT - INFO - received weights from trainer sta10!
2026-06-25 13:09:03,202 - EXECUT - INFO - received weights from trainer sta1!
2026-06-25 13:09:04,892 - EXECUT - INFO - received weights from trainer sta0!
2026-06-25 13:09:05,880 - EXECUT - INFO - received weights from trainer sta9!
2026-06-25 13:09:09,335 - EXECUT - INFO - received weights from trainer sta7!
2026-06-25 13:09:09,646 - EXECUT - INFO - received weights from trainer sta6!
2026-06-25 13:09:10,811 - EXECUT - INFO - received weights from trainer sta3!
2026-06-25 13:09:11,093 - EXECUT - INFO - received weights from trainer sta2!
2026-06-25 13:09:11,776 - EXECUT - INFO - received weights from trainer sta5!
2026-06-25 13:09:12,722 - EXECUT - INFO - sent aggregated weights to trainers!
2026-06-25 13:09:13,327 - METRIC - INFO - {"loss": 2.244314432144165, "accuracy": 0.41996556520462036, "energy_consumption": null, "selected": false, "client_name": "sta8"}
2026-06-25 13:09:13,390 - METRIC - INFO - {"loss": 0.7629358172416687, "accuracy": 0.7991902828216553, "energy_consumption": null, "selected": false, "client_name": "sta10"}
2026-06-25 13:09:13,414 - METRIC - INFO - {"loss": 0.46916231513023376, "accuracy": 0.874931275844574, "energy_consumption": null, "selected": false, "client_name": "sta9"}
2026-06-25 13:09:13,469 - METRIC - INFO - {"loss": 0.8915924429893494, "accuracy": 0.7661647200584412, "energy_consumption": null, "selected": false, "client_name": "sta1"}
2026-06-25 13:09:13,555 - METRIC - INFO - {"loss": 2.1226806640625, "accuracy": 0.49513888359069824, "energy_consumption": null, "selected": false, "client_name": "sta4"}
2026-06-25 13:09:13,602 - METRIC - INFO - {"loss": 0.4889519214630127, "accuracy": 0.8668830990791321, "energy_consumption": null, "selected": false, "client_name": "sta7"}
2026-06-25 13:09:13,637 - METRIC - INFO - {"loss": 0.44500234723091125, "accuracy": 0.8807733654975891, "energy_consumption": null, "selected": false, "client_name": "sta2"}
2026-06-25 13:09:13,671 - METRIC - INFO - {"loss": 0.7669119834899902, "accuracy": 0.7967545390129089, "energy_consumption": null, "selected": false, "client_name": "sta0"}
2026-06-25 13:09:13,711 - METRIC - INFO - {"loss": 0.5230644345283508, "accuracy": 0.8490106463432312, "energy_consumption": null, "selected": false, "client_name": "sta6"}
2026-06-25 13:09:13,713 - METRIC - INFO - {"loss": 0.45091667771339417, "accuracy": 0.8756338357925415, "energy_consumption": null, "selected": false, "client_name": "sta5"}
2026-06-25 13:09:13,724 - METRIC - INFO - {"loss": 0.4869227707386017, "accuracy": 0.8721434473991394, "energy_consumption": null, "selected": false, "client_name": "sta3"}
2026-06-25 13:09:14,725 - METRIC - INFO - mean_accuracy: 0.7724172418767755

2026-06-25 13:09:14,726 - METRIC - INFO - round: 3
2026-06-25 13:09:14,726 - METRIC - INFO - n_selected: 11
2026-06-25 13:09:14,726 - METRIC - INFO - {"selected_trainers": ["sta0", "sta1", "sta10", "sta2", "sta3", "sta4", "sta5", "sta6", "sta7", "sta8", "sta9"]}
2026-06-25 13:09:20,330 - EXECUT - INFO - received weights from trainer sta8!
2026-06-25 13:09:23,299 - EXECUT - INFO - received weights from trainer sta4!
2026-06-25 13:09:25,715 - EXECUT - INFO - received weights from trainer sta10!
2026-06-25 13:09:28,023 - EXECUT - INFO - received weights from trainer sta1!
2026-06-25 13:09:29,656 - EXECUT - INFO - received weights from trainer sta0!
2026-06-25 13:09:30,799 - EXECUT - INFO - received weights from trainer sta9!
2026-06-25 13:09:34,201 - EXECUT - INFO - received weights from trainer sta7!
2026-06-25 13:09:34,382 - EXECUT - INFO - received weights from trainer sta6!
2026-06-25 13:09:35,399 - EXECUT - INFO - received weights from trainer sta3!
2026-06-25 13:09:35,854 - EXECUT - INFO - received weights from trainer sta2!
2026-06-25 13:09:36,456 - EXECUT - INFO - received weights from trainer sta5!
2026-06-25 13:09:37,523 - EXECUT - INFO - sent aggregated weights to trainers!
2026-06-25 13:09:37,991 - METRIC - INFO - {"loss": 0.4290592670440674, "accuracy": 0.8743545413017273, "energy_consumption": null, "selected": false, "client_name": "sta8"}
2026-06-25 13:09:38,050 - METRIC - INFO - {"loss": 0.322873592376709, "accuracy": 0.908906877040863, "energy_consumption": null, "selected": false, "client_name": "sta10"}
2026-06-25 13:09:38,097 - METRIC - INFO - {"loss": 0.29803767800331116, "accuracy": 0.912039577960968, "energy_consumption": null, "selected": false, "client_name": "sta9"}
2026-06-25 13:09:38,163 - METRIC - INFO - {"loss": 0.40169021487236023, "accuracy": 0.8847222328186035, "energy_consumption": null, "selected": false, "client_name": "sta4"}
2026-06-25 13:09:38,211 - METRIC - INFO - {"loss": 0.32707178592681885, "accuracy": 0.9065544605255127, "energy_consumption": null, "selected": false, "client_name": "sta1"}
2026-06-25 13:09:38,228 - METRIC - INFO - {"loss": 0.33730730414390564, "accuracy": 0.8985801339149475, "energy_consumption": null, "selected": false, "client_name": "sta0"}
2026-06-25 13:09:38,234 - METRIC - INFO - {"loss": 0.2879830002784729, "accuracy": 0.9197099804878235, "energy_consumption": null, "selected": false, "client_name": "sta2"}
2026-06-25 13:09:38,279 - METRIC - INFO - {"loss": 0.3023136556148529, "accuracy": 0.9087957739830017, "energy_consumption": null, "selected": false, "client_name": "sta7"}
2026-06-25 13:09:38,300 - METRIC - INFO - {"loss": 0.29710251092910767, "accuracy": 0.9114839434623718, "energy_consumption": null, "selected": false, "client_name": "sta3"}
2026-06-25 13:09:38,308 - METRIC - INFO - {"loss": 0.3005070090293884, "accuracy": 0.9083713889122009, "energy_consumption": null, "selected": false, "client_name": "sta6"}
2026-06-25 13:09:38,333 - METRIC - INFO - {"loss": 0.28793951869010925, "accuracy": 0.9137976765632629, "energy_consumption": null, "selected": false, "client_name": "sta5"}
2026-06-25 13:09:38,525 - METRIC - INFO - mean_accuracy: 0.9043015079064802

2026-06-25 13:09:38,525 - METRIC - INFO - round: 4
2026-06-25 13:09:38,525 - METRIC - INFO - n_selected: 11
2026-06-25 13:09:38,525 - METRIC - INFO - {"selected_trainers": ["sta0", "sta1", "sta10", "sta2", "sta3", "sta4", "sta5", "sta6", "sta7", "sta8", "sta9"]}
2026-06-25 13:09:43,718 - EXECUT - INFO - received weights from trainer sta8!
2026-06-25 13:09:46,814 - EXECUT - INFO - received weights from trainer sta4!
2026-06-25 13:09:48,806 - EXECUT - INFO - received weights from trainer sta10!
2026-06-25 13:09:51,271 - EXECUT - INFO - received weights from trainer sta1!
2026-06-25 13:09:52,766 - EXECUT - INFO - received weights from trainer sta0!
2026-06-25 13:09:53,497 - EXECUT - INFO - received weights from trainer sta9!
2026-06-25 13:09:57,754 - EXECUT - INFO - received weights from trainer sta6!
2026-06-25 13:09:57,839 - EXECUT - INFO - received weights from trainer sta7!
2026-06-25 13:09:58,333 - EXECUT - INFO - received weights from trainer sta3!
2026-06-25 13:09:58,391 - EXECUT - INFO - received weights from trainer sta2!
2026-06-25 13:10:00,140 - EXECUT - INFO - received weights from trainer sta5!
2026-06-25 13:10:01,288 - EXECUT - INFO - sent aggregated weights to trainers!
2026-06-25 13:10:01,833 - METRIC - INFO - {"loss": 0.2408341020345688, "accuracy": 0.928744912147522, "energy_consumption": null, "selected": false, "client_name": "sta10"}
2026-06-25 13:10:01,892 - METRIC - INFO - {"loss": 0.2882411777973175, "accuracy": 0.9208261370658875, "energy_consumption": null, "selected": false, "client_name": "sta8"}
2026-06-25 13:10:01,980 - METRIC - INFO - {"loss": 0.24334301054477692, "accuracy": 0.9255978465080261, "energy_consumption": null, "selected": false, "client_name": "sta1"}
2026-06-25 13:10:01,981 - METRIC - INFO - {"loss": 0.21946090459823608, "accuracy": 0.934747576713562, "energy_consumption": null, "selected": false, "client_name": "sta2"}
2026-06-25 13:10:02,002 - METRIC - INFO - {"loss": 0.25395557284355164, "accuracy": 0.9225152134895325, "energy_consumption": null, "selected": false, "client_name": "sta0"}
2026-06-25 13:10:02,013 - METRIC - INFO - {"loss": 0.29056084156036377, "accuracy": 0.9090277552604675, "energy_consumption": null, "selected": false, "client_name": "sta4"}
2026-06-25 13:10:02,026 - METRIC - INFO - {"loss": 0.22574453055858612, "accuracy": 0.9329301714897156, "energy_consumption": null, "selected": false, "client_name": "sta9"}
2026-06-25 13:10:02,081 - METRIC - INFO - {"loss": 0.2216246873140335, "accuracy": 0.9337576031684875, "energy_consumption": null, "selected": false, "client_name": "sta3"}
2026-06-25 13:10:02,194 - METRIC - INFO - {"loss": 0.22713322937488556, "accuracy": 0.9315230250358582, "energy_consumption": null, "selected": false, "client_name": "sta7"}
2026-06-25 13:10:02,194 - METRIC - INFO - {"loss": 0.21273882687091827, "accuracy": 0.9343474507331848, "energy_consumption": null, "selected": false, "client_name": "sta5"}
2026-06-25 13:10:02,267 - METRIC - INFO - {"loss": 0.22292403876781464, "accuracy": 0.9284626841545105, "energy_consumption": null, "selected": false, "client_name": "sta6"}
2026-06-25 13:10:02,291 - METRIC - INFO - mean_accuracy: 0.9274982159787958

2026-06-25 13:10:02,292 - METRIC - INFO - round: 5
2026-06-25 13:10:02,292 - METRIC - INFO - n_selected: 11
2026-06-25 13:10:02,292 - METRIC - INFO - {"selected_trainers": ["sta0", "sta1", "sta10", "sta2", "sta3", "sta4", "sta5", "sta6", "sta7", "sta8", "sta9"]}
2026-06-25 13:10:07,497 - EXECUT - INFO - received weights from trainer sta8!
2026-06-25 13:10:10,164 - EXECUT - INFO - received weights from trainer sta4!
2026-06-25 13:10:12,592 - EXECUT - INFO - received weights from trainer sta10!
2026-06-25 13:10:15,152 - EXECUT - INFO - received weights from trainer sta1!
2026-06-25 13:10:16,352 - EXECUT - INFO - received weights from trainer sta0!
2026-06-25 13:10:17,222 - EXECUT - INFO - received weights from trainer sta9!
2026-06-25 13:10:21,040 - EXECUT - INFO - received weights from trainer sta6!
2026-06-25 13:10:21,292 - EXECUT - INFO - received weights from trainer sta7!
2026-06-25 13:10:21,661 - EXECUT - INFO - received weights from trainer sta3!
2026-06-25 13:10:22,155 - EXECUT - INFO - received weights from trainer sta2!
2026-06-25 13:10:22,976 - EXECUT - INFO - received weights from trainer sta5!
2026-06-25 13:10:23,978 - EXECUT - INFO - sent aggregated weights to trainers!
2026-06-25 13:10:24,473 - METRIC - INFO - {"loss": 0.2235228568315506, "accuracy": 0.937177300453186, "energy_consumption": null, "selected": false, "client_name": "sta8"}
2026-06-25 13:10:24,584 - METRIC - INFO - {"loss": 0.22196060419082642, "accuracy": 0.9298611283302307, "energy_consumption": null, "selected": false, "client_name": "sta4"}
2026-06-25 13:10:24,592 - METRIC - INFO - {"loss": 0.17373955249786377, "accuracy": 0.9455744624137878, "energy_consumption": null, "selected": false, "client_name": "sta9"}
2026-06-25 13:10:24,627 - METRIC - INFO - {"loss": 0.18346890807151794, "accuracy": 0.9449392557144165, "energy_consumption": null, "selected": false, "client_name": "sta10"}
2026-06-25 13:10:24,750 - METRIC - INFO - {"loss": 0.16603565216064453, "accuracy": 0.9494673013687134, "energy_consumption": null, "selected": false, "client_name": "sta6"}
2026-06-25 13:10:24,791 - METRIC - INFO - {"loss": 0.169920414686203, "accuracy": 0.951298713684082, "energy_consumption": null, "selected": false, "client_name": "sta7"}
2026-06-25 13:10:24,792 - METRIC - INFO - {"loss": 0.19266648590564728, "accuracy": 0.9371196627616882, "energy_consumption": null, "selected": false, "client_name": "sta0"}
2026-06-25 13:10:24,827 - METRIC - INFO - {"loss": 0.18339881300926208, "accuracy": 0.9415411949157715, "energy_consumption": null, "selected": false, "client_name": "sta1"}
2026-06-25 13:10:24,840 - METRIC - INFO - {"loss": 0.17111636698246002, "accuracy": 0.9497851729393005, "energy_consumption": null, "selected": false, "client_name": "sta2"}
2026-06-25 13:10:24,962 - METRIC - INFO - {"loss": 0.16448397934436798, "accuracy": 0.9498265385627747, "energy_consumption": null, "selected": false, "client_name": "sta5"}
2026-06-25 13:10:24,970 - METRIC - INFO - {"loss": 0.1676383912563324, "accuracy": 0.9490888118743896, "energy_consumption": null, "selected": false, "client_name": "sta3"}
2026-06-25 13:10:24,980 - METRIC - INFO - mean_accuracy: 0.9441526857289401

2026-06-25 13:10:24,981 - METRIC - INFO - round: 6
2026-06-25 13:10:24,981 - METRIC - INFO - n_selected: 11
2026-06-25 13:10:24,981 - METRIC - INFO - {"selected_trainers": ["sta0", "sta1", "sta10", "sta2", "sta3", "sta4", "sta5", "sta6", "sta7", "sta8", "sta9"]}
2026-06-25 13:10:30,226 - EXECUT - INFO - received weights from trainer sta8!
2026-06-25 13:10:32,850 - EXECUT - INFO - received weights from trainer sta4!
2026-06-25 13:10:35,304 - EXECUT - INFO - received weights from trainer sta10!
2026-06-25 13:10:37,762 - EXECUT - INFO - received weights from trainer sta1!
2026-06-25 13:10:38,813 - EXECUT - INFO - received weights from trainer sta0!
2026-06-25 13:10:39,936 - EXECUT - INFO - received weights from trainer sta9!
2026-06-25 13:10:43,842 - EXECUT - INFO - received weights from trainer sta6!
2026-06-25 13:10:44,079 - EXECUT - INFO - received weights from trainer sta7!
2026-06-25 13:10:44,288 - EXECUT - INFO - received weights from trainer sta3!
2026-06-25 13:10:44,740 - EXECUT - INFO - received weights from trainer sta2!
2026-06-25 13:10:45,740 - EXECUT - INFO - received weights from trainer sta5!
2026-06-25 13:10:46,701 - EXECUT - INFO - sent aggregated weights to trainers!
2026-06-25 13:10:47,203 - METRIC - INFO - {"loss": 0.17565837502479553, "accuracy": 0.9483649134635925, "energy_consumption": null, "selected": false, "client_name": "sta8"}
2026-06-25 13:10:47,256 - METRIC - INFO - {"loss": 0.14447467029094696, "accuracy": 0.9562752842903137, "energy_consumption": null, "selected": false, "client_name": "sta10"}
2026-06-25 13:10:47,280 - METRIC - INFO - {"loss": 0.1746400147676468, "accuracy": 0.9437500238418579, "energy_consumption": null, "selected": false, "client_name": "sta4"}
2026-06-25 13:10:47,331 - METRIC - INFO - {"loss": 0.13836322724819183, "accuracy": 0.9573941826820374, "energy_consumption": null, "selected": false, "client_name": "sta9"}
2026-06-25 13:10:47,361 - METRIC - INFO - {"loss": 0.15212437510490417, "accuracy": 0.956592321395874, "energy_consumption": null, "selected": false, "client_name": "sta0"}
2026-06-25 13:10:47,361 - METRIC - INFO - {"loss": 0.14092060923576355, "accuracy": 0.9534986615180969, "energy_consumption": null, "selected": false, "client_name": "sta1"}
2026-06-25 13:10:47,421 - METRIC - INFO - {"loss": 0.1380172222852707, "accuracy": 0.9599892497062683, "energy_consumption": null, "selected": false, "client_name": "sta2"}
2026-06-25 13:10:47,441 - METRIC - INFO - {"loss": 0.1334417760372162, "accuracy": 0.9615273475646973, "energy_consumption": null, "selected": false, "client_name": "sta3"}
2026-06-25 13:10:47,541 - METRIC - INFO - {"loss": 0.12964868545532227, "accuracy": 0.962252676486969, "energy_consumption": null, "selected": false, "client_name": "sta6"}
2026-06-25 13:10:47,552 - METRIC - INFO - {"loss": 0.13272596895694733, "accuracy": 0.9645808935165405, "energy_consumption": null, "selected": false, "client_name": "sta7"}
2026-06-25 13:10:47,556 - METRIC - INFO - {"loss": 0.1313663274049759, "accuracy": 0.9602348804473877, "energy_consumption": null, "selected": false, "client_name": "sta5"}
2026-06-25 13:10:47,704 - METRIC - INFO - mean_accuracy: 0.9567691304466941

2026-06-25 13:10:47,704 - METRIC - INFO - round: 7
2026-06-25 13:10:47,704 - METRIC - INFO - n_selected: 11
2026-06-25 13:10:47,704 - METRIC - INFO - {"selected_trainers": ["sta0", "sta1", "sta10", "sta2", "sta3", "sta4", "sta5", "sta6", "sta7", "sta8", "sta9"]}
2026-06-25 13:10:52,914 - EXECUT - INFO - received weights from trainer sta8!
2026-06-25 13:10:55,581 - EXECUT - INFO - received weights from trainer sta4!
2026-06-25 13:10:57,952 - EXECUT - INFO - received weights from trainer sta10!
2026-06-25 13:11:00,526 - EXECUT - INFO - received weights from trainer sta1!
2026-06-25 13:11:01,634 - EXECUT - INFO - received weights from trainer sta0!
2026-06-25 13:11:02,645 - EXECUT - INFO - received weights from trainer sta9!
2026-06-25 13:11:06,277 - EXECUT - INFO - received weights from trainer sta6!
2026-06-25 13:11:07,086 - EXECUT - INFO - received weights from trainer sta3!
2026-06-25 13:11:07,415 - EXECUT - INFO - received weights from trainer sta2!
2026-06-25 13:11:08,478 - EXECUT - INFO - received weights from trainer sta5!
2026-06-25 13:11:08,629 - EXECUT - INFO - received weights from trainer sta7!
2026-06-25 13:11:09,493 - EXECUT - INFO - sent aggregated weights to trainers!
2026-06-25 13:11:09,978 - METRIC - INFO - {"loss": 0.13964620232582092, "accuracy": 0.9578313231468201, "energy_consumption": null, "selected": false, "client_name": "sta8"}
2026-06-25 13:11:10,032 - METRIC - INFO - {"loss": 0.11743118613958359, "accuracy": 0.9647773504257202, "energy_consumption": null, "selected": false, "client_name": "sta10"}
2026-06-25 13:11:10,043 - METRIC - INFO - {"loss": 0.1438295543193817, "accuracy": 0.9555555582046509, "energy_consumption": null, "selected": false, "client_name": "sta4"}
2026-06-25 13:11:10,098 - METRIC - INFO - {"loss": 0.11784393340349197, "accuracy": 0.965915322303772, "energy_consumption": null, "selected": false, "client_name": "sta9"}
2026-06-25 13:11:10,157 - METRIC - INFO - {"loss": 0.12434279918670654, "accuracy": 0.9630831480026245, "energy_consumption": null, "selected": false, "client_name": "sta0"}
2026-06-25 13:11:10,172 - METRIC - INFO - {"loss": 0.11752678453922272, "accuracy": 0.9653598070144653, "energy_consumption": null, "selected": false, "client_name": "sta2"}
2026-06-25 13:11:10,191 - METRIC - INFO - {"loss": 0.11218740046024323, "accuracy": 0.9623560905456543, "energy_consumption": null, "selected": false, "client_name": "sta1"}
2026-06-25 13:11:10,232 - METRIC - INFO - {"loss": 0.10615610331296921, "accuracy": 0.9704718589782715, "energy_consumption": null, "selected": false, "client_name": "sta6"}
2026-06-25 13:11:10,270 - METRIC - INFO - {"loss": 0.1107436940073967, "accuracy": 0.9690483212471008, "energy_consumption": null, "selected": false, "client_name": "sta3"}
2026-06-25 13:11:10,291 - METRIC - INFO - {"loss": 0.11030872911214828, "accuracy": 0.9707792401313782, "energy_consumption": null, "selected": false, "client_name": "sta7"}
2026-06-25 13:11:10,316 - METRIC - INFO - {"loss": 0.10809384286403656, "accuracy": 0.9698425531387329, "energy_consumption": null, "selected": false, "client_name": "sta5"}
2026-06-25 13:11:10,495 - METRIC - INFO - mean_accuracy: 0.965001870285381

2026-06-25 13:11:10,495 - METRIC - INFO - round: 8
2026-06-25 13:11:10,495 - METRIC - INFO - n_selected: 11
2026-06-25 13:11:10,495 - METRIC - INFO - {"selected_trainers": ["sta0", "sta1", "sta10", "sta2", "sta3", "sta4", "sta5", "sta6", "sta7", "sta8", "sta9"]}
2026-06-25 13:11:15,725 - EXECUT - INFO - received weights from trainer sta8!
2026-06-25 13:11:18,427 - EXECUT - INFO - received weights from trainer sta4!
2026-06-25 13:11:20,751 - EXECUT - INFO - received weights from trainer sta10!
2026-06-25 13:11:22,642 - EXECUT - INFO - received weights from trainer sta1!
2026-06-25 13:11:23,655 - EXECUT - INFO - received weights from trainer sta0!
2026-06-25 13:11:25,437 - EXECUT - INFO - received weights from trainer sta9!
2026-06-25 13:11:28,207 - EXECUT - INFO - received weights from trainer sta2!
2026-06-25 13:11:28,581 - EXECUT - INFO - received weights from trainer sta3!
2026-06-25 13:11:28,890 - EXECUT - INFO - received weights from trainer sta6!
2026-06-25 13:11:31,289 - EXECUT - INFO - received weights from trainer sta5!
2026-06-25 13:11:31,450 - EXECUT - INFO - received weights from trainer sta7!
2026-06-25 13:11:32,295 - EXECUT - INFO - sent aggregated weights to trainers!
2026-06-25 13:11:32,764 - METRIC - INFO - {"loss": 0.11802656203508377, "accuracy": 0.9638554453849792, "energy_consumption": null, "selected": false, "client_name": "sta8"}
2026-06-25 13:11:32,836 - METRIC - INFO - {"loss": 0.09894192218780518, "accuracy": 0.970040500164032, "energy_consumption": null, "selected": false, "client_name": "sta10"}
2026-06-25 13:11:32,866 - METRIC - INFO - {"loss": 0.12529709935188293, "accuracy": 0.9631944298744202, "energy_consumption": null, "selected": false, "client_name": "sta4"}
2026-06-25 13:11:32,869 - METRIC - INFO - {"loss": 0.10093344748020172, "accuracy": 0.9703133702278137, "energy_consumption": null, "selected": false, "client_name": "sta9"}
2026-06-25 13:11:32,955 - METRIC - INFO - {"loss": 0.1064542904496193, "accuracy": 0.9695740342140198, "energy_consumption": null, "selected": false, "client_name": "sta0"}
2026-06-25 13:11:32,967 - METRIC - INFO - {"loss": 0.09382674843072891, "accuracy": 0.9712134599685669, "energy_consumption": null, "selected": false, "client_name": "sta1"}
2026-06-25 13:11:32,978 - METRIC - INFO - {"loss": 0.10401685535907745, "accuracy": 0.9683136343955994, "energy_consumption": null, "selected": false, "client_name": "sta2"}
2026-06-25 13:11:32,988 - METRIC - INFO - {"loss": 0.09222731739282608, "accuracy": 0.9733873009681702, "energy_consumption": null, "selected": false, "client_name": "sta3"}
2026-06-25 13:11:33,042 - METRIC - INFO - {"loss": 0.10165753960609436, "accuracy": 0.9719939231872559, "energy_consumption": null, "selected": false, "client_name": "sta6"}
2026-06-25 13:11:33,070 - METRIC - INFO - {"loss": 0.09457644075155258, "accuracy": 0.974616289138794, "energy_consumption": null, "selected": false, "client_name": "sta7"}
2026-06-25 13:11:33,118 - METRIC - INFO - {"loss": 0.0943797379732132, "accuracy": 0.9719775915145874, "energy_consumption": null, "selected": false, "client_name": "sta5"}
2026-06-25 13:11:33,296 - METRIC - INFO - mean_accuracy: 0.9698618162762035

2026-06-25 13:11:33,297 - METRIC - INFO - round: 9
2026-06-25 13:11:33,297 - METRIC - INFO - n_selected: 11
2026-06-25 13:11:33,297 - METRIC - INFO - {"selected_trainers": ["sta0", "sta1", "sta10", "sta2", "sta3", "sta4", "sta5", "sta6", "sta7", "sta8", "sta9"]}
2026-06-25 13:11:38,524 - EXECUT - INFO - received weights from trainer sta8!
2026-06-25 13:11:40,407 - EXECUT - INFO - received weights from trainer sta4!
2026-06-25 13:11:43,642 - EXECUT - INFO - received weights from trainer sta10!
2026-06-25 13:11:45,465 - EXECUT - INFO - received weights from trainer sta1!
2026-06-25 13:11:46,369 - EXECUT - INFO - received weights from trainer sta0!
2026-06-25 13:11:48,204 - EXECUT - INFO - received weights from trainer sta9!
2026-06-25 13:11:51,139 - EXECUT - INFO - received weights from trainer sta2!
2026-06-25 13:11:51,203 - EXECUT - INFO - received weights from trainer sta6!
2026-06-25 13:11:51,378 - EXECUT - INFO - received weights from trainer sta3!
2026-06-25 13:11:51,879 - EXECUT - INFO - received weights from trainer sta7!
2026-06-25 13:11:53,796 - EXECUT - INFO - received weights from trainer sta5!
2026-06-25 13:11:55,030 - EXECUT - INFO - sent aggregated weights to trainers!
2026-06-25 13:11:55,501 - METRIC - INFO - {"loss": 0.12099777162075043, "accuracy": 0.9621342420578003, "energy_consumption": null, "selected": false, "client_name": "sta8"}
2026-06-25 13:11:55,530 - METRIC - INFO - {"loss": 0.11049730330705643, "accuracy": 0.9666666388511658, "energy_consumption": null, "selected": false, "client_name": "sta4"}
2026-06-25 13:11:55,568 - METRIC - INFO - {"loss": 0.08775447309017181, "accuracy": 0.9736841917037964, "energy_consumption": null, "selected": false, "client_name": "sta10"}
2026-06-25 13:11:55,616 - METRIC - INFO - {"loss": 0.0881066620349884, "accuracy": 0.9738867282867432, "energy_consumption": null, "selected": false, "client_name": "sta9"}
2026-06-25 13:11:55,665 - METRIC - INFO - {"loss": 0.09719164669513702, "accuracy": 0.9716024398803711, "energy_consumption": null, "selected": false, "client_name": "sta0"}
2026-06-25 13:11:55,709 - METRIC - INFO - {"loss": 0.07898735255002975, "accuracy": 0.9747564196586609, "energy_consumption": null, "selected": false, "client_name": "sta1"}
2026-06-25 13:11:55,747 - METRIC - INFO - {"loss": 0.09022843837738037, "accuracy": 0.972878634929657, "energy_consumption": null, "selected": false, "client_name": "sta2"}
2026-06-25 13:11:55,759 - METRIC - INFO - {"loss": 0.08606826514005661, "accuracy": 0.9745444059371948, "energy_consumption": null, "selected": false, "client_name": "sta3"}
2026-06-25 13:11:55,774 - METRIC - INFO - {"loss": 0.0809476226568222, "accuracy": 0.9777777791023254, "energy_consumption": null, "selected": false, "client_name": "sta6"}
2026-06-25 13:11:55,802 - METRIC - INFO - {"loss": 0.07982759922742844, "accuracy": 0.9772727489471436, "energy_consumption": null, "selected": false, "client_name": "sta7"}
2026-06-25 13:11:55,856 - METRIC - INFO - {"loss": 0.08422206342220306, "accuracy": 0.9759807586669922, "energy_consumption": null, "selected": false, "client_name": "sta5"}
2026-06-25 13:11:56,031 - METRIC - INFO - mean_accuracy: 0.9728349989110773

2026-06-25 13:11:56,031 - METRIC - INFO - round: 10
2026-06-25 13:11:56,031 - METRIC - INFO - n_selected: 11
2026-06-25 13:11:56,031 - METRIC - INFO - {"selected_trainers": ["sta0", "sta1", "sta10", "sta2", "sta3", "sta4", "sta5", "sta6", "sta7", "sta8", "sta9"]}
2026-06-25 13:12:01,137 - EXECUT - INFO - received weights from trainer sta8!
2026-06-25 13:12:02,777 - EXECUT - INFO - received weights from trainer sta4!
2026-06-25 13:12:06,098 - EXECUT - INFO - received weights from trainer sta10!
2026-06-25 13:12:07,535 - EXECUT - INFO - received weights from trainer sta1!
2026-06-25 13:12:08,444 - EXECUT - INFO - received weights from trainer sta0!
2026-06-25 13:12:10,518 - EXECUT - INFO - received weights from trainer sta9!
2026-06-25 13:12:12,835 - EXECUT - INFO - received weights from trainer sta2!
2026-06-25 13:12:12,853 - EXECUT - INFO - received weights from trainer sta6!
2026-06-25 13:12:13,184 - EXECUT - INFO - received weights from trainer sta3!
2026-06-25 13:12:13,538 - EXECUT - INFO - received weights from trainer sta7!
2026-06-25 13:12:15,287 - EXECUT - INFO - received weights from trainer sta5!
2026-06-25 13:12:15,729 - EXECUT - INFO - sent aggregated weights to trainers!
2026-06-25 13:12:16,148 - METRIC - INFO - {"loss": 0.09183607250452042, "accuracy": 0.9733218550682068, "energy_consumption": null, "selected": false, "client_name": "sta8"}
2026-06-25 13:12:16,179 - METRIC - INFO - {"loss": 0.10136110335588455, "accuracy": 0.96875, "energy_consumption": null, "selected": false, "client_name": "sta4"}
2026-06-25 13:12:16,217 - METRIC - INFO - {"loss": 0.07855404913425446, "accuracy": 0.9753036499023438, "energy_consumption": null, "selected": false, "client_name": "sta10"}
2026-06-25 13:12:16,265 - METRIC - INFO - {"loss": 0.08094748854637146, "accuracy": 0.9749862551689148, "energy_consumption": null, "selected": false, "client_name": "sta9"}
2026-06-25 13:12:16,309 - METRIC - INFO - {"loss": 0.08259174972772598, "accuracy": 0.9750268459320068, "energy_consumption": null, "selected": false, "client_name": "sta2"}
2026-06-25 13:12:16,336 - METRIC - INFO - {"loss": 0.08439776301383972, "accuracy": 0.974442183971405, "energy_consumption": null, "selected": false, "client_name": "sta0"}
2026-06-25 13:12:16,358 - METRIC - INFO - {"loss": 0.06894120573997498, "accuracy": 0.9791851043701172, "energy_consumption": null, "selected": false, "client_name": "sta1"}
2026-06-25 13:12:16,389 - METRIC - INFO - {"loss": 0.09339448809623718, "accuracy": 0.9722983241081238, "energy_consumption": null, "selected": false, "client_name": "sta6"}
2026-06-25 13:12:16,397 - METRIC - INFO - {"loss": 0.07357082515954971, "accuracy": 0.9780156016349792, "energy_consumption": null, "selected": false, "client_name": "sta3"}
2026-06-25 13:12:16,453 - METRIC - INFO - {"loss": 0.07649397850036621, "accuracy": 0.9781157970428467, "energy_consumption": null, "selected": false, "client_name": "sta5"}
2026-06-25 13:12:16,454 - METRIC - INFO - {"loss": 0.07233788073062897, "accuracy": 0.9793388247489929, "energy_consumption": null, "selected": false, "client_name": "sta7"}
2026-06-25 13:12:16,732 - METRIC - INFO - mean_accuracy: 0.9753440401770852

2026-06-25 13:12:16,732 - METRIC - INFO - round: 11
2026-06-25 13:12:16,732 - METRIC - INFO - n_selected: 11
2026-06-25 13:12:16,733 - METRIC - INFO - {"selected_trainers": ["sta0", "sta1", "sta10", "sta2", "sta3", "sta4", "sta5", "sta6", "sta7", "sta8", "sta9"]}
2026-06-25 13:12:21,790 - EXECUT - INFO - received weights from trainer sta8!
2026-06-25 13:12:23,589 - EXECUT - INFO - received weights from trainer sta4!
2026-06-25 13:12:26,755 - EXECUT - INFO - received weights from trainer sta10!
2026-06-25 13:12:28,203 - EXECUT - INFO - received weights from trainer sta1!
2026-06-25 13:12:29,193 - EXECUT - INFO - received weights from trainer sta0!
2026-06-25 13:12:31,152 - EXECUT - INFO - received weights from trainer sta9!
2026-06-25 13:12:33,593 - EXECUT - INFO - received weights from trainer sta2!
2026-06-25 13:12:33,673 - EXECUT - INFO - received weights from trainer sta6!
2026-06-25 13:12:33,849 - EXECUT - INFO - received weights from trainer sta3!
2026-06-25 13:12:34,265 - EXECUT - INFO - received weights from trainer sta7!
2026-06-25 13:12:36,005 - EXECUT - INFO - received weights from trainer sta5!
2026-06-25 13:12:37,340 - EXECUT - INFO - sent aggregated weights to trainers!
2026-06-25 13:12:37,820 - METRIC - INFO - {"loss": 0.09411754459142685, "accuracy": 0.9701389074325562, "energy_consumption": null, "selected": false, "client_name": "sta4"}
2026-06-25 13:12:37,857 - METRIC - INFO - {"loss": 0.07238072901964188, "accuracy": 0.9765182137489319, "energy_consumption": null, "selected": false, "client_name": "sta10"}
2026-06-25 13:12:37,866 - METRIC - INFO - {"loss": 0.08277496695518494, "accuracy": 0.9733218550682068, "energy_consumption": null, "selected": false, "client_name": "sta8"}
2026-06-25 13:12:37,926 - METRIC - INFO - {"loss": 0.07277065515518188, "accuracy": 0.9771852493286133, "energy_consumption": null, "selected": false, "client_name": "sta9"}
2026-06-25 13:12:37,948 - METRIC - INFO - {"loss": 0.07494769245386124, "accuracy": 0.9771750569343567, "energy_consumption": null, "selected": false, "client_name": "sta2"}
2026-06-25 13:12:37,953 - METRIC - INFO - {"loss": 0.06077964976429939, "accuracy": 0.9813994765281677, "energy_consumption": null, "selected": false, "client_name": "sta1"}
2026-06-25 13:12:37,980 - METRIC - INFO - {"loss": 0.07767397165298462, "accuracy": 0.976064920425415, "energy_consumption": null, "selected": false, "client_name": "sta0"}
2026-06-25 13:12:38,028 - METRIC - INFO - {"loss": 0.0669538751244545, "accuracy": 0.9800404906272888, "energy_consumption": null, "selected": false, "client_name": "sta3"}
2026-06-25 13:12:38,047 - METRIC - INFO - {"loss": 0.06402072310447693, "accuracy": 0.9792998433113098, "energy_consumption": null, "selected": false, "client_name": "sta6"}
2026-06-25 13:12:38,080 - METRIC - INFO - {"loss": 0.06480653584003448, "accuracy": 0.9811097979545593, "energy_consumption": null, "selected": false, "client_name": "sta7"}
2026-06-25 13:12:38,108 - METRIC - INFO - {"loss": 0.07100466638803482, "accuracy": 0.9807846546173096, "energy_consumption": null, "selected": false, "client_name": "sta5"}
2026-06-25 13:12:38,342 - METRIC - INFO - mean_accuracy: 0.9775489514524286

2026-06-25 13:12:38,342 - METRIC - INFO - round: 12
2026-06-25 13:12:38,342 - METRIC - INFO - n_selected: 11
2026-06-25 13:12:38,342 - METRIC - INFO - {"selected_trainers": ["sta0", "sta1", "sta10", "sta2", "sta3", "sta4", "sta5", "sta6", "sta7", "sta8", "sta9"]}
2026-06-25 13:12:43,408 - EXECUT - INFO - received weights from trainer sta8!
2026-06-25 13:12:45,041 - EXECUT - INFO - received weights from trainer sta4!
2026-06-25 13:12:48,343 - EXECUT - INFO - received weights from trainer sta10!
2026-06-25 13:12:49,853 - EXECUT - INFO - received weights from trainer sta1!
2026-06-25 13:12:50,793 - EXECUT - INFO - received weights from trainer sta0!
2026-06-25 13:12:52,809 - EXECUT - INFO - received weights from trainer sta9!
2026-06-25 13:12:55,306 - EXECUT - INFO - received weights from trainer sta2!
2026-06-25 13:12:55,327 - EXECUT - INFO - received weights from trainer sta6!
2026-06-25 13:12:55,386 - EXECUT - INFO - received weights from trainer sta3!
2026-06-25 13:12:55,966 - EXECUT - INFO - received weights from trainer sta7!
2026-06-25 13:12:57,661 - EXECUT - INFO - received weights from trainer sta5!
2026-06-25 13:12:58,963 - EXECUT - INFO - sent aggregated weights to trainers!
2026-06-25 13:12:59,414 - METRIC - INFO - {"loss": 0.07548642158508301, "accuracy": 0.9750430583953857, "energy_consumption": null, "selected": false, "client_name": "sta8"}
2026-06-25 13:12:59,454 - METRIC - INFO - {"loss": 0.08908728510141373, "accuracy": 0.9729166626930237, "energy_consumption": null, "selected": false, "client_name": "sta4"}
2026-06-25 13:12:59,475 - METRIC - INFO - {"loss": 0.06750397384166718, "accuracy": 0.9789473414421082, "energy_consumption": null, "selected": false, "client_name": "sta10"}
2026-06-25 13:12:59,537 - METRIC - INFO - {"loss": 0.06746531277894974, "accuracy": 0.978559672832489, "energy_consumption": null, "selected": false, "client_name": "sta9"}
2026-06-25 13:12:59,549 - METRIC - INFO - {"loss": 0.069521963596344, "accuracy": 0.9787862300872803, "energy_consumption": null, "selected": false, "client_name": "sta2"}
2026-06-25 13:12:59,599 - METRIC - INFO - {"loss": 0.05648695304989815, "accuracy": 0.9800708293914795, "energy_consumption": null, "selected": false, "client_name": "sta1"}
2026-06-25 13:12:59,606 - METRIC - INFO - {"loss": 0.07312396913766861, "accuracy": 0.976064920425415, "energy_consumption": null, "selected": false, "client_name": "sta0"}
2026-06-25 13:12:59,643 - METRIC - INFO - {"loss": 0.05788911506533623, "accuracy": 0.9811263084411621, "energy_consumption": null, "selected": false, "client_name": "sta6"}
2026-06-25 13:12:59,673 - METRIC - INFO - {"loss": 0.0600363127887249, "accuracy": 0.9803297519683838, "energy_consumption": null, "selected": false, "client_name": "sta3"}
2026-06-25 13:12:59,674 - METRIC - INFO - {"loss": 0.05953066423535347, "accuracy": 0.9831759333610535, "energy_consumption": null, "selected": false, "client_name": "sta7"}
2026-06-25 13:12:59,715 - METRIC - INFO - {"loss": 0.06608225405216217, "accuracy": 0.981051504611969, "energy_consumption": null, "selected": false, "client_name": "sta5"}
2026-06-25 13:12:59,965 - METRIC - INFO - mean_accuracy: 0.9787338376045227

2026-06-25 13:12:59,965 - METRIC - INFO - round: 13
2026-06-25 13:12:59,965 - METRIC - INFO - n_selected: 11
2026-06-25 13:12:59,965 - METRIC - INFO - {"selected_trainers": ["sta0", "sta1", "sta10", "sta2", "sta3", "sta4", "sta5", "sta6", "sta7", "sta8", "sta9"]}
2026-06-25 13:13:05,064 - EXECUT - INFO - received weights from trainer sta8!
2026-06-25 13:13:06,686 - EXECUT - INFO - received weights from trainer sta4!
2026-06-25 13:13:09,991 - EXECUT - INFO - received weights from trainer sta10!
2026-06-25 13:13:11,432 - EXECUT - INFO - received weights from trainer sta1!
2026-06-25 13:13:12,400 - EXECUT - INFO - received weights from trainer sta0!
2026-06-25 13:13:14,423 - EXECUT - INFO - received weights from trainer sta9!
2026-06-25 13:13:17,049 - EXECUT - INFO - received weights from trainer sta6!
2026-06-25 13:13:17,214 - EXECUT - INFO - received weights from trainer sta3!
2026-06-25 13:13:17,491 - EXECUT - INFO - received weights from trainer sta7!
2026-06-25 13:13:19,260 - EXECUT - INFO - received weights from trainer sta5!
2026-06-25 13:13:20,747 - EXECUT - INFO - received weights from trainer sta2!
2026-06-25 13:13:21,720 - EXECUT - INFO - sent aggregated weights to trainers!
2026-06-25 13:13:22,190 - METRIC - INFO - {"loss": 0.07221893966197968, "accuracy": 0.979345977306366, "energy_consumption": null, "selected": false, "client_name": "sta8"}
2026-06-25 13:13:22,190 - METRIC - INFO - {"loss": 0.08276080340147018, "accuracy": 0.9722222089767456, "energy_consumption": null, "selected": false, "client_name": "sta4"}
2026-06-25 13:13:22,253 - METRIC - INFO - {"loss": 0.061765436083078384, "accuracy": 0.9813765287399292, "energy_consumption": null, "selected": false, "client_name": "sta10"}
2026-06-25 13:13:22,316 - METRIC - INFO - {"loss": 0.06317673623561859, "accuracy": 0.9807586669921875, "energy_consumption": null, "selected": false, "client_name": "sta9"}
2026-06-25 13:13:22,320 - METRIC - INFO - {"loss": 0.06868576258420944, "accuracy": 0.978904664516449, "energy_consumption": null, "selected": false, "client_name": "sta0"}
2026-06-25 13:13:22,354 - METRIC - INFO - {"loss": 0.06672472506761551, "accuracy": 0.9779806733131409, "energy_consumption": null, "selected": false, "client_name": "sta2"}
2026-06-25 13:13:22,362 - METRIC - INFO - {"loss": 0.05129273980855942, "accuracy": 0.9827280640602112, "energy_consumption": null, "selected": false, "client_name": "sta1"}
2026-06-25 13:13:22,411 - METRIC - INFO - {"loss": 0.05542042851448059, "accuracy": 0.9811263084411621, "energy_consumption": null, "selected": false, "client_name": "sta6"}
2026-06-25 13:13:22,419 - METRIC - INFO - {"loss": 0.08232048153877258, "accuracy": 0.9736766219139099, "energy_consumption": null, "selected": false, "client_name": "sta3"}
2026-06-25 13:13:22,458 - METRIC - INFO - {"loss": 0.0569579154253006, "accuracy": 0.982585608959198, "energy_consumption": null, "selected": false, "client_name": "sta7"}
2026-06-25 13:13:22,484 - METRIC - INFO - {"loss": 0.06224575638771057, "accuracy": 0.9818521738052368, "energy_consumption": null, "selected": false, "client_name": "sta5"}
2026-06-25 13:13:22,722 - METRIC - INFO - mean_accuracy: 0.9793234088204124

2026-06-25 13:13:22,722 - METRIC - INFO - round: 14
2026-06-25 13:13:22,722 - METRIC - INFO - n_selected: 11
2026-06-25 13:13:22,722 - METRIC - INFO - {"selected_trainers": ["sta0", "sta1", "sta10", "sta2", "sta3", "sta4", "sta5", "sta6", "sta7", "sta8", "sta9"]}
2026-06-25 13:13:27,554 - EXECUT - INFO - received weights from trainer sta8!
2026-06-25 13:13:28,990 - EXECUT - INFO - received weights from trainer sta4!
2026-06-25 13:13:32,227 - EXECUT - INFO - received weights from trainer sta10!
2026-06-25 13:13:33,949 - EXECUT - INFO - received weights from trainer sta1!
2026-06-25 13:13:34,815 - EXECUT - INFO - received weights from trainer sta0!
2026-06-25 13:13:36,392 - EXECUT - INFO - received weights from trainer sta9!
2026-06-25 13:13:38,049 - EXECUT - INFO - received weights from trainer sta2!
2026-06-25 13:13:39,377 - EXECUT - INFO - received weights from trainer sta6!
2026-06-25 13:13:40,011 - EXECUT - INFO - received weights from trainer sta7!
2026-06-25 13:13:41,819 - EXECUT - INFO - received weights from trainer sta5!
2026-06-25 13:13:43,596 - EXECUT - INFO - received weights from trainer sta3!
2026-06-25 13:13:44,363 - EXECUT - INFO - sent aggregated weights to trainers!
2026-06-25 13:13:44,810 - METRIC - INFO - {"loss": 0.11327429115772247, "accuracy": 0.9595524668693542, "energy_consumption": null, "selected": false, "client_name": "sta8"}
2026-06-25 13:13:44,842 - METRIC - INFO - {"loss": 0.07789519429206848, "accuracy": 0.9743055701255798, "energy_consumption": null, "selected": false, "client_name": "sta4"}
2026-06-25 13:13:44,861 - METRIC - INFO - {"loss": 0.05749993398785591, "accuracy": 0.9821862578392029, "energy_consumption": null, "selected": false, "client_name": "sta10"}
2026-06-25 13:13:44,910 - METRIC - INFO - {"loss": 0.06598758697509766, "accuracy": 0.9793103337287903, "energy_consumption": null, "selected": false, "client_name": "sta0"}
2026-06-25 13:13:44,917 - METRIC - INFO - {"loss": 0.05974358692765236, "accuracy": 0.9824079275131226, "energy_consumption": null, "selected": false, "client_name": "sta9"}
2026-06-25 13:13:44,930 - METRIC - INFO - {"loss": 0.047038231045007706, "accuracy": 0.9853852987289429, "energy_consumption": null, "selected": false, "client_name": "sta1"}
2026-06-25 13:13:44,974 - METRIC - INFO - {"loss": 0.07104874402284622, "accuracy": 0.978249192237854, "energy_consumption": null, "selected": false, "client_name": "sta2"}
2026-06-25 13:13:44,979 - METRIC - INFO - {"loss": 0.053241826593875885, "accuracy": 0.984090268611908, "energy_consumption": null, "selected": false, "client_name": "sta3"}
2026-06-25 13:13:44,994 - METRIC - INFO - {"loss": 0.058112818747758865, "accuracy": 0.9805175065994263, "energy_consumption": null, "selected": false, "client_name": "sta6"}
2026-06-25 13:13:45,037 - METRIC - INFO - {"loss": 0.05154220387339592, "accuracy": 0.9846516847610474, "energy_consumption": null, "selected": false, "client_name": "sta7"}
2026-06-25 13:13:45,140 - METRIC - INFO - {"loss": 0.0602303072810173, "accuracy": 0.9821190237998962, "energy_consumption": null, "selected": false, "client_name": "sta5"}
2026-06-25 13:13:45,366 - METRIC - INFO - mean_accuracy: 0.9793432300741022

2026-06-25 13:13:45,366 - METRIC - INFO - round: 15
2026-06-25 13:13:45,366 - METRIC - INFO - n_selected: 11
2026-06-25 13:13:45,366 - METRIC - INFO - {"selected_trainers": ["sta0", "sta1", "sta10", "sta2", "sta3", "sta4", "sta5", "sta6", "sta7", "sta8", "sta9"]}
2026-06-25 13:13:50,276 - EXECUT - INFO - received weights from trainer sta8!
2026-06-25 13:13:51,640 - EXECUT - INFO - received weights from trainer sta4!
2026-06-25 13:13:54,887 - EXECUT - INFO - received weights from trainer sta10!
2026-06-25 13:13:56,506 - EXECUT - INFO - received weights from trainer sta1!
2026-06-25 13:13:57,124 - EXECUT - INFO - received weights from trainer sta0!
2026-06-25 13:13:59,024 - EXECUT - INFO - received weights from trainer sta9!
2026-06-25 13:14:00,498 - EXECUT - INFO - received weights from trainer sta2!
2026-06-25 13:14:01,483 - EXECUT - INFO - received weights from trainer sta3!
2026-06-25 13:14:01,948 - EXECUT - INFO - received weights from trainer sta6!
2026-06-25 13:14:02,683 - EXECUT - INFO - received weights from trainer sta7!
2026-06-25 13:14:04,122 - EXECUT - INFO - received weights from trainer sta5!
2026-06-25 13:14:05,045 - EXECUT - INFO - sent aggregated weights to trainers!
2026-06-25 13:14:05,522 - METRIC - INFO - {"loss": 0.07595829665660858, "accuracy": 0.9729166626930237, "energy_consumption": null, "selected": false, "client_name": "sta4"}
2026-06-25 13:14:05,538 - METRIC - INFO - {"loss": 0.05597835034132004, "accuracy": 0.9825910925865173, "energy_consumption": null, "selected": false, "client_name": "sta10"}
2026-06-25 13:14:05,589 - METRIC - INFO - {"loss": 0.06148607283830643, "accuracy": 0.9802065491676331, "energy_consumption": null, "selected": false, "client_name": "sta8"}
2026-06-25 13:14:05,592 - METRIC - INFO - {"loss": 0.05756175518035889, "accuracy": 0.9813084006309509, "energy_consumption": null, "selected": false, "client_name": "sta9"}
2026-06-25 13:14:05,601 - METRIC - INFO - {"loss": 0.06290140748023987, "accuracy": 0.9813387393951416, "energy_consumption": null, "selected": false, "client_name": "sta0"}
2026-06-25 13:14:05,615 - METRIC - INFO - {"loss": 0.04382764920592308, "accuracy": 0.9862710237503052, "energy_consumption": null, "selected": false, "client_name": "sta1"}
2026-06-25 13:14:05,645 - METRIC - INFO - {"loss": 0.058945439755916595, "accuracy": 0.9820085763931274, "energy_consumption": null, "selected": false, "client_name": "sta2"}
2026-06-25 13:14:05,673 - METRIC - INFO - {"loss": 0.048024505376815796, "accuracy": 0.9844748973846436, "energy_consumption": null, "selected": false, "client_name": "sta6"}
2026-06-25 13:14:05,693 - METRIC - INFO - {"loss": 0.050248391926288605, "accuracy": 0.984090268611908, "energy_consumption": null, "selected": false, "client_name": "sta3"}
2026-06-25 13:14:05,761 - METRIC - INFO - {"loss": 0.04910252243280411, "accuracy": 0.9843565821647644, "energy_consumption": null, "selected": false, "client_name": "sta7"}
2026-06-25 13:14:05,781 - METRIC - INFO - {"loss": 0.05667053535580635, "accuracy": 0.9837203025817871, "energy_consumption": null, "selected": false, "client_name": "sta5"}
2026-06-25 13:14:06,046 - METRIC - INFO - mean_accuracy: 0.9821166450327093

2026-06-25 13:14:06,046 - METRIC - INFO - round: 16
2026-06-25 13:14:06,046 - METRIC - INFO - n_selected: 11
2026-06-25 13:14:06,046 - METRIC - INFO - {"selected_trainers": ["sta0", "sta1", "sta10", "sta2", "sta3", "sta4", "sta5", "sta6", "sta7", "sta8", "sta9"]}
2026-06-25 13:14:10,946 - EXECUT - INFO - received weights from trainer sta8!
2026-06-25 13:14:12,296 - EXECUT - INFO - received weights from trainer sta4!
2026-06-25 13:14:15,494 - EXECUT - INFO - received weights from trainer sta10!
2026-06-25 13:14:17,165 - EXECUT - INFO - received weights from trainer sta1!
2026-06-25 13:14:17,720 - EXECUT - INFO - received weights from trainer sta0!
2026-06-25 13:14:19,641 - EXECUT - INFO - received weights from trainer sta9!
2026-06-25 13:14:21,314 - EXECUT - INFO - received weights from trainer sta2!
2026-06-25 13:14:22,235 - EXECUT - INFO - received weights from trainer sta3!
2026-06-25 13:14:22,703 - EXECUT - INFO - received weights from trainer sta6!
2026-06-25 13:14:23,452 - EXECUT - INFO - received weights from trainer sta7!
2026-06-25 13:14:24,827 - EXECUT - INFO - received weights from trainer sta5!
2026-06-25 13:14:25,749 - EXECUT - INFO - sent aggregated weights to trainers!
2026-06-25 13:14:26,189 - METRIC - INFO - {"loss": 0.07253234088420868, "accuracy": 0.9756944179534912, "energy_consumption": null, "selected": false, "client_name": "sta4"}
2026-06-25 13:14:26,229 - METRIC - INFO - {"loss": 0.059247396886348724, "accuracy": 0.9802065491676331, "energy_consumption": null, "selected": false, "client_name": "sta8"}
2026-06-25 13:14:26,366 - METRIC - INFO - {"loss": 0.04057889059185982, "accuracy": 0.9871567487716675, "energy_consumption": null, "selected": false, "client_name": "sta1"}
2026-06-25 13:14:26,373 - METRIC - INFO - {"loss": 0.053233515471220016, "accuracy": 0.9825910925865173, "energy_consumption": null, "selected": false, "client_name": "sta10"}
2026-06-25 13:14:26,423 - METRIC - INFO - {"loss": 0.05406507849693298, "accuracy": 0.9824079275131226, "energy_consumption": null, "selected": false, "client_name": "sta9"}
2026-06-25 13:14:26,458 - METRIC - INFO - {"loss": 0.046213939785957336, "accuracy": 0.9853881001472473, "energy_consumption": null, "selected": false, "client_name": "sta6"}
2026-06-25 13:14:26,459 - METRIC - INFO - {"loss": 0.0579320453107357, "accuracy": 0.9833512306213379, "energy_consumption": null, "selected": false, "client_name": "sta2"}
2026-06-25 13:14:26,473 - METRIC - INFO - {"loss": 0.060902189463377, "accuracy": 0.9801217317581177, "energy_consumption": null, "selected": false, "client_name": "sta0"}
2026-06-25 13:14:26,492 - METRIC - INFO - {"loss": 0.04876825585961342, "accuracy": 0.9852420091629028, "energy_consumption": null, "selected": false, "client_name": "sta7"}
2026-06-25 13:14:26,497 - METRIC - INFO - {"loss": 0.05498392879962921, "accuracy": 0.9837203025817871, "energy_consumption": null, "selected": false, "client_name": "sta5"}
2026-06-25 13:14:26,549 - METRIC - INFO - {"loss": 0.049580167979002, "accuracy": 0.9835116863250732, "energy_consumption": null, "selected": false, "client_name": "sta3"}
2026-06-25 13:14:26,751 - METRIC - INFO - mean_accuracy: 0.9826719815080817

2026-06-25 13:14:26,751 - METRIC - INFO - round: 17
2026-06-25 13:14:26,751 - METRIC - INFO - n_selected: 11
2026-06-25 13:14:26,751 - METRIC - INFO - {"selected_trainers": ["sta0", "sta1", "sta10", "sta2", "sta3", "sta4", "sta5", "sta6", "sta7", "sta8", "sta9"]}
2026-06-25 13:14:31,608 - EXECUT - INFO - received weights from trainer sta8!
2026-06-25 13:14:32,610 - EXECUT - INFO - received weights from trainer sta4!
2026-06-25 13:14:36,346 - EXECUT - INFO - received weights from trainer sta10!
2026-06-25 13:14:37,869 - EXECUT - INFO - received weights from trainer sta1!
2026-06-25 13:14:38,400 - EXECUT - INFO - received weights from trainer sta0!
2026-06-25 13:14:40,386 - EXECUT - INFO - received weights from trainer sta9!
2026-06-25 13:14:41,984 - EXECUT - INFO - received weights from trainer sta6!
2026-06-25 13:14:42,009 - EXECUT - INFO - received weights from trainer sta2!
2026-06-25 13:14:42,862 - EXECUT - INFO - received weights from trainer sta3!
2026-06-25 13:14:43,345 - EXECUT - INFO - received weights from trainer sta7!
2026-06-25 13:14:44,568 - EXECUT - INFO - received weights from trainer sta5!
2026-06-25 13:14:45,397 - EXECUT - INFO - sent aggregated weights to trainers!
2026-06-25 13:14:45,823 - METRIC - INFO - {"loss": 0.06973609328269958, "accuracy": 0.9756944179534912, "energy_consumption": null, "selected": false, "client_name": "sta4"}
2026-06-25 13:14:45,837 - METRIC - INFO - {"loss": 0.05562587082386017, "accuracy": 0.9802065491676331, "energy_consumption": null, "selected": false, "client_name": "sta8"}
2026-06-25 13:14:45,897 - METRIC - INFO - {"loss": 0.05126231908798218, "accuracy": 0.9850202202796936, "energy_consumption": null, "selected": false, "client_name": "sta10"}
2026-06-25 13:14:45,939 - METRIC - INFO - {"loss": 0.05508522316813469, "accuracy": 0.9828141927719116, "energy_consumption": null, "selected": false, "client_name": "sta2"}
2026-06-25 13:14:45,951 - METRIC - INFO - {"loss": 0.053685758262872696, "accuracy": 0.9826827645301819, "energy_consumption": null, "selected": false, "client_name": "sta9"}
2026-06-25 13:14:45,973 - METRIC - INFO - {"loss": 0.06499993056058884, "accuracy": 0.9793103337287903, "energy_consumption": null, "selected": false, "client_name": "sta0"}
2026-06-25 13:14:46,033 - METRIC - INFO - {"loss": 0.03822703659534454, "accuracy": 0.989371120929718, "energy_consumption": null, "selected": false, "client_name": "sta1"}
2026-06-25 13:14:46,065 - METRIC - INFO - {"loss": 0.0794442817568779, "accuracy": 0.9722302556037903, "energy_consumption": null, "selected": false, "client_name": "sta3"}
2026-06-25 13:14:46,146 - METRIC - INFO - {"loss": 0.0531427375972271, "accuracy": 0.9823859333992004, "energy_consumption": null, "selected": false, "client_name": "sta5"}
2026-06-25 13:14:46,149 - METRIC - INFO - {"loss": 0.05140578746795654, "accuracy": 0.9841704964637756, "energy_consumption": null, "selected": false, "client_name": "sta6"}
2026-06-25 13:14:46,232 - METRIC - INFO - {"loss": 0.04484130069613457, "accuracy": 0.9864226579666138, "energy_consumption": null, "selected": false, "client_name": "sta7"}
2026-06-25 13:14:46,400 - METRIC - INFO - mean_accuracy: 0.9818462675267999

2026-06-25 13:14:46,400 - METRIC - INFO - round: 18
2026-06-25 13:14:46,400 - METRIC - INFO - n_selected: 11
2026-06-25 13:14:46,400 - METRIC - INFO - {"selected_trainers": ["sta0", "sta1", "sta10", "sta2", "sta3", "sta4", "sta5", "sta6", "sta7", "sta8", "sta9"]}
2026-06-25 13:14:51,303 - EXECUT - INFO - received weights from trainer sta8!
2026-06-25 13:14:52,267 - EXECUT - INFO - received weights from trainer sta4!
2026-06-25 13:14:55,896 - EXECUT - INFO - received weights from trainer sta10!
2026-06-25 13:14:57,272 - EXECUT - INFO - received weights from trainer sta1!
2026-06-25 13:14:57,846 - EXECUT - INFO - received weights from trainer sta0!
2026-06-25 13:15:00,033 - EXECUT - INFO - received weights from trainer sta9!
2026-06-25 13:15:00,595 - EXECUT - INFO - received weights from trainer sta2!
2026-06-25 13:15:01,667 - EXECUT - INFO - received weights from trainer sta6!
2026-06-25 13:15:02,377 - EXECUT - INFO - received weights from trainer sta3!
2026-06-25 13:15:03,067 - EXECUT - INFO - received weights from trainer sta7!
2026-06-25 13:15:04,223 - EXECUT - INFO - received weights from trainer sta5!
2026-06-25 13:15:04,928 - EXECUT - INFO - sent aggregated weights to trainers!
2026-06-25 13:15:05,348 - METRIC - INFO - {"loss": 0.06727998703718185, "accuracy": 0.9763888716697693, "energy_consumption": null, "selected": false, "client_name": "sta4"}
2026-06-25 13:15:05,355 - METRIC - INFO - {"loss": 0.052491623908281326, "accuracy": 0.9836488962173462, "energy_consumption": null, "selected": false, "client_name": "sta8"}
2026-06-25 13:15:05,409 - METRIC - INFO - {"loss": 0.0505368635058403, "accuracy": 0.9838056564331055, "energy_consumption": null, "selected": false, "client_name": "sta10"}
2026-06-25 13:15:05,447 - METRIC - INFO - {"loss": 0.052459582686424255, "accuracy": 0.9841568470001221, "energy_consumption": null, "selected": false, "client_name": "sta2"}
2026-06-25 13:15:05,473 - METRIC - INFO - {"loss": 0.051701415330171585, "accuracy": 0.981583297252655, "energy_consumption": null, "selected": false, "client_name": "sta9"}
2026-06-25 13:15:05,522 - METRIC - INFO - {"loss": 0.05831111967563629, "accuracy": 0.9833671450614929, "energy_consumption": null, "selected": false, "client_name": "sta0"}
2026-06-25 13:15:05,540 - METRIC - INFO - {"loss": 0.03739267215132713, "accuracy": 0.9906997084617615, "energy_consumption": null, "selected": false, "client_name": "sta1"}
2026-06-25 13:15:05,544 - METRIC - INFO - {"loss": 0.045118220150470734, "accuracy": 0.9847792983055115, "energy_consumption": null, "selected": false, "client_name": "sta6"}
2026-06-25 13:15:05,581 - METRIC - INFO - {"loss": 0.04553518816828728, "accuracy": 0.9858258366584778, "energy_consumption": null, "selected": false, "client_name": "sta3"}
2026-06-25 13:15:05,628 - METRIC - INFO - {"loss": 0.044783592224121094, "accuracy": 0.9858323335647583, "energy_consumption": null, "selected": false, "client_name": "sta7"}
2026-06-25 13:15:05,648 - METRIC - INFO - {"loss": 0.051552653312683105, "accuracy": 0.9829196929931641, "energy_consumption": null, "selected": false, "client_name": "sta5"}
2026-06-25 13:15:05,930 - METRIC - INFO - mean_accuracy: 0.983909780328924

2026-06-25 13:15:05,930 - METRIC - INFO - round: 19
2026-06-25 13:15:05,930 - METRIC - INFO - n_selected: 11
2026-06-25 13:15:05,930 - METRIC - INFO - {"selected_trainers": ["sta0", "sta1", "sta10", "sta2", "sta3", "sta4", "sta5", "sta6", "sta7", "sta8", "sta9"]}
2026-06-25 13:15:10,861 - EXECUT - INFO - received weights from trainer sta8!
2026-06-25 13:15:11,595 - EXECUT - INFO - received weights from trainer sta4!
2026-06-25 13:15:15,414 - EXECUT - INFO - received weights from trainer sta10!
2026-06-25 13:15:16,886 - EXECUT - INFO - received weights from trainer sta1!
2026-06-25 13:15:19,679 - EXECUT - INFO - received weights from trainer sta9!
2026-06-25 13:15:20,142 - EXECUT - INFO - received weights from trainer sta2!
2026-06-25 13:15:21,137 - EXECUT - INFO - received weights from trainer sta6!
2026-06-25 13:15:21,965 - EXECUT - INFO - received weights from trainer sta3!
2026-06-25 13:15:22,616 - EXECUT - INFO - received weights from trainer sta7!
2026-06-25 13:15:23,797 - EXECUT - INFO - received weights from trainer sta5!
2026-06-25 13:15:26,601 - EXECUT - INFO - received weights from trainer sta0!
2026-06-25 13:15:27,488 - EXECUT - INFO - sent aggregated weights to trainers!
2026-06-25 13:15:27,916 - METRIC - INFO - {"loss": 0.051299817860126495, "accuracy": 0.9827883243560791, "energy_consumption": null, "selected": false, "client_name": "sta8"}
2026-06-25 13:15:27,976 - METRIC - INFO - {"loss": 0.04844588413834572, "accuracy": 0.9846153855323792, "energy_consumption": null, "selected": false, "client_name": "sta10"}
2026-06-25 13:15:28,005 - METRIC - INFO - {"loss": 0.06425455212593079, "accuracy": 0.9770833253860474, "energy_consumption": null, "selected": false, "client_name": "sta4"}
2026-06-25 13:15:28,009 - METRIC - INFO - {"loss": 0.05202275142073631, "accuracy": 0.9830827116966248, "energy_consumption": null, "selected": false, "client_name": "sta2"}
2026-06-25 13:15:28,020 - METRIC - INFO - {"loss": 0.0501365065574646, "accuracy": 0.982957661151886, "energy_consumption": null, "selected": false, "client_name": "sta9"}
2026-06-25 13:15:28,060 - METRIC - INFO - {"loss": 0.0584283173084259, "accuracy": 0.9829614758491516, "energy_consumption": null, "selected": false, "client_name": "sta0"}
2026-06-25 13:15:28,128 - METRIC - INFO - {"loss": 0.0420730859041214, "accuracy": 0.9875190258026123, "energy_consumption": null, "selected": false, "client_name": "sta6"}
2026-06-25 13:15:28,137 - METRIC - INFO - {"loss": 0.041526228189468384, "accuracy": 0.9864044189453125, "energy_consumption": null, "selected": false, "client_name": "sta3"}
2026-06-25 13:15:28,195 - METRIC - INFO - {"loss": 0.04242882877588272, "accuracy": 0.986127495765686, "energy_consumption": null, "selected": false, "client_name": "sta7"}
2026-06-25 13:15:28,253 - METRIC - INFO - {"loss": 0.03439212590456009, "accuracy": 0.9898139834403992, "energy_consumption": null, "selected": false, "client_name": "sta1"}
2026-06-25 13:15:28,330 - METRIC - INFO - {"loss": 0.055525727570056915, "accuracy": 0.9821190237998962, "energy_consumption": null, "selected": false, "client_name": "sta5"}
2026-06-25 13:15:28,491 - METRIC - INFO - mean_accuracy: 0.9841338937932794

2026-06-25 13:15:28,491 - METRIC - INFO - round: 20
2026-06-25 13:15:28,491 - METRIC - INFO - n_selected: 11
2026-06-25 13:15:28,491 - METRIC - INFO - {"selected_trainers": ["sta0", "sta1", "sta10", "sta2", "sta3", "sta4", "sta5", "sta6", "sta7", "sta8", "sta9"]}
2026-06-25 13:15:33,186 - EXECUT - INFO - received weights from trainer sta8!
2026-06-25 13:15:34,091 - EXECUT - INFO - received weights from trainer sta4!
2026-06-25 13:15:37,593 - EXECUT - INFO - received weights from trainer sta10!
2026-06-25 13:15:38,985 - EXECUT - INFO - received weights from trainer sta1!
2026-06-25 13:15:39,624 - EXECUT - INFO - received weights from trainer sta0!
2026-06-25 13:15:41,444 - EXECUT - INFO - received weights from trainer sta9!
2026-06-25 13:15:42,241 - EXECUT - INFO - received weights from trainer sta2!
2026-06-25 13:15:42,924 - EXECUT - INFO - received weights from trainer sta6!
2026-06-25 13:15:43,924 - EXECUT - INFO - received weights from trainer sta3!
2026-06-25 13:15:44,208 - EXECUT - INFO - received weights from trainer sta7!
2026-06-25 13:15:45,365 - EXECUT - INFO - received weights from trainer sta5!
2026-06-25 13:15:46,130 - EXECUT - INFO - sent aggregated weights to trainers!
2026-06-25 13:15:46,540 - METRIC - INFO - {"loss": 0.06342250853776932, "accuracy": 0.9777777791023254, "energy_consumption": null, "selected": false, "client_name": "sta4"}
2026-06-25 13:15:46,544 - METRIC - INFO - {"loss": 0.04850640520453453, "accuracy": 0.9819276928901672, "energy_consumption": null, "selected": false, "client_name": "sta8"}
2026-06-25 13:15:46,597 - METRIC - INFO - {"loss": 0.0478503443300724, "accuracy": 0.9842105507850647, "energy_consumption": null, "selected": false, "client_name": "sta10"}
2026-06-25 13:15:46,632 - METRIC - INFO - {"loss": 0.046305399388074875, "accuracy": 0.9843320250511169, "energy_consumption": null, "selected": false, "client_name": "sta9"}
2026-06-25 13:15:46,634 - METRIC - INFO - {"loss": 0.03340359777212143, "accuracy": 0.9898139834403992, "energy_consumption": null, "selected": false, "client_name": "sta1"}
2026-06-25 13:15:46,672 - METRIC - INFO - {"loss": 0.049895305186510086, "accuracy": 0.9854994416236877, "energy_consumption": null, "selected": false, "client_name": "sta2"}
2026-06-25 13:15:46,679 - METRIC - INFO - {"loss": 0.0555187426507473, "accuracy": 0.9825558066368103, "energy_consumption": null, "selected": false, "client_name": "sta0"}
2026-06-25 13:15:46,721 - METRIC - INFO - {"loss": 0.03991183638572693, "accuracy": 0.9875190258026123, "energy_consumption": null, "selected": false, "client_name": "sta6"}
2026-06-25 13:15:46,741 - METRIC - INFO - {"loss": 0.041669417172670364, "accuracy": 0.9855365753173828, "energy_consumption": null, "selected": false, "client_name": "sta3"}
2026-06-25 13:15:46,839 - METRIC - INFO - {"loss": 0.04817494377493858, "accuracy": 0.9839872121810913, "energy_consumption": null, "selected": false, "client_name": "sta5"}
2026-06-25 13:15:46,848 - METRIC - INFO - {"loss": 0.04266098886728287, "accuracy": 0.9864226579666138, "energy_consumption": null, "selected": false, "client_name": "sta7"}
2026-06-25 13:15:47,132 - METRIC - INFO - mean_accuracy: 0.984507522799752

2026-06-25 13:15:47,133 - METRIC - INFO - round: 21
2026-06-25 13:15:47,133 - METRIC - INFO - n_selected: 11
2026-06-25 13:15:47,133 - METRIC - INFO - {"selected_trainers": ["sta0", "sta1", "sta10", "sta2", "sta3", "sta4", "sta5", "sta6", "sta7", "sta8", "sta9"]}
2026-06-25 13:15:51,799 - EXECUT - INFO - received weights from trainer sta8!
2026-06-25 13:15:52,796 - EXECUT - INFO - received weights from trainer sta4!
2026-06-25 13:15:56,207 - EXECUT - INFO - received weights from trainer sta10!
2026-06-25 13:15:57,608 - EXECUT - INFO - received weights from trainer sta1!
2026-06-25 13:15:58,300 - EXECUT - INFO - received weights from trainer sta0!
2026-06-25 13:16:00,079 - EXECUT - INFO - received weights from trainer sta9!
2026-06-25 13:16:00,861 - EXECUT - INFO - received weights from trainer sta2!
2026-06-25 13:16:01,699 - EXECUT - INFO - received weights from trainer sta6!
2026-06-25 13:16:02,624 - EXECUT - INFO - received weights from trainer sta3!
2026-06-25 13:16:02,946 - EXECUT - INFO - received weights from trainer sta7!
2026-06-25 13:16:08,035 - EXECUT - INFO - received weights from trainer sta5!
2026-06-25 13:16:08,771 - EXECUT - INFO - sent aggregated weights to trainers!
2026-06-25 13:16:09,206 - METRIC - INFO - {"loss": 0.06232084333896637, "accuracy": 0.9777777791023254, "energy_consumption": null, "selected": false, "client_name": "sta4"}
2026-06-25 13:16:09,215 - METRIC - INFO - {"loss": 0.046827543526887894, "accuracy": 0.9836488962173462, "energy_consumption": null, "selected": false, "client_name": "sta8"}
2026-06-25 13:16:09,239 - METRIC - INFO - {"loss": 0.047155361622571945, "accuracy": 0.9850202202796936, "energy_consumption": null, "selected": false, "client_name": "sta10"}
2026-06-25 13:16:09,283 - METRIC - INFO - {"loss": 0.04607514664530754, "accuracy": 0.9848818182945251, "energy_consumption": null, "selected": false, "client_name": "sta9"}
2026-06-25 13:16:09,286 - METRIC - INFO - {"loss": 0.04821223020553589, "accuracy": 0.9852309226989746, "energy_consumption": null, "selected": false, "client_name": "sta2"}
2026-06-25 13:16:09,356 - METRIC - INFO - {"loss": 0.05558544769883156, "accuracy": 0.9845841526985168, "energy_consumption": null, "selected": false, "client_name": "sta0"}
2026-06-25 13:16:09,358 - METRIC - INFO - {"loss": 0.03162781521677971, "accuracy": 0.9902568459510803, "energy_consumption": null, "selected": false, "client_name": "sta1"}
2026-06-25 13:16:09,370 - METRIC - INFO - {"loss": 0.03990725800395012, "accuracy": 0.9875190258026123, "energy_consumption": null, "selected": false, "client_name": "sta6"}
2026-06-25 13:16:09,430 - METRIC - INFO - {"loss": 0.0408000610768795, "accuracy": 0.9861151576042175, "energy_consumption": null, "selected": false, "client_name": "sta3"}
2026-06-25 13:16:09,449 - METRIC - INFO - {"loss": 0.03933968394994736, "accuracy": 0.9870129823684692, "energy_consumption": null, "selected": false, "client_name": "sta7"}
2026-06-25 13:16:09,452 - METRIC - INFO - {"loss": 0.047190576791763306, "accuracy": 0.9845209717750549, "energy_consumption": null, "selected": false, "client_name": "sta5"}
2026-06-25 13:16:09,774 - METRIC - INFO - mean_accuracy: 0.9851426157084379

2026-06-25 13:16:09,774 - METRIC - INFO - round: 22
2026-06-25 13:16:09,774 - METRIC - INFO - n_selected: 11
2026-06-25 13:16:09,774 - METRIC - INFO - {"selected_trainers": ["sta0", "sta1", "sta10", "sta2", "sta3", "sta4", "sta5", "sta6", "sta7", "sta8", "sta9"]}
2026-06-25 13:16:14,474 - EXECUT - INFO - received weights from trainer sta8!
2026-06-25 13:16:15,129 - EXECUT - INFO - received weights from trainer sta4!
2026-06-25 13:16:18,821 - EXECUT - INFO - received weights from trainer sta10!
2026-06-25 13:16:20,206 - EXECUT - INFO - received weights from trainer sta1!
2026-06-25 13:16:20,802 - EXECUT - INFO - received weights from trainer sta0!
2026-06-25 13:16:22,759 - EXECUT - INFO - received weights from trainer sta9!
2026-06-25 13:16:23,468 - EXECUT - INFO - received weights from trainer sta2!
2026-06-25 13:16:24,282 - EXECUT - INFO - received weights from trainer sta6!
2026-06-25 13:16:25,316 - EXECUT - INFO - received weights from trainer sta3!
2026-06-25 13:16:25,528 - EXECUT - INFO - received weights from trainer sta7!
2026-06-25 13:16:26,612 - EXECUT - INFO - received weights from trainer sta5!
2026-06-25 13:16:27,413 - EXECUT - INFO - sent aggregated weights to trainers!
2026-06-25 13:16:27,803 - METRIC - INFO - {"loss": 0.06028815731406212, "accuracy": 0.9777777791023254, "energy_consumption": null, "selected": false, "client_name": "sta4"}
2026-06-25 13:16:27,811 - METRIC - INFO - {"loss": 0.045296281576156616, "accuracy": 0.9845094680786133, "energy_consumption": null, "selected": false, "client_name": "sta8"}
2026-06-25 13:16:27,863 - METRIC - INFO - {"loss": 0.04662294685840607, "accuracy": 0.9842105507850647, "energy_consumption": null, "selected": false, "client_name": "sta10"}
2026-06-25 13:16:27,922 - METRIC - INFO - {"loss": 0.06781154125928879, "accuracy": 0.978559672832489, "energy_consumption": null, "selected": false, "client_name": "sta9"}
2026-06-25 13:16:27,925 - METRIC - INFO - {"loss": 0.04655309394001961, "accuracy": 0.9857680201530457, "energy_consumption": null, "selected": false, "client_name": "sta2"}
2026-06-25 13:16:27,944 - METRIC - INFO - {"loss": 0.030924372375011444, "accuracy": 0.9906997084617615, "energy_consumption": null, "selected": false, "client_name": "sta1"}
2026-06-25 13:16:27,950 - METRIC - INFO - {"loss": 0.054306238889694214, "accuracy": 0.9833671450614929, "energy_consumption": null, "selected": false, "client_name": "sta0"}
2026-06-25 13:16:27,964 - METRIC - INFO - {"loss": 0.03869684785604477, "accuracy": 0.9884322881698608, "energy_consumption": null, "selected": false, "client_name": "sta6"}
2026-06-25 13:16:28,000 - METRIC - INFO - {"loss": 0.041451241821050644, "accuracy": 0.9864226579666138, "energy_consumption": null, "selected": false, "client_name": "sta7"}
2026-06-25 13:16:28,003 - METRIC - INFO - {"loss": 0.03774690255522728, "accuracy": 0.9881399869918823, "energy_consumption": null, "selected": false, "client_name": "sta3"}
2026-06-25 13:16:28,091 - METRIC - INFO - {"loss": 0.046958427876234055, "accuracy": 0.9839872121810913, "energy_consumption": null, "selected": false, "client_name": "sta5"}
2026-06-25 13:16:28,415 - METRIC - INFO - mean_accuracy: 0.9847158627076582

2026-06-25 13:16:28,415 - METRIC - INFO - round: 23
2026-06-25 13:16:28,415 - METRIC - INFO - n_selected: 11
2026-06-25 13:16:28,415 - METRIC - INFO - {"selected_trainers": ["sta0", "sta1", "sta10", "sta2", "sta3", "sta4", "sta5", "sta6", "sta7", "sta8", "sta9"]}
2026-06-25 13:16:33,119 - EXECUT - INFO - received weights from trainer sta8!
2026-06-25 13:16:33,775 - EXECUT - INFO - received weights from trainer sta4!
2026-06-25 13:16:37,542 - EXECUT - INFO - received weights from trainer sta10!
2026-06-25 13:16:38,905 - EXECUT - INFO - received weights from trainer sta1!
2026-06-25 13:16:39,512 - EXECUT - INFO - received weights from trainer sta0!
2026-06-25 13:16:41,409 - EXECUT - INFO - received weights from trainer sta9!
2026-06-25 13:16:42,129 - EXECUT - INFO - received weights from trainer sta2!
2026-06-25 13:16:42,862 - EXECUT - INFO - received weights from trainer sta6!
2026-06-25 13:16:43,922 - EXECUT - INFO - received weights from trainer sta3!
2026-06-25 13:16:44,221 - EXECUT - INFO - received weights from trainer sta7!
2026-06-25 13:16:45,281 - EXECUT - INFO - received weights from trainer sta5!
2026-06-25 13:16:46,069 - EXECUT - INFO - sent aggregated weights to trainers!
2026-06-25 13:16:46,461 - METRIC - INFO - {"loss": 0.05828462168574333, "accuracy": 0.9777777791023254, "energy_consumption": null, "selected": false, "client_name": "sta4"}
2026-06-25 13:16:46,497 - METRIC - INFO - {"loss": 0.043756309896707535, "accuracy": 0.9853700399398804, "energy_consumption": null, "selected": false, "client_name": "sta8"}
2026-06-25 13:16:46,548 - METRIC - INFO - {"loss": 0.044991787523031235, "accuracy": 0.9838056564331055, "energy_consumption": null, "selected": false, "client_name": "sta10"}
2026-06-25 13:16:46,596 - METRIC - INFO - {"loss": 0.05313754826784134, "accuracy": 0.9814715385437012, "energy_consumption": null, "selected": false, "client_name": "sta2"}
2026-06-25 13:16:46,605 - METRIC - INFO - {"loss": 0.030693942680954933, "accuracy": 0.9902568459510803, "energy_consumption": null, "selected": false, "client_name": "sta1"}
2026-06-25 13:16:46,605 - METRIC - INFO - {"loss": 0.04283098876476288, "accuracy": 0.9857064485549927, "energy_consumption": null, "selected": false, "client_name": "sta9"}
2026-06-25 13:16:46,624 - METRIC - INFO - {"loss": 0.0527917817234993, "accuracy": 0.9833671450614929, "energy_consumption": null, "selected": false, "client_name": "sta0"}
2026-06-25 13:16:46,645 - METRIC - INFO - {"loss": 0.037404097616672516, "accuracy": 0.9884292483329773, "energy_consumption": null, "selected": false, "client_name": "sta3"}
2026-06-25 13:16:46,664 - METRIC - INFO - {"loss": 0.03750006854534149, "accuracy": 0.9887366890907288, "energy_consumption": null, "selected": false, "client_name": "sta6"}
2026-06-25 13:16:46,753 - METRIC - INFO - {"loss": 0.03846802935004234, "accuracy": 0.9867178201675415, "energy_consumption": null, "selected": false, "client_name": "sta7"}
2026-06-25 13:16:46,758 - METRIC - INFO - {"loss": 0.04498199746012688, "accuracy": 0.9850547313690186, "energy_consumption": null, "selected": false, "client_name": "sta5"}
2026-06-25 13:16:47,072 - METRIC - INFO - mean_accuracy: 0.9851539947769858

2026-06-25 13:16:47,072 - METRIC - INFO - round: 24
2026-06-25 13:16:47,072 - METRIC - INFO - n_selected: 11
2026-06-25 13:16:47,072 - METRIC - INFO - {"selected_trainers": ["sta0", "sta1", "sta10", "sta2", "sta3", "sta4", "sta5", "sta6", "sta7", "sta8", "sta9"]}
2026-06-25 13:16:51,764 - EXECUT - INFO - received weights from trainer sta8!
2026-06-25 13:16:52,473 - EXECUT - INFO - received weights from trainer sta4!
2026-06-25 13:16:56,286 - EXECUT - INFO - received weights from trainer sta10!
2026-06-25 13:16:57,401 - EXECUT - INFO - received weights from trainer sta1!
2026-06-25 13:16:58,051 - EXECUT - INFO - received weights from trainer sta0!
2026-06-25 13:16:59,952 - EXECUT - INFO - received weights from trainer sta2!
2026-06-25 13:17:00,034 - EXECUT - INFO - received weights from trainer sta9!
2026-06-25 13:17:01,296 - EXECUT - INFO - received weights from trainer sta6!
2026-06-25 13:17:02,395 - EXECUT - INFO - received weights from trainer sta3!
2026-06-25 13:17:02,854 - EXECUT - INFO - received weights from trainer sta7!
2026-06-25 13:17:03,891 - EXECUT - INFO - received weights from trainer sta5!
2026-06-25 13:17:04,692 - EXECUT - INFO - sent aggregated weights to trainers!
2026-06-25 13:17:05,064 - METRIC - INFO - {"loss": 0.05671443045139313, "accuracy": 0.9791666865348816, "energy_consumption": null, "selected": false, "client_name": "sta4"}
2026-06-25 13:17:05,113 - METRIC - INFO - {"loss": 0.043712299317121506, "accuracy": 0.9845094680786133, "energy_consumption": null, "selected": false, "client_name": "sta8"}
2026-06-25 13:17:05,167 - METRIC - INFO - {"loss": 0.04561129957437515, "accuracy": 0.9858299493789673, "energy_consumption": null, "selected": false, "client_name": "sta10"}
2026-06-25 13:17:05,171 - METRIC - INFO - {"loss": 0.04531005397439003, "accuracy": 0.9863050580024719, "energy_consumption": null, "selected": false, "client_name": "sta2"}
2026-06-25 13:17:05,221 - METRIC - INFO - {"loss": 0.04190768301486969, "accuracy": 0.985981285572052, "energy_consumption": null, "selected": false, "client_name": "sta9"}
2026-06-25 13:17:05,251 - METRIC - INFO - {"loss": 0.05321794003248215, "accuracy": 0.9845841526985168, "energy_consumption": null, "selected": false, "client_name": "sta0"}
2026-06-25 13:17:05,263 - METRIC - INFO - {"loss": 0.036143120378255844, "accuracy": 0.9890410900115967, "energy_consumption": null, "selected": false, "client_name": "sta6"}
2026-06-25 13:17:05,293 - METRIC - INFO - {"loss": 0.0294802263379097, "accuracy": 0.9906997084617615, "energy_consumption": null, "selected": false, "client_name": "sta1"}
2026-06-25 13:17:05,335 - METRIC - INFO - {"loss": 0.04046590253710747, "accuracy": 0.9861151576042175, "energy_consumption": null, "selected": false, "client_name": "sta3"}
2026-06-25 13:17:05,367 - METRIC - INFO - {"loss": 0.03730861842632294, "accuracy": 0.9881936311721802, "energy_consumption": null, "selected": false, "client_name": "sta7"}
2026-06-25 13:17:05,396 - METRIC - INFO - {"loss": 0.04470367357134819, "accuracy": 0.985321581363678, "energy_consumption": null, "selected": false, "client_name": "sta5"}
2026-06-25 13:17:05,694 - METRIC - INFO - mean_accuracy: 0.9859770698980852

2026-06-25 13:17:05,694 - METRIC - INFO - round: 25
2026-06-25 13:17:05,694 - METRIC - INFO - n_selected: 11
2026-06-25 13:17:05,694 - METRIC - INFO - {"selected_trainers": ["sta0", "sta1", "sta10", "sta2", "sta3", "sta4", "sta5", "sta6", "sta7", "sta8", "sta9"]}
2026-06-25 13:17:10,376 - EXECUT - INFO - received weights from trainer sta8!
2026-06-25 13:17:10,903 - EXECUT - INFO - received weights from trainer sta4!
2026-06-25 13:17:14,801 - EXECUT - INFO - received weights from trainer sta10!
2026-06-25 13:17:16,001 - EXECUT - INFO - received weights from trainer sta1!
2026-06-25 13:17:18,709 - EXECUT - INFO - received weights from trainer sta9!
2026-06-25 13:17:19,955 - EXECUT - INFO - received weights from trainer sta6!
2026-06-25 13:17:20,236 - EXECUT - INFO - received weights from trainer sta3!
2026-06-25 13:17:21,377 - EXECUT - INFO - received weights from trainer sta7!
2026-06-25 13:17:22,177 - EXECUT - INFO - received weights from trainer sta5!
2026-06-25 13:17:26,358 - EXECUT - INFO - received weights from trainer sta0!
2026-06-25 13:17:26,460 - EXECUT - INFO - received weights from trainer sta2!
2026-06-25 13:17:27,346 - EXECUT - INFO - sent aggregated weights to trainers!
2026-06-25 13:17:27,741 - METRIC - INFO - {"loss": 0.05663155019283295, "accuracy": 0.980555534362793, "energy_consumption": null, "selected": false, "client_name": "sta4"}
2026-06-25 13:17:27,759 - METRIC - INFO - {"loss": 0.041266266256570816, "accuracy": 0.9870912432670593, "energy_consumption": null, "selected": false, "client_name": "sta8"}
2026-06-25 13:17:27,810 - METRIC - INFO - {"loss": 0.044947683811187744, "accuracy": 0.9846153855323792, "energy_consumption": null, "selected": false, "client_name": "sta10"}
2026-06-25 13:17:27,844 - METRIC - INFO - {"loss": 0.04377967491745949, "accuracy": 0.9865735769271851, "energy_consumption": null, "selected": false, "client_name": "sta2"}
2026-06-25 13:17:27,875 - METRIC - INFO - {"loss": 0.04174913465976715, "accuracy": 0.985981285572052, "energy_consumption": null, "selected": false, "client_name": "sta9"}
2026-06-25 13:17:27,894 - METRIC - INFO - {"loss": 0.036561332643032074, "accuracy": 0.9890410900115967, "energy_consumption": null, "selected": false, "client_name": "sta6"}
2026-06-25 13:17:27,912 - METRIC - INFO - {"loss": 0.03699692338705063, "accuracy": 0.989007830619812, "energy_consumption": null, "selected": false, "client_name": "sta3"}
2026-06-25 13:17:27,934 - METRIC - INFO - {"loss": 0.03789212927222252, "accuracy": 0.987308144569397, "energy_consumption": null, "selected": false, "client_name": "sta7"}
2026-06-25 13:17:27,943 - METRIC - INFO - {"loss": 0.03030167706310749, "accuracy": 0.9920283555984497, "energy_consumption": null, "selected": false, "client_name": "sta1"}
2026-06-25 13:17:27,973 - METRIC - INFO - {"loss": 0.04384315386414528, "accuracy": 0.9847878217697144, "energy_consumption": null, "selected": false, "client_name": "sta5"}
2026-06-25 13:17:28,003 - METRIC - INFO - {"loss": 0.05085122585296631, "accuracy": 0.9849898815155029, "energy_consumption": null, "selected": false, "client_name": "sta0"}
2026-06-25 13:17:28,349 - METRIC - INFO - mean_accuracy: 0.9865436499769037

2026-06-25 13:17:28,349 - METRIC - INFO - round: 26
2026-06-25 13:17:28,349 - METRIC - INFO - n_selected: 11
2026-06-25 13:17:28,349 - METRIC - INFO - {"selected_trainers": ["sta0", "sta1", "sta10", "sta2", "sta3", "sta4", "sta5", "sta6", "sta7", "sta8", "sta9"]}
2026-06-25 13:17:33,054 - EXECUT - INFO - received weights from trainer sta8!
2026-06-25 13:17:33,588 - EXECUT - INFO - received weights from trainer sta4!
2026-06-25 13:17:37,419 - EXECUT - INFO - received weights from trainer sta10!
2026-06-25 13:17:38,605 - EXECUT - INFO - received weights from trainer sta1!
2026-06-25 13:17:38,827 - EXECUT - INFO - received weights from trainer sta0!
2026-06-25 13:17:41,188 - EXECUT - INFO - received weights from trainer sta2!
2026-06-25 13:17:41,342 - EXECUT - INFO - received weights from trainer sta9!
2026-06-25 13:17:42,546 - EXECUT - INFO - received weights from trainer sta6!
2026-06-25 13:17:42,824 - EXECUT - INFO - received weights from trainer sta3!
2026-06-25 13:17:44,023 - EXECUT - INFO - received weights from trainer sta7!
2026-06-25 13:17:44,693 - EXECUT - INFO - received weights from trainer sta5!
2026-06-25 13:17:46,017 - EXECUT - INFO - sent aggregated weights to trainers!
2026-06-25 13:17:46,407 - METRIC - INFO - {"loss": 0.05505187809467316, "accuracy": 0.981249988079071, "energy_consumption": null, "selected": false, "client_name": "sta4"}
2026-06-25 13:17:46,460 - METRIC - INFO - {"loss": 0.045045156031847, "accuracy": 0.983400821685791, "energy_consumption": null, "selected": false, "client_name": "sta10"}
2026-06-25 13:17:46,498 - METRIC - INFO - {"loss": 0.045166097581386566, "accuracy": 0.9863050580024719, "energy_consumption": null, "selected": false, "client_name": "sta2"}
2026-06-25 13:17:46,519 - METRIC - INFO - {"loss": 0.0423547737300396, "accuracy": 0.9848818182945251, "energy_consumption": null, "selected": false, "client_name": "sta9"}
2026-06-25 13:17:46,520 - METRIC - INFO - {"loss": 0.04112757742404938, "accuracy": 0.9862306118011475, "energy_consumption": null, "selected": false, "client_name": "sta8"}
2026-06-25 13:17:46,532 - METRIC - INFO - {"loss": 0.03756812959909439, "accuracy": 0.9899543523788452, "energy_consumption": null, "selected": false, "client_name": "sta6"}
2026-06-25 13:17:46,553 - METRIC - INFO - {"loss": 0.052906908094882965, "accuracy": 0.9837728142738342, "energy_consumption": null, "selected": false, "client_name": "sta0"}
2026-06-25 13:17:46,595 - METRIC - INFO - {"loss": 0.0362035408616066, "accuracy": 0.9878507256507874, "energy_consumption": null, "selected": false, "client_name": "sta3"}
2026-06-25 13:17:46,600 - METRIC - INFO - {"loss": 0.028145989403128624, "accuracy": 0.9915854930877686, "energy_consumption": null, "selected": false, "client_name": "sta1"}
2026-06-25 13:17:46,658 - METRIC - INFO - {"loss": 0.043237973004579544, "accuracy": 0.9855884909629822, "energy_consumption": null, "selected": false, "client_name": "sta5"}
2026-06-25 13:17:46,666 - METRIC - INFO - {"loss": 0.038160987198352814, "accuracy": 0.9876033067703247, "energy_consumption": null, "selected": false, "client_name": "sta7"}
2026-06-25 13:17:47,018 - METRIC - INFO - mean_accuracy: 0.9862203164534136

2026-06-25 13:17:47,019 - METRIC - INFO - round: 27
2026-06-25 13:17:47,019 - METRIC - INFO - n_selected: 11
2026-06-25 13:17:47,019 - METRIC - INFO - {"selected_trainers": ["sta0", "sta1", "sta10", "sta2", "sta3", "sta4", "sta5", "sta6", "sta7", "sta8", "sta9"]}
2026-06-25 13:17:51,708 - EXECUT - INFO - received weights from trainer sta8!
2026-06-25 13:17:51,994 - EXECUT - INFO - received weights from trainer sta4!
2026-06-25 13:17:55,948 - EXECUT - INFO - received weights from trainer sta10!
2026-06-25 13:17:57,289 - EXECUT - INFO - received weights from trainer sta1!
2026-06-25 13:17:57,505 - EXECUT - INFO - received weights from trainer sta0!
2026-06-25 13:17:59,760 - EXECUT - INFO - received weights from trainer sta9!
2026-06-25 13:17:59,908 - EXECUT - INFO - received weights from trainer sta2!
2026-06-25 13:18:00,379 - EXECUT - INFO - received weights from trainer sta6!
2026-06-25 13:18:01,554 - EXECUT - INFO - received weights from trainer sta3!
2026-06-25 13:18:02,338 - EXECUT - INFO - received weights from trainer sta7!
2026-06-25 13:18:02,945 - EXECUT - INFO - received weights from trainer sta5!
2026-06-25 13:18:03,654 - EXECUT - INFO - sent aggregated weights to trainers!
2026-06-25 13:18:04,014 - METRIC - INFO - {"loss": 0.05390109494328499, "accuracy": 0.9826388955116272, "energy_consumption": null, "selected": false, "client_name": "sta4"}
2026-06-25 13:18:04,059 - METRIC - INFO - {"loss": 0.03978035971522331, "accuracy": 0.9870912432670593, "energy_consumption": null, "selected": false, "client_name": "sta8"}
2026-06-25 13:18:04,117 - METRIC - INFO - {"loss": 0.044289905577898026, "accuracy": 0.9842105507850647, "energy_consumption": null, "selected": false, "client_name": "sta10"}
2026-06-25 13:18:04,130 - METRIC - INFO - {"loss": 0.043742094188928604, "accuracy": 0.9841568470001221, "energy_consumption": null, "selected": false, "client_name": "sta2"}
2026-06-25 13:18:04,159 - METRIC - INFO - {"loss": 0.04036331549286842, "accuracy": 0.9862561821937561, "energy_consumption": null, "selected": false, "client_name": "sta9"}
2026-06-25 13:18:04,203 - METRIC - INFO - {"loss": 0.03445902094244957, "accuracy": 0.9896499514579773, "energy_consumption": null, "selected": false, "client_name": "sta6"}
2026-06-25 13:18:04,211 - METRIC - INFO - {"loss": 0.05113561078906059, "accuracy": 0.9845841526985168, "energy_consumption": null, "selected": false, "client_name": "sta0"}
2026-06-25 13:18:04,249 - METRIC - INFO - {"loss": 0.028062157332897186, "accuracy": 0.9924712181091309, "energy_consumption": null, "selected": false, "client_name": "sta1"}
2026-06-25 13:18:04,259 - METRIC - INFO - {"loss": 0.03445088863372803, "accuracy": 0.989007830619812, "energy_consumption": null, "selected": false, "client_name": "sta3"}
2026-06-25 13:18:04,312 - METRIC - INFO - {"loss": 0.034969981759786606, "accuracy": 0.9887839555740356, "energy_consumption": null, "selected": false, "client_name": "sta7"}
2026-06-25 13:18:04,318 - METRIC - INFO - {"loss": 0.041712768375873566, "accuracy": 0.9861222505569458, "energy_consumption": null, "selected": false, "client_name": "sta5"}
2026-06-25 13:18:04,657 - METRIC - INFO - mean_accuracy: 0.9868157343430952

2026-06-25 13:18:04,657 - METRIC - INFO - round: 28
2026-06-25 13:18:04,657 - METRIC - INFO - n_selected: 11
2026-06-25 13:18:04,657 - METRIC - INFO - {"selected_trainers": ["sta0", "sta1", "sta10", "sta2", "sta3", "sta4", "sta5", "sta6", "sta7", "sta8", "sta9"]}
2026-06-25 13:18:09,310 - EXECUT - INFO - received weights from trainer sta8!
2026-06-25 13:18:09,622 - EXECUT - INFO - received weights from trainer sta4!
2026-06-25 13:18:13,593 - EXECUT - INFO - received weights from trainer sta10!
2026-06-25 13:18:14,825 - EXECUT - INFO - received weights from trainer sta1!
2026-06-25 13:18:15,150 - EXECUT - INFO - received weights from trainer sta0!
2026-06-25 13:18:17,098 - EXECUT - INFO - received weights from trainer sta2!
2026-06-25 13:18:17,355 - EXECUT - INFO - received weights from trainer sta9!
2026-06-25 13:18:17,977 - EXECUT - INFO - received weights from trainer sta6!
2026-06-25 13:18:19,191 - EXECUT - INFO - received weights from trainer sta3!
2026-06-25 13:18:20,056 - EXECUT - INFO - received weights from trainer sta7!
2026-06-25 13:18:20,498 - EXECUT - INFO - received weights from trainer sta5!
2026-06-25 13:18:21,201 - EXECUT - INFO - sent aggregated weights to trainers!
2026-06-25 13:18:21,563 - METRIC - INFO - {"loss": 0.05394619703292847, "accuracy": 0.981249988079071, "energy_consumption": null, "selected": false, "client_name": "sta4"}
2026-06-25 13:18:21,648 - METRIC - INFO - {"loss": 0.040142714977264404, "accuracy": 0.9870912432670593, "energy_consumption": null, "selected": false, "client_name": "sta8"}
2026-06-25 13:18:21,765 - METRIC - INFO - {"loss": 0.03446763753890991, "accuracy": 0.9890410900115967, "energy_consumption": null, "selected": false, "client_name": "sta6"}
2026-06-25 13:18:21,767 - METRIC - INFO - {"loss": 0.02791193313896656, "accuracy": 0.9911426305770874, "energy_consumption": null, "selected": false, "client_name": "sta1"}
2026-06-25 13:18:21,773 - METRIC - INFO - {"loss": 0.041929665952920914, "accuracy": 0.9863050580024719, "energy_consumption": null, "selected": false, "client_name": "sta2"}
2026-06-25 13:18:21,795 - METRIC - INFO - {"loss": 0.04252305254340172, "accuracy": 0.9862348437309265, "energy_consumption": null, "selected": false, "client_name": "sta10"}
2026-06-25 13:18:21,843 - METRIC - INFO - {"loss": 0.04039361700415611, "accuracy": 0.9865310788154602, "energy_consumption": null, "selected": false, "client_name": "sta9"}
2026-06-25 13:18:21,872 - METRIC - INFO - {"loss": 0.05098862200975418, "accuracy": 0.9837728142738342, "energy_consumption": null, "selected": false, "client_name": "sta0"}
2026-06-25 13:18:21,873 - METRIC - INFO - {"loss": 0.035798922181129456, "accuracy": 0.9876033067703247, "energy_consumption": null, "selected": false, "client_name": "sta7"}
2026-06-25 13:18:21,873 - METRIC - INFO - {"loss": 0.042237814515829086, "accuracy": 0.9869228601455688, "energy_consumption": null, "selected": false, "client_name": "sta5"}
2026-06-25 13:18:21,948 - METRIC - INFO - {"loss": 0.04230711981654167, "accuracy": 0.9866936802864075, "energy_consumption": null, "selected": false, "client_name": "sta3"}
2026-06-25 13:18:22,204 - METRIC - INFO - mean_accuracy: 0.9865989630872553

2026-06-25 13:18:22,204 - METRIC - INFO - round: 29
2026-06-25 13:18:22,204 - METRIC - INFO - n_selected: 11
2026-06-25 13:18:22,204 - METRIC - INFO - {"selected_trainers": ["sta0", "sta1", "sta10", "sta2", "sta3", "sta4", "sta5", "sta6", "sta7", "sta8", "sta9"]}
2026-06-25 13:18:26,809 - EXECUT - INFO - received weights from trainer sta8!
2026-06-25 13:18:27,149 - EXECUT - INFO - received weights from trainer sta4!
2026-06-25 13:18:31,163 - EXECUT - INFO - received weights from trainer sta10!
2026-06-25 13:18:32,498 - EXECUT - INFO - received weights from trainer sta1!
2026-06-25 13:18:32,682 - EXECUT - INFO - received weights from trainer sta0!
2026-06-25 13:18:34,704 - EXECUT - INFO - received weights from trainer sta2!
2026-06-25 13:18:34,917 - EXECUT - INFO - received weights from trainer sta9!
2026-06-25 13:18:35,495 - EXECUT - INFO - received weights from trainer sta6!
2026-06-25 13:18:36,678 - EXECUT - INFO - received weights from trainer sta3!
2026-06-25 13:18:37,486 - EXECUT - INFO - received weights from trainer sta7!
2026-06-25 13:18:38,033 - EXECUT - INFO - received weights from trainer sta5!
2026-06-25 13:18:38,708 - EXECUT - INFO - sent aggregated weights to trainers!
2026-06-25 13:18:39,060 - METRIC - INFO - {"loss": 0.05270380899310112, "accuracy": 0.9833333492279053, "energy_consumption": null, "selected": false, "client_name": "sta4"}
2026-06-25 13:18:39,110 - METRIC - INFO - {"loss": 0.0385044626891613, "accuracy": 0.9879518151283264, "energy_consumption": null, "selected": false, "client_name": "sta8"}
2026-06-25 13:18:39,162 - METRIC - INFO - {"loss": 0.04177344962954521, "accuracy": 0.9846938848495483, "energy_consumption": null, "selected": false, "client_name": "sta2"}
2026-06-25 13:18:39,171 - METRIC - INFO - {"loss": 0.0433051623404026, "accuracy": 0.9858299493789673, "energy_consumption": null, "selected": false, "client_name": "sta10"}
2026-06-25 13:18:39,202 - METRIC - INFO - {"loss": 0.03792953118681908, "accuracy": 0.9862561821937561, "energy_consumption": null, "selected": false, "client_name": "sta9"}
2026-06-25 13:18:39,269 - METRIC - INFO - {"loss": 0.034015409648418427, "accuracy": 0.9902587532997131, "energy_consumption": null, "selected": false, "client_name": "sta6"}
2026-06-25 13:18:39,304 - METRIC - INFO - {"loss": 0.02742873691022396, "accuracy": 0.9915854930877686, "energy_consumption": null, "selected": false, "client_name": "sta1"}
2026-06-25 13:18:39,308 - METRIC - INFO - {"loss": 0.033414676785469055, "accuracy": 0.989297091960907, "energy_consumption": null, "selected": false, "client_name": "sta3"}
2026-06-25 13:18:39,361 - METRIC - INFO - {"loss": 0.041728124022483826, "accuracy": 0.9866560101509094, "energy_consumption": null, "selected": false, "client_name": "sta5"}
2026-06-25 13:18:39,392 - METRIC - INFO - {"loss": 0.05025980621576309, "accuracy": 0.9833671450614929, "energy_consumption": null, "selected": false, "client_name": "sta0"}
2026-06-25 13:18:39,403 - METRIC - INFO - {"loss": 0.03467612713575363, "accuracy": 0.9884887933731079, "energy_consumption": null, "selected": false, "client_name": "sta7"}
2026-06-25 13:18:39,711 - METRIC - INFO - mean_accuracy: 0.987065315246582

2026-06-25 13:18:39,711 - METRIC - INFO - round: 30
2026-06-25 13:18:39,712 - METRIC - INFO - n_selected: 11
2026-06-25 13:18:39,712 - METRIC - INFO - {"selected_trainers": ["sta0", "sta1", "sta10", "sta2", "sta3", "sta4", "sta5", "sta6", "sta7", "sta8", "sta9"]}
2026-06-25 13:18:44,235 - EXECUT - INFO - received weights from trainer sta8!
2026-06-25 13:18:44,555 - EXECUT - INFO - received weights from trainer sta4!
2026-06-25 13:18:48,295 - EXECUT - INFO - received weights from trainer sta10!
2026-06-25 13:18:49,489 - EXECUT - INFO - received weights from trainer sta1!
2026-06-25 13:18:49,699 - EXECUT - INFO - received weights from trainer sta0!
2026-06-25 13:18:51,701 - EXECUT - INFO - received weights from trainer sta2!
2026-06-25 13:18:51,872 - EXECUT - INFO - received weights from trainer sta9!
2026-06-25 13:18:52,837 - EXECUT - INFO - received weights from trainer sta6!
2026-06-25 13:18:53,583 - EXECUT - INFO - received weights from trainer sta3!
2026-06-25 13:18:54,535 - EXECUT - INFO - received weights from trainer sta7!
2026-06-25 13:18:55,364 - EXECUT - INFO - received weights from trainer sta5!
2026-06-25 13:18:56,302 - EXECUT - INFO - sent aggregated weights to trainers!
2026-06-25 13:18:56,656 - METRIC - INFO - {"loss": 0.05158863216638565, "accuracy": 0.9826388955116272, "energy_consumption": null, "selected": false, "client_name": "sta4"}
2026-06-25 13:18:56,682 - METRIC - INFO - {"loss": 0.03798479959368706, "accuracy": 0.9879518151283264, "energy_consumption": null, "selected": false, "client_name": "sta8"}
2026-06-25 13:18:56,744 - METRIC - INFO - {"loss": 0.04316036030650139, "accuracy": 0.9846153855323792, "energy_consumption": null, "selected": false, "client_name": "sta10"}
2026-06-25 13:18:56,758 - METRIC - INFO - {"loss": 0.028396008536219597, "accuracy": 0.9911426305770874, "energy_consumption": null, "selected": false, "client_name": "sta1"}
2026-06-25 13:18:56,766 - METRIC - INFO - {"loss": 0.039690982550382614, "accuracy": 0.9873791337013245, "energy_consumption": null, "selected": false, "client_name": "sta2"}
2026-06-25 13:18:56,771 - METRIC - INFO - {"loss": 0.04179123789072037, "accuracy": 0.9862561821937561, "energy_consumption": null, "selected": false, "client_name": "sta9"}
2026-06-25 13:18:56,793 - METRIC - INFO - {"loss": 0.06350398063659668, "accuracy": 0.9813387393951416, "energy_consumption": null, "selected": false, "client_name": "sta0"}
2026-06-25 13:18:56,793 - METRIC - INFO - {"loss": 0.03203367069363594, "accuracy": 0.989586353302002, "energy_consumption": null, "selected": false, "client_name": "sta3"}
2026-06-25 13:18:56,835 - METRIC - INFO - {"loss": 0.03551322966814041, "accuracy": 0.9887366890907288, "energy_consumption": null, "selected": false, "client_name": "sta6"}
2026-06-25 13:18:56,937 - METRIC - INFO - {"loss": 0.03555825352668762, "accuracy": 0.9878984689712524, "energy_consumption": null, "selected": false, "client_name": "sta7"}
2026-06-25 13:18:56,943 - METRIC - INFO - {"loss": 0.04024089500308037, "accuracy": 0.9869228601455688, "energy_consumption": null, "selected": false, "client_name": "sta5"}
2026-06-25 13:18:57,304 - METRIC - INFO - mean_accuracy: 0.986769741231745

2026-06-25 13:18:57,305 - METRIC - INFO - round: 31
2026-06-25 13:18:57,305 - METRIC - INFO - n_selected: 11
2026-06-25 13:18:57,305 - METRIC - INFO - {"selected_trainers": ["sta0", "sta1", "sta10", "sta2", "sta3", "sta4", "sta5", "sta6", "sta7", "sta8", "sta9"]}
2026-06-25 13:19:01,759 - EXECUT - INFO - received weights from trainer sta8!
2026-06-25 13:19:02,095 - EXECUT - INFO - received weights from trainer sta4!
2026-06-25 13:19:05,833 - EXECUT - INFO - received weights from trainer sta10!
2026-06-25 13:19:07,204 - EXECUT - INFO - received weights from trainer sta1!
2026-06-25 13:19:07,331 - EXECUT - INFO - received weights from trainer sta0!
2026-06-25 13:19:09,143 - EXECUT - INFO - received weights from trainer sta2!
2026-06-25 13:19:09,445 - EXECUT - INFO - received weights from trainer sta9!
2026-06-25 13:19:10,454 - EXECUT - INFO - received weights from trainer sta6!
2026-06-25 13:19:11,196 - EXECUT - INFO - received weights from trainer sta3!
2026-06-25 13:19:12,160 - EXECUT - INFO - received weights from trainer sta7!
2026-06-25 13:19:18,175 - EXECUT - INFO - received weights from trainer sta5!
2026-06-25 13:19:18,787 - EXECUT - INFO - sent aggregated weights to trainers!
2026-06-25 13:19:19,154 - METRIC - INFO - {"loss": 0.03764922171831131, "accuracy": 0.9862306118011475, "energy_consumption": null, "selected": false, "client_name": "sta8"}
2026-06-25 13:19:19,209 - METRIC - INFO - {"loss": 0.04223617538809776, "accuracy": 0.9858299493789673, "energy_consumption": null, "selected": false, "client_name": "sta10"}
2026-06-25 13:19:19,215 - METRIC - INFO - {"loss": 0.0515318401157856, "accuracy": 0.9845841526985168, "energy_consumption": null, "selected": false, "client_name": "sta0"}
2026-06-25 13:19:19,230 - METRIC - INFO - {"loss": 0.02684568054974079, "accuracy": 0.9920283555984497, "energy_consumption": null, "selected": false, "client_name": "sta1"}
2026-06-25 13:19:19,249 - METRIC - INFO - {"loss": 0.040919382125139236, "accuracy": 0.9849624037742615, "energy_consumption": null, "selected": false, "client_name": "sta2"}
2026-06-25 13:19:19,251 - METRIC - INFO - {"loss": 0.03741675242781639, "accuracy": 0.9868059158325195, "energy_consumption": null, "selected": false, "client_name": "sta9"}
2026-06-25 13:19:19,255 - METRIC - INFO - {"loss": 0.05140174180269241, "accuracy": 0.9826388955116272, "energy_consumption": null, "selected": false, "client_name": "sta4"}
2026-06-25 13:19:19,326 - METRIC - INFO - {"loss": 0.041241034865379333, "accuracy": 0.9855884909629822, "energy_consumption": null, "selected": false, "client_name": "sta5"}
2026-06-25 13:19:19,340 - METRIC - INFO - {"loss": 0.033039648085832596, "accuracy": 0.989297091960907, "energy_consumption": null, "selected": false, "client_name": "sta3"}
2026-06-25 13:19:19,429 - METRIC - INFO - {"loss": 0.03294370323419571, "accuracy": 0.9896499514579773, "energy_consumption": null, "selected": false, "client_name": "sta6"}
2026-06-25 13:19:19,527 - METRIC - INFO - {"loss": 0.03528895974159241, "accuracy": 0.9884887933731079, "energy_consumption": null, "selected": false, "client_name": "sta7"}
2026-06-25 13:19:19,790 - METRIC - INFO - mean_accuracy: 0.9869186011227694

2026-06-25 13:19:19,790 - METRIC - INFO - round: 32
2026-06-25 13:19:19,790 - METRIC - INFO - n_selected: 11
2026-06-25 13:19:19,790 - METRIC - INFO - {"selected_trainers": ["sta0", "sta1", "sta10", "sta2", "sta3", "sta4", "sta5", "sta6", "sta7", "sta8", "sta9"]}
2026-06-25 13:19:24,254 - EXECUT - INFO - received weights from trainer sta8!
2026-06-25 13:19:24,551 - EXECUT - INFO - received weights from trainer sta4!
2026-06-25 13:19:28,377 - EXECUT - INFO - received weights from trainer sta10!
2026-06-25 13:19:29,591 - EXECUT - INFO - received weights from trainer sta1!
2026-06-25 13:19:29,830 - EXECUT - INFO - received weights from trainer sta0!
2026-06-25 13:19:31,623 - EXECUT - INFO - received weights from trainer sta2!
2026-06-25 13:19:31,983 - EXECUT - INFO - received weights from trainer sta9!
2026-06-25 13:19:32,852 - EXECUT - INFO - received weights from trainer sta6!
2026-06-25 13:19:33,641 - EXECUT - INFO - received weights from trainer sta3!
2026-06-25 13:19:34,584 - EXECUT - INFO - received weights from trainer sta7!
2026-06-25 13:19:35,417 - EXECUT - INFO - received weights from trainer sta5!
2026-06-25 13:19:36,382 - EXECUT - INFO - sent aggregated weights to trainers!
2026-06-25 13:19:36,749 - METRIC - INFO - {"loss": 0.05017693340778351, "accuracy": 0.9840278029441833, "energy_consumption": null, "selected": false, "client_name": "sta4"}
2026-06-25 13:19:36,762 - METRIC - INFO - {"loss": 0.03783849626779556, "accuracy": 0.9879518151283264, "energy_consumption": null, "selected": false, "client_name": "sta8"}
2026-06-25 13:19:36,821 - METRIC - INFO - {"loss": 0.04138079658150673, "accuracy": 0.9850202202796936, "energy_consumption": null, "selected": false, "client_name": "sta10"}
2026-06-25 13:19:36,823 - METRIC - INFO - {"loss": 0.03948729857802391, "accuracy": 0.9871106147766113, "energy_consumption": null, "selected": false, "client_name": "sta2"}
2026-06-25 13:19:36,902 - METRIC - INFO - {"loss": 0.027367006987333298, "accuracy": 0.9920283555984497, "energy_consumption": null, "selected": false, "client_name": "sta1"}
2026-06-25 13:19:36,902 - METRIC - INFO - {"loss": 0.049430619925260544, "accuracy": 0.9853955507278442, "energy_consumption": null, "selected": false, "client_name": "sta0"}
2026-06-25 13:19:36,917 - METRIC - INFO - {"loss": 0.033309679478406906, "accuracy": 0.9890410900115967, "energy_consumption": null, "selected": false, "client_name": "sta6"}
2026-06-25 13:19:36,959 - METRIC - INFO - {"loss": 0.030955752357840538, "accuracy": 0.989586353302002, "energy_consumption": null, "selected": false, "client_name": "sta3"}
2026-06-25 13:19:36,969 - METRIC - INFO - {"loss": 0.03944452106952667, "accuracy": 0.9861222505569458, "energy_consumption": null, "selected": false, "client_name": "sta5"}
2026-06-25 13:19:37,003 - METRIC - INFO - {"loss": 0.03628631308674812, "accuracy": 0.9870808124542236, "energy_consumption": null, "selected": false, "client_name": "sta9"}
2026-06-25 13:19:37,023 - METRIC - INFO - {"loss": 0.035278789699077606, "accuracy": 0.9881936311721802, "energy_consumption": null, "selected": false, "client_name": "sta7"}
2026-06-25 13:19:37,384 - METRIC - INFO - mean_accuracy: 0.9874144088138234

2026-06-25 13:19:37,384 - METRIC - INFO - round: 33
2026-06-25 13:19:37,384 - METRIC - INFO - n_selected: 11
2026-06-25 13:19:37,384 - METRIC - INFO - {"selected_trainers": ["sta0", "sta1", "sta10", "sta2", "sta3", "sta4", "sta5", "sta6", "sta7", "sta8", "sta9"]}
2026-06-25 13:19:41,867 - EXECUT - INFO - received weights from trainer sta8!
2026-06-25 13:19:42,168 - EXECUT - INFO - received weights from trainer sta4!
2026-06-25 13:19:45,973 - EXECUT - INFO - received weights from trainer sta10!
2026-06-25 13:19:47,190 - EXECUT - INFO - received weights from trainer sta1!
2026-06-25 13:19:47,380 - EXECUT - INFO - received weights from trainer sta0!
2026-06-25 13:19:49,216 - EXECUT - INFO - received weights from trainer sta2!
2026-06-25 13:19:49,528 - EXECUT - INFO - received weights from trainer sta9!
2026-06-25 13:19:50,529 - EXECUT - INFO - received weights from trainer sta6!
2026-06-25 13:19:51,240 - EXECUT - INFO - received weights from trainer sta3!
2026-06-25 13:19:52,279 - EXECUT - INFO - received weights from trainer sta7!
2026-06-25 13:19:52,957 - EXECUT - INFO - received weights from trainer sta5!
2026-06-25 13:19:53,857 - EXECUT - INFO - sent aggregated weights to trainers!
2026-06-25 13:19:54,225 - METRIC - INFO - {"loss": 0.04929903522133827, "accuracy": 0.9833333492279053, "energy_consumption": null, "selected": false, "client_name": "sta4"}
2026-06-25 13:19:54,284 - METRIC - INFO - {"loss": 0.03651230037212372, "accuracy": 0.9870912432670593, "energy_consumption": null, "selected": false, "client_name": "sta8"}
2026-06-25 13:19:54,316 - METRIC - INFO - {"loss": 0.041790757328271866, "accuracy": 0.9854251146316528, "energy_consumption": null, "selected": false, "client_name": "sta10"}
2026-06-25 13:19:54,326 - METRIC - INFO - {"loss": 0.048549093306064606, "accuracy": 0.9853955507278442, "energy_consumption": null, "selected": false, "client_name": "sta0"}
2026-06-25 13:19:54,326 - METRIC - INFO - {"loss": 0.038249239325523376, "accuracy": 0.9876477122306824, "energy_consumption": null, "selected": false, "client_name": "sta2"}
2026-06-25 13:19:54,347 - METRIC - INFO - {"loss": 0.03659415245056152, "accuracy": 0.9868059158325195, "energy_consumption": null, "selected": false, "client_name": "sta9"}
2026-06-25 13:19:54,418 - METRIC - INFO - {"loss": 0.03277904540300369, "accuracy": 0.9893454909324646, "energy_consumption": null, "selected": false, "client_name": "sta6"}
2026-06-25 13:19:54,419 - METRIC - INFO - {"loss": 0.034179918467998505, "accuracy": 0.9893742799758911, "energy_consumption": null, "selected": false, "client_name": "sta7"}
2026-06-25 13:19:54,423 - METRIC - INFO - {"loss": 0.03173872083425522, "accuracy": 0.9898756146430969, "energy_consumption": null, "selected": false, "client_name": "sta3"}
2026-06-25 13:19:54,481 - METRIC - INFO - {"loss": 0.02477175183594227, "accuracy": 0.9924712181091309, "energy_consumption": null, "selected": false, "client_name": "sta1"}
2026-06-25 13:19:54,578 - METRIC - INFO - {"loss": 0.04059554263949394, "accuracy": 0.9861222505569458, "energy_consumption": null, "selected": false, "client_name": "sta5"}
2026-06-25 13:19:54,858 - METRIC - INFO - mean_accuracy: 0.9875352491031993

2026-06-25 13:19:54,858 - METRIC - INFO - round: 34
2026-06-25 13:19:54,859 - METRIC - INFO - n_selected: 11
2026-06-25 13:19:54,859 - METRIC - INFO - {"selected_trainers": ["sta0", "sta1", "sta10", "sta2", "sta3", "sta4", "sta5", "sta6", "sta7", "sta8", "sta9"]}
2026-06-25 13:19:59,428 - EXECUT - INFO - received weights from trainer sta8!
2026-06-25 13:19:59,515 - EXECUT - INFO - received weights from trainer sta4!
2026-06-25 13:20:03,544 - EXECUT - INFO - received weights from trainer sta10!
2026-06-25 13:20:04,771 - EXECUT - INFO - received weights from trainer sta1!
2026-06-25 13:20:04,999 - EXECUT - INFO - received weights from trainer sta0!
2026-06-25 13:20:06,441 - EXECUT - INFO - received weights from trainer sta2!
2026-06-25 13:20:07,244 - EXECUT - INFO - received weights from trainer sta9!
2026-06-25 13:20:07,521 - EXECUT - INFO - received weights from trainer sta6!
2026-06-25 13:20:08,873 - EXECUT - INFO - received weights from trainer sta3!
2026-06-25 13:20:09,697 - EXECUT - INFO - received weights from trainer sta7!
2026-06-25 13:20:10,173 - EXECUT - INFO - received weights from trainer sta5!
2026-06-25 13:20:11,328 - EXECUT - INFO - sent aggregated weights to trainers!
2026-06-25 13:20:11,667 - METRIC - INFO - {"loss": 0.04970391094684601, "accuracy": 0.9840278029441833, "energy_consumption": null, "selected": false, "client_name": "sta4"}
2026-06-25 13:20:11,726 - METRIC - INFO - {"loss": 0.03554246202111244, "accuracy": 0.9870912432670593, "energy_consumption": null, "selected": false, "client_name": "sta8"}
2026-06-25 13:20:11,747 - METRIC - INFO - {"loss": 0.04125409945845604, "accuracy": 0.9854251146316528, "energy_consumption": null, "selected": false, "client_name": "sta10"}
2026-06-25 13:20:11,758 - METRIC - INFO - {"loss": 0.03867623955011368, "accuracy": 0.9876477122306824, "energy_consumption": null, "selected": false, "client_name": "sta2"}
2026-06-25 13:20:11,787 - METRIC - INFO - {"loss": 0.036748405545949936, "accuracy": 0.9876305460929871, "energy_consumption": null, "selected": false, "client_name": "sta9"}
2026-06-25 13:20:11,803 - METRIC - INFO - {"loss": 0.03132752329111099, "accuracy": 0.9893454909324646, "energy_consumption": null, "selected": false, "client_name": "sta6"}
2026-06-25 13:20:11,870 - METRIC - INFO - {"loss": 0.03203286975622177, "accuracy": 0.989297091960907, "energy_consumption": null, "selected": false, "client_name": "sta3"}
2026-06-25 13:20:11,872 - METRIC - INFO - {"loss": 0.025895627215504646, "accuracy": 0.992914080619812, "energy_consumption": null, "selected": false, "client_name": "sta1"}
2026-06-25 13:20:11,927 - METRIC - INFO - {"loss": 0.048938408493995667, "accuracy": 0.9858012199401855, "energy_consumption": null, "selected": false, "client_name": "sta0"}
2026-06-25 13:20:11,941 - METRIC - INFO - {"loss": 0.04007934033870697, "accuracy": 0.9869228601455688, "energy_consumption": null, "selected": false, "client_name": "sta5"}
2026-06-25 13:20:11,952 - METRIC - INFO - {"loss": 0.03443038836121559, "accuracy": 0.9878984689712524, "energy_consumption": null, "selected": false, "client_name": "sta7"}
2026-06-25 13:20:12,329 - METRIC - INFO - mean_accuracy: 0.9876365119760687

2026-06-25 13:20:12,329 - METRIC - INFO - round: 35
2026-06-25 13:20:12,329 - METRIC - INFO - n_selected: 11
2026-06-25 13:20:12,329 - METRIC - INFO - {"selected_trainers": ["sta0", "sta1", "sta10", "sta2", "sta3", "sta4", "sta5", "sta6", "sta7", "sta8", "sta9"]}
2026-06-25 13:20:16,829 - EXECUT - INFO - received weights from trainer sta4!
2026-06-25 13:20:16,842 - EXECUT - INFO - received weights from trainer sta8!
2026-06-25 13:20:20,978 - EXECUT - INFO - received weights from trainer sta10!
2026-06-25 13:20:22,040 - EXECUT - INFO - received weights from trainer sta1!
2026-06-25 13:20:22,089 - EXECUT - INFO - received weights from trainer sta0!
2026-06-25 13:20:23,705 - EXECUT - INFO - received weights from trainer sta2!
2026-06-25 13:20:24,487 - EXECUT - INFO - received weights from trainer sta9!
2026-06-25 13:20:24,823 - EXECUT - INFO - received weights from trainer sta6!
2026-06-25 13:20:25,851 - EXECUT - INFO - received weights from trainer sta3!
2026-06-25 13:20:26,798 - EXECUT - INFO - received weights from trainer sta7!
2026-06-25 13:20:26,927 - EXECUT - INFO - received weights from trainer sta5!
2026-06-25 13:20:27,862 - EXECUT - INFO - sent aggregated weights to trainers!
2026-06-25 13:20:28,159 - METRIC - INFO - {"loss": 0.04793836921453476, "accuracy": 0.9854166507720947, "energy_consumption": null, "selected": false, "client_name": "sta4"}
2026-06-25 13:20:28,258 - METRIC - INFO - {"loss": 0.03567690774798393, "accuracy": 0.9870912432670593, "energy_consumption": null, "selected": false, "client_name": "sta8"}
2026-06-25 13:20:28,266 - METRIC - INFO - {"loss": 0.042148005217313766, "accuracy": 0.9860365390777588, "energy_consumption": null, "selected": false, "client_name": "sta2"}
2026-06-25 13:20:28,277 - METRIC - INFO - {"loss": 0.04192550107836723, "accuracy": 0.9842105507850647, "energy_consumption": null, "selected": false, "client_name": "sta10"}
2026-06-25 13:20:28,322 - METRIC - INFO - {"loss": 0.03575023636221886, "accuracy": 0.9865310788154602, "energy_consumption": null, "selected": false, "client_name": "sta9"}
2026-06-25 13:20:28,331 - METRIC - INFO - {"loss": 0.04818737506866455, "accuracy": 0.9853955507278442, "energy_consumption": null, "selected": false, "client_name": "sta0"}
2026-06-25 13:20:28,367 - METRIC - INFO - {"loss": 0.031732700765132904, "accuracy": 0.9896499514579773, "energy_consumption": null, "selected": false, "client_name": "sta6"}
2026-06-25 13:20:28,392 - METRIC - INFO - {"loss": 0.0252645555883646, "accuracy": 0.992914080619812, "energy_consumption": null, "selected": false, "client_name": "sta1"}
2026-06-25 13:20:28,397 - METRIC - INFO - {"loss": 0.03177686780691147, "accuracy": 0.9872722029685974, "energy_consumption": null, "selected": false, "client_name": "sta3"}
2026-06-25 13:20:28,434 - METRIC - INFO - {"loss": 0.038211096078157425, "accuracy": 0.9879903793334961, "energy_consumption": null, "selected": false, "client_name": "sta5"}
2026-06-25 13:20:28,475 - METRIC - INFO - {"loss": 0.03473300859332085, "accuracy": 0.9890791177749634, "energy_consumption": null, "selected": false, "client_name": "sta7"}
2026-06-25 13:20:28,865 - METRIC - INFO - mean_accuracy: 0.9874170314181935

2026-06-25 13:20:28,865 - METRIC - INFO - round: 36
2026-06-25 13:20:28,865 - METRIC - INFO - n_selected: 11
2026-06-25 13:20:28,865 - METRIC - INFO - {"selected_trainers": ["sta0", "sta1", "sta10", "sta2", "sta3", "sta4", "sta5", "sta6", "sta7", "sta8", "sta9"]}
2026-06-25 13:20:33,387 - EXECUT - INFO - received weights from trainer sta4!
2026-06-25 13:20:34,340 - EXECUT - INFO - received weights from trainer sta8!
2026-06-25 13:20:37,546 - EXECUT - INFO - received weights from trainer sta10!
2026-06-25 13:20:38,641 - EXECUT - INFO - received weights from trainer sta0!
2026-06-25 13:20:38,730 - EXECUT - INFO - received weights from trainer sta1!
2026-06-25 13:20:40,240 - EXECUT - INFO - received weights from trainer sta2!
2026-06-25 13:20:41,151 - EXECUT - INFO - received weights from trainer sta9!
2026-06-25 13:20:41,299 - EXECUT - INFO - received weights from trainer sta6!
2026-06-25 13:20:42,464 - EXECUT - INFO - received weights from trainer sta3!
2026-06-25 13:20:43,424 - EXECUT - INFO - received weights from trainer sta7!
2026-06-25 13:20:43,573 - EXECUT - INFO - received weights from trainer sta5!
2026-06-25 13:20:44,352 - EXECUT - INFO - sent aggregated weights to trainers!
2026-06-25 13:20:44,671 - METRIC - INFO - {"loss": 0.04827214404940605, "accuracy": 0.9833333492279053, "energy_consumption": null, "selected": false, "client_name": "sta4"}
2026-06-25 13:20:44,734 - METRIC - INFO - {"loss": 0.035611897706985474, "accuracy": 0.9879518151283264, "energy_consumption": null, "selected": false, "client_name": "sta8"}
2026-06-25 13:20:44,772 - METRIC - INFO - {"loss": 0.03828958421945572, "accuracy": 0.9868420958518982, "energy_consumption": null, "selected": false, "client_name": "sta2"}
2026-06-25 13:20:44,783 - METRIC - INFO - {"loss": 0.04106408357620239, "accuracy": 0.9842105507850647, "energy_consumption": null, "selected": false, "client_name": "sta10"}
2026-06-25 13:20:44,829 - METRIC - INFO - {"loss": 0.03670581802725792, "accuracy": 0.9873557090759277, "energy_consumption": null, "selected": false, "client_name": "sta9"}
2026-06-25 13:20:44,830 - METRIC - INFO - {"loss": 0.048713766038417816, "accuracy": 0.9853955507278442, "energy_consumption": null, "selected": false, "client_name": "sta0"}
2026-06-25 13:20:44,867 - METRIC - INFO - {"loss": 0.032934192568063736, "accuracy": 0.9884322881698608, "energy_consumption": null, "selected": false, "client_name": "sta6"}
2026-06-25 13:20:44,897 - METRIC - INFO - {"loss": 0.033744726330041885, "accuracy": 0.989007830619812, "energy_consumption": null, "selected": false, "client_name": "sta3"}
2026-06-25 13:20:44,920 - METRIC - INFO - {"loss": 0.02357056364417076, "accuracy": 0.9924712181091309, "energy_consumption": null, "selected": false, "client_name": "sta1"}
2026-06-25 13:20:44,951 - METRIC - INFO - {"loss": 0.039087820798158646, "accuracy": 0.987189769744873, "energy_consumption": null, "selected": false, "client_name": "sta5"}
2026-06-25 13:20:44,974 - METRIC - INFO - {"loss": 0.0337860994040966, "accuracy": 0.9887839555740356, "energy_consumption": null, "selected": false, "client_name": "sta7"}
2026-06-25 13:20:45,355 - METRIC - INFO - mean_accuracy: 0.9873612848195162

2026-06-25 13:20:45,355 - METRIC - INFO - round: 37
2026-06-25 13:20:45,355 - METRIC - INFO - n_selected: 11
2026-06-25 13:20:45,355 - METRIC - INFO - {"selected_trainers": ["sta0", "sta1", "sta10", "sta2", "sta3", "sta4", "sta5", "sta6", "sta7", "sta8", "sta9"]}
2026-06-25 13:20:49,855 - EXECUT - INFO - received weights from trainer sta8!
2026-06-25 13:20:49,872 - EXECUT - INFO - received weights from trainer sta4!
2026-06-25 13:20:53,773 - EXECUT - INFO - received weights from trainer sta10!
2026-06-25 13:20:55,073 - EXECUT - INFO - received weights from trainer sta0!
2026-06-25 13:20:55,102 - EXECUT - INFO - received weights from trainer sta1!
2026-06-25 13:20:56,653 - EXECUT - INFO - received weights from trainer sta2!
2026-06-25 13:20:57,309 - EXECUT - INFO - received weights from trainer sta9!
2026-06-25 13:20:57,406 - EXECUT - INFO - received weights from trainer sta6!
2026-06-25 13:20:58,982 - EXECUT - INFO - received weights from trainer sta3!
2026-06-25 13:20:59,857 - EXECUT - INFO - received weights from trainer sta5!
2026-06-25 13:21:06,263 - EXECUT - INFO - received weights from trainer sta7!
2026-06-25 13:21:07,041 - EXECUT - INFO - sent aggregated weights to trainers!
2026-06-25 13:21:07,386 - METRIC - INFO - {"loss": 0.04749723896384239, "accuracy": 0.9847221970558167, "energy_consumption": null, "selected": false, "client_name": "sta4"}
2026-06-25 13:21:07,420 - METRIC - INFO - {"loss": 0.03617570549249649, "accuracy": 0.9870912432670593, "energy_consumption": null, "selected": false, "client_name": "sta8"}
2026-06-25 13:21:07,448 - METRIC - INFO - {"loss": 0.0393955297768116, "accuracy": 0.9844253659248352, "energy_consumption": null, "selected": false, "client_name": "sta2"}
2026-06-25 13:21:07,472 - METRIC - INFO - {"loss": 0.0410018116235733, "accuracy": 0.9854251146316528, "energy_consumption": null, "selected": false, "client_name": "sta10"}
2026-06-25 13:21:07,511 - METRIC - INFO - {"loss": 0.0340050645172596, "accuracy": 0.9884551763534546, "energy_consumption": null, "selected": false, "client_name": "sta9"}
2026-06-25 13:21:07,522 - METRIC - INFO - {"loss": 0.03167881444096565, "accuracy": 0.9884322881698608, "energy_consumption": null, "selected": false, "client_name": "sta6"}
2026-06-25 13:21:07,527 - METRIC - INFO - {"loss": 0.062275178730487823, "accuracy": 0.9817444086074829, "energy_consumption": null, "selected": false, "client_name": "sta0"}
2026-06-25 13:21:07,594 - METRIC - INFO - {"loss": 0.03180893510580063, "accuracy": 0.989586353302002, "energy_consumption": null, "selected": false, "client_name": "sta3"}
2026-06-25 13:21:07,609 - METRIC - INFO - {"loss": 0.024394076317548752, "accuracy": 0.992914080619812, "energy_consumption": null, "selected": false, "client_name": "sta1"}
2026-06-25 13:21:07,612 - METRIC - INFO - {"loss": 0.034673500806093216, "accuracy": 0.9881936311721802, "energy_consumption": null, "selected": false, "client_name": "sta7"}
2026-06-25 13:21:07,626 - METRIC - INFO - {"loss": 0.038420453667640686, "accuracy": 0.9874566197395325, "energy_consumption": null, "selected": false, "client_name": "sta5"}
2026-06-25 13:21:08,044 - METRIC - INFO - mean_accuracy: 0.987131498076699

2026-06-25 13:21:08,044 - METRIC - INFO - round: 38
2026-06-25 13:21:08,044 - METRIC - INFO - n_selected: 11
2026-06-25 13:21:08,044 - METRIC - INFO - {"selected_trainers": ["sta0", "sta1", "sta10", "sta2", "sta3", "sta4", "sta5", "sta6", "sta7", "sta8", "sta9"]}
2026-06-25 13:21:12,480 - EXECUT - INFO - received weights from trainer sta8!
2026-06-25 13:21:12,559 - EXECUT - INFO - received weights from trainer sta4!
2026-06-25 13:21:16,520 - EXECUT - INFO - received weights from trainer sta10!
2026-06-25 13:21:17,618 - EXECUT - INFO - received weights from trainer sta1!
2026-06-25 13:21:17,773 - EXECUT - INFO - received weights from trainer sta0!
2026-06-25 13:21:19,112 - EXECUT - INFO - received weights from trainer sta2!
2026-06-25 13:21:19,992 - EXECUT - INFO - received weights from trainer sta9!
2026-06-25 13:21:20,075 - EXECUT - INFO - received weights from trainer sta6!
2026-06-25 13:21:21,588 - EXECUT - INFO - received weights from trainer sta3!
2026-06-25 13:21:22,465 - EXECUT - INFO - received weights from trainer sta7!
2026-06-25 13:21:22,526 - EXECUT - INFO - received weights from trainer sta5!
2026-06-25 13:21:23,599 - EXECUT - INFO - sent aggregated weights to trainers!
2026-06-25 13:21:23,936 - METRIC - INFO - {"loss": 0.04724399372935295, "accuracy": 0.9847221970558167, "energy_consumption": null, "selected": false, "client_name": "sta4"}
2026-06-25 13:21:23,982 - METRIC - INFO - {"loss": 0.03618558496236801, "accuracy": 0.9879518151283264, "energy_consumption": null, "selected": false, "client_name": "sta8"}
2026-06-25 13:21:24,004 - METRIC - INFO - {"loss": 0.04367620870471001, "accuracy": 0.9841568470001221, "energy_consumption": null, "selected": false, "client_name": "sta2"}
2026-06-25 13:21:24,038 - METRIC - INFO - {"loss": 0.040700603276491165, "accuracy": 0.9850202202796936, "energy_consumption": null, "selected": false, "client_name": "sta10"}
2026-06-25 13:21:24,091 - METRIC - INFO - {"loss": 0.03437782824039459, "accuracy": 0.9881803393363953, "energy_consumption": null, "selected": false, "client_name": "sta9"}
2026-06-25 13:21:24,095 - METRIC - INFO - {"loss": 0.04761740192770958, "accuracy": 0.9866125583648682, "energy_consumption": null, "selected": false, "client_name": "sta0"}
2026-06-25 13:21:24,103 - METRIC - INFO - {"loss": 0.03273731470108032, "accuracy": 0.9884322881698608, "energy_consumption": null, "selected": false, "client_name": "sta6"}
2026-06-25 13:21:24,151 - METRIC - INFO - {"loss": 0.03410331532359123, "accuracy": 0.9896694421768188, "energy_consumption": null, "selected": false, "client_name": "sta7"}
2026-06-25 13:21:24,165 - METRIC - INFO - {"loss": 0.030346589162945747, "accuracy": 0.9898756146430969, "energy_consumption": null, "selected": false, "client_name": "sta3"}
2026-06-25 13:21:24,167 - METRIC - INFO - {"loss": 0.0377776063978672, "accuracy": 0.9877235293388367, "energy_consumption": null, "selected": false, "client_name": "sta5"}
2026-06-25 13:21:24,168 - METRIC - INFO - {"loss": 0.02418246679008007, "accuracy": 0.9933569431304932, "energy_consumption": null, "selected": false, "client_name": "sta1"}
2026-06-25 13:21:24,600 - METRIC - INFO - mean_accuracy: 0.9877910722385753

2026-06-25 13:21:24,601 - METRIC - INFO - round: 39
2026-06-25 13:21:24,601 - METRIC - INFO - n_selected: 11
2026-06-25 13:21:24,601 - METRIC - INFO - {"selected_trainers": ["sta0", "sta1", "sta10", "sta2", "sta3", "sta4", "sta5", "sta6", "sta7", "sta8", "sta9"]}
2026-06-25 13:21:29,016 - EXECUT - INFO - received weights from trainer sta4!
2026-06-25 13:21:29,035 - EXECUT - INFO - received weights from trainer sta8!
2026-06-25 13:21:33,044 - EXECUT - INFO - received weights from trainer sta10!
2026-06-25 13:21:34,178 - EXECUT - INFO - received weights from trainer sta1!
2026-06-25 13:21:34,195 - EXECUT - INFO - received weights from trainer sta0!
2026-06-25 13:21:35,698 - EXECUT - INFO - received weights from trainer sta2!
2026-06-25 13:21:36,546 - EXECUT - INFO - received weights from trainer sta9!
2026-06-25 13:21:36,659 - EXECUT - INFO - received weights from trainer sta6!
2026-06-25 13:21:38,127 - EXECUT - INFO - received weights from trainer sta3!
2026-06-25 13:21:39,050 - EXECUT - INFO - received weights from trainer sta7!
2026-06-25 13:21:39,080 - EXECUT - INFO - received weights from trainer sta5!
2026-06-25 13:21:40,177 - EXECUT - INFO - sent aggregated weights to trainers!
2026-06-25 13:21:40,490 - METRIC - INFO - {"loss": 0.047442879527807236, "accuracy": 0.9833333492279053, "energy_consumption": null, "selected": false, "client_name": "sta4"}
2026-06-25 13:21:40,562 - METRIC - INFO - {"loss": 0.035644859075546265, "accuracy": 0.9888123869895935, "energy_consumption": null, "selected": false, "client_name": "sta8"}
2026-06-25 13:21:40,610 - METRIC - INFO - {"loss": 0.022670457139611244, "accuracy": 0.9937998056411743, "energy_consumption": null, "selected": false, "client_name": "sta1"}
2026-06-25 13:21:40,624 - METRIC - INFO - {"loss": 0.03889145329594612, "accuracy": 0.9873791337013245, "energy_consumption": null, "selected": false, "client_name": "sta2"}
2026-06-25 13:21:40,650 - METRIC - INFO - {"loss": 0.046112146228551865, "accuracy": 0.984090268611908, "energy_consumption": null, "selected": false, "client_name": "sta3"}
2026-06-25 13:21:40,667 - METRIC - INFO - {"loss": 0.0355696827173233, "accuracy": 0.9868059158325195, "energy_consumption": null, "selected": false, "client_name": "sta9"}
2026-06-25 13:21:40,691 - METRIC - INFO - {"loss": 0.031176583841443062, "accuracy": 0.9890410900115967, "energy_consumption": null, "selected": false, "client_name": "sta6"}
2026-06-25 13:21:40,718 - METRIC - INFO - {"loss": 0.03993488848209381, "accuracy": 0.9850202202796936, "energy_consumption": null, "selected": false, "client_name": "sta10"}
2026-06-25 13:21:40,748 - METRIC - INFO - {"loss": 0.04686431214213371, "accuracy": 0.9858012199401855, "energy_consumption": null, "selected": false, "client_name": "sta0"}
2026-06-25 13:21:40,752 - METRIC - INFO - {"loss": 0.03308722749352455, "accuracy": 0.9890791177749634, "energy_consumption": null, "selected": false, "client_name": "sta7"}
2026-06-25 13:21:40,770 - METRIC - INFO - {"loss": 0.03739600256085396, "accuracy": 0.9877235293388367, "energy_consumption": null, "selected": false, "client_name": "sta5"}
2026-06-25 13:21:41,179 - METRIC - INFO - mean_accuracy: 0.9873532761227001

2026-06-25 13:21:41,179 - METRIC - INFO - round: 40
2026-06-25 13:21:41,179 - METRIC - INFO - n_selected: 11
2026-06-25 13:21:41,179 - METRIC - INFO - {"selected_trainers": ["sta0", "sta1", "sta10", "sta2", "sta3", "sta4", "sta5", "sta6", "sta7", "sta8", "sta9"]}
2026-06-25 13:21:45,566 - EXECUT - INFO - received weights from trainer sta4!
2026-06-25 13:21:45,582 - EXECUT - INFO - received weights from trainer sta8!
2026-06-25 13:21:49,504 - EXECUT - INFO - received weights from trainer sta10!
2026-06-25 13:21:50,394 - EXECUT - INFO - received weights from trainer sta1!
2026-06-25 13:21:50,574 - EXECUT - INFO - received weights from trainer sta0!
2026-06-25 13:21:51,829 - EXECUT - INFO - received weights from trainer sta2!
2026-06-25 13:21:52,896 - EXECUT - INFO - received weights from trainer sta9!
2026-06-25 13:21:53,055 - EXECUT - INFO - received weights from trainer sta6!
2026-06-25 13:21:54,184 - EXECUT - INFO - received weights from trainer sta3!
2026-06-25 13:21:55,155 - EXECUT - INFO - received weights from trainer sta7!
2026-06-25 13:21:55,464 - EXECUT - INFO - received weights from trainer sta5!
2026-06-25 13:21:56,729 - EXECUT - INFO - sent aggregated weights to trainers!
2026-06-25 13:21:57,023 - METRIC - INFO - {"loss": 0.04644035920500755, "accuracy": 0.9854166507720947, "energy_consumption": null, "selected": false, "client_name": "sta4"}
2026-06-25 13:21:57,135 - METRIC - INFO - {"loss": 0.03969380259513855, "accuracy": 0.9862348437309265, "energy_consumption": null, "selected": false, "client_name": "sta10"}
2026-06-25 13:21:57,182 - METRIC - INFO - {"loss": 0.048326924443244934, "accuracy": 0.9849898815155029, "energy_consumption": null, "selected": false, "client_name": "sta0"}
2026-06-25 13:21:57,199 - METRIC - INFO - {"loss": 0.03507394343614578, "accuracy": 0.9879518151283264, "energy_consumption": null, "selected": false, "client_name": "sta8"}
2026-06-25 13:21:57,224 - METRIC - INFO - {"loss": 0.022368233650922775, "accuracy": 0.9937998056411743, "energy_consumption": null, "selected": false, "client_name": "sta1"}
2026-06-25 13:21:57,226 - METRIC - INFO - {"loss": 0.03040393441915512, "accuracy": 0.9893454909324646, "energy_consumption": null, "selected": false, "client_name": "sta6"}
2026-06-25 13:21:57,231 - METRIC - INFO - {"loss": 0.03712746500968933, "accuracy": 0.9854994416236877, "energy_consumption": null, "selected": false, "client_name": "sta2"}
2026-06-25 13:21:57,280 - METRIC - INFO - {"loss": 0.03634105250239372, "accuracy": 0.9877235293388367, "energy_consumption": null, "selected": false, "client_name": "sta5"}
2026-06-25 13:21:57,286 - METRIC - INFO - {"loss": 0.03419489413499832, "accuracy": 0.9876305460929871, "energy_consumption": null, "selected": false, "client_name": "sta9"}
2026-06-25 13:21:57,326 - METRIC - INFO - {"loss": 0.03399990126490593, "accuracy": 0.9887839555740356, "energy_consumption": null, "selected": false, "client_name": "sta7"}
2026-06-25 13:21:57,350 - METRIC - INFO - {"loss": 0.039328064769506454, "accuracy": 0.9852473139762878, "energy_consumption": null, "selected": false, "client_name": "sta3"}
2026-06-25 13:21:57,730 - METRIC - INFO - mean_accuracy: 0.9875112067569386

2026-06-25 13:21:57,734 - METRIC - INFO - stop_condition: rounds
