2026-06-25 15:28:51,229 - EXECUT - INFO - starting server...
2026-06-25 15:28:56,015 - EXECUT - INFO - trainer number sta1 just joined the pool
2026-06-25 15:28:56,057 - EXECUT - INFO - trainer number sta0 just joined the pool
2026-06-25 15:28:56,100 - EXECUT - INFO - trainer number sta4 just joined the pool
2026-06-25 15:28:56,172 - EXECUT - INFO - trainer number sta2 just joined the pool
2026-06-25 15:28:56,213 - EXECUT - INFO - trainer number sta3 just joined the pool
2026-06-25 15:28:56,258 - EXECUT - INFO - trainer number sta7 just joined the pool
2026-06-25 15:28:56,300 - EXECUT - INFO - trainer number sta6 just joined the pool
2026-06-25 15:28:56,300 - EXECUT - INFO - trainer number sta5 just joined the pool
2026-06-25 15:28:56,467 - EXECUT - INFO - trainer number sta8 just joined the pool
2026-06-25 15:28:56,564 - EXECUT - INFO - trainer number sta10 just joined the pool
2026-06-25 15:28:56,642 - EXECUT - INFO - trainer number sta9 just joined the pool
2026-06-25 15:28:57,239 - EXECUT - INFO - mensagem de data_sz recebida: 
 {'id': 'sta0', 'dataset_sz': 747088320}
2026-06-25 15:28:57,239 - EXECUT - INFO - mensagem de data_sz recebida: 
 {'id': 'sta2', 'dataset_sz': 1128383616}
2026-06-25 15:28:57,280 - EXECUT - INFO - mensagem de data_sz recebida: 
 {'id': 'sta3', 'dataset_sz': 1047438528}
2026-06-25 15:28:57,280 - EXECUT - INFO - mensagem de data_sz recebida: 
 {'id': 'sta1', 'dataset_sz': 684321792}
2026-06-25 15:28:57,280 - EXECUT - INFO - mensagem de data_sz recebida: 
 {'id': 'sta6', 'dataset_sz': 995528640}
2026-06-25 15:28:57,280 - EXECUT - INFO - mensagem de data_sz recebida: 
 {'id': 'sta10', 'dataset_sz': 748350720}
2026-06-25 15:28:57,280 - EXECUT - INFO - mensagem de data_sz recebida: 
 {'id': 'sta4', 'dataset_sz': 436285440}
2026-06-25 15:28:57,280 - EXECUT - INFO - mensagem de data_sz recebida: 
 {'id': 'sta5', 'dataset_sz': 1135301568}
2026-06-25 15:28:57,280 - EXECUT - INFO - mensagem de data_sz recebida: 
 {'id': 'sta7', 'dataset_sz': 1026684672}
2026-06-25 15:28:57,280 - EXECUT - INFO - mensagem de data_sz recebida: 
 {'id': 'sta8', 'dataset_sz': 352361088}
2026-06-25 15:28:57,280 - EXECUT - INFO - mensagem de data_sz recebida: 
 {'id': 'sta9', 'dataset_sz': 1102428672}
2026-06-25 15:28:58,239 - METRIC - INFO - round: 1
2026-06-25 15:28:58,239 - METRIC - INFO - n_selected: 11
2026-06-25 15:28:58,239 - METRIC - INFO - {"selected_trainers": ["sta0", "sta1", "sta10", "sta2", "sta3", "sta4", "sta5", "sta6", "sta7", "sta8", "sta9"]}
2026-06-25 15:29:04,133 - EXECUT - INFO - received weights from trainer sta8!
2026-06-25 15:29:07,770 - EXECUT - INFO - received weights from trainer sta4!
2026-06-25 15:29:09,884 - EXECUT - INFO - received weights from trainer sta10!
2026-06-25 15:29:14,359 - EXECUT - INFO - received weights from trainer sta0!
2026-06-25 15:29:14,661 - EXECUT - INFO - received weights from trainer sta9!
2026-06-25 15:29:18,232 - EXECUT - INFO - received weights from trainer sta7!
2026-06-25 15:29:18,557 - EXECUT - INFO - received weights from trainer sta6!
2026-06-25 15:29:19,817 - EXECUT - INFO - received weights from trainer sta1!
2026-06-25 15:29:20,383 - EXECUT - INFO - received weights from trainer sta3!
2026-06-25 15:29:20,785 - EXECUT - INFO - received weights from trainer sta5!
2026-06-25 15:29:21,294 - EXECUT - INFO - received weights from trainer sta2!
2026-06-25 15:29:22,007 - EXECUT - INFO - sent aggregated weights to trainers!
2026-06-25 15:29:22,675 - METRIC - INFO - {"loss": 0.45946046710014343, "accuracy": 0.8700516223907471, "energy_consumption": null, "selected": false, "client_name": "sta8"}
2026-06-25 15:29:22,744 - METRIC - INFO - {"loss": 0.29963281750679016, "accuracy": 0.912145733833313, "energy_consumption": null, "selected": false, "client_name": "sta10"}
2026-06-25 15:29:22,801 - METRIC - INFO - {"loss": 0.2780785858631134, "accuracy": 0.9175370931625366, "energy_consumption": null, "selected": false, "client_name": "sta9"}
2026-06-25 15:29:22,910 - METRIC - INFO - {"loss": 0.39189276099205017, "accuracy": 0.893750011920929, "energy_consumption": null, "selected": false, "client_name": "sta4"}
2026-06-25 15:29:22,932 - METRIC - INFO - {"loss": 0.32941362261772156, "accuracy": 0.9065544605255127, "energy_consumption": null, "selected": false, "client_name": "sta1"}
2026-06-25 15:29:22,952 - METRIC - INFO - {"loss": 0.2996072471141815, "accuracy": 0.912778913974762, "energy_consumption": null, "selected": false, "client_name": "sta0"}
2026-06-25 15:29:22,973 - METRIC - INFO - {"loss": 0.25182557106018066, "accuracy": 0.9256198406219482, "energy_consumption": null, "selected": false, "client_name": "sta7"}
2026-06-25 15:29:23,034 - METRIC - INFO - {"loss": 0.28363168239593506, "accuracy": 0.9184263944625854, "energy_consumption": null, "selected": false, "client_name": "sta3"}
2026-06-25 15:29:23,034 - METRIC - INFO - {"loss": 0.257028192281723, "accuracy": 0.926074206829071, "energy_consumption": null, "selected": false, "client_name": "sta5"}
2026-06-25 15:29:23,061 - METRIC - INFO - {"loss": 0.24175097048282623, "accuracy": 0.9315252304077148, "energy_consumption": null, "selected": false, "client_name": "sta2"}
2026-06-25 15:29:23,073 - METRIC - INFO - {"loss": 0.28505459427833557, "accuracy": 0.9123287796974182, "energy_consumption": null, "selected": false, "client_name": "sta6"}
2026-06-25 15:29:24,020 - METRIC - INFO - mean_accuracy: 0.9115265716205944

2026-06-25 15:29:24,020 - METRIC - INFO - round: 2
2026-06-25 15:29:24,020 - METRIC - INFO - n_selected: 11
2026-06-25 15:29:24,021 - METRIC - INFO - {"selected_trainers": ["sta0", "sta1", "sta10", "sta2", "sta3", "sta4", "sta5", "sta6", "sta7", "sta8", "sta9"]}
2026-06-25 15:29:29,634 - EXECUT - INFO - received weights from trainer sta8!
2026-06-25 15:29:32,602 - EXECUT - INFO - received weights from trainer sta4!
2026-06-25 15:29:35,036 - EXECUT - INFO - received weights from trainer sta10!
2026-06-25 15:29:37,357 - EXECUT - INFO - received weights from trainer sta1!
2026-06-25 15:29:38,936 - EXECUT - INFO - received weights from trainer sta0!
2026-06-25 15:29:40,005 - EXECUT - INFO - received weights from trainer sta9!
2026-06-25 15:29:43,379 - EXECUT - INFO - received weights from trainer sta7!
2026-06-25 15:29:43,713 - EXECUT - INFO - received weights from trainer sta6!
2026-06-25 15:29:44,752 - EXECUT - INFO - received weights from trainer sta3!
2026-06-25 15:29:45,126 - EXECUT - INFO - received weights from trainer sta2!
2026-06-25 15:29:45,876 - EXECUT - INFO - received weights from trainer sta5!
2026-06-25 15:29:46,913 - EXECUT - INFO - sent aggregated weights to trainers!
2026-06-25 15:29:47,392 - METRIC - INFO - {"loss": 1.954648494720459, "accuracy": 0.6170395612716675, "energy_consumption": null, "selected": false, "client_name": "sta8"}
2026-06-25 15:29:47,455 - METRIC - INFO - {"loss": 0.6384105086326599, "accuracy": 0.8295546770095825, "energy_consumption": null, "selected": false, "client_name": "sta10"}
2026-06-25 15:29:47,511 - METRIC - INFO - {"loss": 0.4345049262046814, "accuracy": 0.8801539540290833, "energy_consumption": null, "selected": false, "client_name": "sta9"}
2026-06-25 15:29:47,536 - METRIC - INFO - {"loss": 1.427176594734192, "accuracy": 0.6256944537162781, "energy_consumption": null, "selected": false, "client_name": "sta4"}
2026-06-25 15:29:47,646 - METRIC - INFO - {"loss": 0.7152982950210571, "accuracy": 0.8162090182304382, "energy_consumption": null, "selected": false, "client_name": "sta1"}
2026-06-25 15:29:47,689 - METRIC - INFO - {"loss": 0.44856327772140503, "accuracy": 0.8783943057060242, "energy_consumption": null, "selected": false, "client_name": "sta7"}
2026-06-25 15:29:47,691 - METRIC - INFO - {"loss": 0.6445276141166687, "accuracy": 0.834482729434967, "energy_consumption": null, "selected": false, "client_name": "sta0"}
2026-06-25 15:29:47,707 - METRIC - INFO - {"loss": 0.4293501377105713, "accuracy": 0.8856068849563599, "energy_consumption": null, "selected": false, "client_name": "sta2"}
2026-06-25 15:29:47,755 - METRIC - INFO - {"loss": 0.49006861448287964, "accuracy": 0.8617960214614868, "energy_consumption": null, "selected": false, "client_name": "sta6"}
2026-06-25 15:29:47,755 - METRIC - INFO - {"loss": 0.47587624192237854, "accuracy": 0.8666473627090454, "energy_consumption": null, "selected": false, "client_name": "sta3"}
2026-06-25 15:29:47,774 - METRIC - INFO - {"loss": 0.4204520285129547, "accuracy": 0.8868427872657776, "energy_consumption": null, "selected": false, "client_name": "sta5"}
2026-06-25 15:29:47,916 - METRIC - INFO - mean_accuracy: 0.8165837959809736

2026-06-25 15:29:47,916 - METRIC - INFO - round: 3
2026-06-25 15:29:47,916 - METRIC - INFO - n_selected: 11
2026-06-25 15:29:47,916 - METRIC - INFO - {"selected_trainers": ["sta0", "sta1", "sta10", "sta2", "sta3", "sta4", "sta5", "sta6", "sta7", "sta8", "sta9"]}
2026-06-25 15:29:53,385 - EXECUT - INFO - received weights from trainer sta8!
2026-06-25 15:29:56,454 - EXECUT - INFO - received weights from trainer sta4!
2026-06-25 15:29:58,918 - EXECUT - INFO - received weights from trainer sta10!
2026-06-25 15:30:01,361 - EXECUT - INFO - received weights from trainer sta1!
2026-06-25 15:30:02,875 - EXECUT - INFO - received weights from trainer sta0!
2026-06-25 15:30:03,892 - EXECUT - INFO - received weights from trainer sta9!
2026-06-25 15:30:07,345 - EXECUT - INFO - received weights from trainer sta7!
2026-06-25 15:30:07,542 - EXECUT - INFO - received weights from trainer sta6!
2026-06-25 15:30:08,644 - EXECUT - INFO - received weights from trainer sta3!
2026-06-25 15:30:08,996 - EXECUT - INFO - received weights from trainer sta2!
2026-06-25 15:30:09,833 - EXECUT - INFO - received weights from trainer sta5!
2026-06-25 15:30:10,692 - EXECUT - INFO - sent aggregated weights to trainers!
2026-06-25 15:30:11,248 - METRIC - INFO - {"loss": 0.38498827815055847, "accuracy": 0.8950086236000061, "energy_consumption": null, "selected": false, "client_name": "sta8"}
2026-06-25 15:30:11,315 - METRIC - INFO - {"loss": 0.317997008562088, "accuracy": 0.904453456401825, "energy_consumption": null, "selected": false, "client_name": "sta10"}
2026-06-25 15:30:11,378 - METRIC - INFO - {"loss": 0.29195696115493774, "accuracy": 0.9131391048431396, "energy_consumption": null, "selected": false, "client_name": "sta9"}
2026-06-25 15:30:11,387 - METRIC - INFO - {"loss": 0.36991941928863525, "accuracy": 0.8930555582046509, "energy_consumption": null, "selected": false, "client_name": "sta4"}
2026-06-25 15:30:11,494 - METRIC - INFO - {"loss": 0.2814733684062958, "accuracy": 0.918367326259613, "energy_consumption": null, "selected": false, "client_name": "sta2"}
2026-06-25 15:30:11,510 - METRIC - INFO - {"loss": 0.3437346816062927, "accuracy": 0.900354266166687, "energy_consumption": null, "selected": false, "client_name": "sta1"}
2026-06-25 15:30:11,541 - METRIC - INFO - {"loss": 0.27234214544296265, "accuracy": 0.9158795475959778, "energy_consumption": null, "selected": false, "client_name": "sta7"}
2026-06-25 15:30:11,541 - METRIC - INFO - {"loss": 0.3090854287147522, "accuracy": 0.9109054207801819, "energy_consumption": null, "selected": false, "client_name": "sta3"}
2026-06-25 15:30:11,556 - METRIC - INFO - {"loss": 0.31718137860298157, "accuracy": 0.906693696975708, "energy_consumption": null, "selected": false, "client_name": "sta0"}
2026-06-25 15:30:11,602 - METRIC - INFO - {"loss": 0.27894577383995056, "accuracy": 0.919135332107544, "energy_consumption": null, "selected": false, "client_name": "sta5"}
2026-06-25 15:30:11,618 - METRIC - INFO - {"loss": 0.3077159523963928, "accuracy": 0.9050228595733643, "energy_consumption": null, "selected": false, "client_name": "sta6"}
2026-06-25 15:30:11,694 - METRIC - INFO - mean_accuracy: 0.9074559265916998

2026-06-25 15:30:11,694 - METRIC - INFO - round: 4
2026-06-25 15:30:11,694 - METRIC - INFO - n_selected: 11
2026-06-25 15:30:11,694 - METRIC - INFO - {"selected_trainers": ["sta0", "sta1", "sta10", "sta2", "sta3", "sta4", "sta5", "sta6", "sta7", "sta8", "sta9"]}
2026-06-25 15:30:16,878 - EXECUT - INFO - received weights from trainer sta8!
2026-06-25 15:30:22,068 - EXECUT - INFO - received weights from trainer sta10!
2026-06-25 15:30:22,240 - EXECUT - INFO - received weights from trainer sta4!
2026-06-25 15:30:24,604 - EXECUT - INFO - received weights from trainer sta1!
2026-06-25 15:30:25,991 - EXECUT - INFO - received weights from trainer sta0!
2026-06-25 15:30:26,568 - EXECUT - INFO - received weights from trainer sta9!
2026-06-25 15:30:30,794 - EXECUT - INFO - received weights from trainer sta6!
2026-06-25 15:30:31,021 - EXECUT - INFO - received weights from trainer sta7!
2026-06-25 15:30:31,704 - EXECUT - INFO - received weights from trainer sta3!
2026-06-25 15:30:32,480 - EXECUT - INFO - received weights from trainer sta2!
2026-06-25 15:30:33,501 - EXECUT - INFO - received weights from trainer sta5!
2026-06-25 15:30:34,400 - EXECUT - INFO - sent aggregated weights to trainers!
2026-06-25 15:30:34,925 - METRIC - INFO - {"loss": 0.2632567584514618, "accuracy": 0.9251291155815125, "energy_consumption": null, "selected": false, "client_name": "sta8"}
2026-06-25 15:30:34,976 - METRIC - INFO - {"loss": 0.2277054339647293, "accuracy": 0.9356275200843811, "energy_consumption": null, "selected": false, "client_name": "sta10"}
2026-06-25 15:30:35,043 - METRIC - INFO - {"loss": 0.22090812027454376, "accuracy": 0.9332050681114197, "energy_consumption": null, "selected": false, "client_name": "sta9"}
2026-06-25 15:30:35,118 - METRIC - INFO - {"loss": 0.26241859793663025, "accuracy": 0.925000011920929, "energy_consumption": null, "selected": false, "client_name": "sta4"}
2026-06-25 15:30:35,146 - METRIC - INFO - {"loss": 0.2025958001613617, "accuracy": 0.9419978260993958, "energy_consumption": null, "selected": false, "client_name": "sta2"}
2026-06-25 15:30:35,193 - METRIC - INFO - {"loss": 0.2505115866661072, "accuracy": 0.926040768623352, "energy_consumption": null, "selected": false, "client_name": "sta1"}
2026-06-25 15:30:35,235 - METRIC - INFO - {"loss": 0.22936756908893585, "accuracy": 0.9314401745796204, "energy_consumption": null, "selected": false, "client_name": "sta0"}
2026-06-25 15:30:35,239 - METRIC - INFO - {"loss": 0.22818368673324585, "accuracy": 0.9363610148429871, "energy_consumption": null, "selected": false, "client_name": "sta3"}
2026-06-25 15:30:35,340 - METRIC - INFO - {"loss": 0.1990940421819687, "accuracy": 0.9406729340553284, "energy_consumption": null, "selected": false, "client_name": "sta7"}
2026-06-25 15:30:35,388 - METRIC - INFO - {"loss": 0.20368032157421112, "accuracy": 0.9383506774902344, "energy_consumption": null, "selected": false, "client_name": "sta5"}
2026-06-25 15:30:35,388 - METRIC - INFO - {"loss": 0.2263379842042923, "accuracy": 0.9281582832336426, "energy_consumption": null, "selected": false, "client_name": "sta6"}
2026-06-25 15:30:35,402 - METRIC - INFO - mean_accuracy: 0.9329075813293457

2026-06-25 15:30:35,402 - METRIC - INFO - round: 5
2026-06-25 15:30:35,402 - METRIC - INFO - n_selected: 11
2026-06-25 15:30:35,402 - METRIC - INFO - {"selected_trainers": ["sta0", "sta1", "sta10", "sta2", "sta3", "sta4", "sta5", "sta6", "sta7", "sta8", "sta9"]}
2026-06-25 15:30:40,570 - EXECUT - INFO - received weights from trainer sta8!
2026-06-25 15:30:45,682 - EXECUT - INFO - received weights from trainer sta10!
2026-06-25 15:30:45,930 - EXECUT - INFO - received weights from trainer sta4!
2026-06-25 15:30:48,295 - EXECUT - INFO - received weights from trainer sta1!
2026-06-25 15:30:49,404 - EXECUT - INFO - received weights from trainer sta0!
2026-06-25 15:30:50,309 - EXECUT - INFO - received weights from trainer sta9!
2026-06-25 15:30:54,063 - EXECUT - INFO - received weights from trainer sta6!
2026-06-25 15:30:54,354 - EXECUT - INFO - received weights from trainer sta7!
2026-06-25 15:30:54,698 - EXECUT - INFO - received weights from trainer sta3!
2026-06-25 15:30:55,168 - EXECUT - INFO - received weights from trainer sta2!
2026-06-25 15:30:56,284 - EXECUT - INFO - received weights from trainer sta5!
2026-06-25 15:30:57,126 - EXECUT - INFO - sent aggregated weights to trainers!
2026-06-25 15:30:57,706 - METRIC - INFO - {"loss": 0.19842584431171417, "accuracy": 0.9395833611488342, "energy_consumption": null, "selected": false, "client_name": "sta4"}
2026-06-25 15:30:57,760 - METRIC - INFO - {"loss": 0.1910848766565323, "accuracy": 0.9432013630867004, "energy_consumption": null, "selected": false, "client_name": "sta8"}
2026-06-25 15:30:57,809 - METRIC - INFO - {"loss": 0.17244473099708557, "accuracy": 0.9489878416061401, "energy_consumption": null, "selected": false, "client_name": "sta10"}
2026-06-25 15:30:57,868 - METRIC - INFO - {"loss": 0.1753256618976593, "accuracy": 0.9485981464385986, "energy_consumption": null, "selected": false, "client_name": "sta9"}
2026-06-25 15:30:57,935 - METRIC - INFO - {"loss": 0.14735034108161926, "accuracy": 0.9554309248924255, "energy_consumption": null, "selected": false, "client_name": "sta7"}
2026-06-25 15:30:57,957 - METRIC - INFO - {"loss": 0.1539139300584793, "accuracy": 0.9559647440910339, "energy_consumption": null, "selected": false, "client_name": "sta5"}
2026-06-25 15:30:57,991 - METRIC - INFO - {"loss": 0.15108990669250488, "accuracy": 0.9583780765533447, "energy_consumption": null, "selected": false, "client_name": "sta2"}
2026-06-25 15:30:57,994 - METRIC - INFO - {"loss": 0.1738392859697342, "accuracy": 0.9480730295181274, "energy_consumption": null, "selected": false, "client_name": "sta0"}
2026-06-25 15:30:58,013 - METRIC - INFO - {"loss": 0.1719115674495697, "accuracy": 0.9473363757133484, "energy_consumption": null, "selected": false, "client_name": "sta6"}
2026-06-25 15:30:58,074 - METRIC - INFO - {"loss": 0.18501640856266022, "accuracy": 0.9481842517852783, "energy_consumption": null, "selected": false, "client_name": "sta1"}
2026-06-25 15:30:58,092 - METRIC - INFO - {"loss": 0.1752563863992691, "accuracy": 0.9467746615409851, "energy_consumption": null, "selected": false, "client_name": "sta3"}
2026-06-25 15:30:58,129 - METRIC - INFO - mean_accuracy: 0.9491375251249834

2026-06-25 15:30:58,129 - METRIC - INFO - round: 6
2026-06-25 15:30:58,129 - METRIC - INFO - n_selected: 11
2026-06-25 15:30:58,129 - METRIC - INFO - {"selected_trainers": ["sta0", "sta1", "sta10", "sta2", "sta3", "sta4", "sta5", "sta6", "sta7", "sta8", "sta9"]}
2026-06-25 15:31:03,301 - EXECUT - INFO - received weights from trainer sta8!
2026-06-25 15:31:05,948 - EXECUT - INFO - received weights from trainer sta4!
2026-06-25 15:31:08,512 - EXECUT - INFO - received weights from trainer sta10!
2026-06-25 15:31:11,023 - EXECUT - INFO - received weights from trainer sta1!
2026-06-25 15:31:12,091 - EXECUT - INFO - received weights from trainer sta0!
2026-06-25 15:31:12,979 - EXECUT - INFO - received weights from trainer sta9!
2026-06-25 15:31:16,865 - EXECUT - INFO - received weights from trainer sta6!
2026-06-25 15:31:17,129 - EXECUT - INFO - received weights from trainer sta7!
2026-06-25 15:31:17,559 - EXECUT - INFO - received weights from trainer sta3!
2026-06-25 15:31:17,926 - EXECUT - INFO - received weights from trainer sta2!
2026-06-25 15:31:18,938 - EXECUT - INFO - received weights from trainer sta5!
2026-06-25 15:31:19,868 - EXECUT - INFO - sent aggregated weights to trainers!
2026-06-25 15:31:20,348 - METRIC - INFO - {"loss": 0.15100213885307312, "accuracy": 0.9518072009086609, "energy_consumption": null, "selected": false, "client_name": "sta8"}
2026-06-25 15:31:20,403 - METRIC - INFO - {"loss": 0.13046886026859283, "accuracy": 0.9627530574798584, "energy_consumption": null, "selected": false, "client_name": "sta10"}
2026-06-25 15:31:20,468 - METRIC - INFO - {"loss": 0.15495045483112335, "accuracy": 0.9541666507720947, "energy_consumption": null, "selected": false, "client_name": "sta4"}
2026-06-25 15:31:20,473 - METRIC - INFO - {"loss": 0.1359037607908249, "accuracy": 0.9601429104804993, "energy_consumption": null, "selected": false, "client_name": "sta9"}
2026-06-25 15:31:20,547 - METRIC - INFO - {"loss": 0.14597322046756744, "accuracy": 0.9574844837188721, "energy_consumption": null, "selected": false, "client_name": "sta1"}
2026-06-25 15:31:20,585 - METRIC - INFO - {"loss": 0.11853298544883728, "accuracy": 0.9683136343955994, "energy_consumption": null, "selected": false, "client_name": "sta2"}
2026-06-25 15:31:20,635 - METRIC - INFO - {"loss": 0.14317704737186432, "accuracy": 0.9586346745491028, "energy_consumption": null, "selected": false, "client_name": "sta3"}
2026-06-25 15:31:20,649 - METRIC - INFO - {"loss": 0.11627023667097092, "accuracy": 0.9660566449165344, "energy_consumption": null, "selected": false, "client_name": "sta7"}
2026-06-25 15:31:20,656 - METRIC - INFO - {"loss": 0.1356506496667862, "accuracy": 0.9610547423362732, "energy_consumption": null, "selected": false, "client_name": "sta0"}
2026-06-25 15:31:20,659 - METRIC - INFO - {"loss": 0.12261948734521866, "accuracy": 0.9645049571990967, "energy_consumption": null, "selected": false, "client_name": "sta5"}
2026-06-25 15:31:20,679 - METRIC - INFO - {"loss": 0.13647912442684174, "accuracy": 0.9604261517524719, "energy_consumption": null, "selected": false, "client_name": "sta6"}
2026-06-25 15:31:20,870 - METRIC - INFO - mean_accuracy: 0.9604859189553694

2026-06-25 15:31:20,870 - METRIC - INFO - round: 7
2026-06-25 15:31:20,871 - METRIC - INFO - n_selected: 11
2026-06-25 15:31:20,871 - METRIC - INFO - {"selected_trainers": ["sta0", "sta1", "sta10", "sta2", "sta3", "sta4", "sta5", "sta6", "sta7", "sta8", "sta9"]}
2026-06-25 15:31:26,077 - EXECUT - INFO - received weights from trainer sta8!
2026-06-25 15:31:31,211 - EXECUT - INFO - received weights from trainer sta10!
2026-06-25 15:31:31,432 - EXECUT - INFO - received weights from trainer sta4!
2026-06-25 15:31:33,733 - EXECUT - INFO - received weights from trainer sta1!
2026-06-25 15:31:34,838 - EXECUT - INFO - received weights from trainer sta0!
2026-06-25 15:31:35,757 - EXECUT - INFO - received weights from trainer sta9!
2026-06-25 15:31:39,363 - EXECUT - INFO - received weights from trainer sta6!
2026-06-25 15:31:39,891 - EXECUT - INFO - received weights from trainer sta7!
2026-06-25 15:31:40,079 - EXECUT - INFO - received weights from trainer sta3!
2026-06-25 15:31:40,633 - EXECUT - INFO - received weights from trainer sta2!
2026-06-25 15:31:41,715 - EXECUT - INFO - received weights from trainer sta5!
2026-06-25 15:31:42,567 - EXECUT - INFO - sent aggregated weights to trainers!
2026-06-25 15:31:43,040 - METRIC - INFO - {"loss": 0.12003643065690994, "accuracy": 0.956970751285553, "energy_consumption": null, "selected": false, "client_name": "sta8"}
2026-06-25 15:31:43,107 - METRIC - INFO - {"loss": 0.1042715460062027, "accuracy": 0.970040500164032, "energy_consumption": null, "selected": false, "client_name": "sta10"}
2026-06-25 15:31:43,110 - METRIC - INFO - {"loss": 0.12526443600654602, "accuracy": 0.9631944298744202, "energy_consumption": null, "selected": false, "client_name": "sta4"}
2026-06-25 15:31:43,173 - METRIC - INFO - {"loss": 0.1141679435968399, "accuracy": 0.9678394794464111, "energy_consumption": null, "selected": false, "client_name": "sta9"}
2026-06-25 15:31:43,249 - METRIC - INFO - {"loss": 0.11904845386743546, "accuracy": 0.9672276377677917, "energy_consumption": null, "selected": false, "client_name": "sta1"}
2026-06-25 15:31:43,268 - METRIC - INFO - {"loss": 0.10871298611164093, "accuracy": 0.9675456285476685, "energy_consumption": null, "selected": false, "client_name": "sta0"}
2026-06-25 15:31:43,315 - METRIC - INFO - {"loss": 0.09855669736862183, "accuracy": 0.9739527106285095, "energy_consumption": null, "selected": false, "client_name": "sta2"}
2026-06-25 15:31:43,316 - METRIC - INFO - {"loss": 0.09539700299501419, "accuracy": 0.9719598293304443, "energy_consumption": null, "selected": false, "client_name": "sta7"}
2026-06-25 15:31:43,349 - METRIC - INFO - {"loss": 0.11335977166891098, "accuracy": 0.96712327003479, "energy_consumption": null, "selected": false, "client_name": "sta6"}
2026-06-25 15:31:43,356 - METRIC - INFO - {"loss": 0.11532770842313766, "accuracy": 0.9655770659446716, "energy_consumption": null, "selected": false, "client_name": "sta3"}
2026-06-25 15:31:43,402 - METRIC - INFO - {"loss": 0.10081740468740463, "accuracy": 0.9701094031333923, "energy_consumption": null, "selected": false, "client_name": "sta5"}
2026-06-25 15:31:43,569 - METRIC - INFO - mean_accuracy: 0.9674127914688804

2026-06-25 15:31:43,569 - METRIC - INFO - round: 8
2026-06-25 15:31:43,569 - METRIC - INFO - n_selected: 11
2026-06-25 15:31:43,569 - METRIC - INFO - {"selected_trainers": ["sta0", "sta1", "sta10", "sta2", "sta3", "sta4", "sta5", "sta6", "sta7", "sta8", "sta9"]}
2026-06-25 15:31:48,819 - EXECUT - INFO - received weights from trainer sta8!
2026-06-25 15:31:51,438 - EXECUT - INFO - received weights from trainer sta4!
2026-06-25 15:31:53,868 - EXECUT - INFO - received weights from trainer sta10!
2026-06-25 15:31:55,672 - EXECUT - INFO - received weights from trainer sta1!
2026-06-25 15:31:56,824 - EXECUT - INFO - received weights from trainer sta0!
2026-06-25 15:31:58,533 - EXECUT - INFO - received weights from trainer sta9!
2026-06-25 15:32:01,361 - EXECUT - INFO - received weights from trainer sta2!
2026-06-25 15:32:01,945 - EXECUT - INFO - received weights from trainer sta3!
2026-06-25 15:32:02,030 - EXECUT - INFO - received weights from trainer sta6!
2026-06-25 15:32:02,591 - EXECUT - INFO - received weights from trainer sta7!
2026-06-25 15:32:24,944 - EXECUT - INFO - received weights from trainer sta5!
2026-06-25 15:32:26,262 - EXECUT - INFO - sent aggregated weights to trainers!
2026-06-25 15:32:26,737 - METRIC - INFO - {"loss": 0.10043555498123169, "accuracy": 0.9621342420578003, "energy_consumption": null, "selected": false, "client_name": "sta8"}
2026-06-25 15:32:26,799 - METRIC - INFO - {"loss": 0.08707918971776962, "accuracy": 0.9720647931098938, "energy_consumption": null, "selected": false, "client_name": "sta10"}
2026-06-25 15:32:26,857 - METRIC - INFO - {"loss": 0.09915843605995178, "accuracy": 0.9708631038665771, "energy_consumption": null, "selected": false, "client_name": "sta9"}
2026-06-25 15:32:26,858 - METRIC - INFO - {"loss": 0.10508804023265839, "accuracy": 0.9652777910232544, "energy_consumption": null, "selected": false, "client_name": "sta4"}
2026-06-25 15:32:26,912 - METRIC - INFO - {"loss": 0.09908948093652725, "accuracy": 0.9694420099258423, "energy_consumption": null, "selected": false, "client_name": "sta1"}
2026-06-25 15:32:26,930 - METRIC - INFO - {"loss": 0.08221988379955292, "accuracy": 0.9769065380096436, "energy_consumption": null, "selected": false, "client_name": "sta2"}
2026-06-25 15:32:27,017 - METRIC - INFO - {"loss": 0.09799203276634216, "accuracy": 0.9693375825881958, "energy_consumption": null, "selected": false, "client_name": "sta3"}
2026-06-25 15:32:27,018 - METRIC - INFO - {"loss": 0.0814451277256012, "accuracy": 0.9755017757415771, "energy_consumption": null, "selected": false, "client_name": "sta7"}
2026-06-25 15:32:27,022 - METRIC - INFO - {"loss": 0.09186821430921555, "accuracy": 0.9711967706680298, "energy_consumption": null, "selected": false, "client_name": "sta0"}
2026-06-25 15:32:27,033 - METRIC - INFO - {"loss": 0.09483214467763901, "accuracy": 0.9735159873962402, "energy_consumption": null, "selected": false, "client_name": "sta6"}
2026-06-25 15:32:27,072 - METRIC - INFO - {"loss": 0.0870322585105896, "accuracy": 0.9733119606971741, "energy_consumption": null, "selected": false, "client_name": "sta5"}
2026-06-25 15:32:27,264 - METRIC - INFO - mean_accuracy: 0.9708684140985663

2026-06-25 15:32:27,265 - METRIC - INFO - round: 9
2026-06-25 15:32:27,265 - METRIC - INFO - n_selected: 11
2026-06-25 15:32:27,265 - METRIC - INFO - {"selected_trainers": ["sta0", "sta1", "sta10", "sta2", "sta3", "sta4", "sta5", "sta6", "sta7", "sta8", "sta9"]}
2026-06-25 15:32:32,520 - EXECUT - INFO - received weights from trainer sta8!
2026-06-25 15:32:34,438 - EXECUT - INFO - received weights from trainer sta4!
2026-06-25 15:32:37,632 - EXECUT - INFO - received weights from trainer sta10!
2026-06-25 15:32:39,498 - EXECUT - INFO - received weights from trainer sta1!
2026-06-25 15:32:42,191 - EXECUT - INFO - received weights from trainer sta9!
2026-06-25 15:32:44,985 - EXECUT - INFO - received weights from trainer sta2!
2026-06-25 15:32:45,327 - EXECUT - INFO - received weights from trainer sta6!
2026-06-25 15:32:45,506 - EXECUT - INFO - received weights from trainer sta3!
2026-06-25 15:32:45,898 - EXECUT - INFO - received weights from trainer sta7!
2026-06-25 15:32:47,800 - EXECUT - INFO - received weights from trainer sta5!
2026-06-25 15:32:47,961 - EXECUT - INFO - received weights from trainer sta0!
2026-06-25 15:32:48,969 - EXECUT - INFO - sent aggregated weights to trainers!
2026-06-25 15:32:49,417 - METRIC - INFO - {"loss": 0.08797074109315872, "accuracy": 0.9672977328300476, "energy_consumption": null, "selected": false, "client_name": "sta8"}
2026-06-25 15:32:49,487 - METRIC - INFO - {"loss": 0.07409798353910446, "accuracy": 0.9773279428482056, "energy_consumption": null, "selected": false, "client_name": "sta10"}
2026-06-25 15:32:49,508 - METRIC - INFO - {"loss": 0.09138817340135574, "accuracy": 0.9680555462837219, "energy_consumption": null, "selected": false, "client_name": "sta4"}
2026-06-25 15:32:49,542 - METRIC - INFO - {"loss": 0.08560211956501007, "accuracy": 0.9752611517906189, "energy_consumption": null, "selected": false, "client_name": "sta9"}
2026-06-25 15:32:49,597 - METRIC - INFO - {"loss": 0.08522803336381912, "accuracy": 0.9703277349472046, "energy_consumption": null, "selected": false, "client_name": "sta1"}
2026-06-25 15:32:49,608 - METRIC - INFO - {"loss": 0.07964704185724258, "accuracy": 0.9736308455467224, "energy_consumption": null, "selected": false, "client_name": "sta0"}
2026-06-25 15:32:49,643 - METRIC - INFO - {"loss": 0.07344730198383331, "accuracy": 0.9798603653907776, "energy_consumption": null, "selected": false, "client_name": "sta2"}
2026-06-25 15:32:49,683 - METRIC - INFO - {"loss": 0.08819910138845444, "accuracy": 0.9716895222663879, "energy_consumption": null, "selected": false, "client_name": "sta6"}
2026-06-25 15:32:49,700 - METRIC - INFO - {"loss": 0.08761657774448395, "accuracy": 0.9742551445960999, "energy_consumption": null, "selected": false, "client_name": "sta3"}
2026-06-25 15:32:49,707 - METRIC - INFO - {"loss": 0.07101768255233765, "accuracy": 0.9787485003471375, "energy_consumption": null, "selected": false, "client_name": "sta7"}
2026-06-25 15:32:49,747 - METRIC - INFO - {"loss": 0.0759984627366066, "accuracy": 0.9759807586669922, "energy_consumption": null, "selected": false, "client_name": "sta5"}
2026-06-25 15:32:49,971 - METRIC - INFO - mean_accuracy: 0.9738577495921742

2026-06-25 15:32:49,971 - METRIC - INFO - round: 10
2026-06-25 15:32:49,971 - METRIC - INFO - n_selected: 11
2026-06-25 15:32:49,971 - METRIC - INFO - {"selected_trainers": ["sta0", "sta1", "sta10", "sta2", "sta3", "sta4", "sta5", "sta6", "sta7", "sta8", "sta9"]}
2026-06-25 15:32:55,099 - EXECUT - INFO - received weights from trainer sta8!
2026-06-25 15:32:56,729 - EXECUT - INFO - received weights from trainer sta4!
2026-06-25 15:33:00,061 - EXECUT - INFO - received weights from trainer sta10!
2026-06-25 15:33:01,432 - EXECUT - INFO - received weights from trainer sta1!
2026-06-25 15:33:04,476 - EXECUT - INFO - received weights from trainer sta9!
2026-06-25 15:33:06,693 - EXECUT - INFO - received weights from trainer sta2!
2026-06-25 15:33:06,973 - EXECUT - INFO - received weights from trainer sta6!
2026-06-25 15:33:07,179 - EXECUT - INFO - received weights from trainer sta3!
2026-06-25 15:33:07,609 - EXECUT - INFO - received weights from trainer sta7!
2026-06-25 15:33:09,316 - EXECUT - INFO - received weights from trainer sta5!
2026-06-25 15:33:10,655 - EXECUT - INFO - received weights from trainer sta0!
2026-06-25 15:33:11,661 - EXECUT - INFO - sent aggregated weights to trainers!
2026-06-25 15:33:12,101 - METRIC - INFO - {"loss": 0.07846702635288239, "accuracy": 0.9716007113456726, "energy_consumption": null, "selected": false, "client_name": "sta8"}
2026-06-25 15:33:12,143 - METRIC - INFO - {"loss": 0.08248525857925415, "accuracy": 0.9715277552604675, "energy_consumption": null, "selected": false, "client_name": "sta4"}
2026-06-25 15:33:12,187 - METRIC - INFO - {"loss": 0.06430955976247787, "accuracy": 0.9825910925865173, "energy_consumption": null, "selected": false, "client_name": "sta10"}
2026-06-25 15:33:12,235 - METRIC - INFO - {"loss": 0.07673203200101852, "accuracy": 0.9760857820510864, "energy_consumption": null, "selected": false, "client_name": "sta9"}
2026-06-25 15:33:12,275 - METRIC - INFO - {"loss": 0.0646495670080185, "accuracy": 0.9809345006942749, "energy_consumption": null, "selected": false, "client_name": "sta2"}
2026-06-25 15:33:12,277 - METRIC - INFO - {"loss": 0.07711394131183624, "accuracy": 0.9738706946372986, "energy_consumption": null, "selected": false, "client_name": "sta1"}
2026-06-25 15:33:12,305 - METRIC - INFO - {"loss": 0.07551893591880798, "accuracy": 0.9756592512130737, "energy_consumption": null, "selected": false, "client_name": "sta0"}
2026-06-25 15:33:12,351 - METRIC - INFO - {"loss": 0.07460250705480576, "accuracy": 0.9774733781814575, "energy_consumption": null, "selected": false, "client_name": "sta6"}
2026-06-25 15:33:12,363 - METRIC - INFO - {"loss": 0.062046799808740616, "accuracy": 0.9805194735527039, "energy_consumption": null, "selected": false, "client_name": "sta7"}
2026-06-25 15:33:12,376 - METRIC - INFO - {"loss": 0.08431912213563919, "accuracy": 0.9745444059371948, "energy_consumption": null, "selected": false, "client_name": "sta3"}
2026-06-25 15:33:12,431 - METRIC - INFO - {"loss": 0.069791778922081, "accuracy": 0.9805177450180054, "energy_consumption": null, "selected": false, "client_name": "sta5"}
2026-06-25 15:33:12,663 - METRIC - INFO - mean_accuracy: 0.9768477082252502

2026-06-25 15:33:12,664 - METRIC - INFO - round: 11
2026-06-25 15:33:12,664 - METRIC - INFO - n_selected: 11
2026-06-25 15:33:12,664 - METRIC - INFO - {"selected_trainers": ["sta0", "sta1", "sta10", "sta2", "sta3", "sta4", "sta5", "sta6", "sta7", "sta8", "sta9"]}
2026-06-25 15:33:17,761 - EXECUT - INFO - received weights from trainer sta8!
2026-06-25 15:33:19,382 - EXECUT - INFO - received weights from trainer sta4!
2026-06-25 15:33:22,705 - EXECUT - INFO - received weights from trainer sta10!
2026-06-25 15:33:25,173 - EXECUT - INFO - received weights from trainer sta0!
2026-06-25 15:33:27,080 - EXECUT - INFO - received weights from trainer sta9!
2026-06-25 15:33:29,495 - EXECUT - INFO - received weights from trainer sta2!
2026-06-25 15:33:29,601 - EXECUT - INFO - received weights from trainer sta6!
2026-06-25 15:33:29,917 - EXECUT - INFO - received weights from trainer sta3!
2026-06-25 15:33:30,287 - EXECUT - INFO - received weights from trainer sta7!
2026-06-25 15:33:31,921 - EXECUT - INFO - received weights from trainer sta5!
2026-06-25 15:33:33,435 - EXECUT - INFO - received weights from trainer sta1!
2026-06-25 15:33:34,265 - EXECUT - INFO - sent aggregated weights to trainers!
2026-06-25 15:33:34,689 - METRIC - INFO - {"loss": 0.07161851972341537, "accuracy": 0.9759036302566528, "energy_consumption": null, "selected": false, "client_name": "sta8"}
2026-06-25 15:33:34,751 - METRIC - INFO - {"loss": 0.0729365423321724, "accuracy": 0.9736111164093018, "energy_consumption": null, "selected": false, "client_name": "sta4"}
2026-06-25 15:33:34,772 - METRIC - INFO - {"loss": 0.05669725686311722, "accuracy": 0.9842105507850647, "energy_consumption": null, "selected": false, "client_name": "sta10"}
2026-06-25 15:33:34,834 - METRIC - INFO - {"loss": 0.07111760228872299, "accuracy": 0.9777350425720215, "energy_consumption": null, "selected": false, "client_name": "sta9"}
2026-06-25 15:33:34,841 - METRIC - INFO - {"loss": 0.07015278190374374, "accuracy": 0.975199282169342, "energy_consumption": null, "selected": false, "client_name": "sta1"}
2026-06-25 15:33:34,876 - METRIC - INFO - {"loss": 0.06425626575946808, "accuracy": 0.9793103337287903, "energy_consumption": null, "selected": false, "client_name": "sta0"}
2026-06-25 15:33:34,926 - METRIC - INFO - {"loss": 0.059459928423166275, "accuracy": 0.9817400574684143, "energy_consumption": null, "selected": false, "client_name": "sta2"}
2026-06-25 15:33:34,951 - METRIC - INFO - {"loss": 0.07122280448675156, "accuracy": 0.9791727066040039, "energy_consumption": null, "selected": false, "client_name": "sta3"}
2026-06-25 15:33:34,963 - METRIC - INFO - {"loss": 0.056850384920835495, "accuracy": 0.9814049601554871, "energy_consumption": null, "selected": false, "client_name": "sta7"}
2026-06-25 15:33:34,984 - METRIC - INFO - {"loss": 0.06777038425207138, "accuracy": 0.9796042442321777, "energy_consumption": null, "selected": false, "client_name": "sta6"}
2026-06-25 15:33:35,013 - METRIC - INFO - {"loss": 0.06497860699892044, "accuracy": 0.9797171354293823, "energy_consumption": null, "selected": false, "client_name": "sta5"}
2026-06-25 15:33:35,267 - METRIC - INFO - mean_accuracy: 0.9788735508918762

2026-06-25 15:33:35,267 - METRIC - INFO - round: 12
2026-06-25 15:33:35,267 - METRIC - INFO - n_selected: 11
2026-06-25 15:33:35,267 - METRIC - INFO - {"selected_trainers": ["sta0", "sta1", "sta10", "sta2", "sta3", "sta4", "sta5", "sta6", "sta7", "sta8", "sta9"]}
2026-06-25 15:33:40,340 - EXECUT - INFO - received weights from trainer sta8!
2026-06-25 15:33:42,029 - EXECUT - INFO - received weights from trainer sta4!
2026-06-25 15:33:45,339 - EXECUT - INFO - received weights from trainer sta10!
2026-06-25 15:33:46,723 - EXECUT - INFO - received weights from trainer sta1!
2026-06-25 15:33:47,757 - EXECUT - INFO - received weights from trainer sta0!
2026-06-25 15:33:49,670 - EXECUT - INFO - received weights from trainer sta9!
2026-06-25 15:33:52,045 - EXECUT - INFO - received weights from trainer sta2!
2026-06-25 15:33:52,333 - EXECUT - INFO - received weights from trainer sta6!
2026-06-25 15:33:52,518 - EXECUT - INFO - received weights from trainer sta3!
2026-06-25 15:33:53,023 - EXECUT - INFO - received weights from trainer sta7!
2026-06-25 15:33:54,528 - EXECUT - INFO - received weights from trainer sta5!
2026-06-25 15:33:54,947 - EXECUT - INFO - sent aggregated weights to trainers!
2026-06-25 15:33:55,386 - METRIC - INFO - {"loss": 0.06728962063789368, "accuracy": 0.9759036302566528, "energy_consumption": null, "selected": false, "client_name": "sta8"}
2026-06-25 15:33:55,451 - METRIC - INFO - {"loss": 0.05341040715575218, "accuracy": 0.9825910925865173, "energy_consumption": null, "selected": false, "client_name": "sta10"}
2026-06-25 15:33:55,462 - METRIC - INFO - {"loss": 0.06739842146635056, "accuracy": 0.9770833253860474, "energy_consumption": null, "selected": false, "client_name": "sta4"}
2026-06-25 15:33:55,513 - METRIC - INFO - {"loss": 0.06532842665910721, "accuracy": 0.9782847762107849, "energy_consumption": null, "selected": false, "client_name": "sta9"}
2026-06-25 15:33:55,551 - METRIC - INFO - {"loss": 0.0646197721362114, "accuracy": 0.9760850071907043, "energy_consumption": null, "selected": false, "client_name": "sta1"}
2026-06-25 15:33:55,558 - METRIC - INFO - {"loss": 0.05786159262061119, "accuracy": 0.9813387393951416, "energy_consumption": null, "selected": false, "client_name": "sta0"}
2026-06-25 15:33:55,587 - METRIC - INFO - {"loss": 0.06003055348992348, "accuracy": 0.9833512306213379, "energy_consumption": null, "selected": false, "client_name": "sta2"}
2026-06-25 15:33:55,621 - METRIC - INFO - {"loss": 0.05175274237990379, "accuracy": 0.9834710955619812, "energy_consumption": null, "selected": false, "client_name": "sta7"}
2026-06-25 15:33:55,625 - METRIC - INFO - {"loss": 0.08262548595666885, "accuracy": 0.9756468534469604, "energy_consumption": null, "selected": false, "client_name": "sta6"}
2026-06-25 15:33:55,629 - METRIC - INFO - {"loss": 0.06452307850122452, "accuracy": 0.9814868569374084, "energy_consumption": null, "selected": false, "client_name": "sta3"}
2026-06-25 15:33:55,699 - METRIC - INFO - {"loss": 0.06185903772711754, "accuracy": 0.9818521738052368, "energy_consumption": null, "selected": false, "client_name": "sta5"}
2026-06-25 15:33:55,950 - METRIC - INFO - mean_accuracy: 0.9797358892180703

2026-06-25 15:33:55,950 - METRIC - INFO - round: 13
2026-06-25 15:33:55,950 - METRIC - INFO - n_selected: 11
2026-06-25 15:33:55,950 - METRIC - INFO - {"selected_trainers": ["sta0", "sta1", "sta10", "sta2", "sta3", "sta4", "sta5", "sta6", "sta7", "sta8", "sta9"]}
2026-06-25 15:34:01,053 - EXECUT - INFO - received weights from trainer sta8!
2026-06-25 15:34:02,665 - EXECUT - INFO - received weights from trainer sta4!
2026-06-25 15:34:06,004 - EXECUT - INFO - received weights from trainer sta10!
2026-06-25 15:34:07,462 - EXECUT - INFO - received weights from trainer sta1!
2026-06-25 15:34:08,433 - EXECUT - INFO - received weights from trainer sta0!
2026-06-25 15:34:10,353 - EXECUT - INFO - received weights from trainer sta9!
2026-06-25 15:34:12,606 - EXECUT - INFO - received weights from trainer sta2!
2026-06-25 15:34:12,977 - EXECUT - INFO - received weights from trainer sta6!
2026-06-25 15:34:13,239 - EXECUT - INFO - received weights from trainer sta3!
2026-06-25 15:34:13,589 - EXECUT - INFO - received weights from trainer sta7!
2026-06-25 15:34:15,167 - EXECUT - INFO - received weights from trainer sta5!
2026-06-25 15:34:15,619 - EXECUT - INFO - sent aggregated weights to trainers!
2026-06-25 15:34:16,058 - METRIC - INFO - {"loss": 0.06355650722980499, "accuracy": 0.9819276928901672, "energy_consumption": null, "selected": false, "client_name": "sta8"}
2026-06-25 15:34:16,131 - METRIC - INFO - {"loss": 0.04806346073746681, "accuracy": 0.9854251146316528, "energy_consumption": null, "selected": false, "client_name": "sta10"}
2026-06-25 15:34:16,165 - METRIC - INFO - {"loss": 0.06386655569076538, "accuracy": 0.9784722328186035, "energy_consumption": null, "selected": false, "client_name": "sta4"}
2026-06-25 15:34:16,193 - METRIC - INFO - {"loss": 0.06016591936349869, "accuracy": 0.9791851043701172, "energy_consumption": null, "selected": false, "client_name": "sta1"}
2026-06-25 15:34:16,196 - METRIC - INFO - {"loss": 0.06020566448569298, "accuracy": 0.9793843030929565, "energy_consumption": null, "selected": false, "client_name": "sta9"}
2026-06-25 15:34:16,261 - METRIC - INFO - {"loss": 0.05399463698267937, "accuracy": 0.9844253659248352, "energy_consumption": null, "selected": false, "client_name": "sta2"}
2026-06-25 15:34:16,263 - METRIC - INFO - {"loss": 0.05474115535616875, "accuracy": 0.9825558066368103, "energy_consumption": null, "selected": false, "client_name": "sta0"}
2026-06-25 15:34:16,303 - METRIC - INFO - {"loss": 0.05998541787266731, "accuracy": 0.9826483726501465, "energy_consumption": null, "selected": false, "client_name": "sta6"}
2026-06-25 15:34:16,308 - METRIC - INFO - {"loss": 0.04687463864684105, "accuracy": 0.9849468469619751, "energy_consumption": null, "selected": false, "client_name": "sta7"}
2026-06-25 15:34:16,335 - METRIC - INFO - {"loss": 0.06102973595261574, "accuracy": 0.9826439023017883, "energy_consumption": null, "selected": false, "client_name": "sta3"}
2026-06-25 15:34:16,368 - METRIC - INFO - {"loss": 0.05684059113264084, "accuracy": 0.9821190237998962, "energy_consumption": null, "selected": false, "client_name": "sta5"}
2026-06-25 15:34:16,622 - METRIC - INFO - mean_accuracy: 0.9821576150980863

2026-06-25 15:34:16,622 - METRIC - INFO - round: 14
2026-06-25 15:34:16,622 - METRIC - INFO - n_selected: 11
2026-06-25 15:34:16,622 - METRIC - INFO - {"selected_trainers": ["sta0", "sta1", "sta10", "sta2", "sta3", "sta4", "sta5", "sta6", "sta7", "sta8", "sta9"]}
2026-06-25 15:34:21,492 - EXECUT - INFO - received weights from trainer sta8!
2026-06-25 15:34:22,885 - EXECUT - INFO - received weights from trainer sta4!
2026-06-25 15:34:26,083 - EXECUT - INFO - received weights from trainer sta10!
2026-06-25 15:34:27,750 - EXECUT - INFO - received weights from trainer sta1!
2026-06-25 15:34:28,709 - EXECUT - INFO - received weights from trainer sta0!
2026-06-25 15:34:30,251 - EXECUT - INFO - received weights from trainer sta9!
2026-06-25 15:34:31,989 - EXECUT - INFO - received weights from trainer sta2!
2026-06-25 15:34:33,248 - EXECUT - INFO - received weights from trainer sta6!
2026-06-25 15:34:33,570 - EXECUT - INFO - received weights from trainer sta3!
2026-06-25 15:34:33,935 - EXECUT - INFO - received weights from trainer sta7!
2026-06-25 15:34:35,801 - EXECUT - INFO - received weights from trainer sta5!
2026-06-25 15:34:36,186 - EXECUT - INFO - sent aggregated weights to trainers!
2026-06-25 15:34:36,594 - METRIC - INFO - {"loss": 0.06186247989535332, "accuracy": 0.9784853458404541, "energy_consumption": null, "selected": false, "client_name": "sta8"}
2026-06-25 15:34:36,667 - METRIC - INFO - {"loss": 0.044247616082429886, "accuracy": 0.9862348437309265, "energy_consumption": null, "selected": false, "client_name": "sta10"}
2026-06-25 15:34:36,673 - METRIC - INFO - {"loss": 0.0582255981862545, "accuracy": 0.980555534362793, "energy_consumption": null, "selected": false, "client_name": "sta4"}
2026-06-25 15:34:36,733 - METRIC - INFO - {"loss": 0.05720227211713791, "accuracy": 0.981583297252655, "energy_consumption": null, "selected": false, "client_name": "sta9"}
2026-06-25 15:34:36,752 - METRIC - INFO - {"loss": 0.05674971267580986, "accuracy": 0.9796279668807983, "energy_consumption": null, "selected": false, "client_name": "sta1"}
2026-06-25 15:34:36,776 - METRIC - INFO - {"loss": 0.04977813735604286, "accuracy": 0.9844253659248352, "energy_consumption": null, "selected": false, "client_name": "sta2"}
2026-06-25 15:34:36,805 - METRIC - INFO - {"loss": 0.051272597163915634, "accuracy": 0.9841784834861755, "energy_consumption": null, "selected": false, "client_name": "sta0"}
2026-06-25 15:34:36,826 - METRIC - INFO - {"loss": 0.055852096527814865, "accuracy": 0.9841704964637756, "energy_consumption": null, "selected": false, "client_name": "sta6"}
2026-06-25 15:34:36,864 - METRIC - INFO - {"loss": 0.05659433826804161, "accuracy": 0.9823546409606934, "energy_consumption": null, "selected": false, "client_name": "sta3"}
2026-06-25 15:34:36,870 - METRIC - INFO - {"loss": 0.043126530945301056, "accuracy": 0.987308144569397, "energy_consumption": null, "selected": false, "client_name": "sta7"}
2026-06-25 15:34:36,909 - METRIC - INFO - {"loss": 0.054101746529340744, "accuracy": 0.9821190237998962, "energy_consumption": null, "selected": false, "client_name": "sta5"}
2026-06-25 15:34:37,187 - METRIC - INFO - mean_accuracy: 0.9828221039338545

2026-06-25 15:34:37,187 - METRIC - INFO - round: 15
2026-06-25 15:34:37,188 - METRIC - INFO - n_selected: 11
2026-06-25 15:34:37,188 - METRIC - INFO - {"selected_trainers": ["sta0", "sta1", "sta10", "sta2", "sta3", "sta4", "sta5", "sta6", "sta7", "sta8", "sta9"]}
2026-06-25 15:34:42,081 - EXECUT - INFO - received weights from trainer sta8!
2026-06-25 15:34:43,501 - EXECUT - INFO - received weights from trainer sta4!
2026-06-25 15:34:46,697 - EXECUT - INFO - received weights from trainer sta10!
2026-06-25 15:34:48,239 - EXECUT - INFO - received weights from trainer sta1!
2026-06-25 15:34:48,944 - EXECUT - INFO - received weights from trainer sta0!
2026-06-25 15:34:50,797 - EXECUT - INFO - received weights from trainer sta9!
2026-06-25 15:34:52,423 - EXECUT - INFO - received weights from trainer sta2!
2026-06-25 15:34:53,333 - EXECUT - INFO - received weights from trainer sta3!
2026-06-25 15:34:53,744 - EXECUT - INFO - received weights from trainer sta6!
2026-06-25 15:34:54,472 - EXECUT - INFO - received weights from trainer sta7!
2026-06-25 15:34:55,829 - EXECUT - INFO - received weights from trainer sta5!
2026-06-25 15:34:56,837 - EXECUT - INFO - sent aggregated weights to trainers!
2026-06-25 15:34:57,255 - METRIC - INFO - {"loss": 0.05571601167321205, "accuracy": 0.9845094680786133, "energy_consumption": null, "selected": false, "client_name": "sta8"}
2026-06-25 15:34:57,322 - METRIC - INFO - {"loss": 0.04179764166474342, "accuracy": 0.9878542423248291, "energy_consumption": null, "selected": false, "client_name": "sta10"}
2026-06-25 15:34:57,323 - METRIC - INFO - {"loss": 0.05572997033596039, "accuracy": 0.9826388955116272, "energy_consumption": null, "selected": false, "client_name": "sta4"}
2026-06-25 15:34:57,374 - METRIC - INFO - {"loss": 0.05292418226599693, "accuracy": 0.98228520154953, "energy_consumption": null, "selected": false, "client_name": "sta1"}
2026-06-25 15:34:57,376 - METRIC - INFO - {"loss": 0.05309441313147545, "accuracy": 0.9826827645301819, "energy_consumption": null, "selected": false, "client_name": "sta9"}
2026-06-25 15:34:57,434 - METRIC - INFO - {"loss": 0.04853524640202522, "accuracy": 0.9852309226989746, "energy_consumption": null, "selected": false, "client_name": "sta2"}
2026-06-25 15:34:57,453 - METRIC - INFO - {"loss": 0.04769632965326309, "accuracy": 0.9845841526985168, "energy_consumption": null, "selected": false, "client_name": "sta0"}
2026-06-25 15:34:57,498 - METRIC - INFO - {"loss": 0.04101306572556496, "accuracy": 0.9881936311721802, "energy_consumption": null, "selected": false, "client_name": "sta7"}
2026-06-25 15:34:57,498 - METRIC - INFO - {"loss": 0.053681790828704834, "accuracy": 0.9844748973846436, "energy_consumption": null, "selected": false, "client_name": "sta6"}
2026-06-25 15:34:57,509 - METRIC - INFO - {"loss": 0.05399160459637642, "accuracy": 0.9843795299530029, "energy_consumption": null, "selected": false, "client_name": "sta3"}
2026-06-25 15:34:57,543 - METRIC - INFO - {"loss": 0.052431415766477585, "accuracy": 0.9831865429878235, "energy_consumption": null, "selected": false, "client_name": "sta5"}
2026-06-25 15:34:57,838 - METRIC - INFO - mean_accuracy: 0.9845472953536294

2026-06-25 15:34:57,838 - METRIC - INFO - round: 16
2026-06-25 15:34:57,838 - METRIC - INFO - n_selected: 11
2026-06-25 15:34:57,839 - METRIC - INFO - {"selected_trainers": ["sta0", "sta1", "sta10", "sta2", "sta3", "sta4", "sta5", "sta6", "sta7", "sta8", "sta9"]}
2026-06-25 15:35:02,692 - EXECUT - INFO - received weights from trainer sta8!
2026-06-25 15:35:04,114 - EXECUT - INFO - received weights from trainer sta4!
2026-06-25 15:35:07,308 - EXECUT - INFO - received weights from trainer sta10!
2026-06-25 15:35:08,918 - EXECUT - INFO - received weights from trainer sta1!
2026-06-25 15:35:09,457 - EXECUT - INFO - received weights from trainer sta0!
2026-06-25 15:35:11,431 - EXECUT - INFO - received weights from trainer sta9!
2026-06-25 15:35:13,017 - EXECUT - INFO - received weights from trainer sta2!
2026-06-25 15:35:14,023 - EXECUT - INFO - received weights from trainer sta3!
2026-06-25 15:35:14,461 - EXECUT - INFO - received weights from trainer sta6!
2026-06-25 15:35:15,143 - EXECUT - INFO - received weights from trainer sta7!
2026-06-25 15:35:18,687 - EXECUT - INFO - received weights from trainer sta5!
2026-06-25 15:35:19,505 - EXECUT - INFO - sent aggregated weights to trainers!
2026-06-25 15:35:19,991 - METRIC - INFO - {"loss": 0.05262661352753639, "accuracy": 0.9819444417953491, "energy_consumption": null, "selected": false, "client_name": "sta4"}
2026-06-25 15:35:20,032 - METRIC - INFO - {"loss": 0.057610057294368744, "accuracy": 0.9810671210289001, "energy_consumption": null, "selected": false, "client_name": "sta8"}
2026-06-25 15:35:20,046 - METRIC - INFO - {"loss": 0.05099399387836456, "accuracy": 0.982957661151886, "energy_consumption": null, "selected": false, "client_name": "sta9"}
2026-06-25 15:35:20,080 - METRIC - INFO - {"loss": 0.05138774588704109, "accuracy": 0.9818423390388489, "energy_consumption": null, "selected": false, "client_name": "sta1"}
2026-06-25 15:35:20,142 - METRIC - INFO - {"loss": 0.03962881490588188, "accuracy": 0.986639678478241, "energy_consumption": null, "selected": false, "client_name": "sta10"}
2026-06-25 15:35:20,183 - METRIC - INFO - {"loss": 0.05134586617350578, "accuracy": 0.98569256067276, "energy_consumption": null, "selected": false, "client_name": "sta6"}
2026-06-25 15:35:20,189 - METRIC - INFO - {"loss": 0.03957290202379227, "accuracy": 0.9878984689712524, "energy_consumption": null, "selected": false, "client_name": "sta7"}
2026-06-25 15:35:20,242 - METRIC - INFO - {"loss": 0.04653920605778694, "accuracy": 0.9841784834861755, "energy_consumption": null, "selected": false, "client_name": "sta0"}
2026-06-25 15:35:20,257 - METRIC - INFO - {"loss": 0.05606308951973915, "accuracy": 0.9828141927719116, "energy_consumption": null, "selected": false, "client_name": "sta2"}
2026-06-25 15:35:20,342 - METRIC - INFO - {"loss": 0.050253648310899734, "accuracy": 0.9842540621757507, "energy_consumption": null, "selected": false, "client_name": "sta5"}
2026-06-25 15:35:20,357 - METRIC - INFO - {"loss": 0.05170625448226929, "accuracy": 0.984090268611908, "energy_consumption": null, "selected": false, "client_name": "sta3"}
2026-06-25 15:35:20,506 - METRIC - INFO - mean_accuracy: 0.9839435707439076

2026-06-25 15:35:20,507 - METRIC - INFO - round: 17
2026-06-25 15:35:20,507 - METRIC - INFO - n_selected: 11
2026-06-25 15:35:20,507 - METRIC - INFO - {"selected_trainers": ["sta0", "sta1", "sta10", "sta2", "sta3", "sta4", "sta5", "sta6", "sta7", "sta8", "sta9"]}
2026-06-25 15:35:25,366 - EXECUT - INFO - received weights from trainer sta8!
2026-06-25 15:35:26,352 - EXECUT - INFO - received weights from trainer sta4!
2026-06-25 15:35:30,035 - EXECUT - INFO - received weights from trainer sta10!
2026-06-25 15:35:31,532 - EXECUT - INFO - received weights from trainer sta1!
2026-06-25 15:35:32,155 - EXECUT - INFO - received weights from trainer sta0!
2026-06-25 15:35:34,130 - EXECUT - INFO - received weights from trainer sta9!
2026-06-25 15:35:35,700 - EXECUT - INFO - received weights from trainer sta6!
2026-06-25 15:35:35,860 - EXECUT - INFO - received weights from trainer sta2!
2026-06-25 15:35:36,636 - EXECUT - INFO - received weights from trainer sta3!
2026-06-25 15:35:36,992 - EXECUT - INFO - received weights from trainer sta7!
2026-06-25 15:35:38,437 - EXECUT - INFO - received weights from trainer sta5!
2026-06-25 15:35:39,052 - EXECUT - INFO - sent aggregated weights to trainers!
2026-06-25 15:35:39,456 - METRIC - INFO - {"loss": 0.050520237535238266, "accuracy": 0.9853700399398804, "energy_consumption": null, "selected": false, "client_name": "sta8"}
2026-06-25 15:35:39,500 - METRIC - INFO - {"loss": 0.049552012234926224, "accuracy": 0.9847221970558167, "energy_consumption": null, "selected": false, "client_name": "sta4"}
2026-06-25 15:35:39,515 - METRIC - INFO - {"loss": 0.038140904158353806, "accuracy": 0.9890688061714172, "energy_consumption": null, "selected": false, "client_name": "sta10"}
2026-06-25 15:35:39,575 - METRIC - INFO - {"loss": 0.04956944286823273, "accuracy": 0.982957661151886, "energy_consumption": null, "selected": false, "client_name": "sta9"}
2026-06-25 15:35:39,579 - METRIC - INFO - {"loss": 0.0507722944021225, "accuracy": 0.9818423390388489, "energy_consumption": null, "selected": false, "client_name": "sta1"}
2026-06-25 15:35:39,634 - METRIC - INFO - {"loss": 0.0460919626057148, "accuracy": 0.9853955507278442, "energy_consumption": null, "selected": false, "client_name": "sta0"}
2026-06-25 15:35:39,648 - METRIC - INFO - {"loss": 0.04399554431438446, "accuracy": 0.9860365390777588, "energy_consumption": null, "selected": false, "client_name": "sta2"}
2026-06-25 15:35:39,675 - METRIC - INFO - {"loss": 0.05028798058629036, "accuracy": 0.9843795299530029, "energy_consumption": null, "selected": false, "client_name": "sta3"}
2026-06-25 15:35:39,747 - METRIC - INFO - {"loss": 0.04918511211872101, "accuracy": 0.9837203025817871, "energy_consumption": null, "selected": false, "client_name": "sta5"}
2026-06-25 15:35:39,778 - METRIC - INFO - {"loss": 0.04914793744683266, "accuracy": 0.9844748973846436, "energy_consumption": null, "selected": false, "client_name": "sta6"}
2026-06-25 15:35:39,868 - METRIC - INFO - {"loss": 0.03663083165884018, "accuracy": 0.9890791177749634, "energy_consumption": null, "selected": false, "client_name": "sta7"}
2026-06-25 15:35:40,053 - METRIC - INFO - mean_accuracy: 0.9851860891688954

2026-06-25 15:35:40,053 - METRIC - INFO - round: 18
2026-06-25 15:35:40,053 - METRIC - INFO - n_selected: 11
2026-06-25 15:35:40,053 - METRIC - INFO - {"selected_trainers": ["sta0", "sta1", "sta10", "sta2", "sta3", "sta4", "sta5", "sta6", "sta7", "sta8", "sta9"]}
2026-06-25 15:35:44,915 - EXECUT - INFO - received weights from trainer sta8!
2026-06-25 15:35:45,874 - EXECUT - INFO - received weights from trainer sta4!
2026-06-25 15:35:49,564 - EXECUT - INFO - received weights from trainer sta10!
2026-06-25 15:35:50,965 - EXECUT - INFO - received weights from trainer sta1!
2026-06-25 15:35:51,433 - EXECUT - INFO - received weights from trainer sta0!
2026-06-25 15:35:53,714 - EXECUT - INFO - received weights from trainer sta9!
2026-06-25 15:35:54,236 - EXECUT - INFO - received weights from trainer sta2!
2026-06-25 15:35:55,197 - EXECUT - INFO - received weights from trainer sta6!
2026-06-25 15:35:55,956 - EXECUT - INFO - received weights from trainer sta3!
2026-06-25 15:35:56,603 - EXECUT - INFO - received weights from trainer sta7!
2026-06-25 15:35:57,967 - EXECUT - INFO - received weights from trainer sta5!
2026-06-25 15:35:58,719 - EXECUT - INFO - sent aggregated weights to trainers!
2026-06-25 15:35:59,138 - METRIC - INFO - {"loss": 0.049957603216171265, "accuracy": 0.9840278029441833, "energy_consumption": null, "selected": false, "client_name": "sta4"}
2026-06-25 15:35:59,140 - METRIC - INFO - {"loss": 0.0487370640039444, "accuracy": 0.9862306118011475, "energy_consumption": null, "selected": false, "client_name": "sta8"}
2026-06-25 15:35:59,204 - METRIC - INFO - {"loss": 0.0360984168946743, "accuracy": 0.9894737005233765, "energy_consumption": null, "selected": false, "client_name": "sta10"}
2026-06-25 15:35:59,260 - METRIC - INFO - {"loss": 0.047214362770318985, "accuracy": 0.9835073947906494, "energy_consumption": null, "selected": false, "client_name": "sta9"}
2026-06-25 15:35:59,261 - METRIC - INFO - {"loss": 0.042811501771211624, "accuracy": 0.9863050580024719, "energy_consumption": null, "selected": false, "client_name": "sta2"}
2026-06-25 15:35:59,299 - METRIC - INFO - {"loss": 0.04452727735042572, "accuracy": 0.9862068891525269, "energy_consumption": null, "selected": false, "client_name": "sta0"}
2026-06-25 15:35:59,311 - METRIC - INFO - {"loss": 0.04774008318781853, "accuracy": 0.9836137890815735, "energy_consumption": null, "selected": false, "client_name": "sta1"}
2026-06-25 15:35:59,390 - METRIC - INFO - {"loss": 0.047431621700525284, "accuracy": 0.9861151576042175, "energy_consumption": null, "selected": false, "client_name": "sta3"}
2026-06-25 15:35:59,391 - METRIC - INFO - {"loss": 0.04840753972530365, "accuracy": 0.9853881001472473, "energy_consumption": null, "selected": false, "client_name": "sta6"}
2026-06-25 15:35:59,408 - METRIC - INFO - {"loss": 0.035642605274915695, "accuracy": 0.9878984689712524, "energy_consumption": null, "selected": false, "client_name": "sta7"}
2026-06-25 15:35:59,451 - METRIC - INFO - {"loss": 0.047691710293293, "accuracy": 0.9850547313690186, "energy_consumption": null, "selected": false, "client_name": "sta5"}
2026-06-25 15:35:59,721 - METRIC - INFO - mean_accuracy: 0.9858019731261514

2026-06-25 15:35:59,721 - METRIC - INFO - round: 19
2026-06-25 15:35:59,721 - METRIC - INFO - n_selected: 11
2026-06-25 15:35:59,721 - METRIC - INFO - {"selected_trainers": ["sta0", "sta1", "sta10", "sta2", "sta3", "sta4", "sta5", "sta6", "sta7", "sta8", "sta9"]}
2026-06-25 15:36:04,621 - EXECUT - INFO - received weights from trainer sta8!
2026-06-25 15:36:05,375 - EXECUT - INFO - received weights from trainer sta4!
2026-06-25 15:36:09,221 - EXECUT - INFO - received weights from trainer sta10!
2026-06-25 15:36:10,595 - EXECUT - INFO - received weights from trainer sta1!
2026-06-25 15:36:11,199 - EXECUT - INFO - received weights from trainer sta0!
2026-06-25 15:36:13,341 - EXECUT - INFO - received weights from trainer sta9!
2026-06-25 15:36:13,958 - EXECUT - INFO - received weights from trainer sta2!
2026-06-25 15:36:14,870 - EXECUT - INFO - received weights from trainer sta6!
2026-06-25 15:36:15,747 - EXECUT - INFO - received weights from trainer sta3!
2026-06-25 15:36:16,175 - EXECUT - INFO - received weights from trainer sta7!
2026-06-25 15:36:17,669 - EXECUT - INFO - received weights from trainer sta5!
2026-06-25 15:36:18,360 - EXECUT - INFO - sent aggregated weights to trainers!
2026-06-25 15:36:18,784 - METRIC - INFO - {"loss": 0.04696980118751526, "accuracy": 0.9870912432670593, "energy_consumption": null, "selected": false, "client_name": "sta8"}
2026-06-25 15:36:18,857 - METRIC - INFO - {"loss": 0.03599094599485397, "accuracy": 0.9894737005233765, "energy_consumption": null, "selected": false, "client_name": "sta10"}
2026-06-25 15:36:18,884 - METRIC - INFO - {"loss": 0.04177840054035187, "accuracy": 0.9879162311553955, "energy_consumption": null, "selected": false, "client_name": "sta2"}
2026-06-25 15:36:18,923 - METRIC - INFO - {"loss": 0.0472085103392601, "accuracy": 0.9833333492279053, "energy_consumption": null, "selected": false, "client_name": "sta4"}
2026-06-25 15:36:18,939 - METRIC - INFO - {"loss": 0.04093421623110771, "accuracy": 0.9874239563941956, "energy_consumption": null, "selected": false, "client_name": "sta0"}
2026-06-25 15:36:18,963 - METRIC - INFO - {"loss": 0.05667703598737717, "accuracy": 0.983561635017395, "energy_consumption": null, "selected": false, "client_name": "sta6"}
2026-06-25 15:36:18,977 - METRIC - INFO - {"loss": 0.035375915467739105, "accuracy": 0.9893742799758911, "energy_consumption": null, "selected": false, "client_name": "sta7"}
2026-06-25 15:36:19,028 - METRIC - INFO - {"loss": 0.04857935756444931, "accuracy": 0.982957661151886, "energy_consumption": null, "selected": false, "client_name": "sta9"}
2026-06-25 15:36:19,034 - METRIC - INFO - {"loss": 0.045741379261016846, "accuracy": 0.9864044189453125, "energy_consumption": null, "selected": false, "client_name": "sta3"}
2026-06-25 15:36:19,093 - METRIC - INFO - {"loss": 0.047057658433914185, "accuracy": 0.9842540621757507, "energy_consumption": null, "selected": false, "client_name": "sta5"}
2026-06-25 15:36:19,093 - METRIC - INFO - {"loss": 0.04609203711152077, "accuracy": 0.985828161239624, "energy_consumption": null, "selected": false, "client_name": "sta1"}
2026-06-25 15:36:19,362 - METRIC - INFO - mean_accuracy: 0.9861471544612538

2026-06-25 15:36:19,362 - METRIC - INFO - round: 20
2026-06-25 15:36:19,362 - METRIC - INFO - n_selected: 11
2026-06-25 15:36:19,362 - METRIC - INFO - {"selected_trainers": ["sta0", "sta1", "sta10", "sta2", "sta3", "sta4", "sta5", "sta6", "sta7", "sta8", "sta9"]}
2026-06-25 15:36:24,055 - EXECUT - INFO - received weights from trainer sta8!
2026-06-25 15:36:25,021 - EXECUT - INFO - received weights from trainer sta4!
2026-06-25 15:36:28,455 - EXECUT - INFO - received weights from trainer sta10!
2026-06-25 15:36:29,780 - EXECUT - INFO - received weights from trainer sta1!
2026-06-25 15:36:30,476 - EXECUT - INFO - received weights from trainer sta0!
2026-06-25 15:36:32,304 - EXECUT - INFO - received weights from trainer sta9!
2026-06-25 15:36:33,054 - EXECUT - INFO - received weights from trainer sta2!
2026-06-25 15:36:33,814 - EXECUT - INFO - received weights from trainer sta6!
2026-06-25 15:36:34,737 - EXECUT - INFO - received weights from trainer sta3!
2026-06-25 15:36:34,963 - EXECUT - INFO - received weights from trainer sta7!
2026-06-25 15:36:36,277 - EXECUT - INFO - received weights from trainer sta5!
2026-06-25 15:36:36,976 - EXECUT - INFO - sent aggregated weights to trainers!
2026-06-25 15:36:37,376 - METRIC - INFO - {"loss": 0.046532709151506424, "accuracy": 0.9845094680786133, "energy_consumption": null, "selected": false, "client_name": "sta8"}
2026-06-25 15:36:37,383 - METRIC - INFO - {"loss": 0.04410674795508385, "accuracy": 0.9840278029441833, "energy_consumption": null, "selected": false, "client_name": "sta4"}
2026-06-25 15:36:37,438 - METRIC - INFO - {"loss": 0.03370426222681999, "accuracy": 0.9919028282165527, "energy_consumption": null, "selected": false, "client_name": "sta10"}
2026-06-25 15:36:37,487 - METRIC - INFO - {"loss": 0.060760535299777985, "accuracy": 0.97993403673172, "energy_consumption": null, "selected": false, "client_name": "sta9"}
2026-06-25 15:36:37,517 - METRIC - INFO - {"loss": 0.040936775505542755, "accuracy": 0.9879162311553955, "energy_consumption": null, "selected": false, "client_name": "sta2"}
2026-06-25 15:36:37,535 - METRIC - INFO - {"loss": 0.0495326891541481, "accuracy": 0.9836137890815735, "energy_consumption": null, "selected": false, "client_name": "sta1"}
2026-06-25 15:36:37,556 - METRIC - INFO - {"loss": 0.04404278099536896, "accuracy": 0.9878507256507874, "energy_consumption": null, "selected": false, "client_name": "sta3"}
2026-06-25 15:36:37,575 - METRIC - INFO - {"loss": 0.044684965163469315, "accuracy": 0.9863013625144958, "energy_consumption": null, "selected": false, "client_name": "sta6"}
2026-06-25 15:36:37,635 - METRIC - INFO - {"loss": 0.04536895453929901, "accuracy": 0.9850547313690186, "energy_consumption": null, "selected": false, "client_name": "sta5"}
2026-06-25 15:36:37,654 - METRIC - INFO - {"loss": 0.039911914616823196, "accuracy": 0.9870182275772095, "energy_consumption": null, "selected": false, "client_name": "sta0"}
2026-06-25 15:36:37,655 - METRIC - INFO - {"loss": 0.033633481711149216, "accuracy": 0.9902597665786743, "energy_consumption": null, "selected": false, "client_name": "sta7"}
2026-06-25 15:36:37,978 - METRIC - INFO - mean_accuracy: 0.9862171790816567

2026-06-25 15:36:37,978 - METRIC - INFO - round: 21
2026-06-25 15:36:37,978 - METRIC - INFO - n_selected: 11
2026-06-25 15:36:37,978 - METRIC - INFO - {"selected_trainers": ["sta0", "sta1", "sta10", "sta2", "sta3", "sta4", "sta5", "sta6", "sta7", "sta8", "sta9"]}
2026-06-25 15:36:42,692 - EXECUT - INFO - received weights from trainer sta8!
2026-06-25 15:36:43,578 - EXECUT - INFO - received weights from trainer sta4!
2026-06-25 15:36:47,051 - EXECUT - INFO - received weights from trainer sta10!
2026-06-25 15:36:48,466 - EXECUT - INFO - received weights from trainer sta1!
2026-06-25 15:36:49,015 - EXECUT - INFO - received weights from trainer sta0!
2026-06-25 15:36:50,966 - EXECUT - INFO - received weights from trainer sta9!
2026-06-25 15:36:51,803 - EXECUT - INFO - received weights from trainer sta2!
2026-06-25 15:36:52,565 - EXECUT - INFO - received weights from trainer sta6!
2026-06-25 15:36:53,435 - EXECUT - INFO - received weights from trainer sta3!
2026-06-25 15:36:53,661 - EXECUT - INFO - received weights from trainer sta7!
2026-06-25 15:36:54,952 - EXECUT - INFO - received weights from trainer sta5!
2026-06-25 15:36:55,576 - EXECUT - INFO - sent aggregated weights to trainers!
2026-06-25 15:36:55,989 - METRIC - INFO - {"loss": 0.04401518031954765, "accuracy": 0.9870912432670593, "energy_consumption": null, "selected": false, "client_name": "sta8"}
2026-06-25 15:36:56,026 - METRIC - INFO - {"loss": 0.04620838537812233, "accuracy": 0.9833333492279053, "energy_consumption": null, "selected": false, "client_name": "sta4"}
2026-06-25 15:36:56,045 - METRIC - INFO - {"loss": 0.03134492412209511, "accuracy": 0.9906882643699646, "energy_consumption": null, "selected": false, "client_name": "sta10"}
2026-06-25 15:36:56,100 - METRIC - INFO - {"loss": 0.041987791657447815, "accuracy": 0.9857064485549927, "energy_consumption": null, "selected": false, "client_name": "sta9"}
2026-06-25 15:36:56,124 - METRIC - INFO - {"loss": 0.04080371558666229, "accuracy": 0.9881847500801086, "energy_consumption": null, "selected": false, "client_name": "sta2"}
2026-06-25 15:36:56,132 - METRIC - INFO - {"loss": 0.03792467713356018, "accuracy": 0.9894523620605469, "energy_consumption": null, "selected": false, "client_name": "sta0"}
2026-06-25 15:36:56,146 - METRIC - INFO - {"loss": 0.043928422033786774, "accuracy": 0.9875996708869934, "energy_consumption": null, "selected": false, "client_name": "sta1"}
2026-06-25 15:36:56,179 - METRIC - INFO - {"loss": 0.04323168843984604, "accuracy": 0.9872722029685974, "energy_consumption": null, "selected": false, "client_name": "sta3"}
2026-06-25 15:36:56,196 - METRIC - INFO - {"loss": 0.043928541243076324, "accuracy": 0.9869102239608765, "energy_consumption": null, "selected": false, "client_name": "sta6"}
2026-06-25 15:36:56,200 - METRIC - INFO - {"loss": 0.0330989845097065, "accuracy": 0.9899646043777466, "energy_consumption": null, "selected": false, "client_name": "sta7"}
2026-06-25 15:36:56,254 - METRIC - INFO - {"loss": 0.04493985325098038, "accuracy": 0.985321581363678, "energy_consumption": null, "selected": false, "client_name": "sta5"}
2026-06-25 15:36:56,577 - METRIC - INFO - mean_accuracy: 0.9874113364653154

2026-06-25 15:36:56,578 - METRIC - INFO - round: 22
2026-06-25 15:36:56,578 - METRIC - INFO - n_selected: 11
2026-06-25 15:36:56,578 - METRIC - INFO - {"selected_trainers": ["sta0", "sta1", "sta10", "sta2", "sta3", "sta4", "sta5", "sta6", "sta7", "sta8", "sta9"]}
2026-06-25 15:37:01,258 - EXECUT - INFO - received weights from trainer sta8!
2026-06-25 15:37:01,906 - EXECUT - INFO - received weights from trainer sta4!
2026-06-25 15:37:05,676 - EXECUT - INFO - received weights from trainer sta10!
2026-06-25 15:37:06,957 - EXECUT - INFO - received weights from trainer sta1!
2026-06-25 15:37:07,661 - EXECUT - INFO - received weights from trainer sta0!
2026-06-25 15:37:09,565 - EXECUT - INFO - received weights from trainer sta9!
2026-06-25 15:37:11,016 - EXECUT - INFO - received weights from trainer sta6!
2026-06-25 15:37:11,954 - EXECUT - INFO - received weights from trainer sta3!
2026-06-25 15:37:12,169 - EXECUT - INFO - received weights from trainer sta7!
2026-06-25 15:37:13,422 - EXECUT - INFO - received weights from trainer sta5!
2026-06-25 15:37:17,350 - EXECUT - INFO - received weights from trainer sta2!
2026-06-25 15:37:18,213 - EXECUT - INFO - sent aggregated weights to trainers!
2026-06-25 15:37:18,610 - METRIC - INFO - {"loss": 0.04337296262383461, "accuracy": 0.9879518151283264, "energy_consumption": null, "selected": false, "client_name": "sta8"}
2026-06-25 15:37:18,634 - METRIC - INFO - {"loss": 0.044912148267030716, "accuracy": 0.9826388955116272, "energy_consumption": null, "selected": false, "client_name": "sta4"}
2026-06-25 15:37:18,679 - METRIC - INFO - {"loss": 0.031217366456985474, "accuracy": 0.9906882643699646, "energy_consumption": null, "selected": false, "client_name": "sta10"}
2026-06-25 15:37:18,704 - METRIC - INFO - {"loss": 0.043370410799980164, "accuracy": 0.985828161239624, "energy_consumption": null, "selected": false, "client_name": "sta1"}
2026-06-25 15:37:18,709 - METRIC - INFO - {"loss": 0.038867127150297165, "accuracy": 0.9890466332435608, "energy_consumption": null, "selected": false, "client_name": "sta0"}
2026-06-25 15:37:18,726 - METRIC - INFO - {"loss": 0.04203076660633087, "accuracy": 0.9868059158325195, "energy_consumption": null, "selected": false, "client_name": "sta9"}
2026-06-25 15:37:18,755 - METRIC - INFO - {"loss": 0.03822002932429314, "accuracy": 0.9884532690048218, "energy_consumption": null, "selected": false, "client_name": "sta2"}
2026-06-25 15:37:18,768 - METRIC - INFO - {"loss": 0.044267438352108, "accuracy": 0.9859969615936279, "energy_consumption": null, "selected": false, "client_name": "sta6"}
2026-06-25 15:37:18,811 - METRIC - INFO - {"loss": 0.03153354302048683, "accuracy": 0.990554928779602, "energy_consumption": null, "selected": false, "client_name": "sta7"}
2026-06-25 15:37:18,849 - METRIC - INFO - {"loss": 0.04347623512148857, "accuracy": 0.9872722029685974, "energy_consumption": null, "selected": false, "client_name": "sta3"}
2026-06-25 15:37:18,905 - METRIC - INFO - {"loss": 0.04509604349732399, "accuracy": 0.9845209717750549, "energy_consumption": null, "selected": false, "client_name": "sta5"}
2026-06-25 15:37:19,214 - METRIC - INFO - mean_accuracy: 0.987250729040666

2026-06-25 15:37:19,215 - METRIC - INFO - round: 23
2026-06-25 15:37:19,215 - METRIC - INFO - n_selected: 11
2026-06-25 15:37:19,215 - METRIC - INFO - {"selected_trainers": ["sta0", "sta1", "sta10", "sta2", "sta3", "sta4", "sta5", "sta6", "sta7", "sta8", "sta9"]}
2026-06-25 15:37:23,917 - EXECUT - INFO - received weights from trainer sta8!
2026-06-25 15:37:24,550 - EXECUT - INFO - received weights from trainer sta4!
2026-06-25 15:37:28,295 - EXECUT - INFO - received weights from trainer sta10!
2026-06-25 15:37:29,669 - EXECUT - INFO - received weights from trainer sta1!
2026-06-25 15:37:30,337 - EXECUT - INFO - received weights from trainer sta0!
2026-06-25 15:37:32,225 - EXECUT - INFO - received weights from trainer sta9!
2026-06-25 15:37:32,784 - EXECUT - INFO - received weights from trainer sta2!
2026-06-25 15:37:33,645 - EXECUT - INFO - received weights from trainer sta6!
2026-06-25 15:37:34,618 - EXECUT - INFO - received weights from trainer sta3!
2026-06-25 15:37:34,782 - EXECUT - INFO - received weights from trainer sta7!
2026-06-25 15:37:36,097 - EXECUT - INFO - received weights from trainer sta5!
2026-06-25 15:37:36,883 - EXECUT - INFO - sent aggregated weights to trainers!
2026-06-25 15:37:37,280 - METRIC - INFO - {"loss": 0.0423554889857769, "accuracy": 0.9879518151283264, "energy_consumption": null, "selected": false, "client_name": "sta8"}
2026-06-25 15:37:37,289 - METRIC - INFO - {"loss": 0.041447654366493225, "accuracy": 0.9847221970558167, "energy_consumption": null, "selected": false, "client_name": "sta4"}
2026-06-25 15:37:37,325 - METRIC - INFO - {"loss": 0.02977307327091694, "accuracy": 0.9919028282165527, "energy_consumption": null, "selected": false, "client_name": "sta10"}
2026-06-25 15:37:37,352 - METRIC - INFO - {"loss": 0.042275458574295044, "accuracy": 0.9862710237503052, "energy_consumption": null, "selected": false, "client_name": "sta1"}
2026-06-25 15:37:37,353 - METRIC - INFO - {"loss": 0.036754753440618515, "accuracy": 0.9890466332435608, "energy_consumption": null, "selected": false, "client_name": "sta0"}
2026-06-25 15:37:37,381 - METRIC - INFO - {"loss": 0.04114794358611107, "accuracy": 0.9854315519332886, "energy_consumption": null, "selected": false, "client_name": "sta9"}
2026-06-25 15:37:37,408 - METRIC - INFO - {"loss": 0.03800762817263603, "accuracy": 0.9881847500801086, "energy_consumption": null, "selected": false, "client_name": "sta2"}
2026-06-25 15:37:37,417 - METRIC - INFO - {"loss": 0.04296518862247467, "accuracy": 0.9866057634353638, "energy_consumption": null, "selected": false, "client_name": "sta6"}
2026-06-25 15:37:37,451 - METRIC - INFO - {"loss": 0.03031877428293228, "accuracy": 0.990850031375885, "energy_consumption": null, "selected": false, "client_name": "sta7"}
2026-06-25 15:37:37,485 - METRIC - INFO - {"loss": 0.045954857021570206, "accuracy": 0.9842540621757507, "energy_consumption": null, "selected": false, "client_name": "sta5"}
2026-06-25 15:37:37,493 - METRIC - INFO - {"loss": 0.04154542461037636, "accuracy": 0.9869829416275024, "energy_consumption": null, "selected": false, "client_name": "sta3"}
2026-06-25 15:37:37,884 - METRIC - INFO - mean_accuracy: 0.9874730543656782

2026-06-25 15:37:37,885 - METRIC - INFO - round: 24
2026-06-25 15:37:37,885 - METRIC - INFO - n_selected: 11
2026-06-25 15:37:37,885 - METRIC - INFO - {"selected_trainers": ["sta0", "sta1", "sta10", "sta2", "sta3", "sta4", "sta5", "sta6", "sta7", "sta8", "sta9"]}
2026-06-25 15:37:42,598 - EXECUT - INFO - received weights from trainer sta8!
2026-06-25 15:37:43,219 - EXECUT - INFO - received weights from trainer sta4!
2026-06-25 15:37:46,986 - EXECUT - INFO - received weights from trainer sta10!
2026-06-25 15:37:48,246 - EXECUT - INFO - received weights from trainer sta1!
2026-06-25 15:37:48,844 - EXECUT - INFO - received weights from trainer sta0!
2026-06-25 15:37:50,835 - EXECUT - INFO - received weights from trainer sta2!
2026-06-25 15:37:50,938 - EXECUT - INFO - received weights from trainer sta9!
2026-06-25 15:37:52,119 - EXECUT - INFO - received weights from trainer sta6!
2026-06-25 15:37:53,188 - EXECUT - INFO - received weights from trainer sta3!
2026-06-25 15:37:53,429 - EXECUT - INFO - received weights from trainer sta7!
2026-06-25 15:37:54,680 - EXECUT - INFO - received weights from trainer sta5!
2026-06-25 15:37:55,568 - EXECUT - INFO - sent aggregated weights to trainers!
2026-06-25 15:37:55,936 - METRIC - INFO - {"loss": 0.04180017486214638, "accuracy": 0.9840278029441833, "energy_consumption": null, "selected": false, "client_name": "sta4"}
2026-06-25 15:37:55,978 - METRIC - INFO - {"loss": 0.041182179003953934, "accuracy": 0.9879518151283264, "energy_consumption": null, "selected": false, "client_name": "sta8"}
2026-06-25 15:37:56,036 - METRIC - INFO - {"loss": 0.02922634407877922, "accuracy": 0.9923076629638672, "energy_consumption": null, "selected": false, "client_name": "sta10"}
2026-06-25 15:37:56,056 - METRIC - INFO - {"loss": 0.03721918538212776, "accuracy": 0.9887217879295349, "energy_consumption": null, "selected": false, "client_name": "sta2"}
2026-06-25 15:37:56,084 - METRIC - INFO - {"loss": 0.039725761860609055, "accuracy": 0.985981285572052, "energy_consumption": null, "selected": false, "client_name": "sta9"}
2026-06-25 15:37:56,123 - METRIC - INFO - {"loss": 0.039272014051675797, "accuracy": 0.9874239563941956, "energy_consumption": null, "selected": false, "client_name": "sta0"}
2026-06-25 15:37:56,145 - METRIC - INFO - {"loss": 0.04266201704740524, "accuracy": 0.9880425333976746, "energy_consumption": null, "selected": false, "client_name": "sta1"}
2026-06-25 15:37:56,176 - METRIC - INFO - {"loss": 0.10463348031044006, "accuracy": 0.9649924039840698, "energy_consumption": null, "selected": false, "client_name": "sta6"}
2026-06-25 15:37:56,213 - METRIC - INFO - {"loss": 0.028820578008890152, "accuracy": 0.9911451935768127, "energy_consumption": null, "selected": false, "client_name": "sta7"}
2026-06-25 15:37:56,228 - METRIC - INFO - {"loss": 0.04149012267589569, "accuracy": 0.989007830619812, "energy_consumption": null, "selected": false, "client_name": "sta3"}
2026-06-25 15:37:56,261 - METRIC - INFO - {"loss": 0.04337473586201668, "accuracy": 0.9863891005516052, "energy_consumption": null, "selected": false, "client_name": "sta5"}
2026-06-25 15:37:56,570 - METRIC - INFO - mean_accuracy: 0.9859992157329213

2026-06-25 15:37:56,570 - METRIC - INFO - round: 25
2026-06-25 15:37:56,570 - METRIC - INFO - n_selected: 11
2026-06-25 15:37:56,570 - METRIC - INFO - {"selected_trainers": ["sta0", "sta1", "sta10", "sta2", "sta3", "sta4", "sta5", "sta6", "sta7", "sta8", "sta9"]}
2026-06-25 15:38:01,304 - EXECUT - INFO - received weights from trainer sta8!
2026-06-25 15:38:01,766 - EXECUT - INFO - received weights from trainer sta4!
2026-06-25 15:38:05,707 - EXECUT - INFO - received weights from trainer sta10!
2026-06-25 15:38:06,954 - EXECUT - INFO - received weights from trainer sta1!
2026-06-25 15:38:07,111 - EXECUT - INFO - received weights from trainer sta0!
2026-06-25 15:38:09,474 - EXECUT - INFO - received weights from trainer sta2!
2026-06-25 15:38:09,599 - EXECUT - INFO - received weights from trainer sta9!
2026-06-25 15:38:10,800 - EXECUT - INFO - received weights from trainer sta6!
2026-06-25 15:38:11,070 - EXECUT - INFO - received weights from trainer sta3!
2026-06-25 15:38:12,102 - EXECUT - INFO - received weights from trainer sta7!
2026-06-25 15:38:13,062 - EXECUT - INFO - received weights from trainer sta5!
2026-06-25 15:38:14,085 - EXECUT - INFO - sent aggregated weights to trainers!
2026-06-25 15:38:14,457 - METRIC - INFO - {"loss": 0.041723769158124924, "accuracy": 0.9826388955116272, "energy_consumption": null, "selected": false, "client_name": "sta4"}
2026-06-25 15:38:14,475 - METRIC - INFO - {"loss": 0.041155289858579636, "accuracy": 0.9888123869895935, "energy_consumption": null, "selected": false, "client_name": "sta8"}
2026-06-25 15:38:14,541 - METRIC - INFO - {"loss": 0.029169365763664246, "accuracy": 0.9923076629638672, "energy_consumption": null, "selected": false, "client_name": "sta10"}
2026-06-25 15:38:14,582 - METRIC - INFO - {"loss": 0.037018898874521255, "accuracy": 0.9884532690048218, "energy_consumption": null, "selected": false, "client_name": "sta2"}
2026-06-25 15:38:14,589 - METRIC - INFO - {"loss": 0.03927911818027496, "accuracy": 0.9862561821937561, "energy_consumption": null, "selected": false, "client_name": "sta9"}
2026-06-25 15:38:14,619 - METRIC - INFO - {"loss": 0.03490757942199707, "accuracy": 0.9902637004852295, "energy_consumption": null, "selected": false, "client_name": "sta0"}
2026-06-25 15:38:14,650 - METRIC - INFO - {"loss": 0.04023488610982895, "accuracy": 0.9884853959083557, "energy_consumption": null, "selected": false, "client_name": "sta1"}
2026-06-25 15:38:14,664 - METRIC - INFO - {"loss": 0.04535406827926636, "accuracy": 0.9847792983055115, "energy_consumption": null, "selected": false, "client_name": "sta6"}
2026-06-25 15:38:14,691 - METRIC - INFO - {"loss": 0.04094887524843216, "accuracy": 0.989586353302002, "energy_consumption": null, "selected": false, "client_name": "sta3"}
2026-06-25 15:38:14,747 - METRIC - INFO - {"loss": 0.0423927828669548, "accuracy": 0.9861222505569458, "energy_consumption": null, "selected": false, "client_name": "sta5"}
2026-06-25 15:38:14,749 - METRIC - INFO - {"loss": 0.028168080374598503, "accuracy": 0.9914403557777405, "energy_consumption": null, "selected": false, "client_name": "sta7"}
2026-06-25 15:38:15,087 - METRIC - INFO - mean_accuracy: 0.9881041591817682

2026-06-25 15:38:15,087 - METRIC - INFO - round: 26
2026-06-25 15:38:15,087 - METRIC - INFO - n_selected: 11
2026-06-25 15:38:15,088 - METRIC - INFO - {"selected_trainers": ["sta0", "sta1", "sta10", "sta2", "sta3", "sta4", "sta5", "sta6", "sta7", "sta8", "sta9"]}
2026-06-25 15:38:19,811 - EXECUT - INFO - received weights from trainer sta8!
2026-06-25 15:38:20,267 - EXECUT - INFO - received weights from trainer sta4!
2026-06-25 15:38:24,232 - EXECUT - INFO - received weights from trainer sta10!
2026-06-25 15:38:25,413 - EXECUT - INFO - received weights from trainer sta1!
2026-06-25 15:38:25,568 - EXECUT - INFO - received weights from trainer sta0!
2026-06-25 15:38:27,962 - EXECUT - INFO - received weights from trainer sta2!
2026-06-25 15:38:28,140 - EXECUT - INFO - received weights from trainer sta9!
2026-06-25 15:38:29,275 - EXECUT - INFO - received weights from trainer sta6!
2026-06-25 15:38:29,580 - EXECUT - INFO - received weights from trainer sta3!
2026-06-25 15:38:31,550 - EXECUT - INFO - received weights from trainer sta5!
2026-06-25 15:38:36,009 - EXECUT - INFO - received weights from trainer sta7!
2026-06-25 15:38:36,765 - EXECUT - INFO - sent aggregated weights to trainers!
2026-06-25 15:38:37,146 - METRIC - INFO - {"loss": 0.042009226977825165, "accuracy": 0.9853700399398804, "energy_consumption": null, "selected": false, "client_name": "sta8"}
2026-06-25 15:38:37,177 - METRIC - INFO - {"loss": 0.04125235602259636, "accuracy": 0.9840278029441833, "energy_consumption": null, "selected": false, "client_name": "sta4"}
2026-06-25 15:38:37,211 - METRIC - INFO - {"loss": 0.0283623356372118, "accuracy": 0.9927125573158264, "energy_consumption": null, "selected": false, "client_name": "sta10"}
2026-06-25 15:38:37,261 - METRIC - INFO - {"loss": 0.038963936269283295, "accuracy": 0.9876305460929871, "energy_consumption": null, "selected": false, "client_name": "sta9"}
2026-06-25 15:38:37,266 - METRIC - INFO - {"loss": 0.03816493973135948, "accuracy": 0.9884532690048218, "energy_consumption": null, "selected": false, "client_name": "sta2"}
2026-06-25 15:38:37,278 - METRIC - INFO - {"loss": 0.039252202957868576, "accuracy": 0.9866125583648682, "energy_consumption": null, "selected": false, "client_name": "sta0"}
2026-06-25 15:38:37,287 - METRIC - INFO - {"loss": 0.04029407724738121, "accuracy": 0.9881278276443481, "energy_consumption": null, "selected": false, "client_name": "sta6"}
2026-06-25 15:38:37,298 - METRIC - INFO - {"loss": 0.03986531123518944, "accuracy": 0.9878507256507874, "energy_consumption": null, "selected": false, "client_name": "sta3"}
2026-06-25 15:38:37,308 - METRIC - INFO - {"loss": 0.04040273278951645, "accuracy": 0.9884853959083557, "energy_consumption": null, "selected": false, "client_name": "sta1"}
2026-06-25 15:38:37,355 - METRIC - INFO - {"loss": 0.044626761227846146, "accuracy": 0.985321581363678, "energy_consumption": null, "selected": false, "client_name": "sta5"}
2026-06-25 15:38:37,398 - METRIC - INFO - {"loss": 0.027303552255034447, "accuracy": 0.992030680179596, "energy_consumption": null, "selected": false, "client_name": "sta7"}
2026-06-25 15:38:37,768 - METRIC - INFO - mean_accuracy: 0.9878748167644847

2026-06-25 15:38:37,768 - METRIC - INFO - round: 27
2026-06-25 15:38:37,768 - METRIC - INFO - n_selected: 11
2026-06-25 15:38:37,768 - METRIC - INFO - {"selected_trainers": ["sta0", "sta1", "sta10", "sta2", "sta3", "sta4", "sta5", "sta6", "sta7", "sta8", "sta9"]}
2026-06-25 15:38:42,409 - EXECUT - INFO - received weights from trainer sta8!
2026-06-25 15:38:42,741 - EXECUT - INFO - received weights from trainer sta4!
2026-06-25 15:38:46,711 - EXECUT - INFO - received weights from trainer sta10!
2026-06-25 15:38:48,130 - EXECUT - INFO - received weights from trainer sta1!
2026-06-25 15:38:48,291 - EXECUT - INFO - received weights from trainer sta0!
2026-06-25 15:38:50,503 - EXECUT - INFO - received weights from trainer sta9!
2026-06-25 15:38:51,119 - EXECUT - INFO - received weights from trainer sta6!
2026-06-25 15:38:52,319 - EXECUT - INFO - received weights from trainer sta3!
2026-06-25 15:38:53,021 - EXECUT - INFO - received weights from trainer sta7!
2026-06-25 15:38:53,744 - EXECUT - INFO - received weights from trainer sta5!
2026-06-25 15:38:58,492 - EXECUT - INFO - received weights from trainer sta2!
2026-06-25 15:38:59,374 - EXECUT - INFO - sent aggregated weights to trainers!
2026-06-25 15:38:59,734 - METRIC - INFO - {"loss": 0.041582029312849045, "accuracy": 0.9840278029441833, "energy_consumption": null, "selected": false, "client_name": "sta4"}
2026-06-25 15:38:59,825 - METRIC - INFO - {"loss": 0.028171205893158913, "accuracy": 0.9931173920631409, "energy_consumption": null, "selected": false, "client_name": "sta10"}
2026-06-25 15:38:59,843 - METRIC - INFO - {"loss": 0.036120761185884476, "accuracy": 0.988990306854248, "energy_consumption": null, "selected": false, "client_name": "sta2"}
2026-06-25 15:38:59,860 - METRIC - INFO - {"loss": 0.0383136123418808, "accuracy": 0.9896729588508606, "energy_consumption": null, "selected": false, "client_name": "sta8"}
2026-06-25 15:38:59,885 - METRIC - INFO - {"loss": 0.037347108125686646, "accuracy": 0.9879054427146912, "energy_consumption": null, "selected": false, "client_name": "sta9"}
2026-06-25 15:38:59,932 - METRIC - INFO - {"loss": 0.035915572196245193, "accuracy": 0.9894523620605469, "energy_consumption": null, "selected": false, "client_name": "sta0"}
2026-06-25 15:38:59,937 - METRIC - INFO - {"loss": 0.03973185643553734, "accuracy": 0.9889282584190369, "energy_consumption": null, "selected": false, "client_name": "sta1"}
2026-06-25 15:38:59,947 - METRIC - INFO - {"loss": 0.04039832949638367, "accuracy": 0.9872146248817444, "energy_consumption": null, "selected": false, "client_name": "sta6"}
2026-06-25 15:39:00,006 - METRIC - INFO - {"loss": 0.027856092900037766, "accuracy": 0.9917355179786682, "energy_consumption": null, "selected": false, "client_name": "sta7"}
2026-06-25 15:39:00,009 - METRIC - INFO - {"loss": 0.03818899765610695, "accuracy": 0.989297091960907, "energy_consumption": null, "selected": false, "client_name": "sta3"}
2026-06-25 15:39:00,036 - METRIC - INFO - {"loss": 0.04315067455172539, "accuracy": 0.9863891005516052, "energy_consumption": null, "selected": false, "client_name": "sta5"}
2026-06-25 15:39:00,375 - METRIC - INFO - mean_accuracy: 0.9887937144799666

2026-06-25 15:39:00,375 - METRIC - INFO - round: 28
2026-06-25 15:39:00,375 - METRIC - INFO - n_selected: 11
2026-06-25 15:39:00,375 - METRIC - INFO - {"selected_trainers": ["sta0", "sta1", "sta10", "sta2", "sta3", "sta4", "sta5", "sta6", "sta7", "sta8", "sta9"]}
2026-06-25 15:39:05,049 - EXECUT - INFO - received weights from trainer sta8!
2026-06-25 15:39:05,287 - EXECUT - INFO - received weights from trainer sta4!
2026-06-25 15:39:09,336 - EXECUT - INFO - received weights from trainer sta10!
2026-06-25 15:39:10,754 - EXECUT - INFO - received weights from trainer sta1!
2026-06-25 15:39:10,789 - EXECUT - INFO - received weights from trainer sta0!
2026-06-25 15:39:12,860 - EXECUT - INFO - received weights from trainer sta2!
2026-06-25 15:39:13,064 - EXECUT - INFO - received weights from trainer sta9!
2026-06-25 15:39:13,693 - EXECUT - INFO - received weights from trainer sta6!
2026-06-25 15:39:14,880 - EXECUT - INFO - received weights from trainer sta3!
2026-06-25 15:39:15,553 - EXECUT - INFO - received weights from trainer sta7!
2026-06-25 15:39:16,293 - EXECUT - INFO - received weights from trainer sta5!
2026-06-25 15:39:17,000 - EXECUT - INFO - sent aggregated weights to trainers!
2026-06-25 15:39:17,384 - METRIC - INFO - {"loss": 0.038435500115156174, "accuracy": 0.9879518151283264, "energy_consumption": null, "selected": false, "client_name": "sta8"}
2026-06-25 15:39:17,391 - METRIC - INFO - {"loss": 0.039244864135980606, "accuracy": 0.9840278029441833, "energy_consumption": null, "selected": false, "client_name": "sta4"}
2026-06-25 15:39:17,502 - METRIC - INFO - {"loss": 0.036818452179431915, "accuracy": 0.9876305460929871, "energy_consumption": null, "selected": false, "client_name": "sta9"}
2026-06-25 15:39:17,519 - METRIC - INFO - {"loss": 0.041849348694086075, "accuracy": 0.9878234267234802, "energy_consumption": null, "selected": false, "client_name": "sta6"}
2026-06-25 15:39:17,560 - METRIC - INFO - {"loss": 0.03935359790921211, "accuracy": 0.9880425333976746, "energy_consumption": null, "selected": false, "client_name": "sta1"}
2026-06-25 15:39:17,577 - METRIC - INFO - {"loss": 0.026783205568790436, "accuracy": 0.9931173920631409, "energy_consumption": null, "selected": false, "client_name": "sta10"}
2026-06-25 15:39:17,585 - METRIC - INFO - {"loss": 0.03736705705523491, "accuracy": 0.988990306854248, "energy_consumption": null, "selected": false, "client_name": "sta2"}
2026-06-25 15:39:17,649 - METRIC - INFO - {"loss": 0.027630431577563286, "accuracy": 0.992030680179596, "energy_consumption": null, "selected": false, "client_name": "sta7"}
2026-06-25 15:39:17,657 - METRIC - INFO - {"loss": 0.03522282466292381, "accuracy": 0.9890466332435608, "energy_consumption": null, "selected": false, "client_name": "sta0"}
2026-06-25 15:39:17,761 - METRIC - INFO - {"loss": 0.03952767327427864, "accuracy": 0.989297091960907, "energy_consumption": null, "selected": false, "client_name": "sta3"}
2026-06-25 15:39:17,818 - METRIC - INFO - {"loss": 0.04322245344519615, "accuracy": 0.9861222505569458, "energy_consumption": null, "selected": false, "client_name": "sta5"}
2026-06-25 15:39:18,002 - METRIC - INFO - mean_accuracy: 0.9885527708313682

2026-06-25 15:39:18,002 - METRIC - INFO - round: 29
2026-06-25 15:39:18,002 - METRIC - INFO - n_selected: 11
2026-06-25 15:39:18,002 - METRIC - INFO - {"selected_trainers": ["sta0", "sta1", "sta10", "sta2", "sta3", "sta4", "sta5", "sta6", "sta7", "sta8", "sta9"]}
2026-06-25 15:39:22,661 - EXECUT - INFO - received weights from trainer sta8!
2026-06-25 15:39:22,897 - EXECUT - INFO - received weights from trainer sta4!
2026-06-25 15:39:26,959 - EXECUT - INFO - received weights from trainer sta10!
2026-06-25 15:39:28,275 - EXECUT - INFO - received weights from trainer sta1!
2026-06-25 15:39:28,483 - EXECUT - INFO - received weights from trainer sta0!
2026-06-25 15:39:30,490 - EXECUT - INFO - received weights from trainer sta2!
2026-06-25 15:39:30,670 - EXECUT - INFO - received weights from trainer sta9!
2026-06-25 15:39:31,278 - EXECUT - INFO - received weights from trainer sta6!
2026-06-25 15:39:32,462 - EXECUT - INFO - received weights from trainer sta3!
2026-06-25 15:39:33,178 - EXECUT - INFO - received weights from trainer sta7!
2026-06-25 15:39:33,939 - EXECUT - INFO - received weights from trainer sta5!
2026-06-25 15:39:34,725 - EXECUT - INFO - sent aggregated weights to trainers!
2026-06-25 15:39:35,079 - METRIC - INFO - {"loss": 0.040832653641700745, "accuracy": 0.9861111044883728, "energy_consumption": null, "selected": false, "client_name": "sta4"}
2026-06-25 15:39:35,119 - METRIC - INFO - {"loss": 0.0389115996658802, "accuracy": 0.9862306118011475, "energy_consumption": null, "selected": false, "client_name": "sta8"}
2026-06-25 15:39:35,184 - METRIC - INFO - {"loss": 0.027701331302523613, "accuracy": 0.9923076629638672, "energy_consumption": null, "selected": false, "client_name": "sta10"}
2026-06-25 15:39:35,196 - METRIC - INFO - {"loss": 0.03581610321998596, "accuracy": 0.988990306854248, "energy_consumption": null, "selected": false, "client_name": "sta2"}
2026-06-25 15:39:35,220 - METRIC - INFO - {"loss": 0.03840566426515579, "accuracy": 0.9879054427146912, "energy_consumption": null, "selected": false, "client_name": "sta9"}
2026-06-25 15:39:35,271 - METRIC - INFO - {"loss": 0.033918384462594986, "accuracy": 0.9898580312728882, "energy_consumption": null, "selected": false, "client_name": "sta0"}
2026-06-25 15:39:35,283 - METRIC - INFO - {"loss": 0.03958391398191452, "accuracy": 0.989371120929718, "energy_consumption": null, "selected": false, "client_name": "sta1"}
2026-06-25 15:39:35,307 - METRIC - INFO - {"loss": 0.03993423283100128, "accuracy": 0.9878234267234802, "energy_consumption": null, "selected": false, "client_name": "sta6"}
2026-06-25 15:39:35,340 - METRIC - INFO - {"loss": 0.03891180828213692, "accuracy": 0.989007830619812, "energy_consumption": null, "selected": false, "client_name": "sta3"}
2026-06-25 15:39:35,376 - METRIC - INFO - {"loss": 0.027292370796203613, "accuracy": 0.9917355179786682, "energy_consumption": null, "selected": false, "client_name": "sta7"}
2026-06-25 15:39:35,383 - METRIC - INFO - {"loss": 0.04270527511835098, "accuracy": 0.9869228601455688, "energy_consumption": null, "selected": false, "client_name": "sta5"}
2026-06-25 15:39:35,727 - METRIC - INFO - mean_accuracy: 0.9887512651356783

2026-06-25 15:39:35,727 - METRIC - INFO - round: 30
2026-06-25 15:39:35,727 - METRIC - INFO - n_selected: 11
2026-06-25 15:39:35,727 - METRIC - INFO - {"selected_trainers": ["sta0", "sta1", "sta10", "sta2", "sta3", "sta4", "sta5", "sta6", "sta7", "sta8", "sta9"]}
2026-06-25 15:39:40,235 - EXECUT - INFO - received weights from trainer sta8!
2026-06-25 15:39:40,481 - EXECUT - INFO - received weights from trainer sta4!
2026-06-25 15:39:44,343 - EXECUT - INFO - received weights from trainer sta10!
2026-06-25 15:39:45,839 - EXECUT - INFO - received weights from trainer sta0!
2026-06-25 15:39:46,160 - EXECUT - INFO - received weights from trainer sta1!
2026-06-25 15:39:47,652 - EXECUT - INFO - received weights from trainer sta2!
2026-06-25 15:39:47,871 - EXECUT - INFO - received weights from trainer sta9!
2026-06-25 15:39:48,834 - EXECUT - INFO - received weights from trainer sta6!
2026-06-25 15:39:49,623 - EXECUT - INFO - received weights from trainer sta3!
2026-06-25 15:39:50,505 - EXECUT - INFO - received weights from trainer sta7!
2026-06-25 15:39:51,320 - EXECUT - INFO - received weights from trainer sta5!
2026-06-25 15:39:52,240 - EXECUT - INFO - sent aggregated weights to trainers!
2026-06-25 15:39:52,577 - METRIC - INFO - {"loss": 0.03808405250310898, "accuracy": 0.9840278029441833, "energy_consumption": null, "selected": false, "client_name": "sta4"}
2026-06-25 15:39:52,607 - METRIC - INFO - {"loss": 0.03725956007838249, "accuracy": 0.9870912432670593, "energy_consumption": null, "selected": false, "client_name": "sta8"}
2026-06-25 15:39:52,662 - METRIC - INFO - {"loss": 0.025635339319705963, "accuracy": 0.9931173920631409, "energy_consumption": null, "selected": false, "client_name": "sta10"}
2026-06-25 15:39:52,677 - METRIC - INFO - {"loss": 0.03678727149963379, "accuracy": 0.9881847500801086, "energy_consumption": null, "selected": false, "client_name": "sta2"}
2026-06-25 15:39:52,711 - METRIC - INFO - {"loss": 0.03666747361421585, "accuracy": 0.9876305460929871, "energy_consumption": null, "selected": false, "client_name": "sta9"}
2026-06-25 15:39:52,737 - METRIC - INFO - {"loss": 0.033765822649002075, "accuracy": 0.9890466332435608, "energy_consumption": null, "selected": false, "client_name": "sta0"}
2026-06-25 15:39:52,770 - METRIC - INFO - {"loss": 0.038483183830976486, "accuracy": 0.9880425333976746, "energy_consumption": null, "selected": false, "client_name": "sta1"}
2026-06-25 15:39:52,804 - METRIC - INFO - {"loss": 0.03941375017166138, "accuracy": 0.9869102239608765, "energy_consumption": null, "selected": false, "client_name": "sta6"}
2026-06-25 15:39:52,820 - METRIC - INFO - {"loss": 0.0378754660487175, "accuracy": 0.9878507256507874, "energy_consumption": null, "selected": false, "client_name": "sta3"}
2026-06-25 15:39:52,855 - METRIC - INFO - {"loss": 0.026407113298773766, "accuracy": 0.9917355179786682, "energy_consumption": null, "selected": false, "client_name": "sta7"}
2026-06-25 15:39:52,861 - METRIC - INFO - {"loss": 0.043172940611839294, "accuracy": 0.987189769744873, "energy_consumption": null, "selected": false, "client_name": "sta5"}
2026-06-25 15:39:53,242 - METRIC - INFO - mean_accuracy: 0.9882570125839927

2026-06-25 15:39:53,242 - METRIC - INFO - round: 31
2026-06-25 15:39:53,242 - METRIC - INFO - n_selected: 11
2026-06-25 15:39:53,242 - METRIC - INFO - {"selected_trainers": ["sta0", "sta1", "sta10", "sta2", "sta3", "sta4", "sta5", "sta6", "sta7", "sta8", "sta9"]}
2026-06-25 15:39:57,723 - EXECUT - INFO - received weights from trainer sta8!
2026-06-25 15:39:58,001 - EXECUT - INFO - received weights from trainer sta4!
2026-06-25 15:40:01,843 - EXECUT - INFO - received weights from trainer sta10!
2026-06-25 15:40:03,139 - EXECUT - INFO - received weights from trainer sta1!
2026-06-25 15:40:03,298 - EXECUT - INFO - received weights from trainer sta0!
2026-06-25 15:40:05,087 - EXECUT - INFO - received weights from trainer sta2!
2026-06-25 15:40:05,372 - EXECUT - INFO - received weights from trainer sta9!
2026-06-25 15:40:06,373 - EXECUT - INFO - received weights from trainer sta6!
2026-06-25 15:40:07,163 - EXECUT - INFO - received weights from trainer sta3!
2026-06-25 15:40:07,909 - EXECUT - INFO - received weights from trainer sta7!
2026-06-25 15:40:08,817 - EXECUT - INFO - received weights from trainer sta5!
2026-06-25 15:40:09,836 - EXECUT - INFO - sent aggregated weights to trainers!
2026-06-25 15:40:10,209 - METRIC - INFO - {"loss": 0.03795160725712776, "accuracy": 0.9862306118011475, "energy_consumption": null, "selected": false, "client_name": "sta8"}
2026-06-25 15:40:10,276 - METRIC - INFO - {"loss": 0.026188045740127563, "accuracy": 0.9927125573158264, "energy_consumption": null, "selected": false, "client_name": "sta10"}
2026-06-25 15:40:10,305 - METRIC - INFO - {"loss": 0.036332082003355026, "accuracy": 0.989258885383606, "energy_consumption": null, "selected": false, "client_name": "sta2"}
2026-06-25 15:40:10,328 - METRIC - INFO - {"loss": 0.04072920233011246, "accuracy": 0.9881803393363953, "energy_consumption": null, "selected": false, "client_name": "sta9"}
2026-06-25 15:40:10,333 - METRIC - INFO - {"loss": 0.03369346633553505, "accuracy": 0.9894523620605469, "energy_consumption": null, "selected": false, "client_name": "sta0"}
2026-06-25 15:40:10,338 - METRIC - INFO - {"loss": 0.037594955414533615, "accuracy": 0.9868055582046509, "energy_consumption": null, "selected": false, "client_name": "sta4"}
2026-06-25 15:40:10,376 - METRIC - INFO - {"loss": 0.03831871226429939, "accuracy": 0.9898139834403992, "energy_consumption": null, "selected": false, "client_name": "sta1"}
2026-06-25 15:40:10,402 - METRIC - INFO - {"loss": 0.041803352534770966, "accuracy": 0.9869228601455688, "energy_consumption": null, "selected": false, "client_name": "sta5"}
2026-06-25 15:40:10,426 - METRIC - INFO - {"loss": 0.037066392600536346, "accuracy": 0.9884292483329773, "energy_consumption": null, "selected": false, "client_name": "sta3"}
2026-06-25 15:40:10,467 - METRIC - INFO - {"loss": 0.039167147129774094, "accuracy": 0.9878234267234802, "energy_consumption": null, "selected": false, "client_name": "sta6"}
2026-06-25 15:40:10,503 - METRIC - INFO - {"loss": 0.026447586715221405, "accuracy": 0.9914403557777405, "energy_consumption": null, "selected": false, "client_name": "sta7"}
2026-06-25 15:40:10,838 - METRIC - INFO - mean_accuracy: 0.9888245625929399

2026-06-25 15:40:10,838 - METRIC - INFO - round: 32
2026-06-25 15:40:10,838 - METRIC - INFO - n_selected: 11
2026-06-25 15:40:10,838 - METRIC - INFO - {"selected_trainers": ["sta0", "sta1", "sta10", "sta2", "sta3", "sta4", "sta5", "sta6", "sta7", "sta8", "sta9"]}
2026-06-25 15:40:15,375 - EXECUT - INFO - received weights from trainer sta8!
2026-06-25 15:40:15,577 - EXECUT - INFO - received weights from trainer sta4!
2026-06-25 15:40:19,478 - EXECUT - INFO - received weights from trainer sta10!
2026-06-25 15:40:20,721 - EXECUT - INFO - received weights from trainer sta1!
2026-06-25 15:40:20,844 - EXECUT - INFO - received weights from trainer sta0!
2026-06-25 15:40:22,665 - EXECUT - INFO - received weights from trainer sta2!
2026-06-25 15:40:23,007 - EXECUT - INFO - received weights from trainer sta9!
2026-06-25 15:40:23,929 - EXECUT - INFO - received weights from trainer sta6!
2026-06-25 15:40:24,680 - EXECUT - INFO - received weights from trainer sta3!
2026-06-25 15:40:25,491 - EXECUT - INFO - received weights from trainer sta7!
2026-06-25 15:40:26,520 - EXECUT - INFO - received weights from trainer sta5!
2026-06-25 15:40:27,446 - EXECUT - INFO - sent aggregated weights to trainers!
2026-06-25 15:40:27,812 - METRIC - INFO - {"loss": 0.03751543164253235, "accuracy": 0.987500011920929, "energy_consumption": null, "selected": false, "client_name": "sta4"}
2026-06-25 15:40:27,826 - METRIC - INFO - {"loss": 0.03821849077939987, "accuracy": 0.9879518151283264, "energy_consumption": null, "selected": false, "client_name": "sta8"}
2026-06-25 15:40:27,888 - METRIC - INFO - {"loss": 0.026890452951192856, "accuracy": 0.9919028282165527, "energy_consumption": null, "selected": false, "client_name": "sta10"}
2026-06-25 15:40:27,893 - METRIC - INFO - {"loss": 0.03489704057574272, "accuracy": 0.988990306854248, "energy_consumption": null, "selected": false, "client_name": "sta2"}
2026-06-25 15:40:27,931 - METRIC - INFO - {"loss": 0.036388982087373734, "accuracy": 0.9876305460929871, "energy_consumption": null, "selected": false, "client_name": "sta9"}
2026-06-25 15:40:27,973 - METRIC - INFO - {"loss": 0.032996516674757004, "accuracy": 0.9894523620605469, "energy_consumption": null, "selected": false, "client_name": "sta0"}
2026-06-25 15:40:27,982 - METRIC - INFO - {"loss": 0.03764307498931885, "accuracy": 0.9884853959083557, "energy_consumption": null, "selected": false, "client_name": "sta1"}
2026-06-25 15:40:27,993 - METRIC - INFO - {"loss": 0.03923828527331352, "accuracy": 0.9875190258026123, "energy_consumption": null, "selected": false, "client_name": "sta6"}
2026-06-25 15:40:28,000 - METRIC - INFO - {"loss": 0.02677854150533676, "accuracy": 0.9917355179786682, "energy_consumption": null, "selected": false, "client_name": "sta7"}
2026-06-25 15:40:28,044 - METRIC - INFO - {"loss": 0.03662118688225746, "accuracy": 0.989297091960907, "energy_consumption": null, "selected": false, "client_name": "sta3"}
2026-06-25 15:40:28,048 - METRIC - INFO - {"loss": 0.04350438341498375, "accuracy": 0.9869228601455688, "energy_consumption": null, "selected": false, "client_name": "sta5"}
2026-06-25 15:40:28,449 - METRIC - INFO - mean_accuracy: 0.9888534329154275

2026-06-25 15:40:28,449 - METRIC - INFO - round: 33
2026-06-25 15:40:28,449 - METRIC - INFO - n_selected: 11
2026-06-25 15:40:28,449 - METRIC - INFO - {"selected_trainers": ["sta0", "sta1", "sta10", "sta2", "sta3", "sta4", "sta5", "sta6", "sta7", "sta8", "sta9"]}
2026-06-25 15:40:32,941 - EXECUT - INFO - received weights from trainer sta8!
2026-06-25 15:40:33,196 - EXECUT - INFO - received weights from trainer sta4!
2026-06-25 15:40:36,991 - EXECUT - INFO - received weights from trainer sta10!
2026-06-25 15:40:38,234 - EXECUT - INFO - received weights from trainer sta1!
2026-06-25 15:40:38,440 - EXECUT - INFO - received weights from trainer sta0!
2026-06-25 15:40:40,301 - EXECUT - INFO - received weights from trainer sta2!
2026-06-25 15:40:40,551 - EXECUT - INFO - received weights from trainer sta9!
2026-06-25 15:40:41,501 - EXECUT - INFO - received weights from trainer sta6!
2026-06-25 15:40:42,357 - EXECUT - INFO - received weights from trainer sta3!
2026-06-25 15:40:43,162 - EXECUT - INFO - received weights from trainer sta7!
2026-06-25 15:40:44,069 - EXECUT - INFO - received weights from trainer sta5!
2026-06-25 15:40:45,016 - EXECUT - INFO - sent aggregated weights to trainers!
2026-06-25 15:40:45,398 - METRIC - INFO - {"loss": 0.03867090120911598, "accuracy": 0.987500011920929, "energy_consumption": null, "selected": false, "client_name": "sta4"}
2026-06-25 15:40:45,403 - METRIC - INFO - {"loss": 0.03604622557759285, "accuracy": 0.9879518151283264, "energy_consumption": null, "selected": false, "client_name": "sta8"}
2026-06-25 15:40:45,458 - METRIC - INFO - {"loss": 0.0265525933355093, "accuracy": 0.9927125573158264, "energy_consumption": null, "selected": false, "client_name": "sta10"}
2026-06-25 15:40:45,488 - METRIC - INFO - {"loss": 0.032793667167425156, "accuracy": 0.9886409640312195, "energy_consumption": null, "selected": false, "client_name": "sta0"}
2026-06-25 15:40:45,518 - METRIC - INFO - {"loss": 0.035421520471572876, "accuracy": 0.9879162311553955, "energy_consumption": null, "selected": false, "client_name": "sta2"}
2026-06-25 15:40:45,568 - METRIC - INFO - {"loss": 0.044798992574214935, "accuracy": 0.9844748973846436, "energy_consumption": null, "selected": false, "client_name": "sta6"}
2026-06-25 15:40:45,570 - METRIC - INFO - {"loss": 0.025818362832069397, "accuracy": 0.992030680179596, "energy_consumption": null, "selected": false, "client_name": "sta7"}
2026-06-25 15:40:45,605 - METRIC - INFO - {"loss": 0.036918606609106064, "accuracy": 0.9901648759841919, "energy_consumption": null, "selected": false, "client_name": "sta3"}
2026-06-25 15:40:45,612 - METRIC - INFO - {"loss": 0.03661263361573219, "accuracy": 0.9870808124542236, "energy_consumption": null, "selected": false, "client_name": "sta9"}
2026-06-25 15:40:45,617 - METRIC - INFO - {"loss": 0.038122307509183884, "accuracy": 0.989371120929718, "energy_consumption": null, "selected": false, "client_name": "sta1"}
2026-06-25 15:40:45,655 - METRIC - INFO - {"loss": 0.04261244460940361, "accuracy": 0.9863891005516052, "energy_consumption": null, "selected": false, "client_name": "sta5"}
2026-06-25 15:40:46,019 - METRIC - INFO - mean_accuracy: 0.9885666424577887

2026-06-25 15:40:46,019 - METRIC - INFO - round: 34
2026-06-25 15:40:46,019 - METRIC - INFO - n_selected: 11
2026-06-25 15:40:46,019 - METRIC - INFO - {"selected_trainers": ["sta0", "sta1", "sta10", "sta2", "sta3", "sta4", "sta5", "sta6", "sta7", "sta8", "sta9"]}
2026-06-25 15:40:50,653 - EXECUT - INFO - received weights from trainer sta4!
2026-06-25 15:40:51,489 - EXECUT - INFO - received weights from trainer sta8!
2026-06-25 15:40:54,603 - EXECUT - INFO - received weights from trainer sta10!
2026-06-25 15:40:55,831 - EXECUT - INFO - received weights from trainer sta1!
2026-06-25 15:40:56,045 - EXECUT - INFO - received weights from trainer sta0!
2026-06-25 15:40:57,305 - EXECUT - INFO - received weights from trainer sta2!
2026-06-25 15:40:58,186 - EXECUT - INFO - received weights from trainer sta9!
2026-06-25 15:40:58,439 - EXECUT - INFO - received weights from trainer sta6!
2026-06-25 15:40:59,934 - EXECUT - INFO - received weights from trainer sta3!
2026-06-25 15:41:00,441 - EXECUT - INFO - received weights from trainer sta7!
2026-06-25 15:41:01,277 - EXECUT - INFO - received weights from trainer sta5!
2026-06-25 15:41:02,581 - EXECUT - INFO - sent aggregated weights to trainers!
2026-06-25 15:41:02,906 - METRIC - INFO - {"loss": 0.03686296567320824, "accuracy": 0.988194465637207, "energy_consumption": null, "selected": false, "client_name": "sta4"}
2026-06-25 15:41:02,954 - METRIC - INFO - {"loss": 0.037063904106616974, "accuracy": 0.9862306118011475, "energy_consumption": null, "selected": false, "client_name": "sta8"}
2026-06-25 15:41:03,006 - METRIC - INFO - {"loss": 0.035024166107177734, "accuracy": 0.988990306854248, "energy_consumption": null, "selected": false, "client_name": "sta2"}
2026-06-25 15:41:03,012 - METRIC - INFO - {"loss": 0.027308238670229912, "accuracy": 0.9919028282165527, "energy_consumption": null, "selected": false, "client_name": "sta10"}
2026-06-25 15:41:03,058 - METRIC - INFO - {"loss": 0.03659554943442345, "accuracy": 0.9876305460929871, "energy_consumption": null, "selected": false, "client_name": "sta9"}
2026-06-25 15:41:03,085 - METRIC - INFO - {"loss": 0.0325450636446476, "accuracy": 0.9902637004852295, "energy_consumption": null, "selected": false, "client_name": "sta0"}
2026-06-25 15:41:03,120 - METRIC - INFO - {"loss": 0.03687995672225952, "accuracy": 0.9875996708869934, "energy_consumption": null, "selected": false, "client_name": "sta1"}
2026-06-25 15:41:03,125 - METRIC - INFO - {"loss": 0.03997661545872688, "accuracy": 0.9872146248817444, "energy_consumption": null, "selected": false, "client_name": "sta6"}
2026-06-25 15:41:03,169 - METRIC - INFO - {"loss": 0.03622976690530777, "accuracy": 0.989007830619812, "energy_consumption": null, "selected": false, "client_name": "sta3"}
2026-06-25 15:41:03,195 - METRIC - INFO - {"loss": 0.02466646395623684, "accuracy": 0.9923258423805237, "energy_consumption": null, "selected": false, "client_name": "sta7"}
2026-06-25 15:41:03,206 - METRIC - INFO - {"loss": 0.04189852252602577, "accuracy": 0.9874566197395325, "energy_consumption": null, "selected": false, "client_name": "sta5"}
2026-06-25 15:41:03,582 - METRIC - INFO - mean_accuracy: 0.9888015497814525

2026-06-25 15:41:03,582 - METRIC - INFO - round: 35
2026-06-25 15:41:03,582 - METRIC - INFO - n_selected: 11
2026-06-25 15:41:03,582 - METRIC - INFO - {"selected_trainers": ["sta0", "sta1", "sta10", "sta2", "sta3", "sta4", "sta5", "sta6", "sta7", "sta8", "sta9"]}
2026-06-25 15:41:08,042 - EXECUT - INFO - received weights from trainer sta4!
2026-06-25 15:41:08,123 - EXECUT - INFO - received weights from trainer sta8!
2026-06-25 15:41:12,197 - EXECUT - INFO - received weights from trainer sta10!
2026-06-25 15:41:13,379 - EXECUT - INFO - received weights from trainer sta0!
2026-06-25 15:41:13,420 - EXECUT - INFO - received weights from trainer sta1!
2026-06-25 15:41:15,771 - EXECUT - INFO - received weights from trainer sta9!
2026-06-25 15:41:15,926 - EXECUT - INFO - received weights from trainer sta6!
2026-06-25 15:41:17,187 - EXECUT - INFO - received weights from trainer sta3!
2026-06-25 15:41:17,807 - EXECUT - INFO - received weights from trainer sta7!
2026-06-25 15:41:18,244 - EXECUT - INFO - received weights from trainer sta5!
2026-06-25 15:41:24,304 - EXECUT - INFO - received weights from trainer sta2!
2026-06-25 15:41:25,203 - EXECUT - INFO - sent aggregated weights to trainers!
2026-06-25 15:41:25,545 - METRIC - INFO - {"loss": 0.0374877043068409, "accuracy": 0.9861111044883728, "energy_consumption": null, "selected": false, "client_name": "sta4"}
2026-06-25 15:41:25,607 - METRIC - INFO - {"loss": 0.0415605753660202, "accuracy": 0.9862306118011475, "energy_consumption": null, "selected": false, "client_name": "sta8"}
2026-06-25 15:41:25,630 - METRIC - INFO - {"loss": 0.02579081431031227, "accuracy": 0.9927125573158264, "energy_consumption": null, "selected": false, "client_name": "sta10"}
2026-06-25 15:41:25,654 - METRIC - INFO - {"loss": 0.03507696092128754, "accuracy": 0.9895274043083191, "energy_consumption": null, "selected": false, "client_name": "sta2"}
2026-06-25 15:41:25,672 - METRIC - INFO - {"loss": 0.03252061828970909, "accuracy": 0.9898580312728882, "energy_consumption": null, "selected": false, "client_name": "sta0"}
2026-06-25 15:41:25,679 - METRIC - INFO - {"loss": 0.035031627863645554, "accuracy": 0.9879054427146912, "energy_consumption": null, "selected": false, "client_name": "sta9"}
2026-06-25 15:41:25,726 - METRIC - INFO - {"loss": 0.03779314458370209, "accuracy": 0.9884322881698608, "energy_consumption": null, "selected": false, "client_name": "sta6"}
2026-06-25 15:41:25,739 - METRIC - INFO - {"loss": 0.03714730963110924, "accuracy": 0.9898139834403992, "energy_consumption": null, "selected": false, "client_name": "sta1"}
2026-06-25 15:41:25,803 - METRIC - INFO - {"loss": 0.04277975484728813, "accuracy": 0.9866560101509094, "energy_consumption": null, "selected": false, "client_name": "sta5"}
2026-06-25 15:41:25,823 - METRIC - INFO - {"loss": 0.02456766553223133, "accuracy": 0.992030680179596, "energy_consumption": null, "selected": false, "client_name": "sta7"}
2026-06-25 15:41:25,869 - METRIC - INFO - {"loss": 0.03597678244113922, "accuracy": 0.989297091960907, "energy_consumption": null, "selected": false, "client_name": "sta3"}
2026-06-25 15:41:26,204 - METRIC - INFO - mean_accuracy: 0.9889613823457197

2026-06-25 15:41:26,204 - METRIC - INFO - round: 36
2026-06-25 15:41:26,204 - METRIC - INFO - n_selected: 11
2026-06-25 15:41:26,204 - METRIC - INFO - {"selected_trainers": ["sta0", "sta1", "sta10", "sta2", "sta3", "sta4", "sta5", "sta6", "sta7", "sta8", "sta9"]}
2026-06-25 15:41:30,670 - EXECUT - INFO - received weights from trainer sta4!
2026-06-25 15:41:30,754 - EXECUT - INFO - received weights from trainer sta8!
2026-06-25 15:41:34,837 - EXECUT - INFO - received weights from trainer sta10!
2026-06-25 15:41:35,950 - EXECUT - INFO - received weights from trainer sta0!
2026-06-25 15:41:36,646 - EXECUT - INFO - received weights from trainer sta1!
2026-06-25 15:41:37,461 - EXECUT - INFO - received weights from trainer sta2!
2026-06-25 15:41:38,411 - EXECUT - INFO - received weights from trainer sta9!
2026-06-25 15:41:38,668 - EXECUT - INFO - received weights from trainer sta6!
2026-06-25 15:41:39,727 - EXECUT - INFO - received weights from trainer sta3!
2026-06-25 15:41:40,518 - EXECUT - INFO - received weights from trainer sta7!
2026-06-25 15:41:47,067 - EXECUT - INFO - received weights from trainer sta5!
2026-06-25 15:41:47,687 - EXECUT - INFO - sent aggregated weights to trainers!
2026-06-25 15:41:48,022 - METRIC - INFO - {"loss": 0.036453597247600555, "accuracy": 0.9868055582046509, "energy_consumption": null, "selected": false, "client_name": "sta4"}
2026-06-25 15:41:48,045 - METRIC - INFO - {"loss": 0.03539247438311577, "accuracy": 0.9879518151283264, "energy_consumption": null, "selected": false, "client_name": "sta8"}
2026-06-25 15:41:48,107 - METRIC - INFO - {"loss": 0.02481473982334137, "accuracy": 0.9923076629638672, "energy_consumption": null, "selected": false, "client_name": "sta10"}
2026-06-25 15:41:48,118 - METRIC - INFO - {"loss": 0.03588725998997688, "accuracy": 0.988990306854248, "energy_consumption": null, "selected": false, "client_name": "sta2"}
2026-06-25 15:41:48,141 - METRIC - INFO - {"loss": 0.037203364074230194, "accuracy": 0.9889282584190369, "energy_consumption": null, "selected": false, "client_name": "sta1"}
2026-06-25 15:41:48,154 - METRIC - INFO - {"loss": 0.03552106022834778, "accuracy": 0.9892798066139221, "energy_consumption": null, "selected": false, "client_name": "sta9"}
2026-06-25 15:41:48,165 - METRIC - INFO - {"loss": 0.03224467858672142, "accuracy": 0.9902637004852295, "energy_consumption": null, "selected": false, "client_name": "sta0"}
2026-06-25 15:41:48,195 - METRIC - INFO - {"loss": 0.038028500974178314, "accuracy": 0.9881278276443481, "energy_consumption": null, "selected": false, "client_name": "sta6"}
2026-06-25 15:41:48,242 - METRIC - INFO - {"loss": 0.036866042762994766, "accuracy": 0.9904541373252869, "energy_consumption": null, "selected": false, "client_name": "sta3"}
2026-06-25 15:41:48,260 - METRIC - INFO - {"loss": 0.025189882144331932, "accuracy": 0.9923258423805237, "energy_consumption": null, "selected": false, "client_name": "sta7"}
2026-06-25 15:41:48,274 - METRIC - INFO - {"loss": 0.04164230078458786, "accuracy": 0.9879903793334961, "energy_consumption": null, "selected": false, "client_name": "sta5"}
2026-06-25 15:41:48,689 - METRIC - INFO - mean_accuracy: 0.9894022995775397

2026-06-25 15:41:48,689 - METRIC - INFO - round: 37
2026-06-25 15:41:48,689 - METRIC - INFO - n_selected: 11
2026-06-25 15:41:48,689 - METRIC - INFO - {"selected_trainers": ["sta0", "sta1", "sta10", "sta2", "sta3", "sta4", "sta5", "sta6", "sta7", "sta8", "sta9"]}
2026-06-25 15:41:53,149 - EXECUT - INFO - received weights from trainer sta8!
2026-06-25 15:41:53,185 - EXECUT - INFO - received weights from trainer sta4!
2026-06-25 15:41:57,093 - EXECUT - INFO - received weights from trainer sta10!
2026-06-25 15:41:58,411 - EXECUT - INFO - received weights from trainer sta0!
2026-06-25 15:41:58,449 - EXECUT - INFO - received weights from trainer sta1!
2026-06-25 15:41:59,953 - EXECUT - INFO - received weights from trainer sta2!
2026-06-25 15:42:00,582 - EXECUT - INFO - received weights from trainer sta9!
2026-06-25 15:42:00,721 - EXECUT - INFO - received weights from trainer sta6!
2026-06-25 15:42:02,316 - EXECUT - INFO - received weights from trainer sta3!
2026-06-25 15:42:02,834 - EXECUT - INFO - received weights from trainer sta7!
2026-06-25 15:42:09,561 - EXECUT - INFO - received weights from trainer sta5!
2026-06-25 15:42:10,286 - EXECUT - INFO - sent aggregated weights to trainers!
2026-06-25 15:42:10,615 - METRIC - INFO - {"loss": 0.037347495555877686, "accuracy": 0.9888888597488403, "energy_consumption": null, "selected": false, "client_name": "sta4"}
2026-06-25 15:42:10,656 - METRIC - INFO - {"loss": 0.03585381060838699, "accuracy": 0.9870912432670593, "energy_consumption": null, "selected": false, "client_name": "sta8"}
2026-06-25 15:42:10,725 - METRIC - INFO - {"loss": 0.02525022253394127, "accuracy": 0.9919028282165527, "energy_consumption": null, "selected": false, "client_name": "sta10"}
2026-06-25 15:42:10,742 - METRIC - INFO - {"loss": 0.03574162721633911, "accuracy": 0.988990306854248, "energy_consumption": null, "selected": false, "client_name": "sta2"}
2026-06-25 15:42:10,753 - METRIC - INFO - {"loss": 0.03310319408774376, "accuracy": 0.9894523620605469, "energy_consumption": null, "selected": false, "client_name": "sta0"}
2026-06-25 15:42:10,768 - METRIC - INFO - {"loss": 0.037749454379081726, "accuracy": 0.9876305460929871, "energy_consumption": null, "selected": false, "client_name": "sta9"}
2026-06-25 15:42:10,799 - METRIC - INFO - {"loss": 0.038068290799856186, "accuracy": 0.989371120929718, "energy_consumption": null, "selected": false, "client_name": "sta1"}
2026-06-25 15:42:10,819 - METRIC - INFO - {"loss": 0.03814028203487396, "accuracy": 0.9884322881698608, "energy_consumption": null, "selected": false, "client_name": "sta6"}
2026-06-25 15:42:10,855 - METRIC - INFO - {"loss": 0.03596300259232521, "accuracy": 0.989586353302002, "energy_consumption": null, "selected": false, "client_name": "sta3"}
2026-06-25 15:42:10,869 - METRIC - INFO - {"loss": 0.024427536875009537, "accuracy": 0.992030680179596, "energy_consumption": null, "selected": false, "client_name": "sta7"}
2026-06-25 15:42:10,884 - METRIC - INFO - {"loss": 0.042134206742048264, "accuracy": 0.9879903793334961, "energy_consumption": null, "selected": false, "client_name": "sta5"}
2026-06-25 15:42:11,287 - METRIC - INFO - mean_accuracy: 0.9892151789231733

2026-06-25 15:42:11,287 - METRIC - INFO - round: 38
2026-06-25 15:42:11,287 - METRIC - INFO - n_selected: 11
2026-06-25 15:42:11,287 - METRIC - INFO - {"selected_trainers": ["sta0", "sta1", "sta10", "sta2", "sta3", "sta4", "sta5", "sta6", "sta7", "sta8", "sta9"]}
2026-06-25 15:42:15,712 - EXECUT - INFO - received weights from trainer sta8!
2026-06-25 15:42:15,742 - EXECUT - INFO - received weights from trainer sta4!
2026-06-25 15:42:19,718 - EXECUT - INFO - received weights from trainer sta10!
2026-06-25 15:42:20,998 - EXECUT - INFO - received weights from trainer sta0!
2026-06-25 15:42:21,017 - EXECUT - INFO - received weights from trainer sta1!
2026-06-25 15:42:22,323 - EXECUT - INFO - received weights from trainer sta2!
2026-06-25 15:42:23,247 - EXECUT - INFO - received weights from trainer sta6!
2026-06-25 15:42:23,262 - EXECUT - INFO - received weights from trainer sta9!
2026-06-25 15:42:24,770 - EXECUT - INFO - received weights from trainer sta3!
2026-06-25 15:42:25,451 - EXECUT - INFO - received weights from trainer sta7!
2026-06-25 15:42:25,783 - EXECUT - INFO - received weights from trainer sta5!
2026-06-25 15:42:26,972 - EXECUT - INFO - sent aggregated weights to trainers!
2026-06-25 15:42:27,294 - METRIC - INFO - {"loss": 0.03775445744395256, "accuracy": 0.987500011920929, "energy_consumption": null, "selected": false, "client_name": "sta4"}
2026-06-25 15:42:27,396 - METRIC - INFO - {"loss": 0.02585466578602791, "accuracy": 0.9919028282165527, "energy_consumption": null, "selected": false, "client_name": "sta10"}
2026-06-25 15:42:27,399 - METRIC - INFO - {"loss": 0.03595517575740814, "accuracy": 0.9881847500801086, "energy_consumption": null, "selected": false, "client_name": "sta2"}
2026-06-25 15:42:27,436 - METRIC - INFO - {"loss": 0.03717873990535736, "accuracy": 0.9862306118011475, "energy_consumption": null, "selected": false, "client_name": "sta8"}
2026-06-25 15:42:27,447 - METRIC - INFO - {"loss": 0.03598778322339058, "accuracy": 0.9876305460929871, "energy_consumption": null, "selected": false, "client_name": "sta9"}
2026-06-25 15:42:27,465 - METRIC - INFO - {"loss": 0.03144253045320511, "accuracy": 0.9902637004852295, "energy_consumption": null, "selected": false, "client_name": "sta0"}
2026-06-25 15:42:27,489 - METRIC - INFO - {"loss": 0.03852766379714012, "accuracy": 0.9878234267234802, "energy_consumption": null, "selected": false, "client_name": "sta6"}
2026-06-25 15:42:27,515 - METRIC - INFO - {"loss": 0.038828715682029724, "accuracy": 0.989371120929718, "energy_consumption": null, "selected": false, "client_name": "sta1"}
2026-06-25 15:42:27,545 - METRIC - INFO - {"loss": 0.023882441222667694, "accuracy": 0.9917355179786682, "energy_consumption": null, "selected": false, "client_name": "sta7"}
2026-06-25 15:42:27,553 - METRIC - INFO - {"loss": 0.03562179207801819, "accuracy": 0.9901648759841919, "energy_consumption": null, "selected": false, "client_name": "sta3"}
2026-06-25 15:42:27,582 - METRIC - INFO - {"loss": 0.043038468807935715, "accuracy": 0.987189769744873, "energy_consumption": null, "selected": false, "client_name": "sta5"}
2026-06-25 15:42:27,974 - METRIC - INFO - mean_accuracy: 0.9889088327234442

2026-06-25 15:42:27,974 - METRIC - INFO - round: 39
2026-06-25 15:42:27,974 - METRIC - INFO - n_selected: 11
2026-06-25 15:42:27,975 - METRIC - INFO - {"selected_trainers": ["sta0", "sta1", "sta10", "sta2", "sta3", "sta4", "sta5", "sta6", "sta7", "sta8", "sta9"]}
2026-06-25 15:42:32,368 - EXECUT - INFO - received weights from trainer sta4!
2026-06-25 15:42:32,403 - EXECUT - INFO - received weights from trainer sta8!
2026-06-25 15:42:36,409 - EXECUT - INFO - received weights from trainer sta10!
2026-06-25 15:42:37,649 - EXECUT - INFO - received weights from trainer sta1!
2026-06-25 15:42:37,691 - EXECUT - INFO - received weights from trainer sta0!
2026-06-25 15:42:39,003 - EXECUT - INFO - received weights from trainer sta2!
2026-06-25 15:42:39,875 - EXECUT - INFO - received weights from trainer sta9!
2026-06-25 15:42:39,946 - EXECUT - INFO - received weights from trainer sta6!
2026-06-25 15:42:41,493 - EXECUT - INFO - received weights from trainer sta3!
2026-06-25 15:42:42,132 - EXECUT - INFO - received weights from trainer sta7!
2026-06-25 15:42:42,474 - EXECUT - INFO - received weights from trainer sta5!
2026-06-25 15:42:43,552 - EXECUT - INFO - sent aggregated weights to trainers!
2026-06-25 15:42:43,898 - METRIC - INFO - {"loss": 0.03546951338648796, "accuracy": 0.9895833134651184, "energy_consumption": null, "selected": false, "client_name": "sta4"}
2026-06-25 15:42:43,938 - METRIC - INFO - {"loss": 0.0361320860683918, "accuracy": 0.9870912432670593, "energy_consumption": null, "selected": false, "client_name": "sta8"}
2026-06-25 15:42:43,969 - METRIC - INFO - {"loss": 0.03650474548339844, "accuracy": 0.9898139834403992, "energy_consumption": null, "selected": false, "client_name": "sta1"}
2026-06-25 15:42:43,994 - METRIC - INFO - {"loss": 0.03534190356731415, "accuracy": 0.9881847500801086, "energy_consumption": null, "selected": false, "client_name": "sta2"}
2026-06-25 15:42:44,015 - METRIC - INFO - {"loss": 0.03745327517390251, "accuracy": 0.9878234267234802, "energy_consumption": null, "selected": false, "client_name": "sta6"}
2026-06-25 15:42:44,016 - METRIC - INFO - {"loss": 0.0349443219602108, "accuracy": 0.9884551763534546, "energy_consumption": null, "selected": false, "client_name": "sta9"}
2026-06-25 15:42:44,075 - METRIC - INFO - {"loss": 0.024538377299904823, "accuracy": 0.9931173920631409, "energy_consumption": null, "selected": false, "client_name": "sta10"}
2026-06-25 15:42:44,081 - METRIC - INFO - {"loss": 0.041225820779800415, "accuracy": 0.987189769744873, "energy_consumption": null, "selected": false, "client_name": "sta5"}
2026-06-25 15:42:44,103 - METRIC - INFO - {"loss": 0.03648583963513374, "accuracy": 0.989297091960907, "energy_consumption": null, "selected": false, "client_name": "sta3"}
2026-06-25 15:42:44,104 - METRIC - INFO - {"loss": 0.031519565731287, "accuracy": 0.9902637004852295, "energy_consumption": null, "selected": false, "client_name": "sta0"}
2026-06-25 15:42:44,149 - METRIC - INFO - {"loss": 0.023834699764847755, "accuracy": 0.9914403557777405, "energy_consumption": null, "selected": false, "client_name": "sta7"}
2026-06-25 15:42:44,555 - METRIC - INFO - mean_accuracy: 0.9892963821237738

2026-06-25 15:42:44,555 - METRIC - INFO - round: 40
2026-06-25 15:42:44,555 - METRIC - INFO - n_selected: 11
2026-06-25 15:42:44,555 - METRIC - INFO - {"selected_trainers": ["sta0", "sta1", "sta10", "sta2", "sta3", "sta4", "sta5", "sta6", "sta7", "sta8", "sta9"]}
2026-06-25 15:42:48,874 - EXECUT - INFO - received weights from trainer sta4!
2026-06-25 15:42:48,940 - EXECUT - INFO - received weights from trainer sta8!
2026-06-25 15:42:52,889 - EXECUT - INFO - received weights from trainer sta10!
2026-06-25 15:42:53,786 - EXECUT - INFO - received weights from trainer sta1!
2026-06-25 15:42:53,913 - EXECUT - INFO - received weights from trainer sta0!
2026-06-25 15:42:55,151 - EXECUT - INFO - received weights from trainer sta2!
2026-06-25 15:42:56,233 - EXECUT - INFO - received weights from trainer sta9!
2026-06-25 15:42:56,365 - EXECUT - INFO - received weights from trainer sta6!
2026-06-25 15:42:57,504 - EXECUT - INFO - received weights from trainer sta3!
2026-06-25 15:42:58,224 - EXECUT - INFO - received weights from trainer sta7!
2026-06-25 15:42:58,645 - EXECUT - INFO - received weights from trainer sta5!
2026-06-25 15:42:59,118 - EXECUT - INFO - sent aggregated weights to trainers!
2026-06-25 15:42:59,423 - METRIC - INFO - {"loss": 0.03553565964102745, "accuracy": 0.988194465637207, "energy_consumption": null, "selected": false, "client_name": "sta4"}
2026-06-25 15:42:59,482 - METRIC - INFO - {"loss": 0.03578707575798035, "accuracy": 0.9870912432670593, "energy_consumption": null, "selected": false, "client_name": "sta8"}
2026-06-25 15:42:59,537 - METRIC - INFO - {"loss": 0.02665257267653942, "accuracy": 0.9914979934692383, "energy_consumption": null, "selected": false, "client_name": "sta10"}
2026-06-25 15:42:59,580 - METRIC - INFO - {"loss": 0.034899696707725525, "accuracy": 0.9890049695968628, "energy_consumption": null, "selected": false, "client_name": "sta9"}
2026-06-25 15:42:59,589 - METRIC - INFO - {"loss": 0.03140510246157646, "accuracy": 0.9902637004852295, "energy_consumption": null, "selected": false, "client_name": "sta0"}
2026-06-25 15:42:59,603 - METRIC - INFO - {"loss": 0.03542562574148178, "accuracy": 0.988990306854248, "energy_consumption": null, "selected": false, "client_name": "sta2"}
2026-06-25 15:42:59,622 - METRIC - INFO - {"loss": 0.03754017502069473, "accuracy": 0.9869102239608765, "energy_consumption": null, "selected": false, "client_name": "sta6"}
2026-06-25 15:42:59,624 - METRIC - INFO - {"loss": 0.03680868819355965, "accuracy": 0.989371120929718, "energy_consumption": null, "selected": false, "client_name": "sta1"}
2026-06-25 15:42:59,699 - METRIC - INFO - {"loss": 0.029121767729520798, "accuracy": 0.9902597665786743, "energy_consumption": null, "selected": false, "client_name": "sta7"}
2026-06-25 15:42:59,763 - METRIC - INFO - {"loss": 0.03843914344906807, "accuracy": 0.9898756146430969, "energy_consumption": null, "selected": false, "client_name": "sta3"}
2026-06-25 15:42:59,818 - METRIC - INFO - {"loss": 0.04304327815771103, "accuracy": 0.9858553409576416, "energy_consumption": null, "selected": false, "client_name": "sta5"}
2026-06-25 15:43:00,120 - METRIC - INFO - mean_accuracy: 0.9888467951254412

2026-06-25 15:43:00,124 - METRIC - INFO - stop_condition: rounds
