2026-06-25 15:43:23,529 - EXECUT - INFO - starting server...
2026-06-25 15:43:28,273 - EXECUT - INFO - trainer number sta0 just joined the pool
2026-06-25 15:43:28,315 - EXECUT - INFO - trainer number sta1 just joined the pool
2026-06-25 15:43:28,423 - EXECUT - INFO - trainer number sta4 just joined the pool
2026-06-25 15:43:28,509 - EXECUT - INFO - trainer number sta6 just joined the pool
2026-06-25 15:43:28,550 - EXECUT - INFO - trainer number sta3 just joined the pool
2026-06-25 15:43:28,550 - EXECUT - INFO - trainer number sta7 just joined the pool
2026-06-25 15:43:28,550 - EXECUT - INFO - trainer number sta2 just joined the pool
2026-06-25 15:43:28,550 - EXECUT - INFO - trainer number sta5 just joined the pool
2026-06-25 15:43:28,728 - EXECUT - INFO - trainer number sta8 just joined the pool
2026-06-25 15:43:28,855 - EXECUT - INFO - trainer number sta10 just joined the pool
2026-06-25 15:43:28,910 - EXECUT - INFO - trainer number sta9 just joined the pool
2026-06-25 15:43:29,539 - EXECUT - INFO - mensagem de data_sz recebida: 
 {'id': 'sta0', 'dataset_sz': 747088320}
2026-06-25 15:43:29,539 - EXECUT - INFO - mensagem de data_sz recebida: 
 {'id': 'sta1', 'dataset_sz': 684321792}
2026-06-25 15:43:29,580 - EXECUT - INFO - mensagem de data_sz recebida: 
 {'id': 'sta3', 'dataset_sz': 1047438528}
2026-06-25 15:43:29,580 - EXECUT - INFO - mensagem de data_sz recebida: 
 {'id': 'sta2', 'dataset_sz': 1128383616}
2026-06-25 15:43:29,580 - EXECUT - INFO - mensagem de data_sz recebida: 
 {'id': 'sta4', 'dataset_sz': 436285440}
2026-06-25 15:43:29,580 - EXECUT - INFO - mensagem de data_sz recebida: 
 {'id': 'sta10', 'dataset_sz': 748350720}
2026-06-25 15:43:29,580 - EXECUT - INFO - mensagem de data_sz recebida: 
 {'id': 'sta6', 'dataset_sz': 995528640}
2026-06-25 15:43:29,580 - EXECUT - INFO - mensagem de data_sz recebida: 
 {'id': 'sta5', 'dataset_sz': 1135301568}
2026-06-25 15:43:29,580 - EXECUT - INFO - mensagem de data_sz recebida: 
 {'id': 'sta7', 'dataset_sz': 1026684672}
2026-06-25 15:43:29,580 - EXECUT - INFO - mensagem de data_sz recebida: 
 {'id': 'sta8', 'dataset_sz': 352361088}
2026-06-25 15:43:29,580 - EXECUT - INFO - mensagem de data_sz recebida: 
 {'id': 'sta9', 'dataset_sz': 1102428672}
2026-06-25 15:43:30,539 - METRIC - INFO - round: 1
2026-06-25 15:43:30,540 - METRIC - INFO - n_selected: 11
2026-06-25 15:43:30,540 - METRIC - INFO - {"selected_trainers": ["sta0", "sta1", "sta10", "sta2", "sta3", "sta4", "sta5", "sta6", "sta7", "sta8", "sta9"]}
2026-06-25 15:43:36,445 - EXECUT - INFO - received weights from trainer sta8!
2026-06-25 15:43:40,104 - EXECUT - INFO - received weights from trainer sta4!
2026-06-25 15:43:42,065 - EXECUT - INFO - received weights from trainer sta10!
2026-06-25 15:43:45,111 - EXECUT - INFO - received weights from trainer sta1!
2026-06-25 15:43:46,800 - EXECUT - INFO - received weights from trainer sta9!
2026-06-25 15:43:46,811 - EXECUT - INFO - received weights from trainer sta0!
2026-06-25 15:43:51,010 - EXECUT - INFO - received weights from trainer sta6!
2026-06-25 15:43:52,060 - EXECUT - INFO - received weights from trainer sta7!
2026-06-25 15:43:52,303 - EXECUT - INFO - received weights from trainer sta3!
2026-06-25 15:43:52,907 - EXECUT - INFO - received weights from trainer sta5!
2026-06-25 15:43:53,644 - EXECUT - INFO - received weights from trainer sta2!
2026-06-25 15:43:54,260 - EXECUT - INFO - sent aggregated weights to trainers!
2026-06-25 15:43:54,922 - METRIC - INFO - {"loss": 0.4323176145553589, "accuracy": 0.889845073223114, "energy_consumption": null, "selected": false, "client_name": "sta8"}
2026-06-25 15:43:55,014 - METRIC - INFO - {"loss": 0.3068014085292816, "accuracy": 0.9085020422935486, "energy_consumption": null, "selected": false, "client_name": "sta10"}
2026-06-25 15:43:55,067 - METRIC - INFO - {"loss": 0.2746358811855316, "accuracy": 0.9208356142044067, "energy_consumption": null, "selected": false, "client_name": "sta9"}
2026-06-25 15:43:55,135 - METRIC - INFO - {"loss": 0.36399519443511963, "accuracy": 0.9055555462837219, "energy_consumption": null, "selected": false, "client_name": "sta4"}
2026-06-25 15:43:55,225 - METRIC - INFO - {"loss": 0.3317451775074005, "accuracy": 0.9047830104827881, "energy_consumption": null, "selected": false, "client_name": "sta1"}
2026-06-25 15:43:55,251 - METRIC - INFO - {"loss": 0.2595581114292145, "accuracy": 0.9256198406219482, "energy_consumption": null, "selected": false, "client_name": "sta7"}
2026-06-25 15:43:55,258 - METRIC - INFO - {"loss": 0.2958797812461853, "accuracy": 0.9192698001861572, "energy_consumption": null, "selected": false, "client_name": "sta0"}
2026-06-25 15:43:55,300 - METRIC - INFO - {"loss": 0.26610440015792847, "accuracy": 0.9272450804710388, "energy_consumption": null, "selected": false, "client_name": "sta6"}
2026-06-25 15:43:55,301 - METRIC - INFO - {"loss": 0.24593767523765564, "accuracy": 0.9325993657112122, "energy_consumption": null, "selected": false, "client_name": "sta2"}
2026-06-25 15:43:55,318 - METRIC - INFO - {"loss": 0.2605460584163666, "accuracy": 0.9236722588539124, "energy_consumption": null, "selected": false, "client_name": "sta5"}
2026-06-25 15:43:55,335 - METRIC - INFO - {"loss": 0.2734612226486206, "accuracy": 0.9224761128425598, "energy_consumption": null, "selected": false, "client_name": "sta3"}
2026-06-25 15:43:56,262 - METRIC - INFO - mean_accuracy: 0.9164003404704008

2026-06-25 15:43:56,262 - METRIC - INFO - round: 2
2026-06-25 15:43:56,262 - METRIC - INFO - n_selected: 11
2026-06-25 15:43:56,262 - METRIC - INFO - {"selected_trainers": ["sta0", "sta1", "sta10", "sta2", "sta3", "sta4", "sta5", "sta6", "sta7", "sta8", "sta9"]}
2026-06-25 15:44:01,780 - EXECUT - INFO - received weights from trainer sta8!
2026-06-25 15:44:04,792 - EXECUT - INFO - received weights from trainer sta4!
2026-06-25 15:44:07,242 - EXECUT - INFO - received weights from trainer sta10!
2026-06-25 15:44:09,699 - EXECUT - INFO - received weights from trainer sta1!
2026-06-25 15:44:11,218 - EXECUT - INFO - received weights from trainer sta0!
2026-06-25 15:44:12,165 - EXECUT - INFO - received weights from trainer sta9!
2026-06-25 15:44:15,734 - EXECUT - INFO - received weights from trainer sta7!
2026-06-25 15:44:16,142 - EXECUT - INFO - received weights from trainer sta6!
2026-06-25 15:44:16,731 - EXECUT - INFO - received weights from trainer sta3!
2026-06-25 15:44:17,418 - EXECUT - INFO - received weights from trainer sta2!
2026-06-25 15:44:18,143 - EXECUT - INFO - received weights from trainer sta5!
2026-06-25 15:44:19,073 - EXECUT - INFO - sent aggregated weights to trainers!
2026-06-25 15:44:19,655 - METRIC - INFO - {"loss": 1.8267648220062256, "accuracy": 0.5585197806358337, "energy_consumption": null, "selected": false, "client_name": "sta8"}
2026-06-25 15:44:19,729 - METRIC - INFO - {"loss": 0.6293883919715881, "accuracy": 0.8315789699554443, "energy_consumption": null, "selected": false, "client_name": "sta10"}
2026-06-25 15:44:19,782 - METRIC - INFO - {"loss": 0.43324583768844604, "accuracy": 0.8812534213066101, "energy_consumption": null, "selected": false, "client_name": "sta9"}
2026-06-25 15:44:19,782 - METRIC - INFO - {"loss": 0.6197125911712646, "accuracy": 0.8348884582519531, "energy_consumption": null, "selected": false, "client_name": "sta0"}
2026-06-25 15:44:19,838 - METRIC - INFO - {"loss": 1.299433946609497, "accuracy": 0.6666666865348816, "energy_consumption": null, "selected": false, "client_name": "sta4"}
2026-06-25 15:44:19,887 - METRIC - INFO - {"loss": 0.4034729301929474, "accuracy": 0.89124596118927, "energy_consumption": null, "selected": false, "client_name": "sta2"}
2026-06-25 15:44:19,934 - METRIC - INFO - {"loss": 0.4726093113422394, "accuracy": 0.8712328672409058, "energy_consumption": null, "selected": false, "client_name": "sta6"}
2026-06-25 15:44:19,947 - METRIC - INFO - {"loss": 0.7256696820259094, "accuracy": 0.7962799072265625, "energy_consumption": null, "selected": false, "client_name": "sta1"}
2026-06-25 15:44:19,997 - METRIC - INFO - {"loss": 0.4518383741378784, "accuracy": 0.8760330677032471, "energy_consumption": null, "selected": false, "client_name": "sta7"}
2026-06-25 15:44:20,038 - METRIC - INFO - {"loss": 0.4312977194786072, "accuracy": 0.8796370625495911, "energy_consumption": null, "selected": false, "client_name": "sta5"}
2026-06-25 15:44:20,061 - METRIC - INFO - {"loss": 0.44834083318710327, "accuracy": 0.8779288530349731, "energy_consumption": null, "selected": false, "client_name": "sta3"}
2026-06-25 15:44:20,075 - METRIC - INFO - mean_accuracy: 0.8150240941481157

2026-06-25 15:44:20,075 - METRIC - INFO - round: 3
2026-06-25 15:44:20,075 - METRIC - INFO - n_selected: 11
2026-06-25 15:44:20,075 - METRIC - INFO - {"selected_trainers": ["sta0", "sta1", "sta10", "sta2", "sta3", "sta4", "sta5", "sta6", "sta7", "sta8", "sta9"]}
2026-06-25 15:44:25,606 - EXECUT - INFO - received weights from trainer sta8!
2026-06-25 15:44:28,590 - EXECUT - INFO - received weights from trainer sta4!
2026-06-25 15:44:31,054 - EXECUT - INFO - received weights from trainer sta10!
2026-06-25 15:44:33,551 - EXECUT - INFO - received weights from trainer sta1!
2026-06-25 15:44:34,958 - EXECUT - INFO - received weights from trainer sta0!
2026-06-25 15:44:35,899 - EXECUT - INFO - received weights from trainer sta9!
2026-06-25 15:44:39,891 - EXECUT - INFO - received weights from trainer sta6!
2026-06-25 15:44:40,382 - EXECUT - INFO - received weights from trainer sta3!
2026-06-25 15:44:41,032 - EXECUT - INFO - received weights from trainer sta7!
2026-06-25 15:44:41,112 - EXECUT - INFO - received weights from trainer sta2!
2026-06-25 15:45:01,465 - EXECUT - INFO - received weights from trainer sta5!
2026-06-25 15:45:02,833 - EXECUT - INFO - sent aggregated weights to trainers!
2026-06-25 15:45:03,406 - METRIC - INFO - {"loss": 0.3841073215007782, "accuracy": 0.8872633576393127, "energy_consumption": null, "selected": false, "client_name": "sta8"}
2026-06-25 15:45:03,477 - METRIC - INFO - {"loss": 0.3010351061820984, "accuracy": 0.9117408990859985, "energy_consumption": null, "selected": false, "client_name": "sta10"}
2026-06-25 15:45:03,526 - METRIC - INFO - {"loss": 0.27958574891090393, "accuracy": 0.9211105108261108, "energy_consumption": null, "selected": false, "client_name": "sta9"}
2026-06-25 15:45:03,566 - METRIC - INFO - {"loss": 0.2985042929649353, "accuracy": 0.9160243272781372, "energy_consumption": null, "selected": false, "client_name": "sta0"}
2026-06-25 15:45:03,588 - METRIC - INFO - {"loss": 0.3359178900718689, "accuracy": 0.9055555462837219, "energy_consumption": null, "selected": false, "client_name": "sta4"}
2026-06-25 15:45:03,639 - METRIC - INFO - {"loss": 0.2560805380344391, "accuracy": 0.9274973273277283, "energy_consumption": null, "selected": false, "client_name": "sta2"}
2026-06-25 15:45:03,656 - METRIC - INFO - {"loss": 0.32071149349212646, "accuracy": 0.9065544605255127, "energy_consumption": null, "selected": false, "client_name": "sta1"}
2026-06-25 15:45:03,670 - METRIC - INFO - {"loss": 0.2850671708583832, "accuracy": 0.9214611649513245, "energy_consumption": null, "selected": false, "client_name": "sta6"}
2026-06-25 15:45:03,690 - METRIC - INFO - {"loss": 0.28003445267677307, "accuracy": 0.915665864944458, "energy_consumption": null, "selected": false, "client_name": "sta5"}
2026-06-25 15:45:03,695 - METRIC - INFO - {"loss": 0.278508722782135, "accuracy": 0.9175585508346558, "energy_consumption": null, "selected": false, "client_name": "sta3"}
2026-06-25 15:45:03,708 - METRIC - INFO - {"loss": 0.28031668066978455, "accuracy": 0.9214876294136047, "energy_consumption": null, "selected": false, "client_name": "sta7"}
2026-06-25 15:45:03,834 - METRIC - INFO - mean_accuracy: 0.9138108762827787

2026-06-25 15:45:03,834 - METRIC - INFO - round: 4
2026-06-25 15:45:03,834 - METRIC - INFO - n_selected: 11
2026-06-25 15:45:03,834 - METRIC - INFO - {"selected_trainers": ["sta0", "sta1", "sta10", "sta2", "sta3", "sta4", "sta5", "sta6", "sta7", "sta8", "sta9"]}
2026-06-25 15:45:09,066 - EXECUT - INFO - received weights from trainer sta8!
2026-06-25 15:45:12,062 - EXECUT - INFO - received weights from trainer sta4!
2026-06-25 15:45:14,105 - EXECUT - INFO - received weights from trainer sta10!
2026-06-25 15:45:16,597 - EXECUT - INFO - received weights from trainer sta1!
2026-06-25 15:45:18,239 - EXECUT - INFO - received weights from trainer sta0!
2026-06-25 15:45:18,619 - EXECUT - INFO - received weights from trainer sta9!
2026-06-25 15:45:23,038 - EXECUT - INFO - received weights from trainer sta6!
2026-06-25 15:45:23,115 - EXECUT - INFO - received weights from trainer sta7!
2026-06-25 15:45:23,549 - EXECUT - INFO - received weights from trainer sta2!
2026-06-25 15:45:23,633 - EXECUT - INFO - received weights from trainer sta3!
2026-06-25 15:45:25,495 - EXECUT - INFO - received weights from trainer sta5!
2026-06-25 15:45:26,672 - EXECUT - INFO - sent aggregated weights to trainers!
2026-06-25 15:45:27,257 - METRIC - INFO - {"loss": 0.2191535234451294, "accuracy": 0.9348177909851074, "energy_consumption": null, "selected": false, "client_name": "sta10"}
2026-06-25 15:45:27,303 - METRIC - INFO - {"loss": 0.2673191428184509, "accuracy": 0.9208261370658875, "energy_consumption": null, "selected": false, "client_name": "sta8"}
2026-06-25 15:45:27,360 - METRIC - INFO - {"loss": 0.21170498430728912, "accuracy": 0.9387423992156982, "energy_consumption": null, "selected": false, "client_name": "sta0"}
2026-06-25 15:45:27,401 - METRIC - INFO - {"loss": 0.21048201620578766, "accuracy": 0.9351291656494141, "energy_consumption": null, "selected": false, "client_name": "sta9"}
2026-06-25 15:45:27,451 - METRIC - INFO - {"loss": 0.22641903162002563, "accuracy": 0.935783863067627, "energy_consumption": null, "selected": false, "client_name": "sta1"}
2026-06-25 15:45:27,454 - METRIC - INFO - {"loss": 0.1849144846200943, "accuracy": 0.9449516534805298, "energy_consumption": null, "selected": false, "client_name": "sta2"}
2026-06-25 15:45:27,474 - METRIC - INFO - {"loss": 0.22414669394493103, "accuracy": 0.9361110925674438, "energy_consumption": null, "selected": false, "client_name": "sta4"}
2026-06-25 15:45:27,490 - METRIC - INFO - {"loss": 0.20845766365528107, "accuracy": 0.9342465996742249, "energy_consumption": null, "selected": false, "client_name": "sta6"}
2026-06-25 15:45:27,521 - METRIC - INFO - {"loss": 0.20833206176757812, "accuracy": 0.9378073215484619, "energy_consumption": null, "selected": false, "client_name": "sta3"}
2026-06-25 15:45:27,550 - METRIC - INFO - {"loss": 0.20904482901096344, "accuracy": 0.9348812103271484, "energy_consumption": null, "selected": false, "client_name": "sta5"}
2026-06-25 15:45:27,594 - METRIC - INFO - {"loss": 0.20791564881801605, "accuracy": 0.942148745059967, "energy_consumption": null, "selected": false, "client_name": "sta7"}
2026-06-25 15:45:27,674 - METRIC - INFO - mean_accuracy: 0.9359496344219554

2026-06-25 15:45:27,675 - METRIC - INFO - round: 5
2026-06-25 15:45:27,675 - METRIC - INFO - n_selected: 11
2026-06-25 15:45:27,675 - METRIC - INFO - {"selected_trainers": ["sta0", "sta1", "sta10", "sta2", "sta3", "sta4", "sta5", "sta6", "sta7", "sta8", "sta9"]}
2026-06-25 15:45:32,949 - EXECUT - INFO - received weights from trainer sta8!
2026-06-25 15:45:35,496 - EXECUT - INFO - received weights from trainer sta4!
2026-06-25 15:45:37,939 - EXECUT - INFO - received weights from trainer sta10!
2026-06-25 15:45:40,494 - EXECUT - INFO - received weights from trainer sta1!
2026-06-25 15:45:41,753 - EXECUT - INFO - received weights from trainer sta0!
2026-06-25 15:45:42,586 - EXECUT - INFO - received weights from trainer sta9!
2026-06-25 15:45:46,457 - EXECUT - INFO - received weights from trainer sta6!
2026-06-25 15:45:46,592 - EXECUT - INFO - received weights from trainer sta7!
2026-06-25 15:45:46,940 - EXECUT - INFO - received weights from trainer sta3!
2026-06-25 15:45:47,561 - EXECUT - INFO - received weights from trainer sta2!
2026-06-25 15:45:48,498 - EXECUT - INFO - received weights from trainer sta5!
2026-06-25 15:45:49,416 - EXECUT - INFO - sent aggregated weights to trainers!
2026-06-25 15:45:49,940 - METRIC - INFO - {"loss": 0.18578927218914032, "accuracy": 0.9440619349479675, "energy_consumption": null, "selected": false, "client_name": "sta8"}
2026-06-25 15:45:50,062 - METRIC - INFO - {"loss": 0.1638476848602295, "accuracy": 0.9472237229347229, "energy_consumption": null, "selected": false, "client_name": "sta9"}
2026-06-25 15:45:50,087 - METRIC - INFO - {"loss": 0.16783098876476288, "accuracy": 0.9520833492279053, "energy_consumption": null, "selected": false, "client_name": "sta4"}
2026-06-25 15:45:50,111 - METRIC - INFO - {"loss": 0.16685830056667328, "accuracy": 0.9522266983985901, "energy_consumption": null, "selected": false, "client_name": "sta10"}
2026-06-25 15:45:50,219 - METRIC - INFO - {"loss": 0.16095122694969177, "accuracy": 0.9548406004905701, "energy_consumption": null, "selected": false, "client_name": "sta7"}
2026-06-25 15:45:50,264 - METRIC - INFO - {"loss": 0.15754887461662292, "accuracy": 0.9537525177001953, "energy_consumption": null, "selected": false, "client_name": "sta0"}
2026-06-25 15:45:50,328 - METRIC - INFO - {"loss": 0.14185278117656708, "accuracy": 0.9591836929321289, "energy_consumption": null, "selected": false, "client_name": "sta2"}
2026-06-25 15:45:50,334 - METRIC - INFO - {"loss": 0.17207330465316772, "accuracy": 0.9499557018280029, "energy_consumption": null, "selected": false, "client_name": "sta1"}
2026-06-25 15:45:50,343 - METRIC - INFO - {"loss": 0.15937010943889618, "accuracy": 0.9498265385627747, "energy_consumption": null, "selected": false, "client_name": "sta5"}
2026-06-25 15:45:50,344 - METRIC - INFO - {"loss": 0.1627051830291748, "accuracy": 0.9503805041313171, "energy_consumption": null, "selected": false, "client_name": "sta6"}
2026-06-25 15:45:50,404 - METRIC - INFO - {"loss": 0.15475183725357056, "accuracy": 0.952849268913269, "energy_consumption": null, "selected": false, "client_name": "sta3"}
2026-06-25 15:45:50,417 - METRIC - INFO - mean_accuracy: 0.9514895027334039

2026-06-25 15:45:50,417 - METRIC - INFO - round: 6
2026-06-25 15:45:50,418 - METRIC - INFO - n_selected: 11
2026-06-25 15:45:50,418 - METRIC - INFO - {"selected_trainers": ["sta0", "sta1", "sta10", "sta2", "sta3", "sta4", "sta5", "sta6", "sta7", "sta8", "sta9"]}
2026-06-25 15:45:55,598 - EXECUT - INFO - received weights from trainer sta8!
2026-06-25 15:45:58,273 - EXECUT - INFO - received weights from trainer sta4!
2026-06-25 15:46:00,638 - EXECUT - INFO - received weights from trainer sta10!
2026-06-25 15:46:03,198 - EXECUT - INFO - received weights from trainer sta1!
2026-06-25 15:46:04,466 - EXECUT - INFO - received weights from trainer sta0!
2026-06-25 15:46:05,215 - EXECUT - INFO - received weights from trainer sta9!
2026-06-25 15:46:09,331 - EXECUT - INFO - received weights from trainer sta6!
2026-06-25 15:46:09,363 - EXECUT - INFO - received weights from trainer sta7!
2026-06-25 15:46:09,586 - EXECUT - INFO - received weights from trainer sta3!
2026-06-25 15:46:10,036 - EXECUT - INFO - received weights from trainer sta2!
2026-06-25 15:46:11,176 - EXECUT - INFO - received weights from trainer sta5!
2026-06-25 15:46:12,082 - EXECUT - INFO - sent aggregated weights to trainers!
2026-06-25 15:46:12,586 - METRIC - INFO - {"loss": 0.2576563358306885, "accuracy": 0.9234079122543335, "energy_consumption": null, "selected": false, "client_name": "sta8"}
2026-06-25 15:46:12,650 - METRIC - INFO - {"loss": 0.13558489084243774, "accuracy": 0.9599190354347229, "energy_consumption": null, "selected": false, "client_name": "sta10"}
2026-06-25 15:46:12,710 - METRIC - INFO - {"loss": 0.13292743265628815, "accuracy": 0.9565695524215698, "energy_consumption": null, "selected": false, "client_name": "sta9"}
2026-06-25 15:46:12,730 - METRIC - INFO - {"loss": 0.13439910113811493, "accuracy": 0.9618055820465088, "energy_consumption": null, "selected": false, "client_name": "sta4"}
2026-06-25 15:46:12,741 - METRIC - INFO - {"loss": 0.12699821591377258, "accuracy": 0.9634888172149658, "energy_consumption": null, "selected": false, "client_name": "sta0"}
2026-06-25 15:46:12,787 - METRIC - INFO - {"loss": 0.11870793253183365, "accuracy": 0.9653598070144653, "energy_consumption": null, "selected": false, "client_name": "sta2"}
2026-06-25 15:46:12,858 - METRIC - INFO - {"loss": 0.12958282232284546, "accuracy": 0.9610354900360107, "energy_consumption": null, "selected": false, "client_name": "sta5"}
2026-06-25 15:46:12,859 - METRIC - INFO - {"loss": 0.13962358236312866, "accuracy": 0.9583702683448792, "energy_consumption": null, "selected": false, "client_name": "sta1"}
2026-06-25 15:46:12,869 - METRIC - INFO - {"loss": 0.12838411331176758, "accuracy": 0.9636954069137573, "energy_consumption": null, "selected": false, "client_name": "sta7"}
2026-06-25 15:46:12,908 - METRIC - INFO - {"loss": 0.12479423731565475, "accuracy": 0.9603702425956726, "energy_consumption": null, "selected": false, "client_name": "sta3"}
2026-06-25 15:46:12,910 - METRIC - INFO - {"loss": 0.13330912590026855, "accuracy": 0.9619482755661011, "energy_consumption": null, "selected": false, "client_name": "sta6"}
2026-06-25 15:46:13,084 - METRIC - INFO - mean_accuracy: 0.9578154899857261

2026-06-25 15:46:13,084 - METRIC - INFO - round: 7
2026-06-25 15:46:13,084 - METRIC - INFO - n_selected: 11
2026-06-25 15:46:13,084 - METRIC - INFO - {"selected_trainers": ["sta0", "sta1", "sta10", "sta2", "sta3", "sta4", "sta5", "sta6", "sta7", "sta8", "sta9"]}
2026-06-25 15:46:18,274 - EXECUT - INFO - received weights from trainer sta8!
2026-06-25 15:46:20,862 - EXECUT - INFO - received weights from trainer sta4!
2026-06-25 15:46:23,275 - EXECUT - INFO - received weights from trainer sta10!
2026-06-25 15:46:25,911 - EXECUT - INFO - received weights from trainer sta1!
2026-06-25 15:46:27,127 - EXECUT - INFO - received weights from trainer sta0!
2026-06-25 15:46:27,939 - EXECUT - INFO - received weights from trainer sta9!
2026-06-25 15:46:31,595 - EXECUT - INFO - received weights from trainer sta6!
2026-06-25 15:46:32,156 - EXECUT - INFO - received weights from trainer sta7!
2026-06-25 15:46:32,451 - EXECUT - INFO - received weights from trainer sta3!
2026-06-25 15:46:32,599 - EXECUT - INFO - received weights from trainer sta2!
2026-06-25 15:46:54,470 - EXECUT - INFO - received weights from trainer sta5!
2026-06-25 15:46:55,786 - EXECUT - INFO - sent aggregated weights to trainers!
2026-06-25 15:46:56,265 - METRIC - INFO - {"loss": 0.12267489731311798, "accuracy": 0.9647160172462463, "energy_consumption": null, "selected": false, "client_name": "sta8"}
2026-06-25 15:46:56,336 - METRIC - INFO - {"loss": 0.11396528035402298, "accuracy": 0.9694444537162781, "energy_consumption": null, "selected": false, "client_name": "sta4"}
2026-06-25 15:46:56,345 - METRIC - INFO - {"loss": 0.11666615307331085, "accuracy": 0.9623481631278992, "energy_consumption": null, "selected": false, "client_name": "sta10"}
2026-06-25 15:46:56,382 - METRIC - INFO - {"loss": 0.11265165358781815, "accuracy": 0.964540958404541, "energy_consumption": null, "selected": false, "client_name": "sta9"}
2026-06-25 15:46:56,444 - METRIC - INFO - {"loss": 0.10478424280881882, "accuracy": 0.9720081090927124, "energy_consumption": null, "selected": false, "client_name": "sta0"}
2026-06-25 15:46:56,526 - METRIC - INFO - {"loss": 0.09959543496370316, "accuracy": 0.9712674617767334, "energy_consumption": null, "selected": false, "client_name": "sta2"}
2026-06-25 15:46:56,530 - METRIC - INFO - {"loss": 0.11910051107406616, "accuracy": 0.9645704030990601, "energy_consumption": null, "selected": false, "client_name": "sta1"}
2026-06-25 15:46:56,557 - METRIC - INFO - {"loss": 0.11694201081991196, "accuracy": 0.9643835425376892, "energy_consumption": null, "selected": false, "client_name": "sta6"}
2026-06-25 15:46:56,571 - METRIC - INFO - {"loss": 0.10892744362354279, "accuracy": 0.9672372937202454, "energy_consumption": null, "selected": false, "client_name": "sta7"}
2026-06-25 15:46:56,585 - METRIC - INFO - {"loss": 0.10701505839824677, "accuracy": 0.9693375825881958, "energy_consumption": null, "selected": false, "client_name": "sta3"}
2026-06-25 15:46:56,592 - METRIC - INFO - {"loss": 0.10917425155639648, "accuracy": 0.9677075147628784, "energy_consumption": null, "selected": false, "client_name": "sta5"}
2026-06-25 15:46:56,787 - METRIC - INFO - mean_accuracy: 0.9670510454611345

2026-06-25 15:46:56,787 - METRIC - INFO - round: 8
2026-06-25 15:46:56,787 - METRIC - INFO - n_selected: 11
2026-06-25 15:46:56,787 - METRIC - INFO - {"selected_trainers": ["sta0", "sta1", "sta10", "sta2", "sta3", "sta4", "sta5", "sta6", "sta7", "sta8", "sta9"]}
2026-06-25 15:47:02,010 - EXECUT - INFO - received weights from trainer sta8!
2026-06-25 15:47:04,574 - EXECUT - INFO - received weights from trainer sta4!
2026-06-25 15:47:07,028 - EXECUT - INFO - received weights from trainer sta10!
2026-06-25 15:47:08,911 - EXECUT - INFO - received weights from trainer sta1!
2026-06-25 15:47:10,098 - EXECUT - INFO - received weights from trainer sta0!
2026-06-25 15:47:11,529 - EXECUT - INFO - received weights from trainer sta9!
2026-06-25 15:47:14,539 - EXECUT - INFO - received weights from trainer sta2!
2026-06-25 15:47:14,932 - EXECUT - INFO - received weights from trainer sta3!
2026-06-25 15:47:15,257 - EXECUT - INFO - received weights from trainer sta6!
2026-06-25 15:47:15,766 - EXECUT - INFO - received weights from trainer sta7!
2026-06-25 15:47:17,614 - EXECUT - INFO - received weights from trainer sta5!
2026-06-25 15:47:18,512 - EXECUT - INFO - sent aggregated weights to trainers!
2026-06-25 15:47:19,028 - METRIC - INFO - {"loss": 0.10118421167135239, "accuracy": 0.9724612832069397, "energy_consumption": null, "selected": false, "client_name": "sta8"}
2026-06-25 15:47:19,092 - METRIC - INFO - {"loss": 0.1003812626004219, "accuracy": 0.9680162072181702, "energy_consumption": null, "selected": false, "client_name": "sta10"}
2026-06-25 15:47:19,136 - METRIC - INFO - {"loss": 0.0904882624745369, "accuracy": 0.976064920425415, "energy_consumption": null, "selected": false, "client_name": "sta0"}
2026-06-25 15:47:19,137 - METRIC - INFO - {"loss": 0.09908375889062881, "accuracy": 0.9667399525642395, "energy_consumption": null, "selected": false, "client_name": "sta9"}
2026-06-25 15:47:19,168 - METRIC - INFO - {"loss": 0.1000506803393364, "accuracy": 0.96875, "energy_consumption": null, "selected": false, "client_name": "sta4"}
2026-06-25 15:47:19,234 - METRIC - INFO - {"loss": 0.08820788562297821, "accuracy": 0.9736841917037964, "energy_consumption": null, "selected": false, "client_name": "sta2"}
2026-06-25 15:47:19,252 - METRIC - INFO - {"loss": 0.10501858592033386, "accuracy": 0.9676705002784729, "energy_consumption": null, "selected": false, "client_name": "sta1"}
2026-06-25 15:47:19,277 - METRIC - INFO - {"loss": 0.09590118378400803, "accuracy": 0.9681804776191711, "energy_consumption": null, "selected": false, "client_name": "sta3"}
2026-06-25 15:47:19,289 - METRIC - INFO - {"loss": 0.11801697313785553, "accuracy": 0.9652968049049377, "energy_consumption": null, "selected": false, "client_name": "sta6"}
2026-06-25 15:47:19,305 - METRIC - INFO - {"loss": 0.09262986481189728, "accuracy": 0.9737308025360107, "energy_consumption": null, "selected": false, "client_name": "sta7"}
2026-06-25 15:47:19,320 - METRIC - INFO - {"loss": 0.0935978814959526, "accuracy": 0.9709100723266602, "energy_consumption": null, "selected": false, "client_name": "sta5"}
2026-06-25 15:47:19,514 - METRIC - INFO - mean_accuracy: 0.9701368375258013

2026-06-25 15:47:19,514 - METRIC - INFO - round: 9
2026-06-25 15:47:19,514 - METRIC - INFO - n_selected: 11
2026-06-25 15:47:19,514 - METRIC - INFO - {"selected_trainers": ["sta0", "sta1", "sta10", "sta2", "sta3", "sta4", "sta5", "sta6", "sta7", "sta8", "sta9"]}
2026-06-25 15:47:24,705 - EXECUT - INFO - received weights from trainer sta8!
2026-06-25 15:47:26,625 - EXECUT - INFO - received weights from trainer sta4!
2026-06-25 15:47:29,834 - EXECUT - INFO - received weights from trainer sta10!
2026-06-25 15:47:31,630 - EXECUT - INFO - received weights from trainer sta1!
2026-06-25 15:47:32,770 - EXECUT - INFO - received weights from trainer sta0!
2026-06-25 15:47:34,294 - EXECUT - INFO - received weights from trainer sta9!
2026-06-25 15:47:37,295 - EXECUT - INFO - received weights from trainer sta2!
2026-06-25 15:47:37,594 - EXECUT - INFO - received weights from trainer sta6!
2026-06-25 15:47:37,681 - EXECUT - INFO - received weights from trainer sta3!
2026-06-25 15:47:38,253 - EXECUT - INFO - received weights from trainer sta7!
2026-06-25 15:47:40,025 - EXECUT - INFO - received weights from trainer sta5!
2026-06-25 15:47:41,236 - EXECUT - INFO - sent aggregated weights to trainers!
2026-06-25 15:47:41,679 - METRIC - INFO - {"loss": 0.09070727974176407, "accuracy": 0.9741824269294739, "energy_consumption": null, "selected": false, "client_name": "sta8"}
2026-06-25 15:47:41,748 - METRIC - INFO - {"loss": 0.09145429730415344, "accuracy": 0.9708502292633057, "energy_consumption": null, "selected": false, "client_name": "sta10"}
2026-06-25 15:47:41,755 - METRIC - INFO - {"loss": 0.09048865735530853, "accuracy": 0.9708333611488342, "energy_consumption": null, "selected": false, "client_name": "sta4"}
2026-06-25 15:47:41,805 - METRIC - INFO - {"loss": 0.0925043523311615, "accuracy": 0.9692138433456421, "energy_consumption": null, "selected": false, "client_name": "sta9"}
2026-06-25 15:47:41,851 - METRIC - INFO - {"loss": 0.0787222608923912, "accuracy": 0.9766380190849304, "energy_consumption": null, "selected": false, "client_name": "sta2"}
2026-06-25 15:47:41,854 - METRIC - INFO - {"loss": 0.07868169248104095, "accuracy": 0.978904664516449, "energy_consumption": null, "selected": false, "client_name": "sta0"}
2026-06-25 15:47:41,938 - METRIC - INFO - {"loss": 0.09626638144254684, "accuracy": 0.971656322479248, "energy_consumption": null, "selected": false, "client_name": "sta1"}
2026-06-25 15:47:41,939 - METRIC - INFO - {"loss": 0.09058831632137299, "accuracy": 0.9729071259498596, "energy_consumption": null, "selected": false, "client_name": "sta6"}
2026-06-25 15:47:41,973 - METRIC - INFO - {"loss": 0.08378580212593079, "accuracy": 0.9760921001434326, "energy_consumption": null, "selected": false, "client_name": "sta7"}
2026-06-25 15:47:41,988 - METRIC - INFO - {"loss": 0.0848509892821312, "accuracy": 0.9722444415092468, "energy_consumption": null, "selected": false, "client_name": "sta5"}
2026-06-25 15:47:42,018 - METRIC - INFO - {"loss": 0.08110205829143524, "accuracy": 0.9736766219139099, "energy_consumption": null, "selected": false, "client_name": "sta3"}
2026-06-25 15:47:42,237 - METRIC - INFO - mean_accuracy: 0.9733817414803938

2026-06-25 15:47:42,237 - METRIC - INFO - round: 10
2026-06-25 15:47:42,237 - METRIC - INFO - n_selected: 11
2026-06-25 15:47:42,238 - METRIC - INFO - {"selected_trainers": ["sta0", "sta1", "sta10", "sta2", "sta3", "sta4", "sta5", "sta6", "sta7", "sta8", "sta9"]}
2026-06-25 15:47:47,337 - EXECUT - INFO - received weights from trainer sta8!
2026-06-25 15:47:49,003 - EXECUT - INFO - received weights from trainer sta4!
2026-06-25 15:47:52,305 - EXECUT - INFO - received weights from trainer sta10!
2026-06-25 15:47:53,741 - EXECUT - INFO - received weights from trainer sta1!
2026-06-25 15:47:54,888 - EXECUT - INFO - received weights from trainer sta0!
2026-06-25 15:47:56,561 - EXECUT - INFO - received weights from trainer sta9!
2026-06-25 15:47:59,131 - EXECUT - INFO - received weights from trainer sta2!
2026-06-25 15:47:59,162 - EXECUT - INFO - received weights from trainer sta6!
2026-06-25 15:47:59,696 - EXECUT - INFO - received weights from trainer sta7!
2026-06-25 15:48:01,534 - EXECUT - INFO - received weights from trainer sta5!
2026-06-25 15:48:03,084 - EXECUT - INFO - received weights from trainer sta3!
2026-06-25 15:48:03,919 - EXECUT - INFO - sent aggregated weights to trainers!
2026-06-25 15:48:04,392 - METRIC - INFO - {"loss": 0.0810314416885376, "accuracy": 0.9767642021179199, "energy_consumption": null, "selected": false, "client_name": "sta8"}
2026-06-25 15:48:04,485 - METRIC - INFO - {"loss": 0.0857701301574707, "accuracy": 0.9696356058120728, "energy_consumption": null, "selected": false, "client_name": "sta10"}
2026-06-25 15:48:04,506 - METRIC - INFO - {"loss": 0.08055900782346725, "accuracy": 0.9756944179534912, "energy_consumption": null, "selected": false, "client_name": "sta4"}
2026-06-25 15:48:04,515 - METRIC - INFO - {"loss": 0.08119452744722366, "accuracy": 0.9722374677658081, "energy_consumption": null, "selected": false, "client_name": "sta9"}
2026-06-25 15:48:04,528 - METRIC - INFO - {"loss": 0.07171101123094559, "accuracy": 0.9797160029411316, "energy_consumption": null, "selected": false, "client_name": "sta0"}
2026-06-25 15:48:04,603 - METRIC - INFO - {"loss": 0.07393927872180939, "accuracy": 0.9779806733131409, "energy_consumption": null, "selected": false, "client_name": "sta2"}
2026-06-25 15:48:04,606 - METRIC - INFO - {"loss": 0.09040022641420364, "accuracy": 0.9720991849899292, "energy_consumption": null, "selected": false, "client_name": "sta1"}
2026-06-25 15:48:04,622 - METRIC - INFO - {"loss": 0.08167212456464767, "accuracy": 0.9756468534469604, "energy_consumption": null, "selected": false, "client_name": "sta6"}
2026-06-25 15:48:04,663 - METRIC - INFO - {"loss": 0.07716242969036102, "accuracy": 0.9749132394790649, "energy_consumption": null, "selected": false, "client_name": "sta5"}
2026-06-25 15:48:04,671 - METRIC - INFO - {"loss": 0.07502719759941101, "accuracy": 0.9784533381462097, "energy_consumption": null, "selected": false, "client_name": "sta7"}
2026-06-25 15:48:04,688 - METRIC - INFO - {"loss": 0.07329700887203217, "accuracy": 0.9751229286193848, "energy_consumption": null, "selected": false, "client_name": "sta3"}
2026-06-25 15:48:04,921 - METRIC - INFO - mean_accuracy: 0.9752967195077376

2026-06-25 15:48:04,921 - METRIC - INFO - round: 11
2026-06-25 15:48:04,921 - METRIC - INFO - n_selected: 11
2026-06-25 15:48:04,921 - METRIC - INFO - {"selected_trainers": ["sta0", "sta1", "sta10", "sta2", "sta3", "sta4", "sta5", "sta6", "sta7", "sta8", "sta9"]}
2026-06-25 15:48:09,998 - EXECUT - INFO - received weights from trainer sta8!
2026-06-25 15:48:11,684 - EXECUT - INFO - received weights from trainer sta4!
2026-06-25 15:48:14,902 - EXECUT - INFO - received weights from trainer sta10!
2026-06-25 15:48:16,377 - EXECUT - INFO - received weights from trainer sta1!
2026-06-25 15:48:17,595 - EXECUT - INFO - received weights from trainer sta0!
2026-06-25 15:48:19,214 - EXECUT - INFO - received weights from trainer sta9!
2026-06-25 15:48:21,783 - EXECUT - INFO - received weights from trainer sta6!
2026-06-25 15:48:21,802 - EXECUT - INFO - received weights from trainer sta2!
2026-06-25 15:48:22,195 - EXECUT - INFO - received weights from trainer sta3!
2026-06-25 15:48:24,120 - EXECUT - INFO - received weights from trainer sta5!
2026-06-25 15:48:25,814 - EXECUT - INFO - received weights from trainer sta7!
2026-06-25 15:48:26,532 - EXECUT - INFO - sent aggregated weights to trainers!
2026-06-25 15:48:26,983 - METRIC - INFO - {"loss": 0.07530489563941956, "accuracy": 0.977624773979187, "energy_consumption": null, "selected": false, "client_name": "sta8"}
2026-06-25 15:48:27,074 - METRIC - INFO - {"loss": 0.08162830024957657, "accuracy": 0.9744939208030701, "energy_consumption": null, "selected": false, "client_name": "sta10"}
2026-06-25 15:48:27,104 - METRIC - INFO - {"loss": 0.07427140325307846, "accuracy": 0.9763888716697693, "energy_consumption": null, "selected": false, "client_name": "sta4"}
2026-06-25 15:48:27,120 - METRIC - INFO - {"loss": 0.07612359523773193, "accuracy": 0.9736118912696838, "energy_consumption": null, "selected": false, "client_name": "sta9"}
2026-06-25 15:48:27,149 - METRIC - INFO - {"loss": 0.06447260826826096, "accuracy": 0.9817444086074829, "energy_consumption": null, "selected": false, "client_name": "sta0"}
2026-06-25 15:48:27,170 - METRIC - INFO - {"loss": 0.06707528233528137, "accuracy": 0.9798603653907776, "energy_consumption": null, "selected": false, "client_name": "sta2"}
2026-06-25 15:48:27,237 - METRIC - INFO - {"loss": 0.07462272047996521, "accuracy": 0.9762557148933411, "energy_consumption": null, "selected": false, "client_name": "sta6"}
2026-06-25 15:48:27,264 - METRIC - INFO - {"loss": 0.08385339379310608, "accuracy": 0.9729849696159363, "energy_consumption": null, "selected": false, "client_name": "sta1"}
2026-06-25 15:48:27,271 - METRIC - INFO - {"loss": 0.06949913501739502, "accuracy": 0.9765145182609558, "energy_consumption": null, "selected": false, "client_name": "sta5"}
2026-06-25 15:48:27,289 - METRIC - INFO - {"loss": 0.06698919087648392, "accuracy": 0.9808146357536316, "energy_consumption": null, "selected": false, "client_name": "sta7"}
2026-06-25 15:48:27,309 - METRIC - INFO - {"loss": 0.06849239021539688, "accuracy": 0.9768585562705994, "energy_consumption": null, "selected": false, "client_name": "sta3"}
2026-06-25 15:48:27,534 - METRIC - INFO - mean_accuracy: 0.9770138751376759

2026-06-25 15:48:27,534 - METRIC - INFO - round: 12
2026-06-25 15:48:27,534 - METRIC - INFO - n_selected: 11
2026-06-25 15:48:27,534 - METRIC - INFO - {"selected_trainers": ["sta0", "sta1", "sta10", "sta2", "sta3", "sta4", "sta5", "sta6", "sta7", "sta8", "sta9"]}
2026-06-25 15:48:32,636 - EXECUT - INFO - received weights from trainer sta8!
2026-06-25 15:48:37,546 - EXECUT - INFO - received weights from trainer sta10!
2026-06-25 15:48:38,064 - EXECUT - INFO - received weights from trainer sta4!
2026-06-25 15:48:39,013 - EXECUT - INFO - received weights from trainer sta1!
2026-06-25 15:48:40,090 - EXECUT - INFO - received weights from trainer sta0!
2026-06-25 15:48:41,866 - EXECUT - INFO - received weights from trainer sta9!
2026-06-25 15:48:44,340 - EXECUT - INFO - received weights from trainer sta2!
2026-06-25 15:48:44,435 - EXECUT - INFO - received weights from trainer sta6!
2026-06-25 15:48:44,745 - EXECUT - INFO - received weights from trainer sta3!
2026-06-25 15:48:45,229 - EXECUT - INFO - received weights from trainer sta7!
2026-06-25 15:48:46,819 - EXECUT - INFO - received weights from trainer sta5!
2026-06-25 15:48:48,152 - EXECUT - INFO - sent aggregated weights to trainers!
2026-06-25 15:48:48,594 - METRIC - INFO - {"loss": 0.07062598317861557, "accuracy": 0.9784853458404541, "energy_consumption": null, "selected": false, "client_name": "sta8"}
2026-06-25 15:48:48,676 - METRIC - INFO - {"loss": 0.07508430629968643, "accuracy": 0.9761133790016174, "energy_consumption": null, "selected": false, "client_name": "sta10"}
2026-06-25 15:48:48,700 - METRIC - INFO - {"loss": 0.06996297091245651, "accuracy": 0.9777777791023254, "energy_consumption": null, "selected": false, "client_name": "sta4"}
2026-06-25 15:48:48,722 - METRIC - INFO - {"loss": 0.07009123265743256, "accuracy": 0.9782847762107849, "energy_consumption": null, "selected": false, "client_name": "sta9"}
2026-06-25 15:48:48,751 - METRIC - INFO - {"loss": 0.05903889983892441, "accuracy": 0.9817444086074829, "energy_consumption": null, "selected": false, "client_name": "sta0"}
2026-06-25 15:48:48,812 - METRIC - INFO - {"loss": 0.07908086478710175, "accuracy": 0.9756421446800232, "energy_consumption": null, "selected": false, "client_name": "sta1"}
2026-06-25 15:48:48,844 - METRIC - INFO - {"loss": 0.07030460983514786, "accuracy": 0.9792998433113098, "energy_consumption": null, "selected": false, "client_name": "sta6"}
2026-06-25 15:48:48,862 - METRIC - INFO - {"loss": 0.06355586647987366, "accuracy": 0.9803974032402039, "energy_consumption": null, "selected": false, "client_name": "sta2"}
2026-06-25 15:48:48,871 - METRIC - INFO - {"loss": 0.06247816979885101, "accuracy": 0.9794619679450989, "energy_consumption": null, "selected": false, "client_name": "sta3"}
2026-06-25 15:48:48,884 - METRIC - INFO - {"loss": 0.06394310295581818, "accuracy": 0.9791833758354187, "energy_consumption": null, "selected": false, "client_name": "sta5"}
2026-06-25 15:48:48,888 - METRIC - INFO - {"loss": 0.0632425844669342, "accuracy": 0.9819952845573425, "energy_consumption": null, "selected": false, "client_name": "sta7"}
2026-06-25 15:48:49,153 - METRIC - INFO - mean_accuracy: 0.9789441553029147

2026-06-25 15:48:49,153 - METRIC - INFO - round: 13
2026-06-25 15:48:49,153 - METRIC - INFO - n_selected: 11
2026-06-25 15:48:49,153 - METRIC - INFO - {"selected_trainers": ["sta0", "sta1", "sta10", "sta2", "sta3", "sta4", "sta5", "sta6", "sta7", "sta8", "sta9"]}
2026-06-25 15:48:54,632 - EXECUT - INFO - received weights from trainer sta8!
2026-06-25 15:48:55,846 - EXECUT - INFO - received weights from trainer sta4!
2026-06-25 15:48:59,144 - EXECUT - INFO - received weights from trainer sta10!
2026-06-25 15:49:00,586 - EXECUT - INFO - received weights from trainer sta1!
2026-06-25 15:49:01,766 - EXECUT - INFO - received weights from trainer sta0!
2026-06-25 15:49:03,442 - EXECUT - INFO - received weights from trainer sta9!
2026-06-25 15:49:05,862 - EXECUT - INFO - received weights from trainer sta2!
2026-06-25 15:49:06,117 - EXECUT - INFO - received weights from trainer sta6!
2026-06-25 15:49:06,312 - EXECUT - INFO - received weights from trainer sta3!
2026-06-25 15:49:06,813 - EXECUT - INFO - received weights from trainer sta7!
2026-06-25 15:49:08,504 - EXECUT - INFO - received weights from trainer sta5!
2026-06-25 15:49:09,746 - EXECUT - INFO - sent aggregated weights to trainers!
2026-06-25 15:49:10,194 - METRIC - INFO - {"loss": 0.06588046997785568, "accuracy": 0.9802065491676331, "energy_consumption": null, "selected": false, "client_name": "sta8"}
2026-06-25 15:49:10,273 - METRIC - INFO - {"loss": 0.07091981172561646, "accuracy": 0.9785425066947937, "energy_consumption": null, "selected": false, "client_name": "sta10"}
2026-06-25 15:49:10,301 - METRIC - INFO - {"loss": 0.06649841368198395, "accuracy": 0.9798611402511597, "energy_consumption": null, "selected": false, "client_name": "sta4"}
2026-06-25 15:49:10,315 - METRIC - INFO - {"loss": 0.06844271719455719, "accuracy": 0.9774601459503174, "energy_consumption": null, "selected": false, "client_name": "sta9"}
2026-06-25 15:49:10,372 - METRIC - INFO - {"loss": 0.060354623943567276, "accuracy": 0.9814715385437012, "energy_consumption": null, "selected": false, "client_name": "sta2"}
2026-06-25 15:49:10,435 - METRIC - INFO - {"loss": 0.07478251308202744, "accuracy": 0.9769707918167114, "energy_consumption": null, "selected": false, "client_name": "sta1"}
2026-06-25 15:49:10,442 - METRIC - INFO - {"loss": 0.10251057147979736, "accuracy": 0.96712327003479, "energy_consumption": null, "selected": false, "client_name": "sta6"}
2026-06-25 15:49:10,465 - METRIC - INFO - {"loss": 0.05989060550928116, "accuracy": 0.9805177450180054, "energy_consumption": null, "selected": false, "client_name": "sta5"}
2026-06-25 15:49:10,476 - METRIC - INFO - {"loss": 0.055676236748695374, "accuracy": 0.9833671450614929, "energy_consumption": null, "selected": false, "client_name": "sta0"}
2026-06-25 15:49:10,488 - METRIC - INFO - {"loss": 0.058532800525426865, "accuracy": 0.9834710955619812, "energy_consumption": null, "selected": false, "client_name": "sta7"}
2026-06-25 15:49:10,496 - METRIC - INFO - {"loss": 0.060316458344459534, "accuracy": 0.9811975955963135, "energy_consumption": null, "selected": false, "client_name": "sta3"}
2026-06-25 15:49:10,747 - METRIC - INFO - mean_accuracy: 0.9791081385178999

2026-06-25 15:49:10,747 - METRIC - INFO - round: 14
2026-06-25 15:49:10,747 - METRIC - INFO - n_selected: 11
2026-06-25 15:49:10,747 - METRIC - INFO - {"selected_trainers": ["sta0", "sta1", "sta10", "sta2", "sta3", "sta4", "sta5", "sta6", "sta7", "sta8", "sta9"]}
2026-06-25 15:49:15,618 - EXECUT - INFO - received weights from trainer sta8!
2026-06-25 15:49:17,059 - EXECUT - INFO - received weights from trainer sta4!
2026-06-25 15:49:20,222 - EXECUT - INFO - received weights from trainer sta10!
2026-06-25 15:49:21,908 - EXECUT - INFO - received weights from trainer sta1!
2026-06-25 15:49:23,015 - EXECUT - INFO - received weights from trainer sta0!
2026-06-25 15:49:24,257 - EXECUT - INFO - received weights from trainer sta9!
2026-06-25 15:49:26,244 - EXECUT - INFO - received weights from trainer sta2!
2026-06-25 15:49:27,317 - EXECUT - INFO - received weights from trainer sta6!
2026-06-25 15:49:27,590 - EXECUT - INFO - received weights from trainer sta3!
2026-06-25 15:49:28,025 - EXECUT - INFO - received weights from trainer sta7!
2026-06-25 15:49:29,650 - EXECUT - INFO - received weights from trainer sta5!
2026-06-25 15:49:30,335 - EXECUT - INFO - sent aggregated weights to trainers!
2026-06-25 15:49:30,793 - METRIC - INFO - {"loss": 0.062047723680734634, "accuracy": 0.9810671210289001, "energy_consumption": null, "selected": false, "client_name": "sta8"}
2026-06-25 15:49:30,841 - METRIC - INFO - {"loss": 0.06816016882658005, "accuracy": 0.9789473414421082, "energy_consumption": null, "selected": false, "client_name": "sta10"}
2026-06-25 15:49:30,867 - METRIC - INFO - {"loss": 0.06276540458202362, "accuracy": 0.981249988079071, "energy_consumption": null, "selected": false, "client_name": "sta4"}
2026-06-25 15:49:30,878 - METRIC - INFO - {"loss": 0.0614837184548378, "accuracy": 0.9793843030929565, "energy_consumption": null, "selected": false, "client_name": "sta9"}
2026-06-25 15:49:30,897 - METRIC - INFO - {"loss": 0.051619354635477066, "accuracy": 0.9841784834861755, "energy_consumption": null, "selected": false, "client_name": "sta0"}
2026-06-25 15:49:30,934 - METRIC - INFO - {"loss": 0.05594434216618538, "accuracy": 0.9833512306213379, "energy_consumption": null, "selected": false, "client_name": "sta2"}
2026-06-25 15:49:30,971 - METRIC - INFO - {"loss": 0.062140092253685, "accuracy": 0.9829528331756592, "energy_consumption": null, "selected": false, "client_name": "sta6"}
2026-06-25 15:49:30,980 - METRIC - INFO - {"loss": 0.07144545763731003, "accuracy": 0.9765279293060303, "energy_consumption": null, "selected": false, "client_name": "sta1"}
2026-06-25 15:49:31,056 - METRIC - INFO - {"loss": 0.05596616119146347, "accuracy": 0.9834710955619812, "energy_consumption": null, "selected": false, "client_name": "sta7"}
2026-06-25 15:49:31,058 - METRIC - INFO - {"loss": 0.058641333132982254, "accuracy": 0.9815852642059326, "energy_consumption": null, "selected": false, "client_name": "sta5"}
2026-06-25 15:49:31,068 - METRIC - INFO - {"loss": 0.05629982799291611, "accuracy": 0.9829331636428833, "energy_consumption": null, "selected": false, "client_name": "sta3"}
2026-06-25 15:49:31,338 - METRIC - INFO - mean_accuracy: 0.9814226139675487

2026-06-25 15:49:31,338 - METRIC - INFO - round: 15
2026-06-25 15:49:31,338 - METRIC - INFO - n_selected: 11
2026-06-25 15:49:31,338 - METRIC - INFO - {"selected_trainers": ["sta0", "sta1", "sta10", "sta2", "sta3", "sta4", "sta5", "sta6", "sta7", "sta8", "sta9"]}
2026-06-25 15:49:36,162 - EXECUT - INFO - received weights from trainer sta8!
2026-06-25 15:49:37,577 - EXECUT - INFO - received weights from trainer sta4!
2026-06-25 15:49:40,780 - EXECUT - INFO - received weights from trainer sta10!
2026-06-25 15:49:42,402 - EXECUT - INFO - received weights from trainer sta1!
2026-06-25 15:49:43,130 - EXECUT - INFO - received weights from trainer sta0!
2026-06-25 15:49:44,845 - EXECUT - INFO - received weights from trainer sta9!
2026-06-25 15:49:46,843 - EXECUT - INFO - received weights from trainer sta2!
2026-06-25 15:49:47,463 - EXECUT - INFO - received weights from trainer sta3!
2026-06-25 15:49:48,006 - EXECUT - INFO - received weights from trainer sta6!
2026-06-25 15:49:48,626 - EXECUT - INFO - received weights from trainer sta7!
2026-06-25 15:49:52,205 - EXECUT - INFO - received weights from trainer sta5!
2026-06-25 15:49:52,993 - EXECUT - INFO - sent aggregated weights to trainers!
2026-06-25 15:49:53,487 - METRIC - INFO - {"loss": 0.060301315039396286, "accuracy": 0.9819444417953491, "energy_consumption": null, "selected": false, "client_name": "sta4"}
2026-06-25 15:49:53,506 - METRIC - INFO - {"loss": 0.06632939726114273, "accuracy": 0.9805667996406555, "energy_consumption": null, "selected": false, "client_name": "sta10"}
2026-06-25 15:49:53,545 - METRIC - INFO - {"loss": 0.05908812955021858, "accuracy": 0.9827883243560791, "energy_consumption": null, "selected": false, "client_name": "sta8"}
2026-06-25 15:49:53,550 - METRIC - INFO - {"loss": 0.04798359423875809, "accuracy": 0.9853955507278442, "energy_consumption": null, "selected": false, "client_name": "sta0"}
2026-06-25 15:49:53,552 - METRIC - INFO - {"loss": 0.0649951696395874, "accuracy": 0.9774601459503174, "energy_consumption": null, "selected": false, "client_name": "sta9"}
2026-06-25 15:49:53,599 - METRIC - INFO - {"loss": 0.05438881367444992, "accuracy": 0.9828141927719116, "energy_consumption": null, "selected": false, "client_name": "sta2"}
2026-06-25 15:49:53,691 - METRIC - INFO - {"loss": 0.06821052730083466, "accuracy": 0.978742241859436, "energy_consumption": null, "selected": false, "client_name": "sta1"}
2026-06-25 15:49:53,707 - METRIC - INFO - {"loss": 0.05276336520910263, "accuracy": 0.9820653796195984, "energy_consumption": null, "selected": false, "client_name": "sta3"}
2026-06-25 15:49:53,707 - METRIC - INFO - {"loss": 0.05801886320114136, "accuracy": 0.983561635017395, "energy_consumption": null, "selected": false, "client_name": "sta6"}
2026-06-25 15:49:53,754 - METRIC - INFO - {"loss": 0.05488582327961922, "accuracy": 0.9823859333992004, "energy_consumption": null, "selected": false, "client_name": "sta5"}
2026-06-25 15:49:53,756 - METRIC - INFO - {"loss": 0.05298084393143654, "accuracy": 0.9855371713638306, "energy_consumption": null, "selected": false, "client_name": "sta7"}
2026-06-25 15:49:53,994 - METRIC - INFO - mean_accuracy: 0.9821147105910562

2026-06-25 15:49:53,994 - METRIC - INFO - round: 16
2026-06-25 15:49:53,994 - METRIC - INFO - n_selected: 11
2026-06-25 15:49:53,994 - METRIC - INFO - {"selected_trainers": ["sta0", "sta1", "sta10", "sta2", "sta3", "sta4", "sta5", "sta6", "sta7", "sta8", "sta9"]}
2026-06-25 15:49:58,843 - EXECUT - INFO - received weights from trainer sta8!
2026-06-25 15:50:00,277 - EXECUT - INFO - received weights from trainer sta4!
2026-06-25 15:50:03,471 - EXECUT - INFO - received weights from trainer sta10!
2026-06-25 15:50:05,043 - EXECUT - INFO - received weights from trainer sta1!
2026-06-25 15:50:05,836 - EXECUT - INFO - received weights from trainer sta0!
2026-06-25 15:50:07,542 - EXECUT - INFO - received weights from trainer sta9!
2026-06-25 15:50:09,231 - EXECUT - INFO - received weights from trainer sta2!
2026-06-25 15:50:10,246 - EXECUT - INFO - received weights from trainer sta3!
2026-06-25 15:50:10,717 - EXECUT - INFO - received weights from trainer sta6!
2026-06-25 15:50:11,273 - EXECUT - INFO - received weights from trainer sta7!
2026-06-25 15:50:12,832 - EXECUT - INFO - received weights from trainer sta5!
2026-06-25 15:50:13,679 - EXECUT - INFO - sent aggregated weights to trainers!
2026-06-25 15:50:14,137 - METRIC - INFO - {"loss": 0.05756770819425583, "accuracy": 0.9836488962173462, "energy_consumption": null, "selected": false, "client_name": "sta8"}
2026-06-25 15:50:14,213 - METRIC - INFO - {"loss": 0.058555249124765396, "accuracy": 0.9819444417953491, "energy_consumption": null, "selected": false, "client_name": "sta4"}
2026-06-25 15:50:14,348 - METRIC - INFO - {"loss": 0.06263403594493866, "accuracy": 0.9825910925865173, "energy_consumption": null, "selected": false, "client_name": "sta10"}
2026-06-25 15:50:14,383 - METRIC - INFO - {"loss": 0.06754530221223831, "accuracy": 0.9800708293914795, "energy_consumption": null, "selected": false, "client_name": "sta1"}
2026-06-25 15:50:14,388 - METRIC - INFO - {"loss": 0.05941738188266754, "accuracy": 0.9791094064712524, "energy_consumption": null, "selected": false, "client_name": "sta9"}
2026-06-25 15:50:14,395 - METRIC - INFO - {"loss": 0.051603272557258606, "accuracy": 0.9842540621757507, "energy_consumption": null, "selected": false, "client_name": "sta5"}
2026-06-25 15:50:14,421 - METRIC - INFO - {"loss": 0.0520113967359066, "accuracy": 0.9838882684707642, "energy_consumption": null, "selected": false, "client_name": "sta2"}
2026-06-25 15:50:14,423 - METRIC - INFO - {"loss": 0.04547630995512009, "accuracy": 0.9858012199401855, "energy_consumption": null, "selected": false, "client_name": "sta0"}
2026-06-25 15:50:14,446 - METRIC - INFO - {"loss": 0.0496479794383049, "accuracy": 0.9855371713638306, "energy_consumption": null, "selected": false, "client_name": "sta7"}
2026-06-25 15:50:14,491 - METRIC - INFO - {"loss": 0.05579899996519089, "accuracy": 0.9844748973846436, "energy_consumption": null, "selected": false, "client_name": "sta6"}
2026-06-25 15:50:14,561 - METRIC - INFO - {"loss": 0.05171211063861847, "accuracy": 0.9835116863250732, "energy_consumption": null, "selected": false, "client_name": "sta3"}
2026-06-25 15:50:14,680 - METRIC - INFO - mean_accuracy: 0.9831665429201993

2026-06-25 15:50:14,680 - METRIC - INFO - round: 17
2026-06-25 15:50:14,680 - METRIC - INFO - n_selected: 11
2026-06-25 15:50:14,681 - METRIC - INFO - {"selected_trainers": ["sta0", "sta1", "sta10", "sta2", "sta3", "sta4", "sta5", "sta6", "sta7", "sta8", "sta9"]}
2026-06-25 15:50:19,542 - EXECUT - INFO - received weights from trainer sta8!
2026-06-25 15:50:20,473 - EXECUT - INFO - received weights from trainer sta4!
2026-06-25 15:50:24,161 - EXECUT - INFO - received weights from trainer sta10!
2026-06-25 15:50:25,696 - EXECUT - INFO - received weights from trainer sta1!
2026-06-25 15:50:26,496 - EXECUT - INFO - received weights from trainer sta0!
2026-06-25 15:50:28,179 - EXECUT - INFO - received weights from trainer sta9!
2026-06-25 15:50:29,887 - EXECUT - INFO - received weights from trainer sta6!
2026-06-25 15:50:30,048 - EXECUT - INFO - received weights from trainer sta2!
2026-06-25 15:50:30,913 - EXECUT - INFO - received weights from trainer sta3!
2026-06-25 15:50:31,044 - EXECUT - INFO - received weights from trainer sta7!
2026-06-25 15:50:32,268 - EXECUT - INFO - received weights from trainer sta5!
2026-06-25 15:50:33,340 - EXECUT - INFO - sent aggregated weights to trainers!
2026-06-25 15:50:33,773 - METRIC - INFO - {"loss": 0.054416269063949585, "accuracy": 0.9862306118011475, "energy_consumption": null, "selected": false, "client_name": "sta8"}
2026-06-25 15:50:33,826 - METRIC - INFO - {"loss": 0.055308256298303604, "accuracy": 0.9826388955116272, "energy_consumption": null, "selected": false, "client_name": "sta4"}
2026-06-25 15:50:33,854 - METRIC - INFO - {"loss": 0.0616941824555397, "accuracy": 0.9829959273338318, "energy_consumption": null, "selected": false, "client_name": "sta10"}
2026-06-25 15:50:33,910 - METRIC - INFO - {"loss": 0.05446738749742508, "accuracy": 0.9824079275131226, "energy_consumption": null, "selected": false, "client_name": "sta9"}
2026-06-25 15:50:33,931 - METRIC - INFO - {"loss": 0.043688997626304626, "accuracy": 0.9853955507278442, "energy_consumption": null, "selected": false, "client_name": "sta0"}
2026-06-25 15:50:33,962 - METRIC - INFO - {"loss": 0.050316669046878815, "accuracy": 0.9849624037742615, "energy_consumption": null, "selected": false, "client_name": "sta2"}
2026-06-25 15:50:33,987 - METRIC - INFO - {"loss": 0.05336761102080345, "accuracy": 0.9853881001472473, "energy_consumption": null, "selected": false, "client_name": "sta6"}
2026-06-25 15:50:34,006 - METRIC - INFO - {"loss": 0.05104177072644234, "accuracy": 0.9832224249839783, "energy_consumption": null, "selected": false, "client_name": "sta3"}
2026-06-25 15:50:34,041 - METRIC - INFO - {"loss": 0.06473254412412643, "accuracy": 0.9800708293914795, "energy_consumption": null, "selected": false, "client_name": "sta1"}
2026-06-25 15:50:34,046 - METRIC - INFO - {"loss": 0.05097855255007744, "accuracy": 0.9818521738052368, "energy_consumption": null, "selected": false, "client_name": "sta5"}
2026-06-25 15:50:34,192 - METRIC - INFO - {"loss": 0.04884307458996773, "accuracy": 0.986127495765686, "energy_consumption": null, "selected": false, "client_name": "sta7"}
2026-06-25 15:50:34,342 - METRIC - INFO - mean_accuracy: 0.9837538491595875

2026-06-25 15:50:34,343 - METRIC - INFO - round: 18
2026-06-25 15:50:34,343 - METRIC - INFO - n_selected: 11
2026-06-25 15:50:34,343 - METRIC - INFO - {"selected_trainers": ["sta0", "sta1", "sta10", "sta2", "sta3", "sta4", "sta5", "sta6", "sta7", "sta8", "sta9"]}
2026-06-25 15:50:39,176 - EXECUT - INFO - received weights from trainer sta8!
2026-06-25 15:50:40,190 - EXECUT - INFO - received weights from trainer sta4!
2026-06-25 15:50:43,878 - EXECUT - INFO - received weights from trainer sta10!
2026-06-25 15:50:45,239 - EXECUT - INFO - received weights from trainer sta1!
2026-06-25 15:50:46,046 - EXECUT - INFO - received weights from trainer sta0!
2026-06-25 15:50:47,959 - EXECUT - INFO - received weights from trainer sta9!
2026-06-25 15:50:49,635 - EXECUT - INFO - received weights from trainer sta6!
2026-06-25 15:50:50,374 - EXECUT - INFO - received weights from trainer sta3!
2026-06-25 15:50:50,784 - EXECUT - INFO - received weights from trainer sta7!
2026-06-25 15:50:52,076 - EXECUT - INFO - received weights from trainer sta5!
2026-06-25 15:50:55,102 - EXECUT - INFO - received weights from trainer sta2!
2026-06-25 15:50:55,911 - EXECUT - INFO - sent aggregated weights to trainers!
2026-06-25 15:50:56,356 - METRIC - INFO - {"loss": 0.0530063770711422, "accuracy": 0.9862306118011475, "energy_consumption": null, "selected": false, "client_name": "sta8"}
2026-06-25 15:50:56,407 - METRIC - INFO - {"loss": 0.055146269500255585, "accuracy": 0.9833333492279053, "energy_consumption": null, "selected": false, "client_name": "sta4"}
2026-06-25 15:50:56,441 - METRIC - INFO - {"loss": 0.041788775473833084, "accuracy": 0.9862068891525269, "energy_consumption": null, "selected": false, "client_name": "sta0"}
2026-06-25 15:50:56,452 - METRIC - INFO - {"loss": 0.06032929942011833, "accuracy": 0.98097163438797, "energy_consumption": null, "selected": false, "client_name": "sta10"}
2026-06-25 15:50:56,491 - METRIC - INFO - {"loss": 0.05382164195179939, "accuracy": 0.982957661151886, "energy_consumption": null, "selected": false, "client_name": "sta9"}
2026-06-25 15:50:56,532 - METRIC - INFO - {"loss": 0.06229903921484947, "accuracy": 0.9805137515068054, "energy_consumption": null, "selected": false, "client_name": "sta1"}
2026-06-25 15:50:56,576 - METRIC - INFO - {"loss": 0.04840674251317978, "accuracy": 0.9846938848495483, "energy_consumption": null, "selected": false, "client_name": "sta2"}
2026-06-25 15:50:56,581 - METRIC - INFO - {"loss": 0.04671775922179222, "accuracy": 0.9849580526351929, "energy_consumption": null, "selected": false, "client_name": "sta3"}
2026-06-25 15:50:56,597 - METRIC - INFO - {"loss": 0.05311135947704315, "accuracy": 0.9841704964637756, "energy_consumption": null, "selected": false, "client_name": "sta6"}
2026-06-25 15:50:56,625 - METRIC - INFO - {"loss": 0.0490313321352005, "accuracy": 0.9839872121810913, "energy_consumption": null, "selected": false, "client_name": "sta5"}
2026-06-25 15:50:56,648 - METRIC - INFO - {"loss": 0.047126710414886475, "accuracy": 0.9867178201675415, "energy_consumption": null, "selected": false, "client_name": "sta7"}
2026-06-25 15:50:56,913 - METRIC - INFO - mean_accuracy: 0.9840673966841265

2026-06-25 15:50:56,913 - METRIC - INFO - round: 19
2026-06-25 15:50:56,913 - METRIC - INFO - n_selected: 11
2026-06-25 15:50:56,913 - METRIC - INFO - {"selected_trainers": ["sta0", "sta1", "sta10", "sta2", "sta3", "sta4", "sta5", "sta6", "sta7", "sta8", "sta9"]}
2026-06-25 15:51:01,787 - EXECUT - INFO - received weights from trainer sta8!
2026-06-25 15:51:02,595 - EXECUT - INFO - received weights from trainer sta4!
2026-06-25 15:51:06,365 - EXECUT - INFO - received weights from trainer sta10!
2026-06-25 15:51:07,736 - EXECUT - INFO - received weights from trainer sta1!
2026-06-25 15:51:08,578 - EXECUT - INFO - received weights from trainer sta0!
2026-06-25 15:51:10,483 - EXECUT - INFO - received weights from trainer sta9!
2026-06-25 15:51:11,403 - EXECUT - INFO - received weights from trainer sta2!
2026-06-25 15:51:12,061 - EXECUT - INFO - received weights from trainer sta6!
2026-06-25 15:51:12,777 - EXECUT - INFO - received weights from trainer sta3!
2026-06-25 15:51:13,243 - EXECUT - INFO - received weights from trainer sta7!
2026-06-25 15:51:14,570 - EXECUT - INFO - received weights from trainer sta5!
2026-06-25 15:51:15,544 - EXECUT - INFO - sent aggregated weights to trainers!
2026-06-25 15:51:15,966 - METRIC - INFO - {"loss": 0.0508715845644474, "accuracy": 0.9862306118011475, "energy_consumption": null, "selected": false, "client_name": "sta8"}
2026-06-25 15:51:16,047 - METRIC - INFO - {"loss": 0.053251005709171295, "accuracy": 0.9833333492279053, "energy_consumption": null, "selected": false, "client_name": "sta4"}
2026-06-25 15:51:16,059 - METRIC - INFO - {"loss": 0.05926576629281044, "accuracy": 0.9817813634872437, "energy_consumption": null, "selected": false, "client_name": "sta10"}
2026-06-25 15:51:16,087 - METRIC - INFO - {"loss": 0.050437018275260925, "accuracy": 0.9840571880340576, "energy_consumption": null, "selected": false, "client_name": "sta9"}
2026-06-25 15:51:16,130 - METRIC - INFO - {"loss": 0.039001595228910446, "accuracy": 0.9870182275772095, "energy_consumption": null, "selected": false, "client_name": "sta0"}
2026-06-25 15:51:16,155 - METRIC - INFO - {"loss": 0.04701044410467148, "accuracy": 0.9844253659248352, "energy_consumption": null, "selected": false, "client_name": "sta2"}
2026-06-25 15:51:16,185 - METRIC - INFO - {"loss": 0.04926955699920654, "accuracy": 0.9853881001472473, "energy_consumption": null, "selected": false, "client_name": "sta6"}
2026-06-25 15:51:16,221 - METRIC - INFO - {"loss": 0.04648938030004501, "accuracy": 0.984090268611908, "energy_consumption": null, "selected": false, "client_name": "sta3"}
2026-06-25 15:51:16,278 - METRIC - INFO - {"loss": 0.04365600645542145, "accuracy": 0.9870129823684692, "energy_consumption": null, "selected": false, "client_name": "sta7"}
2026-06-25 15:51:16,330 - METRIC - INFO - {"loss": 0.06231844052672386, "accuracy": 0.9805137515068054, "energy_consumption": null, "selected": false, "client_name": "sta1"}
2026-06-25 15:51:16,390 - METRIC - INFO - {"loss": 0.04662271589040756, "accuracy": 0.985321581363678, "energy_consumption": null, "selected": false, "client_name": "sta5"}
2026-06-25 15:51:16,545 - METRIC - INFO - mean_accuracy: 0.9844702536409552

2026-06-25 15:51:16,546 - METRIC - INFO - round: 20
2026-06-25 15:51:16,546 - METRIC - INFO - n_selected: 11
2026-06-25 15:51:16,546 - METRIC - INFO - {"selected_trainers": ["sta0", "sta1", "sta10", "sta2", "sta3", "sta4", "sta5", "sta6", "sta7", "sta8", "sta9"]}
2026-06-25 15:51:21,248 - EXECUT - INFO - received weights from trainer sta8!
2026-06-25 15:51:22,163 - EXECUT - INFO - received weights from trainer sta4!
2026-06-25 15:51:25,575 - EXECUT - INFO - received weights from trainer sta10!
2026-06-25 15:51:26,945 - EXECUT - INFO - received weights from trainer sta1!
2026-06-25 15:51:27,731 - EXECUT - INFO - received weights from trainer sta0!
2026-06-25 15:51:29,391 - EXECUT - INFO - received weights from trainer sta9!
2026-06-25 15:51:30,519 - EXECUT - INFO - received weights from trainer sta2!
2026-06-25 15:51:31,007 - EXECUT - INFO - received weights from trainer sta6!
2026-06-25 15:51:31,957 - EXECUT - INFO - received weights from trainer sta3!
2026-06-25 15:51:32,022 - EXECUT - INFO - received weights from trainer sta7!
2026-06-25 15:51:33,195 - EXECUT - INFO - received weights from trainer sta5!
2026-06-25 15:51:34,197 - EXECUT - INFO - sent aggregated weights to trainers!
2026-06-25 15:51:34,564 - METRIC - INFO - {"loss": 0.049216970801353455, "accuracy": 0.9870912432670593, "energy_consumption": null, "selected": false, "client_name": "sta8"}
2026-06-25 15:51:34,644 - METRIC - INFO - {"loss": 0.0589073970913887, "accuracy": 0.9821862578392029, "energy_consumption": null, "selected": false, "client_name": "sta10"}
2026-06-25 15:51:34,658 - METRIC - INFO - {"loss": 0.05099569261074066, "accuracy": 0.9833333492279053, "energy_consumption": null, "selected": false, "client_name": "sta4"}
2026-06-25 15:51:34,680 - METRIC - INFO - {"loss": 0.04954014718532562, "accuracy": 0.9832325577735901, "energy_consumption": null, "selected": false, "client_name": "sta9"}
2026-06-25 15:51:34,690 - METRIC - INFO - {"loss": 0.04580694064497948, "accuracy": 0.9857680201530457, "energy_consumption": null, "selected": false, "client_name": "sta2"}
2026-06-25 15:51:34,717 - METRIC - INFO - {"loss": 0.03790866956114769, "accuracy": 0.9858012199401855, "energy_consumption": null, "selected": false, "client_name": "sta0"}
2026-06-25 15:51:34,767 - METRIC - INFO - {"loss": 0.04910571873188019, "accuracy": 0.9841704964637756, "energy_consumption": null, "selected": false, "client_name": "sta6"}
2026-06-25 15:51:34,813 - METRIC - INFO - {"loss": 0.059151336550712585, "accuracy": 0.9800708293914795, "energy_consumption": null, "selected": false, "client_name": "sta1"}
2026-06-25 15:51:34,823 - METRIC - INFO - {"loss": 0.04287254065275192, "accuracy": 0.9876033067703247, "energy_consumption": null, "selected": false, "client_name": "sta7"}
2026-06-25 15:51:34,851 - METRIC - INFO - {"loss": 0.0445544607937336, "accuracy": 0.9849580526351929, "energy_consumption": null, "selected": false, "client_name": "sta3"}
2026-06-25 15:51:34,852 - METRIC - INFO - {"loss": 0.04565982520580292, "accuracy": 0.9861222505569458, "energy_consumption": null, "selected": false, "client_name": "sta5"}
2026-06-25 15:51:35,198 - METRIC - INFO - mean_accuracy: 0.9845761440017007

2026-06-25 15:51:35,199 - METRIC - INFO - round: 21
2026-06-25 15:51:35,199 - METRIC - INFO - n_selected: 11
2026-06-25 15:51:35,199 - METRIC - INFO - {"selected_trainers": ["sta0", "sta1", "sta10", "sta2", "sta3", "sta4", "sta5", "sta6", "sta7", "sta8", "sta9"]}
2026-06-25 15:51:39,904 - EXECUT - INFO - received weights from trainer sta8!
2026-06-25 15:51:40,904 - EXECUT - INFO - received weights from trainer sta4!
2026-06-25 15:51:44,239 - EXECUT - INFO - received weights from trainer sta10!
2026-06-25 15:51:45,689 - EXECUT - INFO - received weights from trainer sta1!
2026-06-25 15:51:46,443 - EXECUT - INFO - received weights from trainer sta0!
2026-06-25 15:51:48,116 - EXECUT - INFO - received weights from trainer sta9!
2026-06-25 15:51:49,190 - EXECUT - INFO - received weights from trainer sta2!
2026-06-25 15:51:49,816 - EXECUT - INFO - received weights from trainer sta6!
2026-06-25 15:51:50,699 - EXECUT - INFO - received weights from trainer sta3!
2026-06-25 15:51:50,826 - EXECUT - INFO - received weights from trainer sta7!
2026-06-25 15:51:56,094 - EXECUT - INFO - received weights from trainer sta5!
2026-06-25 15:51:56,855 - EXECUT - INFO - sent aggregated weights to trainers!
2026-06-25 15:51:57,289 - METRIC - INFO - {"loss": 0.04796959459781647, "accuracy": 0.9870912432670593, "energy_consumption": null, "selected": false, "client_name": "sta8"}
2026-06-25 15:51:57,355 - METRIC - INFO - {"loss": 0.05167347192764282, "accuracy": 0.9833333492279053, "energy_consumption": null, "selected": false, "client_name": "sta4"}
2026-06-25 15:51:57,364 - METRIC - INFO - {"loss": 0.05558650940656662, "accuracy": 0.9838056564331055, "energy_consumption": null, "selected": false, "client_name": "sta10"}
2026-06-25 15:51:57,406 - METRIC - INFO - {"loss": 0.0482185073196888, "accuracy": 0.9857064485549927, "energy_consumption": null, "selected": false, "client_name": "sta9"}
2026-06-25 15:51:57,424 - METRIC - INFO - {"loss": 0.04625293239951134, "accuracy": 0.9852309226989746, "energy_consumption": null, "selected": false, "client_name": "sta2"}
2026-06-25 15:51:57,427 - METRIC - INFO - {"loss": 0.03705572709441185, "accuracy": 0.9874239563941956, "energy_consumption": null, "selected": false, "client_name": "sta0"}
2026-06-25 15:51:57,468 - METRIC - INFO - {"loss": 0.04771910235285759, "accuracy": 0.98569256067276, "energy_consumption": null, "selected": false, "client_name": "sta6"}
2026-06-25 15:51:57,483 - METRIC - INFO - {"loss": 0.05773090571165085, "accuracy": 0.9813994765281677, "energy_consumption": null, "selected": false, "client_name": "sta1"}
2026-06-25 15:51:57,527 - METRIC - INFO - {"loss": 0.040973640978336334, "accuracy": 0.9878984689712524, "energy_consumption": null, "selected": false, "client_name": "sta7"}
2026-06-25 15:51:57,527 - METRIC - INFO - {"loss": 0.04373665899038315, "accuracy": 0.9849580526351929, "energy_consumption": null, "selected": false, "client_name": "sta3"}
2026-06-25 15:51:57,536 - METRIC - INFO - {"loss": 0.044242117553949356, "accuracy": 0.9866560101509094, "energy_consumption": null, "selected": false, "client_name": "sta5"}
2026-06-25 15:51:57,857 - METRIC - INFO - mean_accuracy: 0.985381467775865

2026-06-25 15:51:57,857 - METRIC - INFO - round: 22
2026-06-25 15:51:57,857 - METRIC - INFO - n_selected: 11
2026-06-25 15:51:57,857 - METRIC - INFO - {"selected_trainers": ["sta0", "sta1", "sta10", "sta2", "sta3", "sta4", "sta5", "sta6", "sta7", "sta8", "sta9"]}
2026-06-25 15:52:02,545 - EXECUT - INFO - received weights from trainer sta8!
2026-06-25 15:52:03,207 - EXECUT - INFO - received weights from trainer sta4!
2026-06-25 15:52:06,914 - EXECUT - INFO - received weights from trainer sta10!
2026-06-25 15:52:08,197 - EXECUT - INFO - received weights from trainer sta1!
2026-06-25 15:52:09,007 - EXECUT - INFO - received weights from trainer sta0!
2026-06-25 15:52:10,795 - EXECUT - INFO - received weights from trainer sta9!
2026-06-25 15:52:11,674 - EXECUT - INFO - received weights from trainer sta2!
2026-06-25 15:52:12,265 - EXECUT - INFO - received weights from trainer sta6!
2026-06-25 15:52:13,071 - EXECUT - INFO - received weights from trainer sta3!
2026-06-25 15:52:14,469 - EXECUT - INFO - received weights from trainer sta5!
2026-06-25 15:52:18,746 - EXECUT - INFO - received weights from trainer sta7!
2026-06-25 15:52:19,398 - EXECUT - INFO - sent aggregated weights to trainers!
2026-06-25 15:52:19,815 - METRIC - INFO - {"loss": 0.04596387967467308, "accuracy": 0.9870912432670593, "energy_consumption": null, "selected": false, "client_name": "sta8"}
2026-06-25 15:52:19,869 - METRIC - INFO - {"loss": 0.05039600655436516, "accuracy": 0.9833333492279053, "energy_consumption": null, "selected": false, "client_name": "sta4"}
2026-06-25 15:52:19,898 - METRIC - INFO - {"loss": 0.05345521494746208, "accuracy": 0.983400821685791, "energy_consumption": null, "selected": false, "client_name": "sta10"}
2026-06-25 15:52:19,926 - METRIC - INFO - {"loss": 0.05273650214076042, "accuracy": 0.981583297252655, "energy_consumption": null, "selected": false, "client_name": "sta9"}
2026-06-25 15:52:19,932 - METRIC - INFO - {"loss": 0.04452308267354965, "accuracy": 0.9852309226989746, "energy_consumption": null, "selected": false, "client_name": "sta2"}
2026-06-25 15:52:19,967 - METRIC - INFO - {"loss": 0.035469260066747665, "accuracy": 0.9882352948188782, "energy_consumption": null, "selected": false, "client_name": "sta0"}
2026-06-25 15:52:20,001 - METRIC - INFO - {"loss": 0.04507105052471161, "accuracy": 0.9859969615936279, "energy_consumption": null, "selected": false, "client_name": "sta6"}
2026-06-25 15:52:20,065 - METRIC - INFO - {"loss": 0.057209841907024384, "accuracy": 0.9805137515068054, "energy_consumption": null, "selected": false, "client_name": "sta1"}
2026-06-25 15:52:20,071 - METRIC - INFO - {"loss": 0.04286535084247589, "accuracy": 0.9855884909629822, "energy_consumption": null, "selected": false, "client_name": "sta5"}
2026-06-25 15:52:20,091 - METRIC - INFO - {"loss": 0.03936583548784256, "accuracy": 0.9881936311721802, "energy_consumption": null, "selected": false, "client_name": "sta7"}
2026-06-25 15:52:20,094 - METRIC - INFO - {"loss": 0.043280236423015594, "accuracy": 0.9861151576042175, "energy_consumption": null, "selected": false, "client_name": "sta3"}
2026-06-25 15:52:20,401 - METRIC - INFO - mean_accuracy: 0.9850257201628252

2026-06-25 15:52:20,401 - METRIC - INFO - round: 23
2026-06-25 15:52:20,401 - METRIC - INFO - n_selected: 11
2026-06-25 15:52:20,401 - METRIC - INFO - {"selected_trainers": ["sta0", "sta1", "sta10", "sta2", "sta3", "sta4", "sta5", "sta6", "sta7", "sta8", "sta9"]}
2026-06-25 15:52:25,076 - EXECUT - INFO - received weights from trainer sta8!
2026-06-25 15:52:25,767 - EXECUT - INFO - received weights from trainer sta4!
2026-06-25 15:52:29,484 - EXECUT - INFO - received weights from trainer sta10!
2026-06-25 15:52:30,832 - EXECUT - INFO - received weights from trainer sta1!
2026-06-25 15:52:31,587 - EXECUT - INFO - received weights from trainer sta0!
2026-06-25 15:52:33,267 - EXECUT - INFO - received weights from trainer sta9!
2026-06-25 15:52:34,187 - EXECUT - INFO - received weights from trainer sta2!
2026-06-25 15:52:34,870 - EXECUT - INFO - received weights from trainer sta6!
2026-06-25 15:52:35,794 - EXECUT - INFO - received weights from trainer sta3!
2026-06-25 15:52:35,978 - EXECUT - INFO - received weights from trainer sta7!
2026-06-25 15:52:37,060 - EXECUT - INFO - received weights from trainer sta5!
2026-06-25 15:52:38,040 - EXECUT - INFO - sent aggregated weights to trainers!
2026-06-25 15:52:38,475 - METRIC - INFO - {"loss": 0.046312540769577026, "accuracy": 0.9845094680786133, "energy_consumption": null, "selected": false, "client_name": "sta8"}
2026-06-25 15:52:38,520 - METRIC - INFO - {"loss": 0.048905614763498306, "accuracy": 0.9854166507720947, "energy_consumption": null, "selected": false, "client_name": "sta4"}
2026-06-25 15:52:38,539 - METRIC - INFO - {"loss": 0.05382006615400314, "accuracy": 0.9838056564331055, "energy_consumption": null, "selected": false, "client_name": "sta10"}
2026-06-25 15:52:38,565 - METRIC - INFO - {"loss": 0.04234764352440834, "accuracy": 0.9863050580024719, "energy_consumption": null, "selected": false, "client_name": "sta2"}
2026-06-25 15:52:38,583 - METRIC - INFO - {"loss": 0.0454532615840435, "accuracy": 0.9857064485549927, "energy_consumption": null, "selected": false, "client_name": "sta9"}
2026-06-25 15:52:38,605 - METRIC - INFO - {"loss": 0.03494498133659363, "accuracy": 0.9866125583648682, "energy_consumption": null, "selected": false, "client_name": "sta0"}
2026-06-25 15:52:38,651 - METRIC - INFO - {"loss": 0.043959569185972214, "accuracy": 0.9872146248817444, "energy_consumption": null, "selected": false, "client_name": "sta6"}
2026-06-25 15:52:38,710 - METRIC - INFO - {"loss": 0.05625321343541145, "accuracy": 0.9818423390388489, "energy_consumption": null, "selected": false, "client_name": "sta1"}
2026-06-25 15:52:38,712 - METRIC - INFO - {"loss": 0.038784757256507874, "accuracy": 0.9884887933731079, "energy_consumption": null, "selected": false, "client_name": "sta7"}
2026-06-25 15:52:38,722 - METRIC - INFO - {"loss": 0.042541369795799255, "accuracy": 0.9864044189453125, "energy_consumption": null, "selected": false, "client_name": "sta3"}
2026-06-25 15:52:38,738 - METRIC - INFO - {"loss": 0.042570147663354874, "accuracy": 0.9858553409576416, "energy_consumption": null, "selected": false, "client_name": "sta5"}
2026-06-25 15:52:39,043 - METRIC - INFO - mean_accuracy: 0.9856510324911638

2026-06-25 15:52:39,043 - METRIC - INFO - round: 24
2026-06-25 15:52:39,043 - METRIC - INFO - n_selected: 11
2026-06-25 15:52:39,044 - METRIC - INFO - {"selected_trainers": ["sta0", "sta1", "sta10", "sta2", "sta3", "sta4", "sta5", "sta6", "sta7", "sta8", "sta9"]}
2026-06-25 15:52:43,719 - EXECUT - INFO - received weights from trainer sta8!
2026-06-25 15:52:44,387 - EXECUT - INFO - received weights from trainer sta4!
2026-06-25 15:52:48,090 - EXECUT - INFO - received weights from trainer sta10!
2026-06-25 15:52:49,367 - EXECUT - INFO - received weights from trainer sta1!
2026-06-25 15:52:50,172 - EXECUT - INFO - received weights from trainer sta0!
2026-06-25 15:52:51,942 - EXECUT - INFO - received weights from trainer sta9!
2026-06-25 15:52:52,206 - EXECUT - INFO - received weights from trainer sta2!
2026-06-25 15:52:53,251 - EXECUT - INFO - received weights from trainer sta6!
2026-06-25 15:52:54,595 - EXECUT - INFO - received weights from trainer sta7!
2026-06-25 15:52:55,671 - EXECUT - INFO - received weights from trainer sta5!
2026-06-25 15:52:59,867 - EXECUT - INFO - received weights from trainer sta3!
2026-06-25 15:53:00,581 - EXECUT - INFO - sent aggregated weights to trainers!
2026-06-25 15:53:01,010 - METRIC - INFO - {"loss": 0.04524453729391098, "accuracy": 0.9862306118011475, "energy_consumption": null, "selected": false, "client_name": "sta8"}
2026-06-25 15:53:01,065 - METRIC - INFO - {"loss": 0.049999650567770004, "accuracy": 0.9847221970558167, "energy_consumption": null, "selected": false, "client_name": "sta4"}
2026-06-25 15:53:01,092 - METRIC - INFO - {"loss": 0.052653539925813675, "accuracy": 0.9846153855323792, "energy_consumption": null, "selected": false, "client_name": "sta10"}
2026-06-25 15:53:01,094 - METRIC - INFO - {"loss": 0.04216791316866875, "accuracy": 0.9852309226989746, "energy_consumption": null, "selected": false, "client_name": "sta2"}
2026-06-25 15:53:01,129 - METRIC - INFO - {"loss": 0.048853736370801926, "accuracy": 0.9837822914123535, "energy_consumption": null, "selected": false, "client_name": "sta9"}
2026-06-25 15:53:01,161 - METRIC - INFO - {"loss": 0.03397606685757637, "accuracy": 0.9866125583648682, "energy_consumption": null, "selected": false, "client_name": "sta0"}
2026-06-25 15:53:01,191 - METRIC - INFO - {"loss": 0.04406706988811493, "accuracy": 0.9863013625144958, "energy_consumption": null, "selected": false, "client_name": "sta6"}
2026-06-25 15:53:01,232 - METRIC - INFO - {"loss": 0.03832631930708885, "accuracy": 0.9881936311721802, "energy_consumption": null, "selected": false, "client_name": "sta7"}
2026-06-25 15:53:01,234 - METRIC - INFO - {"loss": 0.054227329790592194, "accuracy": 0.9827280640602112, "energy_consumption": null, "selected": false, "client_name": "sta1"}
2026-06-25 15:53:01,255 - METRIC - INFO - {"loss": 0.041187576949596405, "accuracy": 0.987189769744873, "energy_consumption": null, "selected": false, "client_name": "sta5"}
2026-06-25 15:53:01,325 - METRIC - INFO - {"loss": 0.04155275598168373, "accuracy": 0.9869829416275024, "energy_consumption": null, "selected": false, "client_name": "sta3"}
2026-06-25 15:53:01,583 - METRIC - INFO - mean_accuracy: 0.9856899759986184

2026-06-25 15:53:01,583 - METRIC - INFO - round: 25
2026-06-25 15:53:01,583 - METRIC - INFO - n_selected: 11
2026-06-25 15:53:01,583 - METRIC - INFO - {"selected_trainers": ["sta0", "sta1", "sta10", "sta2", "sta3", "sta4", "sta5", "sta6", "sta7", "sta8", "sta9"]}
2026-06-25 15:53:06,281 - EXECUT - INFO - received weights from trainer sta8!
2026-06-25 15:53:06,776 - EXECUT - INFO - received weights from trainer sta4!
2026-06-25 15:53:10,618 - EXECUT - INFO - received weights from trainer sta10!
2026-06-25 15:53:11,798 - EXECUT - INFO - received weights from trainer sta1!
2026-06-25 15:53:12,253 - EXECUT - INFO - received weights from trainer sta0!
2026-06-25 15:53:14,632 - EXECUT - INFO - received weights from trainer sta2!
2026-06-25 15:53:15,773 - EXECUT - INFO - received weights from trainer sta6!
2026-06-25 15:53:16,052 - EXECUT - INFO - received weights from trainer sta3!
2026-06-25 15:53:17,088 - EXECUT - INFO - received weights from trainer sta7!
2026-06-25 15:53:17,718 - EXECUT - INFO - received weights from trainer sta5!
2026-06-25 15:53:22,434 - EXECUT - INFO - received weights from trainer sta9!
2026-06-25 15:53:23,217 - EXECUT - INFO - sent aggregated weights to trainers!
2026-06-25 15:53:23,647 - METRIC - INFO - {"loss": 0.04348205775022507, "accuracy": 0.9879518151283264, "energy_consumption": null, "selected": false, "client_name": "sta8"}
2026-06-25 15:53:23,684 - METRIC - INFO - {"loss": 0.0487423911690712, "accuracy": 0.9854166507720947, "energy_consumption": null, "selected": false, "client_name": "sta4"}
2026-06-25 15:53:23,717 - METRIC - INFO - {"loss": 0.051098328083753586, "accuracy": 0.9850202202796936, "energy_consumption": null, "selected": false, "client_name": "sta10"}
2026-06-25 15:53:23,724 - METRIC - INFO - {"loss": 0.046559203416109085, "accuracy": 0.9844253659248352, "energy_consumption": null, "selected": false, "client_name": "sta2"}
2026-06-25 15:53:23,749 - METRIC - INFO - {"loss": 0.04475235566496849, "accuracy": 0.9857064485549927, "energy_consumption": null, "selected": false, "client_name": "sta9"}
2026-06-25 15:53:23,754 - METRIC - INFO - {"loss": 0.03406767547130585, "accuracy": 0.9886409640312195, "energy_consumption": null, "selected": false, "client_name": "sta0"}
2026-06-25 15:53:23,795 - METRIC - INFO - {"loss": 0.042641133069992065, "accuracy": 0.9872146248817444, "energy_consumption": null, "selected": false, "client_name": "sta6"}
2026-06-25 15:53:23,848 - METRIC - INFO - {"loss": 0.054077696055173874, "accuracy": 0.9840567111968994, "energy_consumption": null, "selected": false, "client_name": "sta1"}
2026-06-25 15:53:23,859 - METRIC - INFO - {"loss": 0.040296949446201324, "accuracy": 0.987189769744873, "energy_consumption": null, "selected": false, "client_name": "sta5"}
2026-06-25 15:53:23,878 - METRIC - INFO - {"loss": 0.03735976666212082, "accuracy": 0.9884887933731079, "energy_consumption": null, "selected": false, "client_name": "sta7"}
2026-06-25 15:53:23,884 - METRIC - INFO - {"loss": 0.040876489132642746, "accuracy": 0.9864044189453125, "energy_consumption": null, "selected": false, "client_name": "sta3"}
2026-06-25 15:53:24,219 - METRIC - INFO - mean_accuracy: 0.9864105257121

2026-06-25 15:53:24,220 - METRIC - INFO - round: 26
2026-06-25 15:53:24,220 - METRIC - INFO - n_selected: 11
2026-06-25 15:53:24,220 - METRIC - INFO - {"selected_trainers": ["sta0", "sta1", "sta10", "sta2", "sta3", "sta4", "sta5", "sta6", "sta7", "sta8", "sta9"]}
2026-06-25 15:53:28,892 - EXECUT - INFO - received weights from trainer sta8!
2026-06-25 15:53:29,421 - EXECUT - INFO - received weights from trainer sta4!
2026-06-25 15:53:33,230 - EXECUT - INFO - received weights from trainer sta10!
2026-06-25 15:53:34,453 - EXECUT - INFO - received weights from trainer sta1!
2026-06-25 15:53:34,847 - EXECUT - INFO - received weights from trainer sta0!
2026-06-25 15:53:37,103 - EXECUT - INFO - received weights from trainer sta2!
2026-06-25 15:53:37,152 - EXECUT - INFO - received weights from trainer sta9!
2026-06-25 15:53:38,387 - EXECUT - INFO - received weights from trainer sta6!
2026-06-25 15:53:38,738 - EXECUT - INFO - received weights from trainer sta3!
2026-06-25 15:53:39,709 - EXECUT - INFO - received weights from trainer sta7!
2026-06-25 15:53:40,395 - EXECUT - INFO - received weights from trainer sta5!
2026-06-25 15:53:40,812 - EXECUT - INFO - sent aggregated weights to trainers!
2026-06-25 15:53:41,243 - METRIC - INFO - {"loss": 0.047167304903268814, "accuracy": 0.9840278029441833, "energy_consumption": null, "selected": false, "client_name": "sta4"}
2026-06-25 15:53:41,266 - METRIC - INFO - {"loss": 0.044071659445762634, "accuracy": 0.9852309226989746, "energy_consumption": null, "selected": false, "client_name": "sta2"}
2026-06-25 15:53:41,266 - METRIC - INFO - {"loss": 0.05055983364582062, "accuracy": 0.9854251146316528, "energy_consumption": null, "selected": false, "client_name": "sta10"}
2026-06-25 15:53:41,300 - METRIC - INFO - {"loss": 0.04293426498770714, "accuracy": 0.9848818182945251, "energy_consumption": null, "selected": false, "client_name": "sta9"}
2026-06-25 15:53:41,310 - METRIC - INFO - {"loss": 0.03207012265920639, "accuracy": 0.9890466332435608, "energy_consumption": null, "selected": false, "client_name": "sta0"}
2026-06-25 15:53:41,315 - METRIC - INFO - {"loss": 0.044966891407966614, "accuracy": 0.9853700399398804, "energy_consumption": null, "selected": false, "client_name": "sta8"}
2026-06-25 15:53:41,335 - METRIC - INFO - {"loss": 0.043999820947647095, "accuracy": 0.9866057634353638, "energy_consumption": null, "selected": false, "client_name": "sta6"}
2026-06-25 15:53:41,380 - METRIC - INFO - {"loss": 0.037543024867773056, "accuracy": 0.9878984689712524, "energy_consumption": null, "selected": false, "client_name": "sta7"}
2026-06-25 15:53:41,407 - METRIC - INFO - {"loss": 0.05379144102334976, "accuracy": 0.9827280640602112, "energy_consumption": null, "selected": false, "client_name": "sta1"}
2026-06-25 15:53:41,407 - METRIC - INFO - {"loss": 0.039588287472724915, "accuracy": 0.9887910485267639, "energy_consumption": null, "selected": false, "client_name": "sta5"}
2026-06-25 15:53:41,416 - METRIC - INFO - {"loss": 0.04022632911801338, "accuracy": 0.9872722029685974, "energy_consumption": null, "selected": false, "client_name": "sta3"}
2026-06-25 15:53:41,814 - METRIC - INFO - mean_accuracy: 0.9861161708831787

2026-06-25 15:53:41,814 - METRIC - INFO - round: 27
2026-06-25 15:53:41,814 - METRIC - INFO - n_selected: 11
2026-06-25 15:53:41,814 - METRIC - INFO - {"selected_trainers": ["sta0", "sta1", "sta10", "sta2", "sta3", "sta4", "sta5", "sta6", "sta7", "sta8", "sta9"]}
2026-06-25 15:53:46,449 - EXECUT - INFO - received weights from trainer sta8!
2026-06-25 15:53:46,783 - EXECUT - INFO - received weights from trainer sta4!
2026-06-25 15:53:50,762 - EXECUT - INFO - received weights from trainer sta10!
2026-06-25 15:53:52,096 - EXECUT - INFO - received weights from trainer sta1!
2026-06-25 15:53:52,517 - EXECUT - INFO - received weights from trainer sta0!
2026-06-25 15:53:54,454 - EXECUT - INFO - received weights from trainer sta9!
2026-06-25 15:53:54,760 - EXECUT - INFO - received weights from trainer sta2!
2026-06-25 15:53:55,107 - EXECUT - INFO - received weights from trainer sta6!
2026-06-25 15:53:56,313 - EXECUT - INFO - received weights from trainer sta3!
2026-06-25 15:53:57,020 - EXECUT - INFO - received weights from trainer sta7!
2026-06-25 15:53:57,514 - EXECUT - INFO - received weights from trainer sta5!
2026-06-25 15:53:58,426 - EXECUT - INFO - sent aggregated weights to trainers!
2026-06-25 15:53:58,881 - METRIC - INFO - {"loss": 0.04313410446047783, "accuracy": 0.9853700399398804, "energy_consumption": null, "selected": false, "client_name": "sta8"}
2026-06-25 15:53:58,893 - METRIC - INFO - {"loss": 0.04754963517189026, "accuracy": 0.9854166507720947, "energy_consumption": null, "selected": false, "client_name": "sta4"}
2026-06-25 15:53:58,938 - METRIC - INFO - {"loss": 0.05025623366236687, "accuracy": 0.9858299493789673, "energy_consumption": null, "selected": false, "client_name": "sta10"}
2026-06-25 15:53:58,947 - METRIC - INFO - {"loss": 0.03144428879022598, "accuracy": 0.9898580312728882, "energy_consumption": null, "selected": false, "client_name": "sta0"}
2026-06-25 15:53:58,964 - METRIC - INFO - {"loss": 0.042348556220531464, "accuracy": 0.985981285572052, "energy_consumption": null, "selected": false, "client_name": "sta9"}
2026-06-25 15:53:59,007 - METRIC - INFO - {"loss": 0.04353385418653488, "accuracy": 0.9859969615936279, "energy_consumption": null, "selected": false, "client_name": "sta6"}
2026-06-25 15:53:59,013 - METRIC - INFO - {"loss": 0.04006638750433922, "accuracy": 0.9864044189453125, "energy_consumption": null, "selected": false, "client_name": "sta3"}
2026-06-25 15:53:59,013 - METRIC - INFO - {"loss": 0.042755741626024246, "accuracy": 0.9865735769271851, "energy_consumption": null, "selected": false, "client_name": "sta2"}
2026-06-25 15:53:59,020 - METRIC - INFO - {"loss": 0.03956613317131996, "accuracy": 0.9877235293388367, "energy_consumption": null, "selected": false, "client_name": "sta5"}
2026-06-25 15:53:59,074 - METRIC - INFO - {"loss": 0.03620181232690811, "accuracy": 0.9887839555740356, "energy_consumption": null, "selected": false, "client_name": "sta7"}
2026-06-25 15:53:59,096 - METRIC - INFO - {"loss": 0.05321096256375313, "accuracy": 0.9836137890815735, "energy_consumption": null, "selected": false, "client_name": "sta1"}
2026-06-25 15:53:59,429 - METRIC - INFO - mean_accuracy: 0.9865047443996776

2026-06-25 15:53:59,429 - METRIC - INFO - round: 28
2026-06-25 15:53:59,429 - METRIC - INFO - n_selected: 11
2026-06-25 15:53:59,429 - METRIC - INFO - {"selected_trainers": ["sta0", "sta1", "sta10", "sta2", "sta3", "sta4", "sta5", "sta6", "sta7", "sta8", "sta9"]}
2026-06-25 15:54:04,038 - EXECUT - INFO - received weights from trainer sta8!
2026-06-25 15:54:04,400 - EXECUT - INFO - received weights from trainer sta4!
2026-06-25 15:54:08,312 - EXECUT - INFO - received weights from trainer sta10!
2026-06-25 15:54:09,552 - EXECUT - INFO - received weights from trainer sta1!
2026-06-25 15:54:10,036 - EXECUT - INFO - received weights from trainer sta0!
2026-06-25 15:54:12,033 - EXECUT - INFO - received weights from trainer sta2!
2026-06-25 15:54:12,052 - EXECUT - INFO - received weights from trainer sta9!
2026-06-25 15:54:12,760 - EXECUT - INFO - received weights from trainer sta6!
2026-06-25 15:54:13,940 - EXECUT - INFO - received weights from trainer sta3!
2026-06-25 15:54:14,660 - EXECUT - INFO - received weights from trainer sta7!
2026-06-25 15:54:15,177 - EXECUT - INFO - received weights from trainer sta5!
2026-06-25 15:54:15,945 - EXECUT - INFO - sent aggregated weights to trainers!
2026-06-25 15:54:16,363 - METRIC - INFO - {"loss": 0.041878119111061096, "accuracy": 0.9862306118011475, "energy_consumption": null, "selected": false, "client_name": "sta8"}
2026-06-25 15:54:16,395 - METRIC - INFO - {"loss": 0.04649122431874275, "accuracy": 0.987500011920929, "energy_consumption": null, "selected": false, "client_name": "sta4"}
2026-06-25 15:54:16,561 - METRIC - INFO - {"loss": 0.03997514769434929, "accuracy": 0.9868420958518982, "energy_consumption": null, "selected": false, "client_name": "sta2"}
2026-06-25 15:54:16,567 - METRIC - INFO - {"loss": 0.05075543373823166, "accuracy": 0.9854251146316528, "energy_consumption": null, "selected": false, "client_name": "sta10"}
2026-06-25 15:54:16,597 - METRIC - INFO - {"loss": 0.03817566856741905, "accuracy": 0.9887910485267639, "energy_consumption": null, "selected": false, "client_name": "sta5"}
2026-06-25 15:54:16,609 - METRIC - INFO - {"loss": 0.03495245799422264, "accuracy": 0.9884887933731079, "energy_consumption": null, "selected": false, "client_name": "sta7"}
2026-06-25 15:54:16,609 - METRIC - INFO - {"loss": 0.041758276522159576, "accuracy": 0.9865310788154602, "energy_consumption": null, "selected": false, "client_name": "sta9"}
2026-06-25 15:54:16,618 - METRIC - INFO - {"loss": 0.05155126377940178, "accuracy": 0.9831709265708923, "energy_consumption": null, "selected": false, "client_name": "sta1"}
2026-06-25 15:54:16,626 - METRIC - INFO - {"loss": 0.031514644622802734, "accuracy": 0.9902637004852295, "energy_consumption": null, "selected": false, "client_name": "sta0"}
2026-06-25 15:54:16,654 - METRIC - INFO - {"loss": 0.04058898612856865, "accuracy": 0.9878234267234802, "energy_consumption": null, "selected": false, "client_name": "sta6"}
2026-06-25 15:54:16,732 - METRIC - INFO - {"loss": 0.03843509405851364, "accuracy": 0.9864044189453125, "energy_consumption": null, "selected": false, "client_name": "sta3"}
2026-06-25 15:54:16,947 - METRIC - INFO - mean_accuracy: 0.9870428388768976

2026-06-25 15:54:16,948 - METRIC - INFO - round: 29
2026-06-25 15:54:16,948 - METRIC - INFO - n_selected: 11
2026-06-25 15:54:16,948 - METRIC - INFO - {"selected_trainers": ["sta0", "sta1", "sta10", "sta2", "sta3", "sta4", "sta5", "sta6", "sta7", "sta8", "sta9"]}
2026-06-25 15:54:21,565 - EXECUT - INFO - received weights from trainer sta8!
2026-06-25 15:54:21,923 - EXECUT - INFO - received weights from trainer sta4!
2026-06-25 15:54:25,882 - EXECUT - INFO - received weights from trainer sta10!
2026-06-25 15:54:27,061 - EXECUT - INFO - received weights from trainer sta1!
2026-06-25 15:54:27,529 - EXECUT - INFO - received weights from trainer sta0!
2026-06-25 15:54:29,638 - EXECUT - INFO - received weights from trainer sta9!
2026-06-25 15:54:29,687 - EXECUT - INFO - received weights from trainer sta2!
2026-06-25 15:54:30,311 - EXECUT - INFO - received weights from trainer sta6!
2026-06-25 15:54:31,394 - EXECUT - INFO - received weights from trainer sta3!
2026-06-25 15:54:32,151 - EXECUT - INFO - received weights from trainer sta7!
2026-06-25 15:54:32,625 - EXECUT - INFO - received weights from trainer sta5!
2026-06-25 15:54:33,583 - EXECUT - INFO - sent aggregated weights to trainers!
2026-06-25 15:54:33,999 - METRIC - INFO - {"loss": 0.04241045191884041, "accuracy": 0.9879518151283264, "energy_consumption": null, "selected": false, "client_name": "sta8"}
2026-06-25 15:54:34,013 - METRIC - INFO - {"loss": 0.046286460012197495, "accuracy": 0.9868055582046509, "energy_consumption": null, "selected": false, "client_name": "sta4"}
2026-06-25 15:54:34,067 - METRIC - INFO - {"loss": 0.04865720868110657, "accuracy": 0.9854251146316528, "energy_consumption": null, "selected": false, "client_name": "sta10"}
2026-06-25 15:54:34,104 - METRIC - INFO - {"loss": 0.04091677814722061, "accuracy": 0.9871106147766113, "energy_consumption": null, "selected": false, "client_name": "sta2"}
2026-06-25 15:54:34,115 - METRIC - INFO - {"loss": 0.03976791352033615, "accuracy": 0.985981285572052, "energy_consumption": null, "selected": false, "client_name": "sta9"}
2026-06-25 15:54:34,123 - METRIC - INFO - {"loss": 0.030173253268003464, "accuracy": 0.9894523620605469, "energy_consumption": null, "selected": false, "client_name": "sta0"}
2026-06-25 15:54:34,182 - METRIC - INFO - {"loss": 0.03912011533975601, "accuracy": 0.9875190258026123, "energy_consumption": null, "selected": false, "client_name": "sta6"}
2026-06-25 15:54:34,204 - METRIC - INFO - {"loss": 0.03878594562411308, "accuracy": 0.9869829416275024, "energy_consumption": null, "selected": false, "client_name": "sta3"}
2026-06-25 15:54:34,226 - METRIC - INFO - {"loss": 0.03820289298892021, "accuracy": 0.9882572889328003, "energy_consumption": null, "selected": false, "client_name": "sta5"}
2026-06-25 15:54:34,234 - METRIC - INFO - {"loss": 0.05081624910235405, "accuracy": 0.98228520154953, "energy_consumption": null, "selected": false, "client_name": "sta1"}
2026-06-25 15:54:34,267 - METRIC - INFO - {"loss": 0.03416001424193382, "accuracy": 0.9902597665786743, "energy_consumption": null, "selected": false, "client_name": "sta7"}
2026-06-25 15:54:34,584 - METRIC - INFO - mean_accuracy: 0.9870937249877236

2026-06-25 15:54:34,584 - METRIC - INFO - round: 30
2026-06-25 15:54:34,585 - METRIC - INFO - n_selected: 11
2026-06-25 15:54:34,585 - METRIC - INFO - {"selected_trainers": ["sta0", "sta1", "sta10", "sta2", "sta3", "sta4", "sta5", "sta6", "sta7", "sta8", "sta9"]}
2026-06-25 15:54:39,044 - EXECUT - INFO - received weights from trainer sta8!
2026-06-25 15:54:39,333 - EXECUT - INFO - received weights from trainer sta4!
2026-06-25 15:54:43,154 - EXECUT - INFO - received weights from trainer sta10!
2026-06-25 15:54:44,338 - EXECUT - INFO - received weights from trainer sta1!
2026-06-25 15:54:44,722 - EXECUT - INFO - received weights from trainer sta0!
2026-06-25 15:54:46,683 - EXECUT - INFO - received weights from trainer sta9!
2026-06-25 15:54:46,705 - EXECUT - INFO - received weights from trainer sta2!
2026-06-25 15:54:47,739 - EXECUT - INFO - received weights from trainer sta6!
2026-06-25 15:54:49,253 - EXECUT - INFO - received weights from trainer sta7!
2026-06-25 15:54:49,833 - EXECUT - INFO - received weights from trainer sta5!
2026-06-25 15:54:55,362 - EXECUT - INFO - received weights from trainer sta3!
2026-06-25 15:54:56,205 - EXECUT - INFO - sent aggregated weights to trainers!
2026-06-25 15:54:56,601 - METRIC - INFO - {"loss": 0.040600333362817764, "accuracy": 0.9870912432670593, "energy_consumption": null, "selected": false, "client_name": "sta8"}
2026-06-25 15:54:56,639 - METRIC - INFO - {"loss": 0.04686925187706947, "accuracy": 0.9868055582046509, "energy_consumption": null, "selected": false, "client_name": "sta4"}
2026-06-25 15:54:56,664 - METRIC - INFO - {"loss": 0.05035974830389023, "accuracy": 0.9842105507850647, "energy_consumption": null, "selected": false, "client_name": "sta10"}
2026-06-25 15:54:56,678 - METRIC - INFO - {"loss": 0.029738809913396835, "accuracy": 0.9906693696975708, "energy_consumption": null, "selected": false, "client_name": "sta0"}
2026-06-25 15:54:56,697 - METRIC - INFO - {"loss": 0.04023933783173561, "accuracy": 0.9865735769271851, "energy_consumption": null, "selected": false, "client_name": "sta2"}
2026-06-25 15:54:56,713 - METRIC - INFO - {"loss": 0.04100129008293152, "accuracy": 0.9857064485549927, "energy_consumption": null, "selected": false, "client_name": "sta9"}
2026-06-25 15:54:56,764 - METRIC - INFO - {"loss": 0.05086550861597061, "accuracy": 0.9840567111968994, "energy_consumption": null, "selected": false, "client_name": "sta1"}
2026-06-25 15:54:56,769 - METRIC - INFO - {"loss": 0.0391082838177681, "accuracy": 0.9881278276443481, "energy_consumption": null, "selected": false, "client_name": "sta6"}
2026-06-25 15:54:56,809 - METRIC - INFO - {"loss": 0.03474653512239456, "accuracy": 0.9884887933731079, "energy_consumption": null, "selected": false, "client_name": "sta7"}
2026-06-25 15:54:56,835 - METRIC - INFO - {"loss": 0.03804023191332817, "accuracy": 0.9877235293388367, "energy_consumption": null, "selected": false, "client_name": "sta5"}
2026-06-25 15:54:56,838 - METRIC - INFO - {"loss": 0.0375540517270565, "accuracy": 0.9875614643096924, "energy_consumption": null, "selected": false, "client_name": "sta3"}
2026-06-25 15:54:57,206 - METRIC - INFO - mean_accuracy: 0.9870013702999462

2026-06-25 15:54:57,206 - METRIC - INFO - round: 31
2026-06-25 15:54:57,207 - METRIC - INFO - n_selected: 11
2026-06-25 15:54:57,207 - METRIC - INFO - {"selected_trainers": ["sta0", "sta1", "sta10", "sta2", "sta3", "sta4", "sta5", "sta6", "sta7", "sta8", "sta9"]}
2026-06-25 15:55:01,651 - EXECUT - INFO - received weights from trainer sta8!
2026-06-25 15:55:01,963 - EXECUT - INFO - received weights from trainer sta4!
2026-06-25 15:55:05,763 - EXECUT - INFO - received weights from trainer sta10!
2026-06-25 15:55:06,961 - EXECUT - INFO - received weights from trainer sta1!
2026-06-25 15:55:07,424 - EXECUT - INFO - received weights from trainer sta0!
2026-06-25 15:55:09,301 - EXECUT - INFO - received weights from trainer sta9!
2026-06-25 15:55:09,316 - EXECUT - INFO - received weights from trainer sta2!
2026-06-25 15:55:10,296 - EXECUT - INFO - received weights from trainer sta6!
2026-06-25 15:55:11,020 - EXECUT - INFO - received weights from trainer sta3!
2026-06-25 15:55:11,951 - EXECUT - INFO - received weights from trainer sta7!
2026-06-25 15:55:12,457 - EXECUT - INFO - received weights from trainer sta5!
2026-06-25 15:55:13,745 - EXECUT - INFO - sent aggregated weights to trainers!
2026-06-25 15:55:14,134 - METRIC - INFO - {"loss": 0.03955722227692604, "accuracy": 0.9870912432670593, "energy_consumption": null, "selected": false, "client_name": "sta8"}
2026-06-25 15:55:14,199 - METRIC - INFO - {"loss": 0.048747770488262177, "accuracy": 0.9858299493789673, "energy_consumption": null, "selected": false, "client_name": "sta10"}
2026-06-25 15:55:14,216 - METRIC - INFO - {"loss": 0.03845001384615898, "accuracy": 0.9873791337013245, "energy_consumption": null, "selected": false, "client_name": "sta2"}
2026-06-25 15:55:14,239 - METRIC - INFO - {"loss": 0.029027454555034637, "accuracy": 0.9906693696975708, "energy_consumption": null, "selected": false, "client_name": "sta0"}
2026-06-25 15:55:14,251 - METRIC - INFO - {"loss": 0.04663598909974098, "accuracy": 0.9861111044883728, "energy_consumption": null, "selected": false, "client_name": "sta4"}
2026-06-25 15:55:14,252 - METRIC - INFO - {"loss": 0.04041096568107605, "accuracy": 0.9857064485549927, "energy_consumption": null, "selected": false, "client_name": "sta9"}
2026-06-25 15:55:14,347 - METRIC - INFO - {"loss": 0.03826841711997986, "accuracy": 0.9884322881698608, "energy_consumption": null, "selected": false, "client_name": "sta6"}
2026-06-25 15:55:14,355 - METRIC - INFO - {"loss": 0.03715982660651207, "accuracy": 0.9875614643096924, "energy_consumption": null, "selected": false, "client_name": "sta3"}
2026-06-25 15:55:14,370 - METRIC - INFO - {"loss": 0.03724878653883934, "accuracy": 0.9901254177093506, "energy_consumption": null, "selected": false, "client_name": "sta5"}
2026-06-25 15:55:14,376 - METRIC - INFO - {"loss": 0.04980562627315521, "accuracy": 0.9836137890815735, "energy_consumption": null, "selected": false, "client_name": "sta1"}
2026-06-25 15:55:14,535 - METRIC - INFO - {"loss": 0.03328793868422508, "accuracy": 0.9890791177749634, "energy_consumption": null, "selected": false, "client_name": "sta7"}
2026-06-25 15:55:14,748 - METRIC - INFO - mean_accuracy: 0.9874181205576117

2026-06-25 15:55:14,748 - METRIC - INFO - round: 32
2026-06-25 15:55:14,748 - METRIC - INFO - n_selected: 11
2026-06-25 15:55:14,748 - METRIC - INFO - {"selected_trainers": ["sta0", "sta1", "sta10", "sta2", "sta3", "sta4", "sta5", "sta6", "sta7", "sta8", "sta9"]}
2026-06-25 15:55:19,201 - EXECUT - INFO - received weights from trainer sta8!
2026-06-25 15:55:19,476 - EXECUT - INFO - received weights from trainer sta4!
2026-06-25 15:55:23,292 - EXECUT - INFO - received weights from trainer sta10!
2026-06-25 15:55:24,547 - EXECUT - INFO - received weights from trainer sta1!
2026-06-25 15:55:24,988 - EXECUT - INFO - received weights from trainer sta0!
2026-06-25 15:55:26,699 - EXECUT - INFO - received weights from trainer sta2!
2026-06-25 15:55:26,895 - EXECUT - INFO - received weights from trainer sta9!
2026-06-25 15:55:27,852 - EXECUT - INFO - received weights from trainer sta6!
2026-06-25 15:55:28,601 - EXECUT - INFO - received weights from trainer sta3!
2026-06-25 15:55:29,340 - EXECUT - INFO - received weights from trainer sta7!
2026-06-25 15:55:30,092 - EXECUT - INFO - received weights from trainer sta5!
2026-06-25 15:55:31,313 - EXECUT - INFO - sent aggregated weights to trainers!
2026-06-25 15:55:31,709 - METRIC - INFO - {"loss": 0.041196003556251526, "accuracy": 0.9862306118011475, "energy_consumption": null, "selected": false, "client_name": "sta8"}
2026-06-25 15:55:31,750 - METRIC - INFO - {"loss": 0.044344402849674225, "accuracy": 0.9861111044883728, "energy_consumption": null, "selected": false, "client_name": "sta4"}
2026-06-25 15:55:31,778 - METRIC - INFO - {"loss": 0.04759698361158371, "accuracy": 0.9862348437309265, "energy_consumption": null, "selected": false, "client_name": "sta10"}
2026-06-25 15:55:31,780 - METRIC - INFO - {"loss": 0.037426289170980453, "accuracy": 0.9873791337013245, "energy_consumption": null, "selected": false, "client_name": "sta2"}
2026-06-25 15:55:31,827 - METRIC - INFO - {"loss": 0.03876224160194397, "accuracy": 0.985981285572052, "energy_consumption": null, "selected": false, "client_name": "sta9"}
2026-06-25 15:55:31,842 - METRIC - INFO - {"loss": 0.028119703754782677, "accuracy": 0.9902637004852295, "energy_consumption": null, "selected": false, "client_name": "sta0"}
2026-06-25 15:55:31,918 - METRIC - INFO - {"loss": 0.03894900530576706, "accuracy": 0.9881278276443481, "energy_consumption": null, "selected": false, "client_name": "sta6"}
2026-06-25 15:55:31,937 - METRIC - INFO - {"loss": 0.036897748708724976, "accuracy": 0.9893248081207275, "energy_consumption": null, "selected": false, "client_name": "sta5"}
2026-06-25 15:55:31,940 - METRIC - INFO - {"loss": 0.05008205026388168, "accuracy": 0.9840567111968994, "energy_consumption": null, "selected": false, "client_name": "sta1"}
2026-06-25 15:55:31,943 - METRIC - INFO - {"loss": 0.037409137934446335, "accuracy": 0.9875614643096924, "energy_consumption": null, "selected": false, "client_name": "sta3"}
2026-06-25 15:55:31,967 - METRIC - INFO - {"loss": 0.032840289175510406, "accuracy": 0.990554928779602, "energy_consumption": null, "selected": false, "client_name": "sta7"}
2026-06-25 15:55:32,315 - METRIC - INFO - mean_accuracy: 0.9874387654391202

2026-06-25 15:55:32,315 - METRIC - INFO - round: 33
2026-06-25 15:55:32,315 - METRIC - INFO - n_selected: 11
2026-06-25 15:55:32,315 - METRIC - INFO - {"selected_trainers": ["sta0", "sta1", "sta10", "sta2", "sta3", "sta4", "sta5", "sta6", "sta7", "sta8", "sta9"]}
2026-06-25 15:55:36,782 - EXECUT - INFO - received weights from trainer sta8!
2026-06-25 15:55:37,048 - EXECUT - INFO - received weights from trainer sta4!
2026-06-25 15:55:40,877 - EXECUT - INFO - received weights from trainer sta10!
2026-06-25 15:55:42,164 - EXECUT - INFO - received weights from trainer sta1!
2026-06-25 15:55:42,482 - EXECUT - INFO - received weights from trainer sta0!
2026-06-25 15:55:44,222 - EXECUT - INFO - received weights from trainer sta2!
2026-06-25 15:55:44,441 - EXECUT - INFO - received weights from trainer sta9!
2026-06-25 15:55:45,349 - EXECUT - INFO - received weights from trainer sta6!
2026-06-25 15:55:46,050 - EXECUT - INFO - received weights from trainer sta3!
2026-06-25 15:55:46,961 - EXECUT - INFO - received weights from trainer sta7!
2026-06-25 15:55:47,554 - EXECUT - INFO - received weights from trainer sta5!
2026-06-25 15:55:47,924 - EXECUT - INFO - sent aggregated weights to trainers!
2026-06-25 15:55:48,303 - METRIC - INFO - {"loss": 0.0398482047021389, "accuracy": 0.9870912432670593, "energy_consumption": null, "selected": false, "client_name": "sta8"}
2026-06-25 15:55:48,337 - METRIC - INFO - {"loss": 0.04491065815091133, "accuracy": 0.9861111044883728, "energy_consumption": null, "selected": false, "client_name": "sta4"}
2026-06-25 15:55:48,373 - METRIC - INFO - {"loss": 0.04848933964967728, "accuracy": 0.9850202202796936, "energy_consumption": null, "selected": false, "client_name": "sta10"}
2026-06-25 15:55:48,379 - METRIC - INFO - {"loss": 0.03777046501636505, "accuracy": 0.9879162311553955, "energy_consumption": null, "selected": false, "client_name": "sta2"}
2026-06-25 15:55:48,424 - METRIC - INFO - {"loss": 0.0380384624004364, "accuracy": 0.9870808124542236, "energy_consumption": null, "selected": false, "client_name": "sta9"}
2026-06-25 15:55:48,430 - METRIC - INFO - {"loss": 0.028534146025776863, "accuracy": 0.9910750389099121, "energy_consumption": null, "selected": false, "client_name": "sta0"}
2026-06-25 15:55:48,471 - METRIC - INFO - {"loss": 0.037236716598272324, "accuracy": 0.9890410900115967, "energy_consumption": null, "selected": false, "client_name": "sta6"}
2026-06-25 15:55:48,523 - METRIC - INFO - {"loss": 0.031848497688770294, "accuracy": 0.9902597665786743, "energy_consumption": null, "selected": false, "client_name": "sta7"}
2026-06-25 15:55:48,534 - METRIC - INFO - {"loss": 0.037642866373062134, "accuracy": 0.9884292483329773, "energy_consumption": null, "selected": false, "client_name": "sta3"}
2026-06-25 15:55:48,589 - METRIC - INFO - {"loss": 0.05043677240610123, "accuracy": 0.9853852987289429, "energy_consumption": null, "selected": false, "client_name": "sta1"}
2026-06-25 15:55:48,624 - METRIC - INFO - {"loss": 0.03650972992181778, "accuracy": 0.9898585677146912, "energy_consumption": null, "selected": false, "client_name": "sta5"}
2026-06-25 15:55:48,927 - METRIC - INFO - mean_accuracy: 0.9879335110837763

2026-06-25 15:55:48,927 - METRIC - INFO - round: 34
2026-06-25 15:55:48,927 - METRIC - INFO - n_selected: 11
2026-06-25 15:55:48,927 - METRIC - INFO - {"selected_trainers": ["sta0", "sta1", "sta10", "sta2", "sta3", "sta4", "sta5", "sta6", "sta7", "sta8", "sta9"]}
2026-06-25 15:55:53,403 - EXECUT - INFO - received weights from trainer sta8!
2026-06-25 15:55:53,570 - EXECUT - INFO - received weights from trainer sta4!
2026-06-25 15:55:57,472 - EXECUT - INFO - received weights from trainer sta10!
2026-06-25 15:55:58,638 - EXECUT - INFO - received weights from trainer sta1!
2026-06-25 15:55:59,055 - EXECUT - INFO - received weights from trainer sta0!
2026-06-25 15:56:00,473 - EXECUT - INFO - received weights from trainer sta2!
2026-06-25 15:56:00,983 - EXECUT - INFO - received weights from trainer sta9!
2026-06-25 15:56:01,331 - EXECUT - INFO - received weights from trainer sta6!
2026-06-25 15:56:02,660 - EXECUT - INFO - received weights from trainer sta3!
2026-06-25 15:56:03,340 - EXECUT - INFO - received weights from trainer sta7!
2026-06-25 15:56:03,960 - EXECUT - INFO - received weights from trainer sta5!
2026-06-25 15:56:04,515 - EXECUT - INFO - sent aggregated weights to trainers!
2026-06-25 15:56:04,915 - METRIC - INFO - {"loss": 0.0396745502948761, "accuracy": 0.9862306118011475, "energy_consumption": null, "selected": false, "client_name": "sta8"}
2026-06-25 15:56:04,925 - METRIC - INFO - {"loss": 0.045278601348400116, "accuracy": 0.9861111044883728, "energy_consumption": null, "selected": false, "client_name": "sta4"}
2026-06-25 15:56:04,973 - METRIC - INFO - {"loss": 0.03876937925815582, "accuracy": 0.9881847500801086, "energy_consumption": null, "selected": false, "client_name": "sta2"}
2026-06-25 15:56:04,978 - METRIC - INFO - {"loss": 0.04754171147942543, "accuracy": 0.9854251146316528, "energy_consumption": null, "selected": false, "client_name": "sta10"}
2026-06-25 15:56:05,019 - METRIC - INFO - {"loss": 0.03893863037228584, "accuracy": 0.985981285572052, "energy_consumption": null, "selected": false, "client_name": "sta9"}
2026-06-25 15:56:05,025 - METRIC - INFO - {"loss": 0.02714793011546135, "accuracy": 0.9902637004852295, "energy_consumption": null, "selected": false, "client_name": "sta0"}
2026-06-25 15:56:05,059 - METRIC - INFO - {"loss": 0.038204487413167953, "accuracy": 0.9887366890907288, "energy_consumption": null, "selected": false, "client_name": "sta6"}
2026-06-25 15:56:05,104 - METRIC - INFO - {"loss": 0.03572222217917442, "accuracy": 0.9893248081207275, "energy_consumption": null, "selected": false, "client_name": "sta5"}
2026-06-25 15:56:05,145 - METRIC - INFO - {"loss": 0.03261631354689598, "accuracy": 0.9893742799758911, "energy_consumption": null, "selected": false, "client_name": "sta7"}
2026-06-25 15:56:05,146 - METRIC - INFO - {"loss": 0.03653256222605705, "accuracy": 0.9884292483329773, "energy_consumption": null, "selected": false, "client_name": "sta3"}
2026-06-25 15:56:05,150 - METRIC - INFO - {"loss": 0.04860895499587059, "accuracy": 0.9836137890815735, "energy_consumption": null, "selected": false, "client_name": "sta1"}
2026-06-25 15:56:05,518 - METRIC - INFO - mean_accuracy: 0.9874250346964056

2026-06-25 15:56:05,518 - METRIC - INFO - round: 35
2026-06-25 15:56:05,518 - METRIC - INFO - n_selected: 11
2026-06-25 15:56:05,518 - METRIC - INFO - {"selected_trainers": ["sta0", "sta1", "sta10", "sta2", "sta3", "sta4", "sta5", "sta6", "sta7", "sta8", "sta9"]}
2026-06-25 15:56:10,016 - EXECUT - INFO - received weights from trainer sta8!
2026-06-25 15:56:10,074 - EXECUT - INFO - received weights from trainer sta4!
2026-06-25 15:56:14,088 - EXECUT - INFO - received weights from trainer sta10!
2026-06-25 15:56:15,253 - EXECUT - INFO - received weights from trainer sta1!
2026-06-25 15:56:15,432 - EXECUT - INFO - received weights from trainer sta0!
2026-06-25 15:56:17,159 - EXECUT - INFO - received weights from trainer sta2!
2026-06-25 15:56:17,644 - EXECUT - INFO - received weights from trainer sta9!
2026-06-25 15:56:17,940 - EXECUT - INFO - received weights from trainer sta6!
2026-06-25 15:56:19,045 - EXECUT - INFO - received weights from trainer sta3!
2026-06-25 15:56:19,783 - EXECUT - INFO - received weights from trainer sta7!
2026-06-25 15:56:20,051 - EXECUT - INFO - received weights from trainer sta5!
2026-06-25 15:56:21,143 - EXECUT - INFO - sent aggregated weights to trainers!
2026-06-25 15:56:21,467 - METRIC - INFO - {"loss": 0.04460609704256058, "accuracy": 0.987500011920929, "energy_consumption": null, "selected": false, "client_name": "sta4"}
2026-06-25 15:56:21,533 - METRIC - INFO - {"loss": 0.04056638851761818, "accuracy": 0.9862306118011475, "energy_consumption": null, "selected": false, "client_name": "sta8"}
2026-06-25 15:56:21,578 - METRIC - INFO - {"loss": 0.027044588699936867, "accuracy": 0.9906693696975708, "energy_consumption": null, "selected": false, "client_name": "sta0"}
2026-06-25 15:56:21,603 - METRIC - INFO - {"loss": 0.04800010472536087, "accuracy": 0.9858299493789673, "energy_consumption": null, "selected": false, "client_name": "sta10"}
2026-06-25 15:56:21,646 - METRIC - INFO - {"loss": 0.04168880730867386, "accuracy": 0.9868059158325195, "energy_consumption": null, "selected": false, "client_name": "sta9"}
2026-06-25 15:56:21,649 - METRIC - INFO - {"loss": 0.0470937117934227, "accuracy": 0.9849424362182617, "energy_consumption": null, "selected": false, "client_name": "sta1"}
2026-06-25 15:56:21,668 - METRIC - INFO - {"loss": 0.036869291216135025, "accuracy": 0.9878507256507874, "energy_consumption": null, "selected": false, "client_name": "sta3"}
2026-06-25 15:56:21,674 - METRIC - INFO - {"loss": 0.03792617842555046, "accuracy": 0.9873791337013245, "energy_consumption": null, "selected": false, "client_name": "sta2"}
2026-06-25 15:56:21,694 - METRIC - INFO - {"loss": 0.03747362270951271, "accuracy": 0.9869102239608765, "energy_consumption": null, "selected": false, "client_name": "sta6"}
2026-06-25 15:56:21,738 - METRIC - INFO - {"loss": 0.036796070635318756, "accuracy": 0.9885241389274597, "energy_consumption": null, "selected": false, "client_name": "sta5"}
2026-06-25 15:56:21,891 - METRIC - INFO - {"loss": 0.030385496094822884, "accuracy": 0.9911451935768127, "energy_consumption": null, "selected": false, "client_name": "sta7"}
2026-06-25 15:56:22,145 - METRIC - INFO - mean_accuracy: 0.9876170646060597

2026-06-25 15:56:22,145 - METRIC - INFO - round: 36
2026-06-25 15:56:22,145 - METRIC - INFO - n_selected: 11
2026-06-25 15:56:22,145 - METRIC - INFO - {"selected_trainers": ["sta0", "sta1", "sta10", "sta2", "sta3", "sta4", "sta5", "sta6", "sta7", "sta8", "sta9"]}
2026-06-25 15:56:26,686 - EXECUT - INFO - received weights from trainer sta8!
2026-06-25 15:56:26,702 - EXECUT - INFO - received weights from trainer sta4!
2026-06-25 15:56:30,774 - EXECUT - INFO - received weights from trainer sta10!
2026-06-25 15:56:31,837 - EXECUT - INFO - received weights from trainer sta1!
2026-06-25 15:56:32,081 - EXECUT - INFO - received weights from trainer sta0!
2026-06-25 15:56:33,678 - EXECUT - INFO - received weights from trainer sta2!
2026-06-25 15:56:34,305 - EXECUT - INFO - received weights from trainer sta9!
2026-06-25 15:56:34,485 - EXECUT - INFO - received weights from trainer sta6!
2026-06-25 15:56:35,595 - EXECUT - INFO - received weights from trainer sta3!
2026-06-25 15:56:36,401 - EXECUT - INFO - received weights from trainer sta7!
2026-06-25 15:56:36,552 - EXECUT - INFO - received weights from trainer sta5!
2026-06-25 15:56:37,639 - EXECUT - INFO - sent aggregated weights to trainers!
2026-06-25 15:56:38,000 - METRIC - INFO - {"loss": 0.039312660694122314, "accuracy": 0.9870912432670593, "energy_consumption": null, "selected": false, "client_name": "sta8"}
2026-06-25 15:56:38,016 - METRIC - INFO - {"loss": 0.04544174298644066, "accuracy": 0.9868055582046509, "energy_consumption": null, "selected": false, "client_name": "sta4"}
2026-06-25 15:56:38,070 - METRIC - INFO - {"loss": 0.04689348489046097, "accuracy": 0.9858299493789673, "energy_consumption": null, "selected": false, "client_name": "sta10"}
2026-06-25 15:56:38,101 - METRIC - INFO - {"loss": 0.03270850330591202, "accuracy": 0.9890466332435608, "energy_consumption": null, "selected": false, "client_name": "sta0"}
2026-06-25 15:56:38,108 - METRIC - INFO - {"loss": 0.03753884136676788, "accuracy": 0.9881803393363953, "energy_consumption": null, "selected": false, "client_name": "sta9"}
2026-06-25 15:56:38,122 - METRIC - INFO - {"loss": 0.036588601768016815, "accuracy": 0.9881847500801086, "energy_consumption": null, "selected": false, "client_name": "sta2"}
2026-06-25 15:56:38,153 - METRIC - INFO - {"loss": 0.037985868752002716, "accuracy": 0.9872146248817444, "energy_consumption": null, "selected": false, "client_name": "sta6"}
2026-06-25 15:56:38,183 - METRIC - INFO - {"loss": 0.03732657805085182, "accuracy": 0.9884292483329773, "energy_consumption": null, "selected": false, "client_name": "sta3"}
2026-06-25 15:56:38,213 - METRIC - INFO - {"loss": 0.035685036331415176, "accuracy": 0.989591658115387, "energy_consumption": null, "selected": false, "client_name": "sta5"}
2026-06-25 15:56:38,243 - METRIC - INFO - {"loss": 0.04914693161845207, "accuracy": 0.9844995737075806, "energy_consumption": null, "selected": false, "client_name": "sta1"}
2026-06-25 15:56:38,275 - METRIC - INFO - {"loss": 0.03094201348721981, "accuracy": 0.9902597665786743, "energy_consumption": null, "selected": false, "client_name": "sta7"}
2026-06-25 15:56:38,642 - METRIC - INFO - mean_accuracy: 0.987739395011555

2026-06-25 15:56:38,642 - METRIC - INFO - round: 37
2026-06-25 15:56:38,642 - METRIC - INFO - n_selected: 11
2026-06-25 15:56:38,642 - METRIC - INFO - {"selected_trainers": ["sta0", "sta1", "sta10", "sta2", "sta3", "sta4", "sta5", "sta6", "sta7", "sta8", "sta9"]}
2026-06-25 15:56:43,132 - EXECUT - INFO - received weights from trainer sta4!
2026-06-25 15:56:44,079 - EXECUT - INFO - received weights from trainer sta8!
2026-06-25 15:56:47,056 - EXECUT - INFO - received weights from trainer sta10!
2026-06-25 15:56:48,364 - EXECUT - INFO - received weights from trainer sta1!
2026-06-25 15:56:48,546 - EXECUT - INFO - received weights from trainer sta0!
2026-06-25 15:56:50,032 - EXECUT - INFO - received weights from trainer sta2!
2026-06-25 15:56:50,508 - EXECUT - INFO - received weights from trainer sta9!
2026-06-25 15:56:50,624 - EXECUT - INFO - received weights from trainer sta6!
2026-06-25 15:56:52,086 - EXECUT - INFO - received weights from trainer sta3!
2026-06-25 15:56:52,819 - EXECUT - INFO - received weights from trainer sta7!
2026-06-25 15:56:52,886 - EXECUT - INFO - received weights from trainer sta5!
2026-06-25 15:56:54,298 - EXECUT - INFO - sent aggregated weights to trainers!
2026-06-25 15:56:54,658 - METRIC - INFO - {"loss": 0.03965192660689354, "accuracy": 0.9870912432670593, "energy_consumption": null, "selected": false, "client_name": "sta8"}
2026-06-25 15:56:54,672 - METRIC - INFO - {"loss": 0.044128574430942535, "accuracy": 0.987500011920929, "energy_consumption": null, "selected": false, "client_name": "sta4"}
2026-06-25 15:56:54,719 - METRIC - INFO - {"loss": 0.04710230231285095, "accuracy": 0.9858299493789673, "energy_consumption": null, "selected": false, "client_name": "sta10"}
2026-06-25 15:56:54,757 - METRIC - INFO - {"loss": 0.035927556455135345, "accuracy": 0.9887366890907288, "energy_consumption": null, "selected": false, "client_name": "sta6"}
2026-06-25 15:56:54,762 - METRIC - INFO - {"loss": 0.038561537861824036, "accuracy": 0.9862561821937561, "energy_consumption": null, "selected": false, "client_name": "sta9"}
2026-06-25 15:56:54,767 - METRIC - INFO - {"loss": 0.035968996584415436, "accuracy": 0.9884532690048218, "energy_consumption": null, "selected": false, "client_name": "sta2"}
2026-06-25 15:56:54,790 - METRIC - INFO - {"loss": 0.026951197534799576, "accuracy": 0.9914807081222534, "energy_consumption": null, "selected": false, "client_name": "sta0"}
2026-06-25 15:56:54,876 - METRIC - INFO - {"loss": 0.036018844693899155, "accuracy": 0.9877235293388367, "energy_consumption": null, "selected": false, "client_name": "sta5"}
2026-06-25 15:56:54,877 - METRIC - INFO - {"loss": 0.046519193798303604, "accuracy": 0.9853852987289429, "energy_consumption": null, "selected": false, "client_name": "sta1"}
2026-06-25 15:56:54,939 - METRIC - INFO - {"loss": 0.03022579662501812, "accuracy": 0.990554928779602, "energy_consumption": null, "selected": false, "client_name": "sta7"}
2026-06-25 15:56:54,994 - METRIC - INFO - {"loss": 0.036331743001937866, "accuracy": 0.9881399869918823, "energy_consumption": null, "selected": false, "client_name": "sta3"}
2026-06-25 15:56:55,299 - METRIC - INFO - mean_accuracy: 0.9879228906197981

2026-06-25 15:56:55,299 - METRIC - INFO - round: 38
2026-06-25 15:56:55,299 - METRIC - INFO - n_selected: 11
2026-06-25 15:56:55,299 - METRIC - INFO - {"selected_trainers": ["sta0", "sta1", "sta10", "sta2", "sta3", "sta4", "sta5", "sta6", "sta7", "sta8", "sta9"]}
2026-06-25 15:56:59,709 - EXECUT - INFO - received weights from trainer sta8!
2026-06-25 15:56:59,765 - EXECUT - INFO - received weights from trainer sta4!
2026-06-25 15:57:03,689 - EXECUT - INFO - received weights from trainer sta10!
2026-06-25 15:57:04,854 - EXECUT - INFO - received weights from trainer sta1!
2026-06-25 15:57:05,125 - EXECUT - INFO - received weights from trainer sta0!
2026-06-25 15:57:06,473 - EXECUT - INFO - received weights from trainer sta2!
2026-06-25 15:57:07,175 - EXECUT - INFO - received weights from trainer sta9!
2026-06-25 15:57:07,305 - EXECUT - INFO - received weights from trainer sta6!
2026-06-25 15:57:08,624 - EXECUT - INFO - received weights from trainer sta3!
2026-06-25 15:57:09,313 - EXECUT - INFO - received weights from trainer sta7!
2026-06-25 15:57:09,567 - EXECUT - INFO - received weights from trainer sta5!
2026-06-25 15:57:10,841 - EXECUT - INFO - sent aggregated weights to trainers!
2026-06-25 15:57:11,210 - METRIC - INFO - {"loss": 0.03874697908759117, "accuracy": 0.9870912432670593, "energy_consumption": null, "selected": false, "client_name": "sta8"}
2026-06-25 15:57:11,221 - METRIC - INFO - {"loss": 0.044517822563648224, "accuracy": 0.9861111044883728, "energy_consumption": null, "selected": false, "client_name": "sta4"}
2026-06-25 15:57:11,280 - METRIC - INFO - {"loss": 0.047415509819984436, "accuracy": 0.9858299493789673, "energy_consumption": null, "selected": false, "client_name": "sta10"}
2026-06-25 15:57:11,319 - METRIC - INFO - {"loss": 0.026250416412949562, "accuracy": 0.9914807081222534, "energy_consumption": null, "selected": false, "client_name": "sta0"}
2026-06-25 15:57:11,321 - METRIC - INFO - {"loss": 0.0412072017788887, "accuracy": 0.9862561821937561, "energy_consumption": null, "selected": false, "client_name": "sta9"}
2026-06-25 15:57:11,325 - METRIC - INFO - {"loss": 0.03614412993192673, "accuracy": 0.9884322881698608, "energy_consumption": null, "selected": false, "client_name": "sta6"}
2026-06-25 15:57:11,328 - METRIC - INFO - {"loss": 0.03598346561193466, "accuracy": 0.9881847500801086, "energy_consumption": null, "selected": false, "client_name": "sta2"}
2026-06-25 15:57:11,345 - METRIC - INFO - {"loss": 0.0360991507768631, "accuracy": 0.9878507256507874, "energy_consumption": null, "selected": false, "client_name": "sta3"}
2026-06-25 15:57:11,418 - METRIC - INFO - {"loss": 0.03548846393823624, "accuracy": 0.9885241389274597, "energy_consumption": null, "selected": false, "client_name": "sta5"}
2026-06-25 15:57:11,442 - METRIC - INFO - {"loss": 0.04863392934203148, "accuracy": 0.985828161239624, "energy_consumption": null, "selected": false, "client_name": "sta1"}
2026-06-25 15:57:11,483 - METRIC - INFO - {"loss": 0.03098214790225029, "accuracy": 0.9899646043777466, "energy_consumption": null, "selected": false, "client_name": "sta7"}
2026-06-25 15:57:11,844 - METRIC - INFO - mean_accuracy: 0.9877776232632723

2026-06-25 15:57:11,844 - METRIC - INFO - round: 39
2026-06-25 15:57:11,844 - METRIC - INFO - n_selected: 11
2026-06-25 15:57:11,844 - METRIC - INFO - {"selected_trainers": ["sta0", "sta1", "sta10", "sta2", "sta3", "sta4", "sta5", "sta6", "sta7", "sta8", "sta9"]}
2026-06-25 15:57:16,243 - EXECUT - INFO - received weights from trainer sta4!
2026-06-25 15:57:16,261 - EXECUT - INFO - received weights from trainer sta8!
2026-06-25 15:57:20,277 - EXECUT - INFO - received weights from trainer sta10!
2026-06-25 15:57:21,449 - EXECUT - INFO - received weights from trainer sta1!
2026-06-25 15:57:21,739 - EXECUT - INFO - received weights from trainer sta0!
2026-06-25 15:57:22,986 - EXECUT - INFO - received weights from trainer sta2!
2026-06-25 15:57:23,667 - EXECUT - INFO - received weights from trainer sta9!
2026-06-25 15:57:23,768 - EXECUT - INFO - received weights from trainer sta6!
2026-06-25 15:57:25,257 - EXECUT - INFO - received weights from trainer sta3!
2026-06-25 15:57:25,945 - EXECUT - INFO - received weights from trainer sta7!
2026-06-25 15:57:26,056 - EXECUT - INFO - received weights from trainer sta5!
2026-06-25 15:57:26,420 - EXECUT - INFO - sent aggregated weights to trainers!
2026-06-25 15:57:26,745 - METRIC - INFO - {"loss": 0.044450607150793076, "accuracy": 0.9868055582046509, "energy_consumption": null, "selected": false, "client_name": "sta4"}
2026-06-25 15:57:26,804 - METRIC - INFO - {"loss": 0.03923191502690315, "accuracy": 0.9870912432670593, "energy_consumption": null, "selected": false, "client_name": "sta8"}
2026-06-25 15:57:26,863 - METRIC - INFO - {"loss": 0.035667166113853455, "accuracy": 0.9881847500801086, "energy_consumption": null, "selected": false, "client_name": "sta2"}
2026-06-25 15:57:26,911 - METRIC - INFO - {"loss": 0.03884279355406761, "accuracy": 0.9862561821937561, "energy_consumption": null, "selected": false, "client_name": "sta9"}
2026-06-25 15:57:26,956 - METRIC - INFO - {"loss": 0.03578389808535576, "accuracy": 0.9887366890907288, "energy_consumption": null, "selected": false, "client_name": "sta6"}
2026-06-25 15:57:26,986 - METRIC - INFO - {"loss": 0.04624457284808159, "accuracy": 0.986639678478241, "energy_consumption": null, "selected": false, "client_name": "sta10"}
2026-06-25 15:57:27,007 - METRIC - INFO - {"loss": 0.0361933670938015, "accuracy": 0.9878507256507874, "energy_consumption": null, "selected": false, "client_name": "sta3"}
2026-06-25 15:57:27,018 - METRIC - INFO - {"loss": 0.03492359817028046, "accuracy": 0.9887910485267639, "energy_consumption": null, "selected": false, "client_name": "sta5"}
2026-06-25 15:57:27,044 - METRIC - INFO - {"loss": 0.04683168604969978, "accuracy": 0.9853852987289429, "energy_consumption": null, "selected": false, "client_name": "sta1"}
2026-06-25 15:57:27,051 - METRIC - INFO - {"loss": 0.025962285697460175, "accuracy": 0.9902637004852295, "energy_consumption": null, "selected": false, "client_name": "sta0"}
2026-06-25 15:57:27,058 - METRIC - INFO - {"loss": 0.031084980815649033, "accuracy": 0.990554928779602, "energy_consumption": null, "selected": false, "client_name": "sta7"}
2026-06-25 15:57:27,422 - METRIC - INFO - mean_accuracy: 0.98786907304417

2026-06-25 15:57:27,422 - METRIC - INFO - round: 40
2026-06-25 15:57:27,422 - METRIC - INFO - n_selected: 11
2026-06-25 15:57:27,422 - METRIC - INFO - {"selected_trainers": ["sta0", "sta1", "sta10", "sta2", "sta3", "sta4", "sta5", "sta6", "sta7", "sta8", "sta9"]}
2026-06-25 15:57:31,744 - EXECUT - INFO - received weights from trainer sta4!
2026-06-25 15:57:31,757 - EXECUT - INFO - received weights from trainer sta8!
2026-06-25 15:57:35,691 - EXECUT - INFO - received weights from trainer sta10!
2026-06-25 15:57:36,523 - EXECUT - INFO - received weights from trainer sta1!
2026-06-25 15:57:36,872 - EXECUT - INFO - received weights from trainer sta0!
2026-06-25 15:57:38,236 - EXECUT - INFO - received weights from trainer sta2!
2026-06-25 15:57:39,009 - EXECUT - INFO - received weights from trainer sta9!
2026-06-25 15:57:39,152 - EXECUT - INFO - received weights from trainer sta6!
2026-06-25 15:57:40,147 - EXECUT - INFO - received weights from trainer sta3!
2026-06-25 15:57:41,050 - EXECUT - INFO - received weights from trainer sta7!
2026-06-25 15:57:41,416 - EXECUT - INFO - received weights from trainer sta5!
2026-06-25 15:57:41,954 - EXECUT - INFO - sent aggregated weights to trainers!
2026-06-25 15:57:42,273 - METRIC - INFO - {"loss": 0.044865041971206665, "accuracy": 0.9868055582046509, "energy_consumption": null, "selected": false, "client_name": "sta4"}
2026-06-25 15:57:42,402 - METRIC - INFO - {"loss": 0.04828651621937752, "accuracy": 0.9854251146316528, "energy_consumption": null, "selected": false, "client_name": "sta10"}
2026-06-25 15:57:42,409 - METRIC - INFO - {"loss": 0.024940934032201767, "accuracy": 0.9914807081222534, "energy_consumption": null, "selected": false, "client_name": "sta0"}
2026-06-25 15:57:42,461 - METRIC - INFO - {"loss": 0.04248917102813721, "accuracy": 0.9862306118011475, "energy_consumption": null, "selected": false, "client_name": "sta8"}
2026-06-25 15:57:42,473 - METRIC - INFO - {"loss": 0.03565409034490585, "accuracy": 0.9887217879295349, "energy_consumption": null, "selected": false, "client_name": "sta2"}
2026-06-25 15:57:42,489 - METRIC - INFO - {"loss": 0.030294738709926605, "accuracy": 0.990554928779602, "energy_consumption": null, "selected": false, "client_name": "sta7"}
2026-06-25 15:57:42,517 - METRIC - INFO - {"loss": 0.04562962055206299, "accuracy": 0.9867138862609863, "energy_consumption": null, "selected": false, "client_name": "sta1"}
2026-06-25 15:57:42,522 - METRIC - INFO - {"loss": 0.0351276658475399, "accuracy": 0.9890578985214233, "energy_consumption": null, "selected": false, "client_name": "sta5"}
2026-06-25 15:57:42,538 - METRIC - INFO - {"loss": 0.036464449018239975, "accuracy": 0.9876305460929871, "energy_consumption": null, "selected": false, "client_name": "sta9"}
2026-06-25 15:57:42,584 - METRIC - INFO - {"loss": 0.03653816506266594, "accuracy": 0.9890410900115967, "energy_consumption": null, "selected": false, "client_name": "sta6"}
2026-06-25 15:57:42,647 - METRIC - INFO - {"loss": 0.0360681526362896, "accuracy": 0.988718569278717, "energy_consumption": null, "selected": false, "client_name": "sta3"}
2026-06-25 15:57:42,957 - METRIC - INFO - mean_accuracy: 0.9882164272395048

2026-06-25 15:57:42,961 - METRIC - INFO - stop_condition: rounds
