2026-06-19 19:10:18,938 - EXECUT - INFO - starting server...
2026-06-19 19:10:24,107 - EXECUT - INFO - trainer number sta1 just joined the pool
2026-06-19 19:10:24,220 - EXECUT - INFO - trainer number sta4 just joined the pool
2026-06-19 19:10:24,262 - EXECUT - INFO - trainer number sta0 just joined the pool
2026-06-19 19:10:24,305 - EXECUT - INFO - trainer number sta2 just joined the pool
2026-06-19 19:10:24,306 - EXECUT - INFO - trainer number sta3 just joined the pool
2026-06-19 19:10:24,413 - EXECUT - INFO - trainer number sta6 just joined the pool
2026-06-19 19:10:24,454 - EXECUT - INFO - trainer number sta5 just joined the pool
2026-06-19 19:10:24,455 - EXECUT - INFO - trainer number sta7 just joined the pool
2026-06-19 19:10:25,295 - EXECUT - INFO - trainer number sta8 just joined the pool
2026-06-19 19:10:25,533 - EXECUT - INFO - trainer number sta18 just joined the pool
2026-06-19 19:10:25,574 - EXECUT - INFO - trainer number sta12 just joined the pool
2026-06-19 19:10:25,574 - EXECUT - INFO - trainer number sta10 just joined the pool
2026-06-19 19:10:25,658 - EXECUT - INFO - trainer number sta16 just joined the pool
2026-06-19 19:10:25,658 - EXECUT - INFO - trainer number sta14 just joined the pool
2026-06-19 19:10:25,701 - EXECUT - INFO - trainer number sta11 just joined the pool
2026-06-19 19:10:25,701 - EXECUT - INFO - trainer number sta15 just joined the pool
2026-06-19 19:10:25,701 - EXECUT - INFO - trainer number sta19 just joined the pool
2026-06-19 19:10:25,714 - EXECUT - INFO - trainer number sta13 just joined the pool
2026-06-19 19:10:25,756 - EXECUT - INFO - trainer number sta9 just joined the pool
2026-06-19 19:10:25,877 - EXECUT - INFO - trainer number sta17 just joined the pool
2026-06-19 19:10:25,949 - EXECUT - INFO - mensagem de data_sz recebida: 
 {'id': 'sta0', 'dataset_sz': 747088320}
2026-06-19 19:10:25,949 - EXECUT - INFO - mensagem de data_sz recebida: 
 {'id': 'sta10', 'dataset_sz': 748350720}
2026-06-19 19:10:25,990 - EXECUT - INFO - mensagem de data_sz recebida: 
 {'id': 'sta11', 'dataset_sz': 763953984}
2026-06-19 19:10:25,990 - EXECUT - INFO - mensagem de data_sz recebida: 
 {'id': 'sta12', 'dataset_sz': 737999040}
2026-06-19 19:10:25,990 - EXECUT - INFO - mensagem de data_sz recebida: 
 {'id': 'sta13', 'dataset_sz': 811571712}
2026-06-19 19:10:25,990 - EXECUT - INFO - mensagem de data_sz recebida: 
 {'id': 'sta15', 'dataset_sz': 786475200}
2026-06-19 19:10:25,991 - EXECUT - INFO - mensagem de data_sz recebida: 
 {'id': 'sta14', 'dataset_sz': 710731200}
2026-06-19 19:10:25,991 - EXECUT - INFO - mensagem de data_sz recebida: 
 {'id': 'sta19', 'dataset_sz': 761378688}
2026-06-19 19:10:25,991 - EXECUT - INFO - mensagem de data_sz recebida: 
 {'id': 'sta3', 'dataset_sz': 1047438528}
2026-06-19 19:10:25,991 - EXECUT - INFO - mensagem de data_sz recebida: 
 {'id': 'sta4', 'dataset_sz': 436285440}
2026-06-19 19:10:25,991 - EXECUT - INFO - mensagem de data_sz recebida: 
 {'id': 'sta16', 'dataset_sz': 380032896}
2026-06-19 19:10:25,991 - EXECUT - INFO - mensagem de data_sz recebida: 
 {'id': 'sta5', 'dataset_sz': 1135301568}
2026-06-19 19:10:25,991 - EXECUT - INFO - mensagem de data_sz recebida: 
 {'id': 'sta18', 'dataset_sz': 338929152}
2026-06-19 19:10:25,991 - EXECUT - INFO - mensagem de data_sz recebida: 
 {'id': 'sta6', 'dataset_sz': 995528640}
2026-06-19 19:10:25,991 - EXECUT - INFO - mensagem de data_sz recebida: 
 {'id': 'sta2', 'dataset_sz': 1128383616}
2026-06-19 19:10:25,991 - EXECUT - INFO - mensagem de data_sz recebida: 
 {'id': 'sta7', 'dataset_sz': 1026684672}
2026-06-19 19:10:25,991 - EXECUT - INFO - mensagem de data_sz recebida: 
 {'id': 'sta9', 'dataset_sz': 1102428672}
2026-06-19 19:10:25,991 - EXECUT - INFO - mensagem de data_sz recebida: 
 {'id': 'sta8', 'dataset_sz': 352361088}
2026-06-19 19:10:25,991 - EXECUT - INFO - mensagem de data_sz recebida: 
 {'id': 'sta1', 'dataset_sz': 684321792}
2026-06-19 19:10:25,991 - EXECUT - INFO - mensagem de data_sz recebida: 
 {'id': 'sta17', 'dataset_sz': 1076473728}
2026-06-19 19:10:26,949 - METRIC - INFO - round: 1
2026-06-19 19:10:26,949 - METRIC - INFO - n_selected: 20
2026-06-19 19:10:26,949 - METRIC - INFO - {"selected_trainers": ["sta0", "sta1", "sta10", "sta11", "sta12", "sta13", "sta14", "sta15", "sta16", "sta17", "sta18", "sta19", "sta2", "sta3", "sta4", "sta5", "sta6", "sta7", "sta8", "sta9"]}
2026-06-19 19:10:35,715 - EXECUT - INFO - received weights from trainer sta18!
2026-06-19 19:10:36,570 - EXECUT - INFO - received weights from trainer sta16!
2026-06-19 19:10:38,298 - EXECUT - INFO - received weights from trainer sta8!
2026-06-19 19:10:43,338 - EXECUT - INFO - received weights from trainer sta1!
2026-06-19 19:10:43,384 - EXECUT - INFO - received weights from trainer sta14!
2026-06-19 19:10:43,959 - EXECUT - INFO - received weights from trainer sta12!
2026-06-19 19:10:44,049 - EXECUT - INFO - received weights from trainer sta10!
2026-06-19 19:10:44,320 - EXECUT - INFO - received weights from trainer sta19!
2026-06-19 19:10:45,352 - EXECUT - INFO - received weights from trainer sta13!
2026-06-19 19:10:48,368 - EXECUT - INFO - received weights from trainer sta11!
2026-06-19 19:10:48,446 - EXECUT - INFO - received weights from trainer sta15!
2026-06-19 19:10:48,505 - EXECUT - INFO - received weights from trainer sta0!
2026-06-19 19:10:48,685 - EXECUT - INFO - received weights from trainer sta4!
2026-06-19 19:10:52,563 - EXECUT - INFO - received weights from trainer sta2!
2026-06-19 19:10:52,870 - EXECUT - INFO - received weights from trainer sta5!
2026-06-19 19:11:08,986 - EXECUT - INFO - received weights from trainer sta17!
2026-06-19 19:11:09,061 - EXECUT - INFO - received weights from trainer sta9!
2026-06-19 19:11:09,186 - EXECUT - INFO - received weights from trainer sta7!
2026-06-19 19:11:09,244 - EXECUT - INFO - received weights from trainer sta3!
2026-06-19 19:11:09,284 - EXECUT - INFO - received weights from trainer sta6!
2026-06-19 19:11:10,462 - EXECUT - INFO - sent aggregated weights to trainers!
2026-06-19 19:11:11,732 - METRIC - INFO - {"loss": 0.41591426730155945, "accuracy": 0.8941479921340942, "energy_consumption": null, "selected": false, "client_name": "sta8"}
2026-06-19 19:11:11,955 - METRIC - INFO - {"loss": 0.4069693684577942, "accuracy": 0.9016100168228149, "energy_consumption": null, "selected": false, "client_name": "sta18"}
2026-06-19 19:11:11,995 - METRIC - INFO - {"loss": 0.28735843300819397, "accuracy": 0.9190797209739685, "energy_consumption": null, "selected": false, "client_name": "sta11"}
2026-06-19 19:11:12,015 - METRIC - INFO - {"loss": 0.23305365443229675, "accuracy": 0.9351291656494141, "energy_consumption": null, "selected": false, "client_name": "sta9"}
2026-06-19 19:11:12,026 - METRIC - INFO - {"loss": 0.4512474238872528, "accuracy": 0.8771929740905762, "energy_consumption": null, "selected": false, "client_name": "sta16"}
2026-06-19 19:11:12,049 - METRIC - INFO - {"loss": 0.25691720843315125, "accuracy": 0.9256756901741028, "energy_consumption": null, "selected": false, "client_name": "sta17"}
2026-06-19 19:11:12,059 - METRIC - INFO - {"loss": 0.2743547260761261, "accuracy": 0.9208364486694336, "energy_consumption": null, "selected": false, "client_name": "sta13"}
2026-06-19 19:11:12,062 - METRIC - INFO - {"loss": 0.31384095549583435, "accuracy": 0.9136146306991577, "energy_consumption": null, "selected": false, "client_name": "sta19"}
2026-06-19 19:11:12,108 - METRIC - INFO - {"loss": 0.2728184461593628, "accuracy": 0.9176505208015442, "energy_consumption": null, "selected": false, "client_name": "sta7"}
2026-06-19 19:11:12,136 - METRIC - INFO - {"loss": 0.31856146454811096, "accuracy": 0.9067761898040771, "energy_consumption": null, "selected": false, "client_name": "sta12"}
2026-06-19 19:11:12,158 - METRIC - INFO - {"loss": 0.3975043296813965, "accuracy": 0.8902778029441833, "energy_consumption": null, "selected": false, "client_name": "sta4"}
2026-06-19 19:11:12,166 - METRIC - INFO - {"loss": 0.32649675011634827, "accuracy": 0.9028339982032776, "energy_consumption": null, "selected": false, "client_name": "sta10"}
2026-06-19 19:11:12,192 - METRIC - INFO - {"loss": 0.320890337228775, "accuracy": 0.9059730172157288, "energy_consumption": null, "selected": false, "client_name": "sta15"}
2026-06-19 19:11:12,218 - METRIC - INFO - {"loss": 0.3151701092720032, "accuracy": 0.9095948934555054, "energy_consumption": null, "selected": false, "client_name": "sta14"}
2026-06-19 19:11:12,260 - METRIC - INFO - {"loss": 0.32408925890922546, "accuracy": 0.9105402827262878, "energy_consumption": null, "selected": false, "client_name": "sta1"}
2026-06-19 19:11:12,271 - METRIC - INFO - {"loss": 0.25182032585144043, "accuracy": 0.9320623278617859, "energy_consumption": null, "selected": false, "client_name": "sta2"}
2026-06-19 19:11:12,321 - METRIC - INFO - {"loss": 0.274631142616272, "accuracy": 0.9214611649513245, "energy_consumption": null, "selected": false, "client_name": "sta6"}
2026-06-19 19:11:12,331 - METRIC - INFO - {"loss": 0.27587082982063293, "accuracy": 0.9201619625091553, "energy_consumption": null, "selected": false, "client_name": "sta3"}
2026-06-19 19:11:12,401 - METRIC - INFO - {"loss": 0.28777801990509033, "accuracy": 0.9253549575805664, "energy_consumption": null, "selected": false, "client_name": "sta0"}
2026-06-19 19:11:12,569 - METRIC - INFO - {"loss": 0.24768933653831482, "accuracy": 0.9271417260169983, "energy_consumption": null, "selected": false, "client_name": "sta5"}
2026-06-19 19:11:13,465 - METRIC - INFO - mean_accuracy: 0.9128557741641998

2026-06-19 19:11:13,466 - METRIC - INFO - round: 2
2026-06-19 19:11:13,466 - METRIC - INFO - n_selected: 20
2026-06-19 19:11:13,466 - METRIC - INFO - {"selected_trainers": ["sta0", "sta1", "sta10", "sta11", "sta12", "sta13", "sta14", "sta15", "sta16", "sta17", "sta18", "sta19", "sta2", "sta3", "sta4", "sta5", "sta6", "sta7", "sta8", "sta9"]}
2026-06-19 19:11:22,240 - EXECUT - INFO - received weights from trainer sta8!
2026-06-19 19:11:22,615 - EXECUT - INFO - received weights from trainer sta16!
2026-06-19 19:11:24,118 - EXECUT - INFO - received weights from trainer sta18!
2026-06-19 19:11:24,477 - EXECUT - INFO - received weights from trainer sta4!
2026-06-19 19:11:29,165 - EXECUT - INFO - received weights from trainer sta1!
2026-06-19 19:11:29,466 - EXECUT - INFO - received weights from trainer sta14!
2026-06-19 19:11:30,377 - EXECUT - INFO - received weights from trainer sta11!
2026-06-19 19:11:34,184 - EXECUT - INFO - received weights from trainer sta10!
2026-06-19 19:11:34,204 - EXECUT - INFO - received weights from trainer sta0!
2026-06-19 19:11:34,252 - EXECUT - INFO - received weights from trainer sta12!
2026-06-19 19:11:34,316 - EXECUT - INFO - received weights from trainer sta13!
2026-06-19 19:11:34,385 - EXECUT - INFO - received weights from trainer sta15!
2026-06-19 19:11:34,520 - EXECUT - INFO - received weights from trainer sta19!
2026-06-19 19:11:38,587 - EXECUT - INFO - received weights from trainer sta5!
2026-06-19 19:11:54,982 - EXECUT - INFO - received weights from trainer sta17!
2026-06-19 19:11:55,040 - EXECUT - INFO - received weights from trainer sta2!
2026-06-19 19:11:55,079 - EXECUT - INFO - received weights from trainer sta3!
2026-06-19 19:11:55,100 - EXECUT - INFO - received weights from trainer sta6!
2026-06-19 19:11:55,120 - EXECUT - INFO - received weights from trainer sta7!
2026-06-19 19:11:55,163 - EXECUT - INFO - received weights from trainer sta9!
2026-06-19 19:11:57,022 - EXECUT - INFO - sent aggregated weights to trainers!
2026-06-19 19:11:58,124 - METRIC - INFO - {"loss": 2.301506280899048, "accuracy": 0.1076388880610466, "energy_consumption": null, "selected": false, "client_name": "sta4"}
2026-06-19 19:11:58,184 - METRIC - INFO - {"loss": 2.2883083820343018, "accuracy": 0.11363636702299118, "energy_consumption": null, "selected": false, "client_name": "sta7"}
2026-06-19 19:11:58,195 - METRIC - INFO - {"loss": 2.275860548019409, "accuracy": 0.12003222107887268, "energy_consumption": null, "selected": false, "client_name": "sta2"}
2026-06-19 19:11:58,219 - METRIC - INFO - {"loss": 2.275979995727539, "accuracy": 0.1713370680809021, "energy_consumption": null, "selected": false, "client_name": "sta5"}
2026-06-19 19:11:58,270 - METRIC - INFO - {"loss": 2.2912819385528564, "accuracy": 0.10715372860431671, "energy_consumption": null, "selected": false, "client_name": "sta6"}
2026-06-19 19:11:58,296 - METRIC - INFO - {"loss": 2.299798011779785, "accuracy": 0.12134250998497009, "energy_consumption": null, "selected": false, "client_name": "sta8"}
2026-06-19 19:11:58,312 - METRIC - INFO - {"loss": 2.3000590801239014, "accuracy": 0.11722487956285477, "energy_consumption": null, "selected": false, "client_name": "sta16"}
2026-06-19 19:11:58,315 - METRIC - INFO - {"loss": 2.296447277069092, "accuracy": 0.11783439666032791, "energy_consumption": null, "selected": false, "client_name": "sta19"}
2026-06-19 19:11:58,342 - METRIC - INFO - {"loss": 2.298189640045166, "accuracy": 0.11781376600265503, "energy_consumption": null, "selected": false, "client_name": "sta10"}
2026-06-19 19:11:58,360 - METRIC - INFO - {"loss": 2.2952353954315186, "accuracy": 0.12322628498077393, "energy_consumption": null, "selected": false, "client_name": "sta13"}
2026-06-19 19:11:58,370 - METRIC - INFO - {"loss": 2.2976326942443848, "accuracy": 0.11820705980062485, "energy_consumption": null, "selected": false, "client_name": "sta11"}
2026-06-19 19:11:58,385 - METRIC - INFO - {"loss": 2.298569440841675, "accuracy": 0.10431211441755295, "energy_consumption": null, "selected": false, "client_name": "sta12"}
2026-06-19 19:11:58,466 - METRIC - INFO - {"loss": 2.3028054237365723, "accuracy": 0.10912343114614487, "energy_consumption": null, "selected": false, "client_name": "sta18"}
2026-06-19 19:11:58,466 - METRIC - INFO - {"loss": 2.281595230102539, "accuracy": 0.13166575133800507, "energy_consumption": null, "selected": false, "client_name": "sta9"}
2026-06-19 19:11:58,516 - METRIC - INFO - {"loss": 2.2836153507232666, "accuracy": 0.11402027308940887, "energy_consumption": null, "selected": false, "client_name": "sta17"}
2026-06-19 19:11:58,528 - METRIC - INFO - {"loss": 2.2979214191436768, "accuracy": 0.11215351521968842, "energy_consumption": null, "selected": false, "client_name": "sta14"}
2026-06-19 19:11:58,540 - METRIC - INFO - {"loss": 2.2965712547302246, "accuracy": 0.11483622342348099, "energy_consumption": null, "selected": false, "client_name": "sta15"}
2026-06-19 19:11:58,636 - METRIC - INFO - {"loss": 2.298067808151245, "accuracy": 0.12090345472097397, "energy_consumption": null, "selected": false, "client_name": "sta1"}
2026-06-19 19:11:58,715 - METRIC - INFO - {"loss": 2.2983829975128174, "accuracy": 0.10547666996717453, "energy_consumption": null, "selected": false, "client_name": "sta0"}
2026-06-19 19:11:59,055 - METRIC - INFO - {"loss": 2.2876226902008057, "accuracy": 0.1090540960431099, "energy_consumption": null, "selected": false, "client_name": "sta3"}
2026-06-19 19:12:00,024 - METRIC - INFO - mean_accuracy: 0.11784963496029377

2026-06-19 19:12:00,025 - METRIC - INFO - round: 3
2026-06-19 19:12:00,025 - METRIC - INFO - n_selected: 20
2026-06-19 19:12:00,025 - METRIC - INFO - {"selected_trainers": ["sta0", "sta1", "sta10", "sta11", "sta12", "sta13", "sta14", "sta15", "sta16", "sta17", "sta18", "sta19", "sta2", "sta3", "sta4", "sta5", "sta6", "sta7", "sta8", "sta9"]}
2026-06-19 19:12:10,608 - EXECUT - INFO - received weights from trainer sta16!
2026-06-19 19:12:10,671 - EXECUT - INFO - received weights from trainer sta18!
2026-06-19 19:12:10,868 - EXECUT - INFO - received weights from trainer sta8!
2026-06-19 19:12:11,050 - EXECUT - INFO - received weights from trainer sta4!
2026-06-19 19:12:16,637 - EXECUT - INFO - received weights from trainer sta12!
2026-06-19 19:12:16,749 - EXECUT - INFO - received weights from trainer sta10!
2026-06-19 19:12:20,741 - EXECUT - INFO - received weights from trainer sta0!
2026-06-19 19:12:20,762 - EXECUT - INFO - received weights from trainer sta11!
2026-06-19 19:12:20,857 - EXECUT - INFO - received weights from trainer sta13!
2026-06-19 19:12:20,882 - EXECUT - INFO - received weights from trainer sta14!
2026-06-19 19:12:21,035 - EXECUT - INFO - received weights from trainer sta19!
2026-06-19 19:12:21,186 - EXECUT - INFO - received weights from trainer sta1!
2026-06-19 19:12:21,220 - EXECUT - INFO - received weights from trainer sta15!
2026-06-19 19:12:22,246 - EXECUT - INFO - received weights from trainer sta7!
2026-06-19 19:12:41,780 - EXECUT - INFO - received weights from trainer sta17!
2026-06-19 19:12:41,825 - EXECUT - INFO - received weights from trainer sta2!
2026-06-19 19:12:41,845 - EXECUT - INFO - received weights from trainer sta3!
2026-06-19 19:12:41,866 - EXECUT - INFO - received weights from trainer sta5!
2026-06-19 19:12:41,894 - EXECUT - INFO - received weights from trainer sta6!
2026-06-19 19:12:41,920 - EXECUT - INFO - received weights from trainer sta9!
2026-06-19 19:12:43,508 - EXECUT - INFO - sent aggregated weights to trainers!
2026-06-19 19:12:44,535 - METRIC - INFO - {"loss": 2.166356086730957, "accuracy": 0.4836488664150238, "energy_consumption": null, "selected": false, "client_name": "sta8"}
2026-06-19 19:12:44,579 - METRIC - INFO - {"loss": 0.4970894157886505, "accuracy": 0.8653106093406677, "energy_consumption": null, "selected": false, "client_name": "sta9"}
2026-06-19 19:12:44,676 - METRIC - INFO - {"loss": 2.1877923011779785, "accuracy": 0.4892665445804596, "energy_consumption": null, "selected": false, "client_name": "sta18"}
2026-06-19 19:12:44,687 - METRIC - INFO - {"loss": 0.47720780968666077, "accuracy": 0.8702962398529053, "energy_consumption": null, "selected": false, "client_name": "sta5"}
2026-06-19 19:12:44,718 - METRIC - INFO - {"loss": 0.7086699604988098, "accuracy": 0.8091859817504883, "energy_consumption": null, "selected": false, "client_name": "sta13"}
2026-06-19 19:12:44,719 - METRIC - INFO - {"loss": 1.818503499031067, "accuracy": 0.6180555820465088, "energy_consumption": null, "selected": false, "client_name": "sta4"}
2026-06-19 19:12:44,749 - METRIC - INFO - {"loss": 0.553276002407074, "accuracy": 0.8484234809875488, "energy_consumption": null, "selected": false, "client_name": "sta3"}
2026-06-19 19:12:44,755 - METRIC - INFO - {"loss": 0.5598094463348389, "accuracy": 0.8526636362075806, "energy_consumption": null, "selected": false, "client_name": "sta6"}
2026-06-19 19:12:44,797 - METRIC - INFO - {"loss": 0.8144697546958923, "accuracy": 0.7667343020439148, "energy_consumption": null, "selected": false, "client_name": "sta0"}
2026-06-19 19:12:44,817 - METRIC - INFO - {"loss": 0.8248856663703918, "accuracy": 0.767967164516449, "energy_consumption": null, "selected": false, "client_name": "sta12"}
2026-06-19 19:12:44,837 - METRIC - INFO - {"loss": 0.5102329254150391, "accuracy": 0.855292797088623, "energy_consumption": null, "selected": false, "client_name": "sta17"}
2026-06-19 19:12:44,883 - METRIC - INFO - {"loss": 2.107592821121216, "accuracy": 0.5167464017868042, "energy_consumption": null, "selected": false, "client_name": "sta16"}
2026-06-19 19:12:44,886 - METRIC - INFO - {"loss": 0.770541787147522, "accuracy": 0.7872832417488098, "energy_consumption": null, "selected": false, "client_name": "sta15"}
2026-06-19 19:12:44,908 - METRIC - INFO - {"loss": 0.9167739152908325, "accuracy": 0.7289636731147766, "energy_consumption": null, "selected": false, "client_name": "sta1"}
2026-06-19 19:12:44,961 - METRIC - INFO - {"loss": 0.5463749766349792, "accuracy": 0.8491735458374023, "energy_consumption": null, "selected": false, "client_name": "sta7"}
2026-06-19 19:12:45,040 - METRIC - INFO - {"loss": 0.8183954954147339, "accuracy": 0.7720648050308228, "energy_consumption": null, "selected": false, "client_name": "sta10"}
2026-06-19 19:12:45,055 - METRIC - INFO - {"loss": 0.7871973514556885, "accuracy": 0.7869892716407776, "energy_consumption": null, "selected": false, "client_name": "sta11"}
2026-06-19 19:12:45,063 - METRIC - INFO - {"loss": 0.8681798577308655, "accuracy": 0.7611940503120422, "energy_consumption": null, "selected": false, "client_name": "sta14"}
2026-06-19 19:12:45,078 - METRIC - INFO - {"loss": 0.778917670249939, "accuracy": 0.7762739062309265, "energy_consumption": null, "selected": false, "client_name": "sta19"}
2026-06-19 19:12:45,080 - METRIC - INFO - {"loss": 0.49320337176322937, "accuracy": 0.8619763851165771, "energy_consumption": null, "selected": false, "client_name": "sta2"}
2026-06-19 19:12:45,510 - METRIC - INFO - mean_accuracy: 0.7533755242824555

2026-06-19 19:12:45,511 - METRIC - INFO - round: 4
2026-06-19 19:12:45,511 - METRIC - INFO - n_selected: 20
2026-06-19 19:12:45,511 - METRIC - INFO - {"selected_trainers": ["sta0", "sta1", "sta10", "sta11", "sta12", "sta13", "sta14", "sta15", "sta16", "sta17", "sta18", "sta19", "sta2", "sta3", "sta4", "sta5", "sta6", "sta7", "sta8", "sta9"]}
2026-06-19 19:12:53,795 - EXECUT - INFO - received weights from trainer sta18!
2026-06-19 19:12:54,223 - EXECUT - INFO - received weights from trainer sta8!
2026-06-19 19:12:54,635 - EXECUT - INFO - received weights from trainer sta16!
2026-06-19 19:12:56,505 - EXECUT - INFO - received weights from trainer sta4!
2026-06-19 19:13:01,210 - EXECUT - INFO - received weights from trainer sta1!
2026-06-19 19:13:06,227 - EXECUT - INFO - received weights from trainer sta0!
2026-06-19 19:13:06,268 - EXECUT - INFO - received weights from trainer sta10!
2026-06-19 19:13:06,288 - EXECUT - INFO - received weights from trainer sta11!
2026-06-19 19:13:06,308 - EXECUT - INFO - received weights from trainer sta12!
2026-06-19 19:13:06,351 - EXECUT - INFO - received weights from trainer sta13!
2026-06-19 19:13:06,371 - EXECUT - INFO - received weights from trainer sta14!
2026-06-19 19:13:06,391 - EXECUT - INFO - received weights from trainer sta15!
2026-06-19 19:13:06,516 - EXECUT - INFO - received weights from trainer sta19!
2026-06-19 19:13:26,998 - EXECUT - INFO - received weights from trainer sta17!
2026-06-19 19:13:27,029 - EXECUT - INFO - received weights from trainer sta2!
2026-06-19 19:13:27,057 - EXECUT - INFO - received weights from trainer sta3!
2026-06-19 19:13:27,085 - EXECUT - INFO - received weights from trainer sta5!
2026-06-19 19:13:27,104 - EXECUT - INFO - received weights from trainer sta6!
2026-06-19 19:13:27,124 - EXECUT - INFO - received weights from trainer sta7!
2026-06-19 19:13:27,172 - EXECUT - INFO - received weights from trainer sta9!
2026-06-19 19:13:28,981 - EXECUT - INFO - sent aggregated weights to trainers!
2026-06-19 19:13:29,850 - METRIC - INFO - {"loss": 0.4755045175552368, "accuracy": 0.8648881316184998, "energy_consumption": null, "selected": false, "client_name": "sta8"}
2026-06-19 19:13:29,951 - METRIC - INFO - {"loss": 0.3733559846878052, "accuracy": 0.8944558501243591, "energy_consumption": null, "selected": false, "client_name": "sta12"}
2026-06-19 19:13:29,981 - METRIC - INFO - {"loss": 0.37623700499534607, "accuracy": 0.8941541314125061, "energy_consumption": null, "selected": false, "client_name": "sta1"}
2026-06-19 19:13:30,028 - METRIC - INFO - {"loss": 0.29766178131103516, "accuracy": 0.9180868864059448, "energy_consumption": null, "selected": false, "client_name": "sta9"}
2026-06-19 19:13:30,036 - METRIC - INFO - {"loss": 0.3332051932811737, "accuracy": 0.906273365020752, "energy_consumption": null, "selected": false, "client_name": "sta13"}
2026-06-19 19:13:30,070 - METRIC - INFO - {"loss": 0.4876722991466522, "accuracy": 0.8732057213783264, "energy_consumption": null, "selected": false, "client_name": "sta16"}
2026-06-19 19:13:30,132 - METRIC - INFO - {"loss": 0.4400046765804291, "accuracy": 0.8687499761581421, "energy_consumption": null, "selected": false, "client_name": "sta4"}
2026-06-19 19:13:30,183 - METRIC - INFO - {"loss": 0.4396197199821472, "accuracy": 0.8828264474868774, "energy_consumption": null, "selected": false, "client_name": "sta18"}
2026-06-19 19:13:30,202 - METRIC - INFO - {"loss": 0.3288329541683197, "accuracy": 0.9077234864234924, "energy_consumption": null, "selected": false, "client_name": "sta3"}
2026-06-19 19:13:30,208 - METRIC - INFO - {"loss": 0.35952436923980713, "accuracy": 0.8960729837417603, "energy_consumption": null, "selected": false, "client_name": "sta11"}
2026-06-19 19:13:30,210 - METRIC - INFO - {"loss": 0.3656242787837982, "accuracy": 0.8971098065376282, "energy_consumption": null, "selected": false, "client_name": "sta15"}
2026-06-19 19:13:30,225 - METRIC - INFO - {"loss": 0.35435524582862854, "accuracy": 0.8976910710334778, "energy_consumption": null, "selected": false, "client_name": "sta19"}
2026-06-19 19:13:30,326 - METRIC - INFO - {"loss": 0.38338589668273926, "accuracy": 0.8882591128349304, "energy_consumption": null, "selected": false, "client_name": "sta10"}
2026-06-19 19:13:30,346 - METRIC - INFO - {"loss": 0.30337589979171753, "accuracy": 0.912162184715271, "energy_consumption": null, "selected": false, "client_name": "sta17"}
2026-06-19 19:13:30,346 - METRIC - INFO - {"loss": 0.3796059489250183, "accuracy": 0.8925372958183289, "energy_consumption": null, "selected": false, "client_name": "sta14"}
2026-06-19 19:13:30,480 - METRIC - INFO - {"loss": 0.2932821214199066, "accuracy": 0.9183346629142761, "energy_consumption": null, "selected": false, "client_name": "sta5"}
2026-06-19 19:13:30,482 - METRIC - INFO - {"loss": 0.3310622572898865, "accuracy": 0.9023022651672363, "energy_consumption": null, "selected": false, "client_name": "sta7"}
2026-06-19 19:13:30,483 - METRIC - INFO - {"loss": 0.35544586181640625, "accuracy": 0.8953346610069275, "energy_consumption": null, "selected": false, "client_name": "sta0"}
2026-06-19 19:13:30,498 - METRIC - INFO - {"loss": 0.32904544472694397, "accuracy": 0.9071537256240845, "energy_consumption": null, "selected": false, "client_name": "sta6"}
2026-06-19 19:13:30,503 - METRIC - INFO - {"loss": 0.30072221159935, "accuracy": 0.9148764610290527, "energy_consumption": null, "selected": false, "client_name": "sta2"}
2026-06-19 19:13:30,983 - METRIC - INFO - mean_accuracy: 0.8966099113225937

2026-06-19 19:13:30,983 - METRIC - INFO - round: 5
2026-06-19 19:13:30,983 - METRIC - INFO - n_selected: 20
2026-06-19 19:13:30,983 - METRIC - INFO - {"selected_trainers": ["sta0", "sta1", "sta10", "sta11", "sta12", "sta13", "sta14", "sta15", "sta16", "sta17", "sta18", "sta19", "sta2", "sta3", "sta4", "sta5", "sta6", "sta7", "sta8", "sta9"]}
2026-06-19 19:13:39,279 - EXECUT - INFO - received weights from trainer sta18!
2026-06-19 19:13:41,569 - EXECUT - INFO - received weights from trainer sta16!
2026-06-19 19:13:41,877 - EXECUT - INFO - received weights from trainer sta8!
2026-06-19 19:13:47,571 - EXECUT - INFO - received weights from trainer sta10!
2026-06-19 19:13:47,862 - EXECUT - INFO - received weights from trainer sta11!
2026-06-19 19:13:51,688 - EXECUT - INFO - received weights from trainer sta0!
2026-06-19 19:13:51,741 - EXECUT - INFO - received weights from trainer sta1!
2026-06-19 19:13:51,761 - EXECUT - INFO - received weights from trainer sta12!
2026-06-19 19:13:51,812 - EXECUT - INFO - received weights from trainer sta13!
2026-06-19 19:13:51,842 - EXECUT - INFO - received weights from trainer sta14!
2026-06-19 19:13:51,875 - EXECUT - INFO - received weights from trainer sta15!
2026-06-19 19:13:52,009 - EXECUT - INFO - received weights from trainer sta4!
2026-06-19 19:13:52,029 - EXECUT - INFO - received weights from trainer sta19!
2026-06-19 19:13:56,094 - EXECUT - INFO - received weights from trainer sta2!
2026-06-19 19:14:12,499 - EXECUT - INFO - received weights from trainer sta17!
2026-06-19 19:14:12,558 - EXECUT - INFO - received weights from trainer sta3!
2026-06-19 19:14:12,590 - EXECUT - INFO - received weights from trainer sta5!
2026-06-19 19:14:12,615 - EXECUT - INFO - received weights from trainer sta6!
2026-06-19 19:14:12,635 - EXECUT - INFO - received weights from trainer sta7!
2026-06-19 19:14:12,684 - EXECUT - INFO - received weights from trainer sta9!
2026-06-19 19:14:14,473 - EXECUT - INFO - sent aggregated weights to trainers!
2026-06-19 19:14:15,381 - METRIC - INFO - {"loss": 0.3043587803840637, "accuracy": 0.9113597273826599, "energy_consumption": null, "selected": false, "client_name": "sta8"}
2026-06-19 19:14:15,409 - METRIC - INFO - {"loss": 0.2766273617744446, "accuracy": 0.9194990992546082, "energy_consumption": null, "selected": false, "client_name": "sta18"}
2026-06-19 19:14:15,433 - METRIC - INFO - {"loss": 0.26379498839378357, "accuracy": 0.9247121214866638, "energy_consumption": null, "selected": false, "client_name": "sta1"}
2026-06-19 19:14:15,487 - METRIC - INFO - {"loss": 0.2582097053527832, "accuracy": 0.9238397479057312, "energy_consumption": null, "selected": false, "client_name": "sta11"}
2026-06-19 19:14:15,495 - METRIC - INFO - {"loss": 0.3446718156337738, "accuracy": 0.8963317275047302, "energy_consumption": null, "selected": false, "client_name": "sta16"}
2026-06-19 19:14:15,510 - METRIC - INFO - {"loss": 0.24159535765647888, "accuracy": 0.9297983646392822, "energy_consumption": null, "selected": false, "client_name": "sta13"}
2026-06-19 19:14:15,554 - METRIC - INFO - {"loss": 0.2218862771987915, "accuracy": 0.9337548017501831, "energy_consumption": null, "selected": false, "client_name": "sta9"}
2026-06-19 19:14:15,618 - METRIC - INFO - {"loss": 0.2466254085302353, "accuracy": 0.9273833632469177, "energy_consumption": null, "selected": false, "client_name": "sta0"}
2026-06-19 19:14:15,629 - METRIC - INFO - {"loss": 0.27210521697998047, "accuracy": 0.9174088835716248, "energy_consumption": null, "selected": false, "client_name": "sta10"}
2026-06-19 19:14:15,656 - METRIC - INFO - {"loss": 0.22789940237998962, "accuracy": 0.931869387626648, "energy_consumption": null, "selected": false, "client_name": "sta17"}
2026-06-19 19:14:15,687 - METRIC - INFO - {"loss": 0.2436901181936264, "accuracy": 0.9288665652275085, "energy_consumption": null, "selected": false, "client_name": "sta7"}
2026-06-19 19:14:15,704 - METRIC - INFO - {"loss": 0.26435184478759766, "accuracy": 0.9198458790779114, "energy_consumption": null, "selected": false, "client_name": "sta15"}
2026-06-19 19:14:15,763 - METRIC - INFO - {"loss": 0.26946374773979187, "accuracy": 0.9232409596443176, "energy_consumption": null, "selected": false, "client_name": "sta14"}
2026-06-19 19:14:15,766 - METRIC - INFO - {"loss": 0.2687760591506958, "accuracy": 0.9211499094963074, "energy_consumption": null, "selected": false, "client_name": "sta12"}
2026-06-19 19:14:15,771 - METRIC - INFO - {"loss": 0.2539389431476593, "accuracy": 0.9279458522796631, "energy_consumption": null, "selected": false, "client_name": "sta19"}
2026-06-19 19:14:15,801 - METRIC - INFO - {"loss": 0.29288920760154724, "accuracy": 0.9125000238418579, "energy_consumption": null, "selected": false, "client_name": "sta4"}
2026-06-19 19:14:15,943 - METRIC - INFO - {"loss": 0.24559356272220612, "accuracy": 0.9284626841545105, "energy_consumption": null, "selected": false, "client_name": "sta6"}
2026-06-19 19:14:15,946 - METRIC - INFO - {"loss": 0.21950337290763855, "accuracy": 0.9362156391143799, "energy_consumption": null, "selected": false, "client_name": "sta5"}
2026-06-19 19:14:15,965 - METRIC - INFO - {"loss": 0.22684039175510406, "accuracy": 0.9350160956382751, "energy_consumption": null, "selected": false, "client_name": "sta2"}
2026-06-19 19:14:16,281 - METRIC - INFO - {"loss": 0.24056513607501984, "accuracy": 0.9276829361915588, "energy_consumption": null, "selected": false, "client_name": "sta3"}
2026-06-19 19:14:16,475 - METRIC - INFO - mean_accuracy: 0.923844188451767

2026-06-19 19:14:16,475 - METRIC - INFO - round: 6
2026-06-19 19:14:16,476 - METRIC - INFO - n_selected: 20
2026-06-19 19:14:16,476 - METRIC - INFO - {"selected_trainers": ["sta0", "sta1", "sta10", "sta11", "sta12", "sta13", "sta14", "sta15", "sta16", "sta17", "sta18", "sta19", "sta2", "sta3", "sta4", "sta5", "sta6", "sta7", "sta8", "sta9"]}
2026-06-19 19:14:25,548 - EXECUT - INFO - received weights from trainer sta16!
2026-06-19 19:14:27,117 - EXECUT - INFO - received weights from trainer sta18!
2026-06-19 19:14:27,311 - EXECUT - INFO - received weights from trainer sta8!
2026-06-19 19:14:27,451 - EXECUT - INFO - received weights from trainer sta4!
2026-06-19 19:14:32,321 - EXECUT - INFO - received weights from trainer sta14!
2026-06-19 19:14:32,810 - EXECUT - INFO - received weights from trainer sta12!
2026-06-19 19:14:33,832 - EXECUT - INFO - received weights from trainer sta15!
2026-06-19 19:14:37,170 - EXECUT - INFO - received weights from trainer sta10!
2026-06-19 19:14:37,190 - EXECUT - INFO - received weights from trainer sta0!
2026-06-19 19:14:37,211 - EXECUT - INFO - received weights from trainer sta11!
2026-06-19 19:14:37,231 - EXECUT - INFO - received weights from trainer sta1!
2026-06-19 19:14:37,278 - EXECUT - INFO - received weights from trainer sta13!
2026-06-19 19:14:37,509 - EXECUT - INFO - received weights from trainer sta19!
2026-06-19 19:14:38,359 - EXECUT - INFO - received weights from trainer sta7!
2026-06-19 19:14:41,336 - EXECUT - INFO - received weights from trainer sta3!
2026-06-19 19:14:41,585 - EXECUT - INFO - received weights from trainer sta5!
2026-06-19 19:14:58,016 - EXECUT - INFO - received weights from trainer sta17!
2026-06-19 19:14:58,047 - EXECUT - INFO - received weights from trainer sta2!
2026-06-19 19:14:58,124 - EXECUT - INFO - received weights from trainer sta6!
2026-06-19 19:14:58,157 - EXECUT - INFO - received weights from trainer sta9!
2026-06-19 19:14:59,862 - EXECUT - INFO - sent aggregated weights to trainers!
2026-06-19 19:15:00,798 - METRIC - INFO - {"loss": 0.22221778333187103, "accuracy": 0.932013750076294, "energy_consumption": null, "selected": false, "client_name": "sta8"}
2026-06-19 19:15:00,865 - METRIC - INFO - {"loss": 0.19835175573825836, "accuracy": 0.9406554698944092, "energy_consumption": null, "selected": false, "client_name": "sta1"}
2026-06-19 19:15:00,955 - METRIC - INFO - {"loss": 0.26643407344818115, "accuracy": 0.920255184173584, "energy_consumption": null, "selected": false, "client_name": "sta16"}
2026-06-19 19:15:00,982 - METRIC - INFO - {"loss": 0.1657106727361679, "accuracy": 0.9524464011192322, "energy_consumption": null, "selected": false, "client_name": "sta9"}
2026-06-19 19:15:00,983 - METRIC - INFO - {"loss": 0.20684124529361725, "accuracy": 0.9367556571960449, "energy_consumption": null, "selected": false, "client_name": "sta12"}
2026-06-19 19:15:00,996 - METRIC - INFO - {"loss": 0.20111535489559174, "accuracy": 0.940966010093689, "energy_consumption": null, "selected": false, "client_name": "sta18"}
2026-06-19 19:15:01,068 - METRIC - INFO - {"loss": 0.18462328612804413, "accuracy": 0.9428678154945374, "energy_consumption": null, "selected": false, "client_name": "sta13"}
2026-06-19 19:15:01,072 - METRIC - INFO - {"loss": 0.18546240031719208, "accuracy": 0.9456176161766052, "energy_consumption": null, "selected": false, "client_name": "sta3"}
2026-06-19 19:15:01,093 - METRIC - INFO - {"loss": 0.20376336574554443, "accuracy": 0.9424657821655273, "energy_consumption": null, "selected": false, "client_name": "sta6"}
2026-06-19 19:15:01,107 - METRIC - INFO - {"loss": 0.1980455368757248, "accuracy": 0.9402697682380676, "energy_consumption": null, "selected": false, "client_name": "sta15"}
2026-06-19 19:15:01,137 - METRIC - INFO - {"loss": 0.17745469510555267, "accuracy": 0.9479166865348816, "energy_consumption": null, "selected": false, "client_name": "sta17"}
2026-06-19 19:15:01,207 - METRIC - INFO - {"loss": 0.20743897557258606, "accuracy": 0.9336032271385193, "energy_consumption": null, "selected": false, "client_name": "sta10"}
2026-06-19 19:15:01,238 - METRIC - INFO - {"loss": 0.1941925287246704, "accuracy": 0.9416897892951965, "energy_consumption": null, "selected": false, "client_name": "sta11"}
2026-06-19 19:15:01,238 - METRIC - INFO - {"loss": 0.20176547765731812, "accuracy": 0.9377398490905762, "energy_consumption": null, "selected": false, "client_name": "sta14"}
2026-06-19 19:15:01,249 - METRIC - INFO - {"loss": 0.19937126338481903, "accuracy": 0.9454618096351624, "energy_consumption": null, "selected": false, "client_name": "sta19"}
2026-06-19 19:15:01,260 - METRIC - INFO - {"loss": 0.22259199619293213, "accuracy": 0.9368055462837219, "energy_consumption": null, "selected": false, "client_name": "sta4"}
2026-06-19 19:15:01,371 - METRIC - INFO - {"loss": 0.18879279494285583, "accuracy": 0.9397875070571899, "energy_consumption": null, "selected": false, "client_name": "sta7"}
2026-06-19 19:15:01,402 - METRIC - INFO - {"loss": 0.17525775730609894, "accuracy": 0.9487110376358032, "energy_consumption": null, "selected": false, "client_name": "sta2"}
2026-06-19 19:15:01,455 - METRIC - INFO - {"loss": 0.19099752604961395, "accuracy": 0.9399594068527222, "energy_consumption": null, "selected": false, "client_name": "sta0"}
2026-06-19 19:15:01,711 - METRIC - INFO - {"loss": 0.170233815908432, "accuracy": 0.9519615769386292, "energy_consumption": null, "selected": false, "client_name": "sta5"}
2026-06-19 19:15:01,864 - METRIC - INFO - mean_accuracy: 0.9408974945545197

2026-06-19 19:15:01,864 - METRIC - INFO - round: 7
2026-06-19 19:15:01,865 - METRIC - INFO - n_selected: 20
2026-06-19 19:15:01,865 - METRIC - INFO - {"selected_trainers": ["sta0", "sta1", "sta10", "sta11", "sta12", "sta13", "sta14", "sta15", "sta16", "sta17", "sta18", "sta19", "sta2", "sta3", "sta4", "sta5", "sta6", "sta7", "sta8", "sta9"]}
2026-06-19 19:15:12,452 - EXECUT - INFO - received weights from trainer sta16!
2026-06-19 19:15:12,509 - EXECUT - INFO - received weights from trainer sta18!
2026-06-19 19:15:12,727 - EXECUT - INFO - received weights from trainer sta8!
2026-06-19 19:15:18,264 - EXECUT - INFO - received weights from trainer sta12!
2026-06-19 19:15:18,653 - EXECUT - INFO - received weights from trainer sta11!
2026-06-19 19:15:19,245 - EXECUT - INFO - received weights from trainer sta15!
2026-06-19 19:15:22,573 - EXECUT - INFO - received weights from trainer sta0!
2026-06-19 19:15:22,602 - EXECUT - INFO - received weights from trainer sta10!
2026-06-19 19:15:22,622 - EXECUT - INFO - received weights from trainer sta1!
2026-06-19 19:15:22,707 - EXECUT - INFO - received weights from trainer sta13!
2026-06-19 19:15:22,727 - EXECUT - INFO - received weights from trainer sta14!
2026-06-19 19:15:22,868 - EXECUT - INFO - received weights from trainer sta4!
2026-06-19 19:15:22,888 - EXECUT - INFO - received weights from trainer sta19!
2026-06-19 19:15:24,455 - EXECUT - INFO - received weights from trainer sta17!
2026-06-19 19:15:26,813 - EXECUT - INFO - received weights from trainer sta2!
2026-06-19 19:15:26,902 - EXECUT - INFO - received weights from trainer sta5!
2026-06-19 19:15:43,407 - EXECUT - INFO - received weights from trainer sta3!
2026-06-19 19:15:43,460 - EXECUT - INFO - received weights from trainer sta6!
2026-06-19 19:15:43,479 - EXECUT - INFO - received weights from trainer sta7!
2026-06-19 19:15:43,534 - EXECUT - INFO - received weights from trainer sta9!
2026-06-19 19:15:45,286 - EXECUT - INFO - sent aggregated weights to trainers!
2026-06-19 19:15:46,108 - METRIC - INFO - {"loss": 0.17251580953598022, "accuracy": 0.9449225664138794, "energy_consumption": null, "selected": false, "client_name": "sta8"}
2026-06-19 19:15:46,245 - METRIC - INFO - {"loss": 0.16508080065250397, "accuracy": 0.9466118812561035, "energy_consumption": null, "selected": false, "client_name": "sta12"}
2026-06-19 19:15:46,317 - METRIC - INFO - {"loss": 0.15613076090812683, "accuracy": 0.9516065120697021, "energy_consumption": null, "selected": false, "client_name": "sta11"}
2026-06-19 19:15:46,329 - METRIC - INFO - {"loss": 0.15255127847194672, "accuracy": 0.9540702104568481, "energy_consumption": null, "selected": false, "client_name": "sta13"}
2026-06-19 19:15:46,345 - METRIC - INFO - {"loss": 0.2112133949995041, "accuracy": 0.9377990365028381, "energy_consumption": null, "selected": false, "client_name": "sta16"}
2026-06-19 19:15:46,378 - METRIC - INFO - {"loss": 0.1338280290365219, "accuracy": 0.9623419642448425, "energy_consumption": null, "selected": false, "client_name": "sta9"}
2026-06-19 19:15:46,432 - METRIC - INFO - {"loss": 0.15103746950626373, "accuracy": 0.9579606652259827, "energy_consumption": null, "selected": false, "client_name": "sta18"}
2026-06-19 19:15:46,478 - METRIC - INFO - {"loss": 0.137496218085289, "accuracy": 0.9599679708480835, "energy_consumption": null, "selected": false, "client_name": "sta5"}
2026-06-19 19:15:46,485 - METRIC - INFO - {"loss": 0.16091656684875488, "accuracy": 0.9570063948631287, "energy_consumption": null, "selected": false, "client_name": "sta19"}
2026-06-19 19:15:46,486 - METRIC - INFO - {"loss": 0.1556348204612732, "accuracy": 0.9546422958374023, "energy_consumption": null, "selected": false, "client_name": "sta6"}
2026-06-19 19:15:46,504 - METRIC - INFO - {"loss": 0.15072737634181976, "accuracy": 0.951298713684082, "energy_consumption": null, "selected": false, "client_name": "sta7"}
2026-06-19 19:15:46,550 - METRIC - INFO - {"loss": 0.14281955361366272, "accuracy": 0.9566441178321838, "energy_consumption": null, "selected": false, "client_name": "sta17"}
2026-06-19 19:15:46,605 - METRIC - INFO - {"loss": 0.15890105068683624, "accuracy": 0.9509595036506653, "energy_consumption": null, "selected": false, "client_name": "sta14"}
2026-06-19 19:15:46,606 - METRIC - INFO - {"loss": 0.16418230533599854, "accuracy": 0.947773277759552, "energy_consumption": null, "selected": false, "client_name": "sta10"}
2026-06-19 19:15:46,607 - METRIC - INFO - {"loss": 0.15883146226406097, "accuracy": 0.9495183229446411, "energy_consumption": null, "selected": false, "client_name": "sta15"}
2026-06-19 19:15:46,653 - METRIC - INFO - {"loss": 0.17571653425693512, "accuracy": 0.949999988079071, "energy_consumption": null, "selected": false, "client_name": "sta4"}
2026-06-19 19:15:46,679 - METRIC - INFO - {"loss": 0.1580970734357834, "accuracy": 0.9508414268493652, "energy_consumption": null, "selected": false, "client_name": "sta1"}
2026-06-19 19:15:46,751 - METRIC - INFO - {"loss": 0.1438772976398468, "accuracy": 0.9581095576286316, "energy_consumption": null, "selected": false, "client_name": "sta2"}
2026-06-19 19:15:46,817 - METRIC - INFO - {"loss": 0.15137521922588348, "accuracy": 0.9545848965644836, "energy_consumption": null, "selected": false, "client_name": "sta3"}
2026-06-19 19:15:46,846 - METRIC - INFO - {"loss": 0.15373696386814117, "accuracy": 0.953346848487854, "energy_consumption": null, "selected": false, "client_name": "sta0"}
2026-06-19 19:15:47,292 - METRIC - INFO - mean_accuracy: 0.9525003075599671

2026-06-19 19:15:47,293 - METRIC - INFO - round: 8
2026-06-19 19:15:47,293 - METRIC - INFO - n_selected: 20
2026-06-19 19:15:47,293 - METRIC - INFO - {"selected_trainers": ["sta0", "sta1", "sta10", "sta11", "sta12", "sta13", "sta14", "sta15", "sta16", "sta17", "sta18", "sta19", "sta2", "sta3", "sta4", "sta5", "sta6", "sta7", "sta8", "sta9"]}
2026-06-19 19:15:57,886 - EXECUT - INFO - received weights from trainer sta16!
2026-06-19 19:15:57,914 - EXECUT - INFO - received weights from trainer sta18!
2026-06-19 19:15:58,142 - EXECUT - INFO - received weights from trainer sta8!
2026-06-19 19:16:02,897 - EXECUT - INFO - received weights from trainer sta1!
2026-06-19 19:16:04,130 - EXECUT - INFO - received weights from trainer sta19!
2026-06-19 19:16:04,642 - EXECUT - INFO - received weights from trainer sta15!
2026-06-19 19:16:07,996 - EXECUT - INFO - received weights from trainer sta0!
2026-06-19 19:16:08,025 - EXECUT - INFO - received weights from trainer sta10!
2026-06-19 19:16:08,045 - EXECUT - INFO - received weights from trainer sta11!
2026-06-19 19:16:08,083 - EXECUT - INFO - received weights from trainer sta12!
2026-06-19 19:16:08,130 - EXECUT - INFO - received weights from trainer sta13!
2026-06-19 19:16:08,151 - EXECUT - INFO - received weights from trainer sta14!
2026-06-19 19:16:08,295 - EXECUT - INFO - received weights from trainer sta4!
2026-06-19 19:16:28,788 - EXECUT - INFO - received weights from trainer sta17!
2026-06-19 19:16:28,813 - EXECUT - INFO - received weights from trainer sta2!
2026-06-19 19:16:28,833 - EXECUT - INFO - received weights from trainer sta3!
2026-06-19 19:16:28,861 - EXECUT - INFO - received weights from trainer sta5!
2026-06-19 19:16:28,881 - EXECUT - INFO - received weights from trainer sta6!
2026-06-19 19:16:28,903 - EXECUT - INFO - received weights from trainer sta7!
2026-06-19 19:16:28,956 - EXECUT - INFO - received weights from trainer sta9!
2026-06-19 19:16:30,770 - EXECUT - INFO - sent aggregated weights to trainers!
2026-06-19 19:16:31,868 - METRIC - INFO - {"loss": 0.195517435669899, "accuracy": 0.9388984441757202, "energy_consumption": null, "selected": false, "client_name": "sta8"}
2026-06-19 19:16:31,870 - METRIC - INFO - {"loss": 0.11009041219949722, "accuracy": 0.9708631038665771, "energy_consumption": null, "selected": false, "client_name": "sta9"}
2026-06-19 19:16:31,904 - METRIC - INFO - {"loss": 0.12144683301448822, "accuracy": 0.9669051766395569, "energy_consumption": null, "selected": false, "client_name": "sta18"}
2026-06-19 19:16:31,993 - METRIC - INFO - {"loss": 0.17359116673469543, "accuracy": 0.9473684430122375, "energy_consumption": null, "selected": false, "client_name": "sta16"}
2026-06-19 19:16:31,995 - METRIC - INFO - {"loss": 0.1371433436870575, "accuracy": 0.9607287645339966, "energy_consumption": null, "selected": false, "client_name": "sta10"}
2026-06-19 19:16:32,004 - METRIC - INFO - {"loss": 0.13066145777702332, "accuracy": 0.9611940383911133, "energy_consumption": null, "selected": false, "client_name": "sta14"}
2026-06-19 19:16:32,008 - METRIC - INFO - {"loss": 0.1304626762866974, "accuracy": 0.9615232348442078, "energy_consumption": null, "selected": false, "client_name": "sta11"}
2026-06-19 19:16:32,024 - METRIC - INFO - {"loss": 0.1631222367286682, "accuracy": 0.9491628408432007, "energy_consumption": null, "selected": false, "client_name": "sta6"}
2026-06-19 19:16:32,035 - METRIC - INFO - {"loss": 0.11772634088993073, "accuracy": 0.966373085975647, "energy_consumption": null, "selected": false, "client_name": "sta5"}
2026-06-19 19:16:32,052 - METRIC - INFO - {"loss": 0.12971210479736328, "accuracy": 0.963005781173706, "energy_consumption": null, "selected": false, "client_name": "sta15"}
2026-06-19 19:16:32,119 - METRIC - INFO - {"loss": 0.12122708559036255, "accuracy": 0.9636824131011963, "energy_consumption": null, "selected": false, "client_name": "sta17"}
2026-06-19 19:16:32,132 - METRIC - INFO - {"loss": 0.12269721925258636, "accuracy": 0.9641523361206055, "energy_consumption": null, "selected": false, "client_name": "sta13"}
2026-06-19 19:16:32,262 - METRIC - INFO - {"loss": 0.1265687346458435, "accuracy": 0.9631050825119019, "energy_consumption": null, "selected": false, "client_name": "sta7"}
2026-06-19 19:16:32,274 - METRIC - INFO - {"loss": 0.13881772756576538, "accuracy": 0.9601910710334778, "energy_consumption": null, "selected": false, "client_name": "sta19"}
2026-06-19 19:16:32,284 - METRIC - INFO - {"loss": 0.13679172098636627, "accuracy": 0.9589322209358215, "energy_consumption": null, "selected": false, "client_name": "sta12"}
2026-06-19 19:16:32,313 - METRIC - INFO - {"loss": 0.14515890181064606, "accuracy": 0.9624999761581421, "energy_consumption": null, "selected": false, "client_name": "sta4"}
2026-06-19 19:16:32,320 - METRIC - INFO - {"loss": 0.12188810110092163, "accuracy": 0.9656283855438232, "energy_consumption": null, "selected": false, "client_name": "sta2"}
2026-06-19 19:16:32,328 - METRIC - INFO - {"loss": 0.13169829547405243, "accuracy": 0.9592559933662415, "energy_consumption": null, "selected": false, "client_name": "sta1"}
2026-06-19 19:16:32,339 - METRIC - INFO - {"loss": 0.12617819011211395, "accuracy": 0.9647092819213867, "energy_consumption": null, "selected": false, "client_name": "sta3"}
2026-06-19 19:16:32,512 - METRIC - INFO - {"loss": 0.12981125712394714, "accuracy": 0.9634888172149658, "energy_consumption": null, "selected": false, "client_name": "sta0"}
2026-06-19 19:16:32,772 - METRIC - INFO - mean_accuracy: 0.9605834245681762

2026-06-19 19:16:32,772 - METRIC - INFO - round: 9
2026-06-19 19:16:32,773 - METRIC - INFO - n_selected: 20
2026-06-19 19:16:32,773 - METRIC - INFO - {"selected_trainers": ["sta0", "sta1", "sta10", "sta11", "sta12", "sta13", "sta14", "sta15", "sta16", "sta17", "sta18", "sta19", "sta2", "sta3", "sta4", "sta5", "sta6", "sta7", "sta8", "sta9"]}
2026-06-19 19:16:41,843 - EXECUT - INFO - received weights from trainer sta16!
2026-06-19 19:16:43,429 - EXECUT - INFO - received weights from trainer sta18!
2026-06-19 19:16:43,633 - EXECUT - INFO - received weights from trainer sta8!
2026-06-19 19:16:43,769 - EXECUT - INFO - received weights from trainer sta4!
2026-06-19 19:16:49,255 - EXECUT - INFO - received weights from trainer sta10!
2026-06-19 19:16:49,639 - EXECUT - INFO - received weights from trainer sta19!
2026-06-19 19:16:53,472 - EXECUT - INFO - received weights from trainer sta0!
2026-06-19 19:16:53,502 - EXECUT - INFO - received weights from trainer sta11!
2026-06-19 19:16:53,523 - EXECUT - INFO - received weights from trainer sta1!
2026-06-19 19:16:53,538 - EXECUT - INFO - received weights from trainer sta12!
2026-06-19 19:16:53,590 - EXECUT - INFO - received weights from trainer sta13!
2026-06-19 19:16:53,611 - EXECUT - INFO - received weights from trainer sta14!
2026-06-19 19:16:53,654 - EXECUT - INFO - received weights from trainer sta15!
2026-06-19 19:16:57,834 - EXECUT - INFO - received weights from trainer sta5!
2026-06-19 19:17:14,264 - EXECUT - INFO - received weights from trainer sta17!
2026-06-19 19:17:14,346 - EXECUT - INFO - received weights from trainer sta2!
2026-06-19 19:17:14,374 - EXECUT - INFO - received weights from trainer sta3!
2026-06-19 19:17:14,400 - EXECUT - INFO - received weights from trainer sta7!
2026-06-19 19:17:14,436 - EXECUT - INFO - received weights from trainer sta6!
2026-06-19 19:17:14,474 - EXECUT - INFO - received weights from trainer sta9!
2026-06-19 19:17:16,240 - EXECUT - INFO - sent aggregated weights to trainers!
2026-06-19 19:17:17,114 - METRIC - INFO - {"loss": 0.11982141435146332, "accuracy": 0.9604130983352661, "energy_consumption": null, "selected": false, "client_name": "sta8"}
2026-06-19 19:17:17,252 - METRIC - INFO - {"loss": 0.10134084522724152, "accuracy": 0.9731663465499878, "energy_consumption": null, "selected": false, "client_name": "sta18"}
2026-06-19 19:17:17,279 - METRIC - INFO - {"loss": 0.14911702275276184, "accuracy": 0.9585326910018921, "energy_consumption": null, "selected": false, "client_name": "sta16"}
2026-06-19 19:17:17,290 - METRIC - INFO - {"loss": 0.11266723275184631, "accuracy": 0.9698532223701477, "energy_consumption": null, "selected": false, "client_name": "sta11"}
2026-06-19 19:17:17,390 - METRIC - INFO - {"loss": 0.11575216799974442, "accuracy": 0.9650924205780029, "energy_consumption": null, "selected": false, "client_name": "sta12"}
2026-06-19 19:17:17,566 - METRIC - INFO - {"loss": 0.09672582149505615, "accuracy": 0.9749862551689148, "energy_consumption": null, "selected": false, "client_name": "sta9"}
2026-06-19 19:17:17,609 - METRIC - INFO - {"loss": 0.11867459863424301, "accuracy": 0.966801643371582, "energy_consumption": null, "selected": false, "client_name": "sta10"}
2026-06-19 19:17:17,624 - METRIC - INFO - {"loss": 0.1136321946978569, "accuracy": 0.9654583930969238, "energy_consumption": null, "selected": false, "client_name": "sta14"}
2026-06-19 19:17:17,633 - METRIC - INFO - {"loss": 0.10797655582427979, "accuracy": 0.9703275561332703, "energy_consumption": null, "selected": false, "client_name": "sta15"}
2026-06-19 19:17:17,634 - METRIC - INFO - {"loss": 0.1193273738026619, "accuracy": 0.9661624431610107, "energy_consumption": null, "selected": false, "client_name": "sta19"}
2026-06-19 19:17:17,643 - METRIC - INFO - {"loss": 0.12425564974546432, "accuracy": 0.9680555462837219, "energy_consumption": null, "selected": false, "client_name": "sta4"}
2026-06-19 19:17:17,661 - METRIC - INFO - {"loss": 0.114244744181633, "accuracy": 0.9632418155670166, "energy_consumption": null, "selected": false, "client_name": "sta1"}
2026-06-19 19:17:17,667 - METRIC - INFO - {"loss": 0.10335641354322433, "accuracy": 0.9681869149208069, "energy_consumption": null, "selected": false, "client_name": "sta17"}
2026-06-19 19:17:17,681 - METRIC - INFO - {"loss": 0.1091134175658226, "accuracy": 0.9663518071174622, "energy_consumption": null, "selected": false, "client_name": "sta7"}
2026-06-19 19:17:17,692 - METRIC - INFO - {"loss": 0.10134464502334595, "accuracy": 0.9701094031333923, "energy_consumption": null, "selected": false, "client_name": "sta5"}
2026-06-19 19:17:17,746 - METRIC - INFO - {"loss": 0.10150043666362762, "accuracy": 0.9716206192970276, "energy_consumption": null, "selected": false, "client_name": "sta13"}
2026-06-19 19:17:17,829 - METRIC - INFO - {"loss": 0.1104731485247612, "accuracy": 0.9695740342140198, "energy_consumption": null, "selected": false, "client_name": "sta0"}
2026-06-19 19:17:17,905 - METRIC - INFO - {"loss": 0.11010720580816269, "accuracy": 0.9685821533203125, "energy_consumption": null, "selected": false, "client_name": "sta2"}
2026-06-19 19:17:17,922 - METRIC - INFO - {"loss": 0.1129167452454567, "accuracy": 0.9665144681930542, "energy_consumption": null, "selected": false, "client_name": "sta6"}
2026-06-19 19:17:17,996 - METRIC - INFO - {"loss": 0.11290379613637924, "accuracy": 0.9673126935958862, "energy_consumption": null, "selected": false, "client_name": "sta3"}
2026-06-19 19:17:18,242 - METRIC - INFO - mean_accuracy: 0.967517176270485

2026-06-19 19:17:18,242 - METRIC - INFO - round: 10
2026-06-19 19:17:18,242 - METRIC - INFO - n_selected: 20
2026-06-19 19:17:18,243 - METRIC - INFO - {"selected_trainers": ["sta0", "sta1", "sta10", "sta11", "sta12", "sta13", "sta14", "sta15", "sta16", "sta17", "sta18", "sta19", "sta2", "sta3", "sta4", "sta5", "sta6", "sta7", "sta8", "sta9"]}
2026-06-19 19:17:27,380 - EXECUT - INFO - received weights from trainer sta16!
2026-06-19 19:17:28,883 - EXECUT - INFO - received weights from trainer sta18!
2026-06-19 19:17:29,106 - EXECUT - INFO - received weights from trainer sta8!
2026-06-19 19:17:34,182 - EXECUT - INFO - received weights from trainer sta14!
2026-06-19 19:17:34,687 - EXECUT - INFO - received weights from trainer sta12!
2026-06-19 19:17:38,941 - EXECUT - INFO - received weights from trainer sta10!
2026-06-19 19:17:38,961 - EXECUT - INFO - received weights from trainer sta0!
2026-06-19 19:17:38,980 - EXECUT - INFO - received weights from trainer sta1!
2026-06-19 19:17:39,000 - EXECUT - INFO - received weights from trainer sta11!
2026-06-19 19:17:39,053 - EXECUT - INFO - received weights from trainer sta13!
2026-06-19 19:17:39,110 - EXECUT - INFO - received weights from trainer sta15!
2026-06-19 19:17:39,256 - EXECUT - INFO - received weights from trainer sta19!
2026-06-19 19:17:39,276 - EXECUT - INFO - received weights from trainer sta4!
2026-06-19 19:17:40,909 - EXECUT - INFO - received weights from trainer sta17!
2026-06-19 19:17:59,771 - EXECUT - INFO - received weights from trainer sta2!
2026-06-19 19:17:59,792 - EXECUT - INFO - received weights from trainer sta3!
2026-06-19 19:17:59,830 - EXECUT - INFO - received weights from trainer sta5!
2026-06-19 19:17:59,850 - EXECUT - INFO - received weights from trainer sta6!
2026-06-19 19:17:59,869 - EXECUT - INFO - received weights from trainer sta7!
2026-06-19 19:17:59,923 - EXECUT - INFO - received weights from trainer sta9!
2026-06-19 19:18:01,651 - EXECUT - INFO - sent aggregated weights to trainers!
2026-06-19 19:18:02,528 - METRIC - INFO - {"loss": 0.10255962610244751, "accuracy": 0.9681583642959595, "energy_consumption": null, "selected": false, "client_name": "sta8"}
2026-06-19 19:18:02,625 - METRIC - INFO - {"loss": 0.10265851020812988, "accuracy": 0.9708418846130371, "energy_consumption": null, "selected": false, "client_name": "sta12"}
2026-06-19 19:18:02,648 - METRIC - INFO - {"loss": 0.08885783702135086, "accuracy": 0.9740608334541321, "energy_consumption": null, "selected": false, "client_name": "sta18"}
2026-06-19 19:18:02,706 - METRIC - INFO - {"loss": 0.12932883203029633, "accuracy": 0.9641148447990417, "energy_consumption": null, "selected": false, "client_name": "sta16"}
2026-06-19 19:18:02,727 - METRIC - INFO - {"loss": 0.0982685312628746, "accuracy": 0.9697228074073792, "energy_consumption": null, "selected": false, "client_name": "sta14"}
2026-06-19 19:18:02,780 - METRIC - INFO - {"loss": 0.10696963220834732, "accuracy": 0.9688259363174438, "energy_consumption": null, "selected": false, "client_name": "sta10"}
2026-06-19 19:18:02,825 - METRIC - INFO - {"loss": 0.11059644818305969, "accuracy": 0.9701389074325562, "energy_consumption": null, "selected": false, "client_name": "sta4"}
2026-06-19 19:18:02,837 - METRIC - INFO - {"loss": 0.09701843559741974, "accuracy": 0.9701889157295227, "energy_consumption": null, "selected": false, "client_name": "sta7"}
2026-06-19 19:18:02,843 - METRIC - INFO - {"loss": 0.09503238648176193, "accuracy": 0.973410427570343, "energy_consumption": null, "selected": false, "client_name": "sta15"}
2026-06-19 19:18:02,857 - METRIC - INFO - {"loss": 0.09997320175170898, "accuracy": 0.969558596611023, "energy_consumption": null, "selected": false, "client_name": "sta6"}
2026-06-19 19:18:02,867 - METRIC - INFO - {"loss": 0.10143115371465683, "accuracy": 0.9684697985649109, "energy_consumption": null, "selected": false, "client_name": "sta3"}
2026-06-19 19:18:02,873 - METRIC - INFO - {"loss": 0.08916201442480087, "accuracy": 0.9757139086723328, "energy_consumption": null, "selected": false, "client_name": "sta5"}
2026-06-19 19:18:02,880 - METRIC - INFO - {"loss": 0.08988353610038757, "accuracy": 0.9726914167404175, "energy_consumption": null, "selected": false, "client_name": "sta17"}
2026-06-19 19:18:02,954 - METRIC - INFO - {"loss": 0.08779540657997131, "accuracy": 0.9757281541824341, "energy_consumption": null, "selected": false, "client_name": "sta13"}
2026-06-19 19:18:02,968 - METRIC - INFO - {"loss": 0.08398938179016113, "accuracy": 0.9777350425720215, "energy_consumption": null, "selected": false, "client_name": "sta9"}
2026-06-19 19:18:02,979 - METRIC - INFO - {"loss": 0.10056783258914948, "accuracy": 0.972233235836029, "energy_consumption": null, "selected": false, "client_name": "sta11"}
2026-06-19 19:18:03,004 - METRIC - INFO - {"loss": 0.10697794705629349, "accuracy": 0.9681528806686401, "energy_consumption": null, "selected": false, "client_name": "sta19"}
2026-06-19 19:18:03,046 - METRIC - INFO - {"loss": 0.10046178847551346, "accuracy": 0.968113362789154, "energy_consumption": null, "selected": false, "client_name": "sta1"}
2026-06-19 19:18:03,161 - METRIC - INFO - {"loss": 0.09472194314002991, "accuracy": 0.9734156727790833, "energy_consumption": null, "selected": false, "client_name": "sta2"}
2026-06-19 19:18:03,219 - METRIC - INFO - {"loss": 0.09554916620254517, "accuracy": 0.9724137783050537, "energy_consumption": null, "selected": false, "client_name": "sta0"}
2026-06-19 19:18:03,653 - METRIC - INFO - mean_accuracy: 0.9711844384670257

2026-06-19 19:18:03,654 - METRIC - INFO - round: 11
2026-06-19 19:18:03,654 - METRIC - INFO - n_selected: 20
2026-06-19 19:18:03,654 - METRIC - INFO - {"selected_trainers": ["sta0", "sta1", "sta10", "sta11", "sta12", "sta13", "sta14", "sta15", "sta16", "sta17", "sta18", "sta19", "sta2", "sta3", "sta4", "sta5", "sta6", "sta7", "sta8", "sta9"]}
2026-06-19 19:18:14,237 - EXECUT - INFO - received weights from trainer sta16!
2026-06-19 19:18:14,302 - EXECUT - INFO - received weights from trainer sta18!
2026-06-19 19:18:14,484 - EXECUT - INFO - received weights from trainer sta8!
2026-06-19 19:18:19,344 - EXECUT - INFO - received weights from trainer sta1!
2026-06-19 19:18:21,091 - EXECUT - INFO - received weights from trainer sta15!
2026-06-19 19:18:24,366 - EXECUT - INFO - received weights from trainer sta0!
2026-06-19 19:18:24,390 - EXECUT - INFO - received weights from trainer sta10!
2026-06-19 19:18:24,411 - EXECUT - INFO - received weights from trainer sta11!
2026-06-19 19:18:24,448 - EXECUT - INFO - received weights from trainer sta12!
2026-06-19 19:18:24,506 - EXECUT - INFO - received weights from trainer sta13!
2026-06-19 19:18:24,526 - EXECUT - INFO - received weights from trainer sta14!
2026-06-19 19:18:24,662 - EXECUT - INFO - received weights from trainer sta4!
2026-06-19 19:18:24,682 - EXECUT - INFO - received weights from trainer sta19!
2026-06-19 19:18:45,173 - EXECUT - INFO - received weights from trainer sta17!
2026-06-19 19:18:45,215 - EXECUT - INFO - received weights from trainer sta2!
2026-06-19 19:18:45,246 - EXECUT - INFO - received weights from trainer sta3!
2026-06-19 19:18:45,277 - EXECUT - INFO - received weights from trainer sta5!
2026-06-19 19:18:45,308 - EXECUT - INFO - received weights from trainer sta6!
2026-06-19 19:18:45,338 - EXECUT - INFO - received weights from trainer sta7!
2026-06-19 19:18:45,368 - EXECUT - INFO - received weights from trainer sta9!
2026-06-19 19:18:47,257 - EXECUT - INFO - sent aggregated weights to trainers!
2026-06-19 19:18:48,094 - METRIC - INFO - {"loss": 0.09035926312208176, "accuracy": 0.9733218550682068, "energy_consumption": null, "selected": false, "client_name": "sta8"}
2026-06-19 19:18:48,245 - METRIC - INFO - {"loss": 0.07974741607904434, "accuracy": 0.9767441749572754, "energy_consumption": null, "selected": false, "client_name": "sta18"}
2026-06-19 19:18:48,247 - METRIC - INFO - {"loss": 0.0945054367184639, "accuracy": 0.9704453349113464, "energy_consumption": null, "selected": false, "client_name": "sta10"}
2026-06-19 19:18:48,304 - METRIC - INFO - {"loss": 0.11784666776657104, "accuracy": 0.9649122953414917, "energy_consumption": null, "selected": false, "client_name": "sta16"}
2026-06-19 19:18:48,327 - METRIC - INFO - {"loss": 0.07641445845365524, "accuracy": 0.9802089333534241, "energy_consumption": null, "selected": false, "client_name": "sta9"}
2026-06-19 19:18:48,386 - METRIC - INFO - {"loss": 0.09917174279689789, "accuracy": 0.9750000238418579, "energy_consumption": null, "selected": false, "client_name": "sta4"}
2026-06-19 19:18:48,399 - METRIC - INFO - {"loss": 0.09068478643894196, "accuracy": 0.9726299047470093, "energy_consumption": null, "selected": false, "client_name": "sta11"}
2026-06-19 19:18:48,443 - METRIC - INFO - {"loss": 0.09413427114486694, "accuracy": 0.9737260937690735, "energy_consumption": null, "selected": false, "client_name": "sta19"}
2026-06-19 19:18:48,443 - METRIC - INFO - {"loss": 0.08715405315160751, "accuracy": 0.973435640335083, "energy_consumption": null, "selected": false, "client_name": "sta7"}
2026-06-19 19:18:48,457 - METRIC - INFO - {"loss": 0.09015890210866928, "accuracy": 0.9713624715805054, "energy_consumption": null, "selected": false, "client_name": "sta3"}
2026-06-19 19:18:48,515 - METRIC - INFO - {"loss": 0.08051986247301102, "accuracy": 0.974662184715271, "energy_consumption": null, "selected": false, "client_name": "sta17"}
2026-06-19 19:18:48,530 - METRIC - INFO - {"loss": 0.08081993460655212, "accuracy": 0.9794622659683228, "energy_consumption": null, "selected": false, "client_name": "sta13"}
2026-06-19 19:18:48,550 - METRIC - INFO - {"loss": 0.09232975542545319, "accuracy": 0.9733059406280518, "energy_consumption": null, "selected": false, "client_name": "sta12"}
2026-06-19 19:18:48,565 - METRIC - INFO - {"loss": 0.08459846675395966, "accuracy": 0.9749518036842346, "energy_consumption": null, "selected": false, "client_name": "sta15"}
2026-06-19 19:18:48,565 - METRIC - INFO - {"loss": 0.08768320828676224, "accuracy": 0.9731343388557434, "energy_consumption": null, "selected": false, "client_name": "sta14"}
2026-06-19 19:18:48,625 - METRIC - INFO - {"loss": 0.09018494933843613, "accuracy": 0.9720991849899292, "energy_consumption": null, "selected": false, "client_name": "sta1"}
2026-06-19 19:18:48,717 - METRIC - INFO - {"loss": 0.08624998480081558, "accuracy": 0.9748478531837463, "energy_consumption": null, "selected": false, "client_name": "sta0"}
2026-06-19 19:18:48,738 - METRIC - INFO - {"loss": 0.0878748744726181, "accuracy": 0.9750268459320068, "energy_consumption": null, "selected": false, "client_name": "sta2"}
2026-06-19 19:18:48,749 - METRIC - INFO - {"loss": 0.0922061949968338, "accuracy": 0.9713850617408752, "energy_consumption": null, "selected": false, "client_name": "sta6"}
2026-06-19 19:18:48,773 - METRIC - INFO - {"loss": 0.08050554990768433, "accuracy": 0.97678142786026, "energy_consumption": null, "selected": false, "client_name": "sta5"}
2026-06-19 19:18:49,259 - METRIC - INFO - mean_accuracy: 0.9738721817731857

2026-06-19 19:18:49,259 - METRIC - INFO - round: 12
2026-06-19 19:18:49,260 - METRIC - INFO - n_selected: 20
2026-06-19 19:18:49,260 - METRIC - INFO - {"selected_trainers": ["sta0", "sta1", "sta10", "sta11", "sta12", "sta13", "sta14", "sta15", "sta16", "sta17", "sta18", "sta19", "sta2", "sta3", "sta4", "sta5", "sta6", "sta7", "sta8", "sta9"]}
2026-06-19 19:18:58,356 - EXECUT - INFO - received weights from trainer sta16!
2026-06-19 19:18:59,891 - EXECUT - INFO - received weights from trainer sta18!
2026-06-19 19:19:00,109 - EXECUT - INFO - received weights from trainer sta8!
2026-06-19 19:19:00,274 - EXECUT - INFO - received weights from trainer sta4!
2026-06-19 19:19:07,235 - EXECUT - INFO - received weights from trainer sta0!
2026-06-19 19:19:09,992 - EXECUT - INFO - received weights from trainer sta10!
2026-06-19 19:19:10,013 - EXECUT - INFO - received weights from trainer sta11!
2026-06-19 19:19:10,033 - EXECUT - INFO - received weights from trainer sta1!
2026-06-19 19:19:10,064 - EXECUT - INFO - received weights from trainer sta12!
2026-06-19 19:19:10,090 - EXECUT - INFO - received weights from trainer sta13!
2026-06-19 19:19:10,113 - EXECUT - INFO - received weights from trainer sta14!
2026-06-19 19:19:10,127 - EXECUT - INFO - received weights from trainer sta15!
2026-06-19 19:19:10,260 - EXECUT - INFO - received weights from trainer sta19!
2026-06-19 19:19:14,236 - EXECUT - INFO - received weights from trainer sta2!
2026-06-19 19:19:30,755 - EXECUT - INFO - received weights from trainer sta17!
2026-06-19 19:19:30,811 - EXECUT - INFO - received weights from trainer sta3!
2026-06-19 19:19:30,848 - EXECUT - INFO - received weights from trainer sta5!
2026-06-19 19:19:30,867 - EXECUT - INFO - received weights from trainer sta6!
2026-06-19 19:19:30,887 - EXECUT - INFO - received weights from trainer sta7!
2026-06-19 19:19:30,930 - EXECUT - INFO - received weights from trainer sta9!
2026-06-19 19:19:32,247 - EXECUT - INFO - sent aggregated weights to trainers!
2026-06-19 19:19:33,152 - METRIC - INFO - {"loss": 0.08170551061630249, "accuracy": 0.9767642021179199, "energy_consumption": null, "selected": false, "client_name": "sta8"}
2026-06-19 19:19:33,275 - METRIC - INFO - {"loss": 0.10841400176286697, "accuracy": 0.9649122953414917, "energy_consumption": null, "selected": false, "client_name": "sta16"}
2026-06-19 19:19:33,309 - METRIC - INFO - {"loss": 0.07002587616443634, "accuracy": 0.9805825352668762, "energy_consumption": null, "selected": false, "client_name": "sta13"}
2026-06-19 19:19:33,318 - METRIC - INFO - {"loss": 0.06893429905176163, "accuracy": 0.9810335636138916, "energy_consumption": null, "selected": false, "client_name": "sta9"}
2026-06-19 19:19:33,411 - METRIC - INFO - {"loss": 0.0911109521985054, "accuracy": 0.9770833253860474, "energy_consumption": null, "selected": false, "client_name": "sta4"}
2026-06-19 19:19:33,415 - METRIC - INFO - {"loss": 0.07483424246311188, "accuracy": 0.9767441749572754, "energy_consumption": null, "selected": false, "client_name": "sta18"}
2026-06-19 19:19:33,420 - METRIC - INFO - {"loss": 0.08502492308616638, "accuracy": 0.9732793569564819, "energy_consumption": null, "selected": false, "client_name": "sta10"}
2026-06-19 19:19:33,428 - METRIC - INFO - {"loss": 0.08451765775680542, "accuracy": 0.9730265736579895, "energy_consumption": null, "selected": false, "client_name": "sta11"}
2026-06-19 19:19:33,449 - METRIC - INFO - {"loss": 0.07939454168081284, "accuracy": 0.977398693561554, "energy_consumption": null, "selected": false, "client_name": "sta14"}
2026-06-19 19:19:33,463 - METRIC - INFO - {"loss": 0.08822774887084961, "accuracy": 0.9713375568389893, "energy_consumption": null, "selected": false, "client_name": "sta19"}
2026-06-19 19:19:33,507 - METRIC - INFO - {"loss": 0.07362555712461472, "accuracy": 0.9763513803482056, "energy_consumption": null, "selected": false, "client_name": "sta17"}
2026-06-19 19:19:33,590 - METRIC - INFO - {"loss": 0.08340562880039215, "accuracy": 0.9749486446380615, "energy_consumption": null, "selected": false, "client_name": "sta12"}
2026-06-19 19:19:33,598 - METRIC - INFO - {"loss": 0.07666865736246109, "accuracy": 0.9772639870643616, "energy_consumption": null, "selected": false, "client_name": "sta15"}
2026-06-19 19:19:33,694 - METRIC - INFO - {"loss": 0.07965369522571564, "accuracy": 0.9760921001434326, "energy_consumption": null, "selected": false, "client_name": "sta7"}
2026-06-19 19:19:33,744 - METRIC - INFO - {"loss": 0.08033058792352676, "accuracy": 0.9752535223960876, "energy_consumption": null, "selected": false, "client_name": "sta0"}
2026-06-19 19:19:33,770 - METRIC - INFO - {"loss": 0.08180459588766098, "accuracy": 0.9747336506843567, "energy_consumption": null, "selected": false, "client_name": "sta6"}
2026-06-19 19:19:33,772 - METRIC - INFO - {"loss": 0.08384287357330322, "accuracy": 0.9725420475006104, "energy_consumption": null, "selected": false, "client_name": "sta1"}
2026-06-19 19:19:33,780 - METRIC - INFO - {"loss": 0.08396103233098984, "accuracy": 0.9728087782859802, "energy_consumption": null, "selected": false, "client_name": "sta3"}
2026-06-19 19:19:33,783 - METRIC - INFO - {"loss": 0.07971546053886414, "accuracy": 0.9755638837814331, "energy_consumption": null, "selected": false, "client_name": "sta2"}
2026-06-19 19:19:33,811 - METRIC - INFO - {"loss": 0.07386761158704758, "accuracy": 0.9775820374488831, "energy_consumption": null, "selected": false, "client_name": "sta5"}
2026-06-19 19:19:34,249 - METRIC - INFO - mean_accuracy: 0.9752651154994965

2026-06-19 19:19:34,250 - METRIC - INFO - round: 13
2026-06-19 19:19:34,250 - METRIC - INFO - n_selected: 20
2026-06-19 19:19:34,250 - METRIC - INFO - {"selected_trainers": ["sta0", "sta1", "sta10", "sta11", "sta12", "sta13", "sta14", "sta15", "sta16", "sta17", "sta18", "sta19", "sta2", "sta3", "sta4", "sta5", "sta6", "sta7", "sta8", "sta9"]}
2026-06-19 19:19:44,837 - EXECUT - INFO - received weights from trainer sta16!
2026-06-19 19:19:44,883 - EXECUT - INFO - received weights from trainer sta18!
2026-06-19 19:19:45,064 - EXECUT - INFO - received weights from trainer sta8!
2026-06-19 19:19:45,245 - EXECUT - INFO - received weights from trainer sta4!
2026-06-19 19:19:50,169 - EXECUT - INFO - received weights from trainer sta14!
2026-06-19 19:19:50,811 - EXECUT - INFO - received weights from trainer sta10!
2026-06-19 19:19:51,089 - EXECUT - INFO - received weights from trainer sta11!
2026-06-19 19:19:51,676 - EXECUT - INFO - received weights from trainer sta15!
2026-06-19 19:19:54,954 - EXECUT - INFO - received weights from trainer sta0!
2026-06-19 19:19:55,014 - EXECUT - INFO - received weights from trainer sta1!
2026-06-19 19:19:55,060 - EXECUT - INFO - received weights from trainer sta12!
2026-06-19 19:19:55,153 - EXECUT - INFO - received weights from trainer sta13!
2026-06-19 19:19:55,261 - EXECUT - INFO - received weights from trainer sta19!
2026-06-19 19:19:59,179 - EXECUT - INFO - received weights from trainer sta2!
2026-06-19 19:20:15,769 - EXECUT - INFO - received weights from trainer sta17!
2026-06-19 19:20:15,800 - EXECUT - INFO - received weights from trainer sta3!
2026-06-19 19:20:15,831 - EXECUT - INFO - received weights from trainer sta5!
2026-06-19 19:20:15,861 - EXECUT - INFO - received weights from trainer sta6!
2026-06-19 19:20:15,892 - EXECUT - INFO - received weights from trainer sta7!
2026-06-19 19:20:15,922 - EXECUT - INFO - received weights from trainer sta9!
2026-06-19 19:20:17,175 - EXECUT - INFO - sent aggregated weights to trainers!
2026-06-19 19:20:18,138 - METRIC - INFO - {"loss": 0.07782188802957535, "accuracy": 0.979345977306366, "energy_consumption": null, "selected": false, "client_name": "sta8"}
2026-06-19 19:20:18,183 - METRIC - INFO - {"loss": 0.07784992456436157, "accuracy": 0.9765913486480713, "energy_consumption": null, "selected": false, "client_name": "sta12"}
2026-06-19 19:20:18,210 - METRIC - INFO - {"loss": 0.1028428003191948, "accuracy": 0.9681020975112915, "energy_consumption": null, "selected": false, "client_name": "sta16"}
2026-06-19 19:20:18,254 - METRIC - INFO - {"loss": 0.06425008177757263, "accuracy": 0.9817027449607849, "energy_consumption": null, "selected": false, "client_name": "sta13"}
2026-06-19 19:20:18,298 - METRIC - INFO - {"loss": 0.06360389292240143, "accuracy": 0.9813084006309509, "energy_consumption": null, "selected": false, "client_name": "sta9"}
2026-06-19 19:20:18,347 - METRIC - INFO - {"loss": 0.07849155366420746, "accuracy": 0.9753036499023438, "energy_consumption": null, "selected": false, "client_name": "sta10"}
2026-06-19 19:20:18,355 - METRIC - INFO - {"loss": 0.06709035485982895, "accuracy": 0.980322003364563, "energy_consumption": null, "selected": false, "client_name": "sta18"}
2026-06-19 19:20:18,390 - METRIC - INFO - {"loss": 0.07227834314107895, "accuracy": 0.979530930519104, "energy_consumption": null, "selected": false, "client_name": "sta14"}
2026-06-19 19:20:18,406 - METRIC - INFO - {"loss": 0.0792737603187561, "accuracy": 0.9765127301216125, "energy_consumption": null, "selected": false, "client_name": "sta19"}
2026-06-19 19:20:18,407 - METRIC - INFO - {"loss": 0.07357446104288101, "accuracy": 0.978158175945282, "energy_consumption": null, "selected": false, "client_name": "sta7"}
2026-06-19 19:20:18,419 - METRIC - INFO - {"loss": 0.10164859890937805, "accuracy": 0.9674277305603027, "energy_consumption": null, "selected": false, "client_name": "sta6"}
2026-06-19 19:20:18,445 - METRIC - INFO - {"loss": 0.06926485896110535, "accuracy": 0.9786036014556885, "energy_consumption": null, "selected": false, "client_name": "sta17"}
2026-06-19 19:20:18,537 - METRIC - INFO - {"loss": 0.06899305433034897, "accuracy": 0.9791907668113708, "energy_consumption": null, "selected": false, "client_name": "sta15"}
2026-06-19 19:20:18,538 - METRIC - INFO - {"loss": 0.07995302975177765, "accuracy": 0.9746132493019104, "energy_consumption": null, "selected": false, "client_name": "sta11"}
2026-06-19 19:20:18,589 - METRIC - INFO - {"loss": 0.07522615045309067, "accuracy": 0.9760850071907043, "energy_consumption": null, "selected": false, "client_name": "sta1"}
2026-06-19 19:20:18,690 - METRIC - INFO - {"loss": 0.0832681804895401, "accuracy": 0.9756944179534912, "energy_consumption": null, "selected": false, "client_name": "sta4"}
2026-06-19 19:20:18,708 - METRIC - INFO - {"loss": 0.07510483264923096, "accuracy": 0.9766380190849304, "energy_consumption": null, "selected": false, "client_name": "sta2"}
2026-06-19 19:20:18,749 - METRIC - INFO - {"loss": 0.07196399569511414, "accuracy": 0.9781157970428467, "energy_consumption": null, "selected": false, "client_name": "sta5"}
2026-06-19 19:20:18,761 - METRIC - INFO - {"loss": 0.07171503454446793, "accuracy": 0.9780933260917664, "energy_consumption": null, "selected": false, "client_name": "sta0"}
2026-06-19 19:20:19,058 - METRIC - INFO - {"loss": 0.07658263295888901, "accuracy": 0.9757014513015747, "energy_consumption": null, "selected": false, "client_name": "sta3"}
2026-06-19 19:20:19,177 - METRIC - INFO - mean_accuracy: 0.9768520712852478

2026-06-19 19:20:19,178 - METRIC - INFO - round: 14
2026-06-19 19:20:19,178 - METRIC - INFO - n_selected: 20
2026-06-19 19:20:19,178 - METRIC - INFO - {"selected_trainers": ["sta0", "sta1", "sta10", "sta11", "sta12", "sta13", "sta14", "sta15", "sta16", "sta17", "sta18", "sta19", "sta2", "sta3", "sta4", "sta5", "sta6", "sta7", "sta8", "sta9"]}
2026-06-19 19:20:27,487 - EXECUT - INFO - received weights from trainer sta18!
2026-06-19 19:20:28,327 - EXECUT - INFO - received weights from trainer sta16!
2026-06-19 19:20:30,033 - EXECUT - INFO - received weights from trainer sta8!
2026-06-19 19:20:35,135 - EXECUT - INFO - received weights from trainer sta14!
2026-06-19 19:20:37,057 - EXECUT - INFO - received weights from trainer sta13!
2026-06-19 19:20:39,880 - EXECUT - INFO - received weights from trainer sta10!
2026-06-19 19:20:39,900 - EXECUT - INFO - received weights from trainer sta0!
2026-06-19 19:20:39,922 - EXECUT - INFO - received weights from trainer sta1!
2026-06-19 19:20:39,941 - EXECUT - INFO - received weights from trainer sta11!
2026-06-19 19:20:39,961 - EXECUT - INFO - received weights from trainer sta12!
2026-06-19 19:20:40,049 - EXECUT - INFO - received weights from trainer sta15!
2026-06-19 19:20:40,197 - EXECUT - INFO - received weights from trainer sta4!
2026-06-19 19:20:40,217 - EXECUT - INFO - received weights from trainer sta19!
2026-06-19 19:20:41,865 - EXECUT - INFO - received weights from trainer sta17!
2026-06-19 19:20:44,039 - EXECUT - INFO - received weights from trainer sta3!
2026-06-19 19:21:00,717 - EXECUT - INFO - received weights from trainer sta2!
2026-06-19 19:21:00,766 - EXECUT - INFO - received weights from trainer sta5!
2026-06-19 19:21:00,799 - EXECUT - INFO - received weights from trainer sta6!
2026-06-19 19:21:00,818 - EXECUT - INFO - received weights from trainer sta7!
2026-06-19 19:21:00,868 - EXECUT - INFO - received weights from trainer sta9!
2026-06-19 19:21:02,620 - EXECUT - INFO - sent aggregated weights to trainers!
2026-06-19 19:21:03,685 - METRIC - INFO - {"loss": 0.06996757537126541, "accuracy": 0.9802065491676331, "energy_consumption": null, "selected": false, "client_name": "sta8"}
2026-06-19 19:21:03,709 - METRIC - INFO - {"loss": 0.05851138383150101, "accuracy": 0.9832325577735901, "energy_consumption": null, "selected": false, "client_name": "sta9"}
2026-06-19 19:21:03,748 - METRIC - INFO - {"loss": 0.07865350693464279, "accuracy": 0.9784722328186035, "energy_consumption": null, "selected": false, "client_name": "sta4"}
2026-06-19 19:21:03,789 - METRIC - INFO - {"loss": 0.07668650150299072, "accuracy": 0.9744939208030701, "energy_consumption": null, "selected": false, "client_name": "sta10"}
2026-06-19 19:21:03,800 - METRIC - INFO - {"loss": 0.09525278955698013, "accuracy": 0.9688995480537415, "energy_consumption": null, "selected": false, "client_name": "sta16"}
2026-06-19 19:21:03,840 - METRIC - INFO - {"loss": 0.07112745940685272, "accuracy": 0.9768585562705994, "energy_consumption": null, "selected": false, "client_name": "sta3"}
2026-06-19 19:21:03,849 - METRIC - INFO - {"loss": 0.07041412591934204, "accuracy": 0.9793388247489929, "energy_consumption": null, "selected": false, "client_name": "sta7"}
2026-06-19 19:21:03,865 - METRIC - INFO - {"loss": 0.06679219007492065, "accuracy": 0.979530930519104, "energy_consumption": null, "selected": false, "client_name": "sta14"}
2026-06-19 19:21:03,916 - METRIC - INFO - {"loss": 0.058585334569215775, "accuracy": 0.9824495911598206, "energy_consumption": null, "selected": false, "client_name": "sta13"}
2026-06-19 19:21:03,937 - METRIC - INFO - {"loss": 0.07178990542888641, "accuracy": 0.977389931678772, "energy_consumption": null, "selected": false, "client_name": "sta11"}
2026-06-19 19:21:03,938 - METRIC - INFO - {"loss": 0.062458597123622894, "accuracy": 0.9830053448677063, "energy_consumption": null, "selected": false, "client_name": "sta18"}
2026-06-19 19:21:03,961 - METRIC - INFO - {"loss": 0.07074857503175735, "accuracy": 0.9786447882652283, "energy_consumption": null, "selected": false, "client_name": "sta12"}
2026-06-19 19:21:03,998 - METRIC - INFO - {"loss": 0.07553498446941376, "accuracy": 0.9781050682067871, "energy_consumption": null, "selected": false, "client_name": "sta19"}
2026-06-19 19:21:04,076 - METRIC - INFO - {"loss": 0.06299132108688354, "accuracy": 0.9797297120094299, "energy_consumption": null, "selected": false, "client_name": "sta17"}
2026-06-19 19:21:04,099 - METRIC - INFO - {"loss": 0.06615414470434189, "accuracy": 0.9799614548683167, "energy_consumption": null, "selected": false, "client_name": "sta15"}
2026-06-19 19:21:04,159 - METRIC - INFO - {"loss": 0.07192958146333694, "accuracy": 0.9760850071907043, "energy_consumption": null, "selected": false, "client_name": "sta1"}
2026-06-19 19:21:04,160 - METRIC - INFO - {"loss": 0.06406641751527786, "accuracy": 0.9805177450180054, "energy_consumption": null, "selected": false, "client_name": "sta5"}
2026-06-19 19:21:04,183 - METRIC - INFO - {"loss": 0.06967203319072723, "accuracy": 0.9780821800231934, "energy_consumption": null, "selected": false, "client_name": "sta6"}
2026-06-19 19:21:04,332 - METRIC - INFO - {"loss": 0.06560242176055908, "accuracy": 0.9797160029411316, "energy_consumption": null, "selected": false, "client_name": "sta0"}
2026-06-19 19:21:04,456 - METRIC - INFO - {"loss": 0.06968070566654205, "accuracy": 0.9787862300872803, "energy_consumption": null, "selected": false, "client_name": "sta2"}
2026-06-19 19:21:04,622 - METRIC - INFO - mean_accuracy: 0.9786753088235856

2026-06-19 19:21:04,622 - METRIC - INFO - round: 15
2026-06-19 19:21:04,623 - METRIC - INFO - n_selected: 20
2026-06-19 19:21:04,623 - METRIC - INFO - {"selected_trainers": ["sta0", "sta1", "sta10", "sta11", "sta12", "sta13", "sta14", "sta15", "sta16", "sta17", "sta18", "sta19", "sta2", "sta3", "sta4", "sta5", "sta6", "sta7", "sta8", "sta9"]}
2026-06-19 19:21:12,918 - EXECUT - INFO - received weights from trainer sta18!
2026-06-19 19:21:13,723 - EXECUT - INFO - received weights from trainer sta16!
2026-06-19 19:21:15,460 - EXECUT - INFO - received weights from trainer sta8!
2026-06-19 19:21:20,536 - EXECUT - INFO - received weights from trainer sta14!
2026-06-19 19:21:21,170 - EXECUT - INFO - received weights from trainer sta10!
2026-06-19 19:21:21,487 - EXECUT - INFO - received weights from trainer sta19!
2026-06-19 19:21:25,325 - EXECUT - INFO - received weights from trainer sta0!
2026-06-19 19:21:25,363 - EXECUT - INFO - received weights from trainer sta11!
2026-06-19 19:21:25,387 - EXECUT - INFO - received weights from trainer sta1!
2026-06-19 19:21:25,409 - EXECUT - INFO - received weights from trainer sta12!
2026-06-19 19:21:25,454 - EXECUT - INFO - received weights from trainer sta13!
2026-06-19 19:21:25,515 - EXECUT - INFO - received weights from trainer sta15!
2026-06-19 19:21:25,622 - EXECUT - INFO - received weights from trainer sta4!
2026-06-19 19:21:26,479 - EXECUT - INFO - received weights from trainer sta7!
2026-06-19 19:21:27,885 - EXECUT - INFO - received weights from trainer sta9!
2026-06-19 19:21:46,137 - EXECUT - INFO - received weights from trainer sta17!
2026-06-19 19:21:46,182 - EXECUT - INFO - received weights from trainer sta2!
2026-06-19 19:21:46,213 - EXECUT - INFO - received weights from trainer sta3!
2026-06-19 19:21:46,244 - EXECUT - INFO - received weights from trainer sta5!
2026-06-19 19:21:46,274 - EXECUT - INFO - received weights from trainer sta6!
2026-06-19 19:21:48,082 - EXECUT - INFO - sent aggregated weights to trainers!
2026-06-19 19:21:49,018 - METRIC - INFO - {"loss": 0.06464456766843796, "accuracy": 0.9836488962173462, "energy_consumption": null, "selected": false, "client_name": "sta8"}
2026-06-19 19:21:49,126 - METRIC - INFO - {"loss": 0.07278601080179214, "accuracy": 0.977389931678772, "energy_consumption": null, "selected": false, "client_name": "sta11"}
2026-06-19 19:21:49,159 - METRIC - INFO - {"loss": 0.06245569884777069, "accuracy": 0.9808102250099182, "energy_consumption": null, "selected": false, "client_name": "sta14"}
2026-06-19 19:21:49,170 - METRIC - INFO - {"loss": 0.09169385582208633, "accuracy": 0.9704943895339966, "energy_consumption": null, "selected": false, "client_name": "sta16"}
2026-06-19 19:21:49,257 - METRIC - INFO - {"loss": 0.06069786101579666, "accuracy": 0.9794275760650635, "energy_consumption": null, "selected": false, "client_name": "sta18"}
2026-06-19 19:21:49,264 - METRIC - INFO - {"loss": 0.06944691389799118, "accuracy": 0.9757084846496582, "energy_consumption": null, "selected": false, "client_name": "sta10"}
2026-06-19 19:21:49,311 - METRIC - INFO - {"loss": 0.0597965233027935, "accuracy": 0.9834296703338623, "energy_consumption": null, "selected": false, "client_name": "sta15"}
2026-06-19 19:21:49,331 - METRIC - INFO - {"loss": 0.06940735876560211, "accuracy": 0.9792993664741516, "energy_consumption": null, "selected": false, "client_name": "sta19"}
2026-06-19 19:21:49,404 - METRIC - INFO - {"loss": 0.06127335876226425, "accuracy": 0.9802091121673584, "energy_consumption": null, "selected": false, "client_name": "sta13"}
2026-06-19 19:21:49,418 - METRIC - INFO - {"loss": 0.06060931086540222, "accuracy": 0.9814189076423645, "energy_consumption": null, "selected": false, "client_name": "sta17"}
2026-06-19 19:21:49,436 - METRIC - INFO - {"loss": 0.06666212528944016, "accuracy": 0.9794661402702332, "energy_consumption": null, "selected": false, "client_name": "sta12"}
2026-06-19 19:21:49,450 - METRIC - INFO - {"loss": 0.06586240231990814, "accuracy": 0.9808219075202942, "energy_consumption": null, "selected": false, "client_name": "sta6"}
2026-06-19 19:21:49,450 - METRIC - INFO - {"loss": 0.06117081642150879, "accuracy": 0.980250895023346, "energy_consumption": null, "selected": false, "client_name": "sta5"}
2026-06-19 19:21:49,481 - METRIC - INFO - {"loss": 0.07172505557537079, "accuracy": 0.9798611402511597, "energy_consumption": null, "selected": false, "client_name": "sta4"}
2026-06-19 19:21:49,540 - METRIC - INFO - {"loss": 0.0562998466193676, "accuracy": 0.982957661151886, "energy_consumption": null, "selected": false, "client_name": "sta9"}
2026-06-19 19:21:49,585 - METRIC - INFO - {"loss": 0.06100106239318848, "accuracy": 0.9813387393951416, "energy_consumption": null, "selected": false, "client_name": "sta0"}
2026-06-19 19:21:49,619 - METRIC - INFO - {"loss": 0.06751906126737595, "accuracy": 0.9774136543273926, "energy_consumption": null, "selected": false, "client_name": "sta1"}
2026-06-19 19:21:49,693 - METRIC - INFO - {"loss": 0.0665312111377716, "accuracy": 0.9822904467582703, "energy_consumption": null, "selected": false, "client_name": "sta7"}
2026-06-19 19:21:49,710 - METRIC - INFO - {"loss": 0.06763119995594025, "accuracy": 0.9803974032402039, "energy_consumption": null, "selected": false, "client_name": "sta2"}
2026-06-19 19:21:49,737 - METRIC - INFO - {"loss": 0.07074842602014542, "accuracy": 0.9771478176116943, "energy_consumption": null, "selected": false, "client_name": "sta3"}
2026-06-19 19:21:50,083 - METRIC - INFO - mean_accuracy: 0.9796891182661056

2026-06-19 19:21:50,084 - METRIC - INFO - round: 16
2026-06-19 19:21:50,084 - METRIC - INFO - n_selected: 20
2026-06-19 19:21:50,084 - METRIC - INFO - {"selected_trainers": ["sta0", "sta1", "sta10", "sta11", "sta12", "sta13", "sta14", "sta15", "sta16", "sta17", "sta18", "sta19", "sta2", "sta3", "sta4", "sta5", "sta6", "sta7", "sta8", "sta9"]}
2026-06-19 19:22:00,670 - EXECUT - INFO - received weights from trainer sta16!
2026-06-19 19:22:00,763 - EXECUT - INFO - received weights from trainer sta18!
2026-06-19 19:22:00,964 - EXECUT - INFO - received weights from trainer sta8!
2026-06-19 19:22:06,987 - EXECUT - INFO - received weights from trainer sta11!
2026-06-19 19:22:07,045 - EXECUT - INFO - received weights from trainer sta19!
2026-06-19 19:22:07,553 - EXECUT - INFO - received weights from trainer sta15!
2026-06-19 19:22:10,782 - EXECUT - INFO - received weights from trainer sta0!
2026-06-19 19:22:10,807 - EXECUT - INFO - received weights from trainer sta10!
2026-06-19 19:22:10,837 - EXECUT - INFO - received weights from trainer sta1!
2026-06-19 19:22:10,864 - EXECUT - INFO - received weights from trainer sta12!
2026-06-19 19:22:10,921 - EXECUT - INFO - received weights from trainer sta13!
2026-06-19 19:22:10,942 - EXECUT - INFO - received weights from trainer sta14!
2026-06-19 19:22:11,140 - EXECUT - INFO - received weights from trainer sta4!
2026-06-19 19:22:12,044 - EXECUT - INFO - received weights from trainer sta7!
2026-06-19 19:22:13,457 - EXECUT - INFO - received weights from trainer sta9!
2026-06-19 19:22:15,451 - EXECUT - INFO - received weights from trainer sta5!
2026-06-19 19:22:31,596 - EXECUT - INFO - received weights from trainer sta17!
2026-06-19 19:22:31,633 - EXECUT - INFO - received weights from trainer sta2!
2026-06-19 19:22:31,657 - EXECUT - INFO - received weights from trainer sta3!
2026-06-19 19:22:31,727 - EXECUT - INFO - received weights from trainer sta6!
2026-06-19 19:22:33,533 - EXECUT - INFO - sent aggregated weights to trainers!
2026-06-19 19:22:34,441 - METRIC - INFO - {"loss": 0.06494681537151337, "accuracy": 0.9819276928901672, "energy_consumption": null, "selected": false, "client_name": "sta8"}
2026-06-19 19:22:34,522 - METRIC - INFO - {"loss": 0.05679963901638985, "accuracy": 0.9830053448677063, "energy_consumption": null, "selected": false, "client_name": "sta18"}
2026-06-19 19:22:34,555 - METRIC - INFO - {"loss": 0.06889626383781433, "accuracy": 0.9757084846496582, "energy_consumption": null, "selected": false, "client_name": "sta10"}
2026-06-19 19:22:34,564 - METRIC - INFO - {"loss": 0.08590015023946762, "accuracy": 0.9744816422462463, "energy_consumption": null, "selected": false, "client_name": "sta16"}
2026-06-19 19:22:34,568 - METRIC - INFO - {"loss": 0.06477939337491989, "accuracy": 0.9777866005897522, "energy_consumption": null, "selected": false, "client_name": "sta11"}
2026-06-19 19:22:34,571 - METRIC - INFO - {"loss": 0.05143633484840393, "accuracy": 0.9850634932518005, "energy_consumption": null, "selected": false, "client_name": "sta13"}
2026-06-19 19:22:34,600 - METRIC - INFO - {"loss": 0.05432901158928871, "accuracy": 0.9835073947906494, "energy_consumption": null, "selected": false, "client_name": "sta9"}
2026-06-19 19:22:34,669 - METRIC - INFO - {"loss": 0.0702187642455101, "accuracy": 0.981249988079071, "energy_consumption": null, "selected": false, "client_name": "sta4"}
2026-06-19 19:22:34,696 - METRIC - INFO - {"loss": 0.0571470707654953, "accuracy": 0.9817004799842834, "energy_consumption": null, "selected": false, "client_name": "sta17"}
2026-06-19 19:22:34,733 - METRIC - INFO - {"loss": 0.06416810303926468, "accuracy": 0.9822904467582703, "energy_consumption": null, "selected": false, "client_name": "sta7"}
2026-06-19 19:22:34,748 - METRIC - INFO - {"loss": 0.05695699155330658, "accuracy": 0.9821190237998962, "energy_consumption": null, "selected": false, "client_name": "sta5"}
2026-06-19 19:22:34,794 - METRIC - INFO - {"loss": 0.059497956186532974, "accuracy": 0.9812366962432861, "energy_consumption": null, "selected": false, "client_name": "sta14"}
2026-06-19 19:22:34,820 - METRIC - INFO - {"loss": 0.06291969865560532, "accuracy": 0.9806981682777405, "energy_consumption": null, "selected": false, "client_name": "sta12"}
2026-06-19 19:22:34,826 - METRIC - INFO - {"loss": 0.055645499378442764, "accuracy": 0.9838150143623352, "energy_consumption": null, "selected": false, "client_name": "sta15"}
2026-06-19 19:22:34,837 - METRIC - INFO - {"loss": 0.07094340026378632, "accuracy": 0.9769108295440674, "energy_consumption": null, "selected": false, "client_name": "sta19"}
2026-06-19 19:22:34,897 - METRIC - INFO - {"loss": 0.06490705907344818, "accuracy": 0.978742241859436, "energy_consumption": null, "selected": false, "client_name": "sta1"}
2026-06-19 19:22:34,978 - METRIC - INFO - {"loss": 0.05709322541952133, "accuracy": 0.9817444086074829, "energy_consumption": null, "selected": false, "client_name": "sta0"}
2026-06-19 19:22:35,005 - METRIC - INFO - {"loss": 0.06801527738571167, "accuracy": 0.9802131056785583, "energy_consumption": null, "selected": false, "client_name": "sta6"}
2026-06-19 19:22:35,020 - METRIC - INFO - {"loss": 0.06958026438951492, "accuracy": 0.9774370789527893, "energy_consumption": null, "selected": false, "client_name": "sta3"}
2026-06-19 19:22:35,324 - METRIC - INFO - {"loss": 0.06439128518104553, "accuracy": 0.9803974032402039, "energy_consumption": null, "selected": false, "client_name": "sta2"}
2026-06-19 19:22:35,535 - METRIC - INFO - mean_accuracy: 0.98050177693367

2026-06-19 19:22:35,535 - METRIC - INFO - round: 17
2026-06-19 19:22:35,536 - METRIC - INFO - n_selected: 20
2026-06-19 19:22:35,536 - METRIC - INFO - {"selected_trainers": ["sta0", "sta1", "sta10", "sta11", "sta12", "sta13", "sta14", "sta15", "sta16", "sta17", "sta18", "sta19", "sta2", "sta3", "sta4", "sta5", "sta6", "sta7", "sta8", "sta9"]}
2026-06-19 19:22:44,259 - EXECUT - INFO - received weights from trainer sta8!
2026-06-19 19:22:46,113 - EXECUT - INFO - received weights from trainer sta16!
2026-06-19 19:22:46,186 - EXECUT - INFO - received weights from trainer sta18!
2026-06-19 19:22:51,458 - EXECUT - INFO - received weights from trainer sta14!
2026-06-19 19:22:51,957 - EXECUT - INFO - received weights from trainer sta12!
2026-06-19 19:22:52,362 - EXECUT - INFO - received weights from trainer sta11!
2026-06-19 19:22:53,540 - EXECUT - INFO - received weights from trainer sta0!
2026-06-19 19:22:56,255 - EXECUT - INFO - received weights from trainer sta10!
2026-06-19 19:22:56,292 - EXECUT - INFO - received weights from trainer sta1!
2026-06-19 19:22:56,354 - EXECUT - INFO - received weights from trainer sta13!
2026-06-19 19:22:56,414 - EXECUT - INFO - received weights from trainer sta15!
2026-06-19 19:22:56,557 - EXECUT - INFO - received weights from trainer sta4!
2026-06-19 19:22:56,577 - EXECUT - INFO - received weights from trainer sta19!
2026-06-19 19:22:57,389 - EXECUT - INFO - received weights from trainer sta7!
2026-06-19 19:23:00,617 - EXECUT - INFO - received weights from trainer sta5!
2026-06-19 19:23:17,042 - EXECUT - INFO - received weights from trainer sta17!
2026-06-19 19:23:17,067 - EXECUT - INFO - received weights from trainer sta2!
2026-06-19 19:23:17,092 - EXECUT - INFO - received weights from trainer sta3!
2026-06-19 19:23:17,146 - EXECUT - INFO - received weights from trainer sta6!
2026-06-19 19:23:17,215 - EXECUT - INFO - received weights from trainer sta9!
2026-06-19 19:23:18,974 - EXECUT - INFO - sent aggregated weights to trainers!
2026-06-19 19:23:19,866 - METRIC - INFO - {"loss": 0.05859468877315521, "accuracy": 0.9836488962173462, "energy_consumption": null, "selected": false, "client_name": "sta8"}
2026-06-19 19:23:19,890 - METRIC - INFO - {"loss": 0.05453415587544441, "accuracy": 0.9812164306640625, "energy_consumption": null, "selected": false, "client_name": "sta18"}
2026-06-19 19:23:20,005 - METRIC - INFO - {"loss": 0.06317358464002609, "accuracy": 0.9797699451446533, "energy_consumption": null, "selected": false, "client_name": "sta11"}
2026-06-19 19:23:20,060 - METRIC - INFO - {"loss": 0.05228167772293091, "accuracy": 0.9857064485549927, "energy_consumption": null, "selected": false, "client_name": "sta9"}
2026-06-19 19:23:20,121 - METRIC - INFO - {"loss": 0.0625610202550888, "accuracy": 0.9789473414421082, "energy_consumption": null, "selected": false, "client_name": "sta10"}
2026-06-19 19:23:20,125 - METRIC - INFO - {"loss": 0.04947715997695923, "accuracy": 0.9850634932518005, "energy_consumption": null, "selected": false, "client_name": "sta13"}
2026-06-19 19:23:20,129 - METRIC - INFO - {"loss": 0.0853867456316948, "accuracy": 0.9760765433311462, "energy_consumption": null, "selected": false, "client_name": "sta16"}
2026-06-19 19:23:20,141 - METRIC - INFO - {"loss": 0.055749669671058655, "accuracy": 0.9816631078720093, "energy_consumption": null, "selected": false, "client_name": "sta14"}
2026-06-19 19:23:20,148 - METRIC - INFO - {"loss": 0.060276858508586884, "accuracy": 0.9811088442802429, "energy_consumption": null, "selected": false, "client_name": "sta12"}
2026-06-19 19:23:20,166 - METRIC - INFO - {"loss": 0.06372403353452682, "accuracy": 0.9792993664741516, "energy_consumption": null, "selected": false, "client_name": "sta19"}
2026-06-19 19:23:20,170 - METRIC - INFO - {"loss": 0.06098296493291855, "accuracy": 0.9800404906272888, "energy_consumption": null, "selected": false, "client_name": "sta3"}
2026-06-19 19:23:20,172 - METRIC - INFO - {"loss": 0.06041966378688812, "accuracy": 0.9811263084411621, "energy_consumption": null, "selected": false, "client_name": "sta6"}
2026-06-19 19:23:20,180 - METRIC - INFO - {"loss": 0.055489882826805115, "accuracy": 0.9818521738052368, "energy_consumption": null, "selected": false, "client_name": "sta5"}
2026-06-19 19:23:20,215 - METRIC - INFO - {"loss": 0.055482979863882065, "accuracy": 0.9814189076423645, "energy_consumption": null, "selected": false, "client_name": "sta17"}
2026-06-19 19:23:20,297 - METRIC - INFO - {"loss": 0.05359164997935295, "accuracy": 0.9853564500808716, "energy_consumption": null, "selected": false, "client_name": "sta15"}
2026-06-19 19:23:20,320 - METRIC - INFO - {"loss": 0.06560500711202621, "accuracy": 0.9840278029441833, "energy_consumption": null, "selected": false, "client_name": "sta4"}
2026-06-19 19:23:20,419 - METRIC - INFO - {"loss": 0.06113949418067932, "accuracy": 0.9819952845573425, "energy_consumption": null, "selected": false, "client_name": "sta7"}
2026-06-19 19:23:20,466 - METRIC - INFO - {"loss": 0.06105899438261986, "accuracy": 0.9795918464660645, "energy_consumption": null, "selected": false, "client_name": "sta2"}
2026-06-19 19:23:20,492 - METRIC - INFO - {"loss": 0.06168488413095474, "accuracy": 0.9805137515068054, "energy_consumption": null, "selected": false, "client_name": "sta1"}
2026-06-19 19:23:20,528 - METRIC - INFO - {"loss": 0.05370467156171799, "accuracy": 0.9837728142738342, "energy_consumption": null, "selected": false, "client_name": "sta0"}
2026-06-19 19:23:20,976 - METRIC - INFO - mean_accuracy: 0.9816098123788833

2026-06-19 19:23:20,977 - METRIC - INFO - round: 18
2026-06-19 19:23:20,977 - METRIC - INFO - n_selected: 20
2026-06-19 19:23:20,977 - METRIC - INFO - {"selected_trainers": ["sta0", "sta1", "sta10", "sta11", "sta12", "sta13", "sta14", "sta15", "sta16", "sta17", "sta18", "sta19", "sta2", "sta3", "sta4", "sta5", "sta6", "sta7", "sta8", "sta9"]}
2026-06-19 19:23:31,567 - EXECUT - INFO - received weights from trainer sta16!
2026-06-19 19:23:31,657 - EXECUT - INFO - received weights from trainer sta18!
2026-06-19 19:23:31,837 - EXECUT - INFO - received weights from trainer sta8!
2026-06-19 19:23:31,987 - EXECUT - INFO - received weights from trainer sta4!
2026-06-19 19:23:36,909 - EXECUT - INFO - received weights from trainer sta14!
2026-06-19 19:23:37,829 - EXECUT - INFO - received weights from trainer sta11!
2026-06-19 19:23:37,895 - EXECUT - INFO - received weights from trainer sta19!
2026-06-19 19:23:41,685 - EXECUT - INFO - received weights from trainer sta0!
2026-06-19 19:23:41,705 - EXECUT - INFO - received weights from trainer sta10!
2026-06-19 19:23:41,725 - EXECUT - INFO - received weights from trainer sta1!
2026-06-19 19:23:41,757 - EXECUT - INFO - received weights from trainer sta12!
2026-06-19 19:23:41,799 - EXECUT - INFO - received weights from trainer sta13!
2026-06-19 19:23:41,871 - EXECUT - INFO - received weights from trainer sta15!
2026-06-19 19:23:42,863 - EXECUT - INFO - received weights from trainer sta7!
2026-06-19 19:24:02,495 - EXECUT - INFO - received weights from trainer sta17!
2026-06-19 19:24:02,524 - EXECUT - INFO - received weights from trainer sta2!
2026-06-19 19:24:02,553 - EXECUT - INFO - received weights from trainer sta3!
2026-06-19 19:24:02,573 - EXECUT - INFO - received weights from trainer sta5!
2026-06-19 19:24:02,593 - EXECUT - INFO - received weights from trainer sta6!
2026-06-19 19:24:02,665 - EXECUT - INFO - received weights from trainer sta9!
2026-06-19 19:24:04,473 - EXECUT - INFO - sent aggregated weights to trainers!
2026-06-19 19:24:05,336 - METRIC - INFO - {"loss": 0.056405648589134216, "accuracy": 0.9853700399398804, "energy_consumption": null, "selected": false, "client_name": "sta8"}
2026-06-19 19:24:05,469 - METRIC - INFO - {"loss": 0.05180257558822632, "accuracy": 0.9838998317718506, "energy_consumption": null, "selected": false, "client_name": "sta18"}
2026-06-19 19:24:05,485 - METRIC - INFO - {"loss": 0.060027532279491425, "accuracy": 0.9801619648933411, "energy_consumption": null, "selected": false, "client_name": "sta10"}
2026-06-19 19:24:05,490 - METRIC - INFO - {"loss": 0.08248534798622131, "accuracy": 0.9768739938735962, "energy_consumption": null, "selected": false, "client_name": "sta16"}
2026-06-19 19:24:05,506 - METRIC - INFO - {"loss": 0.061425987631082535, "accuracy": 0.9813566207885742, "energy_consumption": null, "selected": false, "client_name": "sta11"}
2026-06-19 19:24:05,528 - METRIC - INFO - {"loss": 0.05323944240808487, "accuracy": 0.9842217564582825, "energy_consumption": null, "selected": false, "client_name": "sta14"}
2026-06-19 19:24:05,556 - METRIC - INFO - {"loss": 0.05051690712571144, "accuracy": 0.9854315519332886, "energy_consumption": null, "selected": false, "client_name": "sta9"}
2026-06-19 19:24:05,574 - METRIC - INFO - {"loss": 0.05737210810184479, "accuracy": 0.98398357629776, "energy_consumption": null, "selected": false, "client_name": "sta12"}
2026-06-19 19:24:05,676 - METRIC - INFO - {"loss": 0.06214071437716484, "accuracy": 0.9819444417953491, "energy_consumption": null, "selected": false, "client_name": "sta4"}
2026-06-19 19:24:05,682 - METRIC - INFO - {"loss": 0.05713888630270958, "accuracy": 0.9837662577629089, "energy_consumption": null, "selected": false, "client_name": "sta7"}
2026-06-19 19:24:05,687 - METRIC - INFO - {"loss": 0.05893465504050255, "accuracy": 0.9805175065994263, "energy_consumption": null, "selected": false, "client_name": "sta6"}
2026-06-19 19:24:05,717 - METRIC - INFO - {"loss": 0.05009486526250839, "accuracy": 0.9842342138290405, "energy_consumption": null, "selected": false, "client_name": "sta17"}
2026-06-19 19:24:05,747 - METRIC - INFO - {"loss": 0.04709566757082939, "accuracy": 0.9846900701522827, "energy_consumption": null, "selected": false, "client_name": "sta13"}
2026-06-19 19:24:05,783 - METRIC - INFO - {"loss": 0.051037922501564026, "accuracy": 0.9857417941093445, "energy_consumption": null, "selected": false, "client_name": "sta15"}
2026-06-19 19:24:05,794 - METRIC - INFO - {"loss": 0.06151352450251579, "accuracy": 0.977707028388977, "energy_consumption": null, "selected": false, "client_name": "sta19"}
2026-06-19 19:24:05,860 - METRIC - INFO - {"loss": 0.060702428221702576, "accuracy": 0.9796279668807983, "energy_consumption": null, "selected": false, "client_name": "sta1"}
2026-06-19 19:24:05,980 - METRIC - INFO - {"loss": 0.059338923543691635, "accuracy": 0.9801288843154907, "energy_consumption": null, "selected": false, "client_name": "sta2"}
2026-06-19 19:24:05,982 - METRIC - INFO - {"loss": 0.05998926982283592, "accuracy": 0.9788834452629089, "energy_consumption": null, "selected": false, "client_name": "sta3"}
2026-06-19 19:24:06,001 - METRIC - INFO - {"loss": 0.05294713005423546, "accuracy": 0.9839872121810913, "energy_consumption": null, "selected": false, "client_name": "sta5"}
2026-06-19 19:24:06,031 - METRIC - INFO - {"loss": 0.05192481726408005, "accuracy": 0.9841784834861755, "energy_consumption": null, "selected": false, "client_name": "sta0"}
2026-06-19 19:24:06,475 - METRIC - INFO - mean_accuracy: 0.9823353320360184

2026-06-19 19:24:06,475 - METRIC - INFO - round: 19
2026-06-19 19:24:06,475 - METRIC - INFO - n_selected: 20
2026-06-19 19:24:06,476 - METRIC - INFO - {"selected_trainers": ["sta0", "sta1", "sta10", "sta11", "sta12", "sta13", "sta14", "sta15", "sta16", "sta17", "sta18", "sta19", "sta2", "sta3", "sta4", "sta5", "sta6", "sta7", "sta8", "sta9"]}
2026-06-19 19:24:17,045 - EXECUT - INFO - received weights from trainer sta16!
2026-06-19 19:24:17,117 - EXECUT - INFO - received weights from trainer sta18!
2026-06-19 19:24:17,324 - EXECUT - INFO - received weights from trainer sta8!
2026-06-19 19:24:22,923 - EXECUT - INFO - received weights from trainer sta12!
2026-06-19 19:24:23,057 - EXECUT - INFO - received weights from trainer sta10!
2026-06-19 19:24:23,374 - EXECUT - INFO - received weights from trainer sta19!
2026-06-19 19:24:27,178 - EXECUT - INFO - received weights from trainer sta0!
2026-06-19 19:24:27,210 - EXECUT - INFO - received weights from trainer sta11!
2026-06-19 19:24:27,233 - EXECUT - INFO - received weights from trainer sta1!
2026-06-19 19:24:27,302 - EXECUT - INFO - received weights from trainer sta13!
2026-06-19 19:24:27,339 - EXECUT - INFO - received weights from trainer sta14!
2026-06-19 19:24:27,350 - EXECUT - INFO - received weights from trainer sta15!
2026-06-19 19:24:27,495 - EXECUT - INFO - received weights from trainer sta4!
2026-06-19 19:24:29,768 - EXECUT - INFO - received weights from trainer sta9!
2026-06-19 19:24:47,981 - EXECUT - INFO - received weights from trainer sta17!
2026-06-19 19:24:48,012 - EXECUT - INFO - received weights from trainer sta2!
2026-06-19 19:24:48,043 - EXECUT - INFO - received weights from trainer sta3!
2026-06-19 19:24:48,074 - EXECUT - INFO - received weights from trainer sta5!
2026-06-19 19:24:48,105 - EXECUT - INFO - received weights from trainer sta6!
2026-06-19 19:24:48,136 - EXECUT - INFO - received weights from trainer sta7!
2026-06-19 19:24:49,946 - EXECUT - INFO - sent aggregated weights to trainers!
2026-06-19 19:24:50,751 - METRIC - INFO - {"loss": 0.052865248173475266, "accuracy": 0.9836488962173462, "energy_consumption": null, "selected": false, "client_name": "sta8"}
2026-06-19 19:24:50,900 - METRIC - INFO - {"loss": 0.04966430738568306, "accuracy": 0.9830053448677063, "energy_consumption": null, "selected": false, "client_name": "sta18"}
2026-06-19 19:24:50,929 - METRIC - INFO - {"loss": 0.05713777244091034, "accuracy": 0.9825910925865173, "energy_consumption": null, "selected": false, "client_name": "sta10"}
2026-06-19 19:24:50,943 - METRIC - INFO - {"loss": 0.047290097922086716, "accuracy": 0.985981285572052, "energy_consumption": null, "selected": false, "client_name": "sta9"}
2026-06-19 19:24:50,948 - METRIC - INFO - {"loss": 0.05790708586573601, "accuracy": 0.9813566207885742, "energy_consumption": null, "selected": false, "client_name": "sta11"}
2026-06-19 19:24:50,969 - METRIC - INFO - {"loss": 0.05095449090003967, "accuracy": 0.9837952852249146, "energy_consumption": null, "selected": false, "client_name": "sta14"}
2026-06-19 19:24:51,005 - METRIC - INFO - {"loss": 0.0793934166431427, "accuracy": 0.9784688949584961, "energy_consumption": null, "selected": false, "client_name": "sta16"}
2026-06-19 19:24:51,061 - METRIC - INFO - {"loss": 0.059298060834407806, "accuracy": 0.9840278029441833, "energy_consumption": null, "selected": false, "client_name": "sta4"}
2026-06-19 19:24:51,075 - METRIC - INFO - {"loss": 0.04422130435705185, "accuracy": 0.986557126045227, "energy_consumption": null, "selected": false, "client_name": "sta13"}
2026-06-19 19:24:51,101 - METRIC - INFO - {"loss": 0.04864654690027237, "accuracy": 0.986897885799408, "energy_consumption": null, "selected": false, "client_name": "sta15"}
2026-06-19 19:24:51,111 - METRIC - INFO - {"loss": 0.058062613010406494, "accuracy": 0.9816879034042358, "energy_consumption": null, "selected": false, "client_name": "sta19"}
2026-06-19 19:24:51,158 - METRIC - INFO - {"loss": 0.05664757266640663, "accuracy": 0.9834710955619812, "energy_consumption": null, "selected": false, "client_name": "sta7"}
2026-06-19 19:24:51,167 - METRIC - INFO - {"loss": 0.05474879965186119, "accuracy": 0.9823439717292786, "energy_consumption": null, "selected": false, "client_name": "sta6"}
2026-06-19 19:24:51,187 - METRIC - INFO - {"loss": 0.05000893026590347, "accuracy": 0.9839872121810913, "energy_consumption": null, "selected": false, "client_name": "sta5"}
2026-06-19 19:24:51,216 - METRIC - INFO - {"loss": 0.05392995476722717, "accuracy": 0.9823408722877502, "energy_consumption": null, "selected": false, "client_name": "sta12"}
2026-06-19 19:24:51,300 - METRIC - INFO - {"loss": 0.0565420463681221, "accuracy": 0.9809566140174866, "energy_consumption": null, "selected": false, "client_name": "sta1"}
2026-06-19 19:24:51,305 - METRIC - INFO - {"loss": 0.04849788174033165, "accuracy": 0.9845157861709595, "energy_consumption": null, "selected": false, "client_name": "sta17"}
2026-06-19 19:24:51,426 - METRIC - INFO - {"loss": 0.0560310073196888, "accuracy": 0.9803974032402039, "energy_consumption": null, "selected": false, "client_name": "sta2"}
2026-06-19 19:24:51,450 - METRIC - INFO - {"loss": 0.05976991727948189, "accuracy": 0.9803297519683838, "energy_consumption": null, "selected": false, "client_name": "sta3"}
2026-06-19 19:24:51,464 - METRIC - INFO - {"loss": 0.050259023904800415, "accuracy": 0.9849898815155029, "energy_consumption": null, "selected": false, "client_name": "sta0"}
2026-06-19 19:24:51,948 - METRIC - INFO - mean_accuracy: 0.983067536354065

2026-06-19 19:24:51,949 - METRIC - INFO - round: 20
2026-06-19 19:24:51,949 - METRIC - INFO - n_selected: 20
2026-06-19 19:24:51,949 - METRIC - INFO - {"selected_trainers": ["sta0", "sta1", "sta10", "sta11", "sta12", "sta13", "sta14", "sta15", "sta16", "sta17", "sta18", "sta19", "sta2", "sta3", "sta4", "sta5", "sta6", "sta7", "sta8", "sta9"]}
2026-06-19 19:25:01,106 - EXECUT - INFO - received weights from trainer sta16!
2026-06-19 19:25:02,614 - EXECUT - INFO - received weights from trainer sta18!
2026-06-19 19:25:02,802 - EXECUT - INFO - received weights from trainer sta8!
2026-06-19 19:25:08,440 - EXECUT - INFO - received weights from trainer sta12!
2026-06-19 19:25:12,694 - EXECUT - INFO - received weights from trainer sta0!
2026-06-19 19:25:12,720 - EXECUT - INFO - received weights from trainer sta11!
2026-06-19 19:25:12,742 - EXECUT - INFO - received weights from trainer sta10!
2026-06-19 19:25:12,773 - EXECUT - INFO - received weights from trainer sta1!
2026-06-19 19:25:12,796 - EXECUT - INFO - received weights from trainer sta14!
2026-06-19 19:25:12,817 - EXECUT - INFO - received weights from trainer sta13!
2026-06-19 19:25:12,852 - EXECUT - INFO - received weights from trainer sta15!
2026-06-19 19:25:12,968 - EXECUT - INFO - received weights from trainer sta4!
2026-06-19 19:25:13,013 - EXECUT - INFO - received weights from trainer sta19!
2026-06-19 19:25:14,614 - EXECUT - INFO - received weights from trainer sta17!
2026-06-19 19:25:33,486 - EXECUT - INFO - received weights from trainer sta2!
2026-06-19 19:25:33,532 - EXECUT - INFO - received weights from trainer sta3!
2026-06-19 19:25:33,561 - EXECUT - INFO - received weights from trainer sta5!
2026-06-19 19:25:33,590 - EXECUT - INFO - received weights from trainer sta7!
2026-06-19 19:25:33,619 - EXECUT - INFO - received weights from trainer sta6!
2026-06-19 19:25:33,647 - EXECUT - INFO - received weights from trainer sta9!
2026-06-19 19:25:35,526 - EXECUT - INFO - sent aggregated weights to trainers!
2026-06-19 19:25:36,323 - METRIC - INFO - {"loss": 0.051386017352342606, "accuracy": 0.9836488962173462, "energy_consumption": null, "selected": false, "client_name": "sta8"}
2026-06-19 19:25:36,507 - METRIC - INFO - {"loss": 0.048644304275512695, "accuracy": 0.9830053448677063, "energy_consumption": null, "selected": false, "client_name": "sta18"}
2026-06-19 19:25:36,687 - METRIC - INFO - {"loss": 0.07613726705312729, "accuracy": 0.979266345500946, "energy_consumption": null, "selected": false, "client_name": "sta16"}
2026-06-19 19:25:36,741 - METRIC - INFO - {"loss": 0.04405748471617699, "accuracy": 0.9862561821937561, "energy_consumption": null, "selected": false, "client_name": "sta9"}
2026-06-19 19:25:36,758 - METRIC - INFO - {"loss": 0.04941526800394058, "accuracy": 0.9850746393203735, "energy_consumption": null, "selected": false, "client_name": "sta14"}
2026-06-19 19:25:36,777 - METRIC - INFO - {"loss": 0.05622147396206856, "accuracy": 0.9854166507720947, "energy_consumption": null, "selected": false, "client_name": "sta4"}
2026-06-19 19:25:36,802 - METRIC - INFO - {"loss": 0.04706696420907974, "accuracy": 0.9853603839874268, "energy_consumption": null, "selected": false, "client_name": "sta17"}
2026-06-19 19:25:36,847 - METRIC - INFO - {"loss": 0.05741805583238602, "accuracy": 0.9805632829666138, "energy_consumption": null, "selected": false, "client_name": "sta11"}
2026-06-19 19:25:36,849 - METRIC - INFO - {"loss": 0.042753737419843674, "accuracy": 0.9869305491447449, "energy_consumption": null, "selected": false, "client_name": "sta13"}
2026-06-19 19:25:36,858 - METRIC - INFO - {"loss": 0.05702614039182663, "accuracy": 0.9805667996406555, "energy_consumption": null, "selected": false, "client_name": "sta10"}
2026-06-19 19:25:36,868 - METRIC - INFO - {"loss": 0.046717483550310135, "accuracy": 0.9876685738563538, "energy_consumption": null, "selected": false, "client_name": "sta15"}
2026-06-19 19:25:36,875 - METRIC - INFO - {"loss": 0.054245881736278534, "accuracy": 0.9811975955963135, "energy_consumption": null, "selected": false, "client_name": "sta3"}
2026-06-19 19:25:36,882 - METRIC - INFO - {"loss": 0.0535750575363636, "accuracy": 0.9814715385437012, "energy_consumption": null, "selected": false, "client_name": "sta2"}
2026-06-19 19:25:36,884 - METRIC - INFO - {"loss": 0.05444149300456047, "accuracy": 0.9829528331756592, "energy_consumption": null, "selected": false, "client_name": "sta6"}
2026-06-19 19:25:36,889 - METRIC - INFO - {"loss": 0.04984385892748833, "accuracy": 0.985321581363678, "energy_consumption": null, "selected": false, "client_name": "sta5"}
2026-06-19 19:25:37,000 - METRIC - INFO - {"loss": 0.05433957278728485, "accuracy": 0.9852156043052673, "energy_consumption": null, "selected": false, "client_name": "sta12"}
2026-06-19 19:25:37,025 - METRIC - INFO - {"loss": 0.05631835758686066, "accuracy": 0.9836783409118652, "energy_consumption": null, "selected": false, "client_name": "sta19"}
2026-06-19 19:25:37,068 - METRIC - INFO - {"loss": 0.05447230115532875, "accuracy": 0.9827280640602112, "energy_consumption": null, "selected": false, "client_name": "sta1"}
2026-06-19 19:25:37,145 - METRIC - INFO - {"loss": 0.05413974076509476, "accuracy": 0.9834710955619812, "energy_consumption": null, "selected": false, "client_name": "sta7"}
2026-06-19 19:25:37,195 - METRIC - INFO - {"loss": 0.049760352820158005, "accuracy": 0.9862068891525269, "energy_consumption": null, "selected": false, "client_name": "sta0"}
2026-06-19 19:25:37,528 - METRIC - INFO - mean_accuracy: 0.983800059556961

2026-06-19 19:25:37,529 - METRIC - INFO - round: 21
2026-06-19 19:25:37,529 - METRIC - INFO - n_selected: 20
2026-06-19 19:25:37,529 - METRIC - INFO - {"selected_trainers": ["sta0", "sta1", "sta10", "sta11", "sta12", "sta13", "sta14", "sta15", "sta16", "sta17", "sta18", "sta19", "sta2", "sta3", "sta4", "sta5", "sta6", "sta7", "sta8", "sta9"]}
2026-06-19 19:25:46,654 - EXECUT - INFO - received weights from trainer sta16!
2026-06-19 19:25:48,165 - EXECUT - INFO - received weights from trainer sta18!
2026-06-19 19:25:48,403 - EXECUT - INFO - received weights from trainer sta8!
2026-06-19 19:25:53,213 - EXECUT - INFO - received weights from trainer sta1!
2026-06-19 19:25:58,241 - EXECUT - INFO - received weights from trainer sta0!
2026-06-19 19:25:58,262 - EXECUT - INFO - received weights from trainer sta10!
2026-06-19 19:25:58,282 - EXECUT - INFO - received weights from trainer sta11!
2026-06-19 19:25:58,312 - EXECUT - INFO - received weights from trainer sta12!
2026-06-19 19:25:58,349 - EXECUT - INFO - received weights from trainer sta13!
2026-06-19 19:25:58,376 - EXECUT - INFO - received weights from trainer sta14!
2026-06-19 19:25:58,410 - EXECUT - INFO - received weights from trainer sta15!
2026-06-19 19:25:58,542 - EXECUT - INFO - received weights from trainer sta4!
2026-06-19 19:25:58,562 - EXECUT - INFO - received weights from trainer sta19!
2026-06-19 19:26:02,268 - EXECUT - INFO - received weights from trainer sta3!
2026-06-19 19:26:19,017 - EXECUT - INFO - received weights from trainer sta17!
2026-06-19 19:26:19,059 - EXECUT - INFO - received weights from trainer sta2!
2026-06-19 19:26:19,114 - EXECUT - INFO - received weights from trainer sta5!
2026-06-19 19:26:19,134 - EXECUT - INFO - received weights from trainer sta6!
2026-06-19 19:26:19,154 - EXECUT - INFO - received weights from trainer sta7!
2026-06-19 19:26:19,197 - EXECUT - INFO - received weights from trainer sta9!
2026-06-19 19:26:20,931 - EXECUT - INFO - sent aggregated weights to trainers!
2026-06-19 19:26:22,039 - METRIC - INFO - {"loss": 0.0747474953532219, "accuracy": 0.979266345500946, "energy_consumption": null, "selected": false, "client_name": "sta16"}
2026-06-19 19:26:22,078 - METRIC - INFO - {"loss": 0.04684234783053398, "accuracy": 0.9865831732749939, "energy_consumption": null, "selected": false, "client_name": "sta18"}
2026-06-19 19:26:22,084 - METRIC - INFO - {"loss": 0.05075092986226082, "accuracy": 0.9845094680786133, "energy_consumption": null, "selected": false, "client_name": "sta8"}
2026-06-19 19:26:22,131 - METRIC - INFO - {"loss": 0.05500984191894531, "accuracy": 0.9817813634872437, "energy_consumption": null, "selected": false, "client_name": "sta10"}
2026-06-19 19:26:22,137 - METRIC - INFO - {"loss": 0.051598984748125076, "accuracy": 0.9820653796195984, "energy_consumption": null, "selected": false, "client_name": "sta3"}
2026-06-19 19:26:22,148 - METRIC - INFO - {"loss": 0.05464085936546326, "accuracy": 0.9817532896995544, "energy_consumption": null, "selected": false, "client_name": "sta11"}
2026-06-19 19:26:22,155 - METRIC - INFO - {"loss": 0.040145352482795715, "accuracy": 0.9869305491447449, "energy_consumption": null, "selected": false, "client_name": "sta13"}
2026-06-19 19:26:22,175 - METRIC - INFO - {"loss": 0.046739447861909866, "accuracy": 0.9855010509490967, "energy_consumption": null, "selected": false, "client_name": "sta14"}
2026-06-19 19:26:22,201 - METRIC - INFO - {"loss": 0.05097976699471474, "accuracy": 0.9823439717292786, "energy_consumption": null, "selected": false, "client_name": "sta6"}
2026-06-19 19:26:22,214 - METRIC - INFO - {"loss": 0.05278358235955238, "accuracy": 0.9831759333610535, "energy_consumption": null, "selected": false, "client_name": "sta7"}
2026-06-19 19:26:22,228 - METRIC - INFO - {"loss": 0.04596575349569321, "accuracy": 0.9850788116455078, "energy_consumption": null, "selected": false, "client_name": "sta17"}
2026-06-19 19:26:22,288 - METRIC - INFO - {"loss": 0.042500536888837814, "accuracy": 0.9879054427146912, "energy_consumption": null, "selected": false, "client_name": "sta9"}
2026-06-19 19:26:22,299 - METRIC - INFO - {"loss": 0.052247896790504456, "accuracy": 0.9848049283027649, "energy_consumption": null, "selected": false, "client_name": "sta12"}
2026-06-19 19:26:22,300 - METRIC - INFO - {"loss": 0.045002467930316925, "accuracy": 0.9880539774894714, "energy_consumption": null, "selected": false, "client_name": "sta15"}
2026-06-19 19:26:22,325 - METRIC - INFO - {"loss": 0.05400144308805466, "accuracy": 0.9861111044883728, "energy_consumption": null, "selected": false, "client_name": "sta4"}
2026-06-19 19:26:22,327 - METRIC - INFO - {"loss": 0.05496760830283165, "accuracy": 0.9824841022491455, "energy_consumption": null, "selected": false, "client_name": "sta19"}
2026-06-19 19:26:22,362 - METRIC - INFO - {"loss": 0.05486303195357323, "accuracy": 0.9818423390388489, "energy_consumption": null, "selected": false, "client_name": "sta1"}
2026-06-19 19:26:22,484 - METRIC - INFO - {"loss": 0.052125200629234314, "accuracy": 0.9817400574684143, "energy_consumption": null, "selected": false, "client_name": "sta2"}
2026-06-19 19:26:22,529 - METRIC - INFO - {"loss": 0.04438219591975212, "accuracy": 0.9870182275772095, "energy_consumption": null, "selected": false, "client_name": "sta0"}
2026-06-19 19:26:22,795 - METRIC - INFO - {"loss": 0.04664338752627373, "accuracy": 0.9850547313690186, "energy_consumption": null, "selected": false, "client_name": "sta5"}
2026-06-19 19:26:22,933 - METRIC - INFO - mean_accuracy: 0.9842002123594285

2026-06-19 19:26:22,934 - METRIC - INFO - round: 22
2026-06-19 19:26:22,934 - METRIC - INFO - n_selected: 20
2026-06-19 19:26:22,934 - METRIC - INFO - {"selected_trainers": ["sta0", "sta1", "sta10", "sta11", "sta12", "sta13", "sta14", "sta15", "sta16", "sta17", "sta18", "sta19", "sta2", "sta3", "sta4", "sta5", "sta6", "sta7", "sta8", "sta9"]}
2026-06-19 19:26:32,052 - EXECUT - INFO - received weights from trainer sta16!
2026-06-19 19:26:33,579 - EXECUT - INFO - received weights from trainer sta18!
2026-06-19 19:26:33,808 - EXECUT - INFO - received weights from trainer sta8!
2026-06-19 19:26:33,936 - EXECUT - INFO - received weights from trainer sta4!
2026-06-19 19:26:38,842 - EXECUT - INFO - received weights from trainer sta14!
2026-06-19 19:26:39,354 - EXECUT - INFO - received weights from trainer sta12!
2026-06-19 19:26:39,475 - EXECUT - INFO - received weights from trainer sta10!
2026-06-19 19:26:40,349 - EXECUT - INFO - received weights from trainer sta15!
2026-06-19 19:26:43,649 - EXECUT - INFO - received weights from trainer sta0!
2026-06-19 19:26:43,669 - EXECUT - INFO - received weights from trainer sta1!
2026-06-19 19:26:43,689 - EXECUT - INFO - received weights from trainer sta11!
2026-06-19 19:26:43,755 - EXECUT - INFO - received weights from trainer sta13!
2026-06-19 19:26:43,969 - EXECUT - INFO - received weights from trainer sta19!
2026-06-19 19:26:44,810 - EXECUT - INFO - received weights from trainer sta7!
2026-06-19 19:26:46,240 - EXECUT - INFO - received weights from trainer sta9!
2026-06-19 19:27:04,445 - EXECUT - INFO - received weights from trainer sta17!
2026-06-19 19:27:04,474 - EXECUT - INFO - received weights from trainer sta2!
2026-06-19 19:27:04,503 - EXECUT - INFO - received weights from trainer sta3!
2026-06-19 19:27:04,531 - EXECUT - INFO - received weights from trainer sta5!
2026-06-19 19:27:04,557 - EXECUT - INFO - received weights from trainer sta6!
2026-06-19 19:27:06,425 - EXECUT - INFO - sent aggregated weights to trainers!
2026-06-19 19:27:07,331 - METRIC - INFO - {"loss": 0.04765338823199272, "accuracy": 0.9836488962173462, "energy_consumption": null, "selected": false, "client_name": "sta8"}
2026-06-19 19:27:07,467 - METRIC - INFO - {"loss": 0.07474535703659058, "accuracy": 0.9776714444160461, "energy_consumption": null, "selected": false, "client_name": "sta16"}
2026-06-19 19:27:07,477 - METRIC - INFO - {"loss": 0.04044618457555771, "accuracy": 0.9876305460929871, "energy_consumption": null, "selected": false, "client_name": "sta9"}
2026-06-19 19:27:07,497 - METRIC - INFO - {"loss": 0.05578621104359627, "accuracy": 0.9817532896995544, "energy_consumption": null, "selected": false, "client_name": "sta11"}
2026-06-19 19:27:07,594 - METRIC - INFO - {"loss": 0.0461566299200058, "accuracy": 0.9847942590713501, "energy_consumption": null, "selected": false, "client_name": "sta18"}
2026-06-19 19:27:07,607 - METRIC - INFO - {"loss": 0.05124523490667343, "accuracy": 0.9825456738471985, "energy_consumption": null, "selected": false, "client_name": "sta2"}
2026-06-19 19:27:07,611 - METRIC - INFO - {"loss": 0.052518680691719055, "accuracy": 0.9817813634872437, "energy_consumption": null, "selected": false, "client_name": "sta10"}
2026-06-19 19:27:07,611 - METRIC - INFO - {"loss": 0.046005748212337494, "accuracy": 0.9863539338111877, "energy_consumption": null, "selected": false, "client_name": "sta14"}
2026-06-19 19:27:07,616 - METRIC - INFO - {"loss": 0.0491207130253315, "accuracy": 0.9832572340965271, "energy_consumption": null, "selected": false, "client_name": "sta6"}
2026-06-19 19:27:07,620 - METRIC - INFO - {"loss": 0.04638715460896492, "accuracy": 0.9861222505569458, "energy_consumption": null, "selected": false, "client_name": "sta5"}
2026-06-19 19:27:07,637 - METRIC - INFO - {"loss": 0.03879525884985924, "accuracy": 0.986557126045227, "energy_consumption": null, "selected": false, "client_name": "sta13"}
2026-06-19 19:27:07,643 - METRIC - INFO - {"loss": 0.0515727661550045, "accuracy": 0.9868583083152771, "energy_consumption": null, "selected": false, "client_name": "sta12"}
2026-06-19 19:27:07,652 - METRIC - INFO - {"loss": 0.04468071088194847, "accuracy": 0.9876685738563538, "energy_consumption": null, "selected": false, "client_name": "sta15"}
2026-06-19 19:27:07,695 - METRIC - INFO - {"loss": 0.044224705547094345, "accuracy": 0.9850788116455078, "energy_consumption": null, "selected": false, "client_name": "sta17"}
2026-06-19 19:27:07,799 - METRIC - INFO - {"loss": 0.05356496945023537, "accuracy": 0.981289803981781, "energy_consumption": null, "selected": false, "client_name": "sta19"}
2026-06-19 19:27:07,833 - METRIC - INFO - {"loss": 0.05354507640004158, "accuracy": 0.9847221970558167, "energy_consumption": null, "selected": false, "client_name": "sta4"}
2026-06-19 19:27:07,853 - METRIC - INFO - {"loss": 0.05118134617805481, "accuracy": 0.98228520154953, "energy_consumption": null, "selected": false, "client_name": "sta1"}
2026-06-19 19:27:07,906 - METRIC - INFO - {"loss": 0.05026199668645859, "accuracy": 0.9829331636428833, "energy_consumption": null, "selected": false, "client_name": "sta3"}
2026-06-19 19:27:07,915 - METRIC - INFO - {"loss": 0.05220577120780945, "accuracy": 0.982585608959198, "energy_consumption": null, "selected": false, "client_name": "sta7"}
2026-06-19 19:27:08,010 - METRIC - INFO - {"loss": 0.04312480613589287, "accuracy": 0.9874239563941956, "energy_consumption": null, "selected": false, "client_name": "sta0"}
2026-06-19 19:27:08,427 - METRIC - INFO - mean_accuracy: 0.9841480821371078

2026-06-19 19:27:08,428 - METRIC - INFO - round: 23
2026-06-19 19:27:08,428 - METRIC - INFO - n_selected: 20
2026-06-19 19:27:08,428 - METRIC - INFO - {"selected_trainers": ["sta0", "sta1", "sta10", "sta11", "sta12", "sta13", "sta14", "sta15", "sta16", "sta17", "sta18", "sta19", "sta2", "sta3", "sta4", "sta5", "sta6", "sta7", "sta8", "sta9"]}
2026-06-19 19:27:17,527 - EXECUT - INFO - received weights from trainer sta16!
2026-06-19 19:27:19,059 - EXECUT - INFO - received weights from trainer sta18!
2026-06-19 19:27:19,279 - EXECUT - INFO - received weights from trainer sta8!
2026-06-19 19:27:24,110 - EXECUT - INFO - received weights from trainer sta1!
2026-06-19 19:27:24,333 - EXECUT - INFO - received weights from trainer sta14!
2026-06-19 19:27:26,270 - EXECUT - INFO - received weights from trainer sta13!
2026-06-19 19:27:29,139 - EXECUT - INFO - received weights from trainer sta0!
2026-06-19 19:27:29,153 - EXECUT - INFO - received weights from trainer sta10!
2026-06-19 19:27:29,164 - EXECUT - INFO - received weights from trainer sta11!
2026-06-19 19:27:29,208 - EXECUT - INFO - received weights from trainer sta12!
2026-06-19 19:27:29,300 - EXECUT - INFO - received weights from trainer sta15!
2026-06-19 19:27:29,449 - EXECUT - INFO - received weights from trainer sta19!
2026-06-19 19:27:29,479 - EXECUT - INFO - received weights from trainer sta4!
2026-06-19 19:27:32,108 - EXECUT - INFO - received weights from trainer sta6!
2026-06-19 19:27:33,361 - EXECUT - INFO - received weights from trainer sta2!
2026-06-19 19:27:49,907 - EXECUT - INFO - received weights from trainer sta17!
2026-06-19 19:27:49,984 - EXECUT - INFO - received weights from trainer sta3!
2026-06-19 19:27:50,017 - EXECUT - INFO - received weights from trainer sta5!
2026-06-19 19:27:50,048 - EXECUT - INFO - received weights from trainer sta7!
2026-06-19 19:27:50,106 - EXECUT - INFO - received weights from trainer sta9!
2026-06-19 19:27:51,876 - EXECUT - INFO - sent aggregated weights to trainers!
2026-06-19 19:27:52,717 - METRIC - INFO - {"loss": 0.0487026609480381, "accuracy": 0.9836488962173462, "energy_consumption": null, "selected": false, "client_name": "sta8"}
2026-06-19 19:27:52,871 - METRIC - INFO - {"loss": 0.043084464967250824, "accuracy": 0.9874776601791382, "energy_consumption": null, "selected": false, "client_name": "sta18"}
2026-06-19 19:27:52,876 - METRIC - INFO - {"loss": 0.0725729838013649, "accuracy": 0.979266345500946, "energy_consumption": null, "selected": false, "client_name": "sta16"}
2026-06-19 19:27:52,902 - METRIC - INFO - {"loss": 0.0524715892970562, "accuracy": 0.9813765287399292, "energy_consumption": null, "selected": false, "client_name": "sta10"}
2026-06-19 19:27:52,923 - METRIC - INFO - {"loss": 0.0438462570309639, "accuracy": 0.9867804050445557, "energy_consumption": null, "selected": false, "client_name": "sta14"}
2026-06-19 19:27:53,054 - METRIC - INFO - {"loss": 0.05159218609333038, "accuracy": 0.9825466275215149, "energy_consumption": null, "selected": false, "client_name": "sta11"}
2026-06-19 19:27:53,064 - METRIC - INFO - {"loss": 0.04342053085565567, "accuracy": 0.9856418967247009, "energy_consumption": null, "selected": false, "client_name": "sta17"}
2026-06-19 19:27:53,071 - METRIC - INFO - {"loss": 0.05224168300628662, "accuracy": 0.9832802414894104, "energy_consumption": null, "selected": false, "client_name": "sta19"}
2026-06-19 19:27:53,105 - METRIC - INFO - {"loss": 0.049249958246946335, "accuracy": 0.9837662577629089, "energy_consumption": null, "selected": false, "client_name": "sta7"}
2026-06-19 19:27:53,170 - METRIC - INFO - {"loss": 0.03771238401532173, "accuracy": 0.9880507588386536, "energy_consumption": null, "selected": false, "client_name": "sta13"}
2026-06-19 19:27:53,181 - METRIC - INFO - {"loss": 0.039992883801460266, "accuracy": 0.9887300729751587, "energy_consumption": null, "selected": false, "client_name": "sta9"}
2026-06-19 19:27:53,182 - METRIC - INFO - {"loss": 0.049936093389987946, "accuracy": 0.9860369563102722, "energy_consumption": null, "selected": false, "client_name": "sta12"}
2026-06-19 19:27:53,204 - METRIC - INFO - {"loss": 0.04588043689727783, "accuracy": 0.9872832298278809, "energy_consumption": null, "selected": false, "client_name": "sta15"}
2026-06-19 19:27:53,227 - METRIC - INFO - {"loss": 0.05201870948076248, "accuracy": 0.981249988079071, "energy_consumption": null, "selected": false, "client_name": "sta4"}
2026-06-19 19:27:53,341 - METRIC - INFO - {"loss": 0.04761233553290367, "accuracy": 0.9858012199401855, "energy_consumption": null, "selected": false, "client_name": "sta0"}
2026-06-19 19:27:53,350 - METRIC - INFO - {"loss": 0.04867049679160118, "accuracy": 0.9847792983055115, "energy_consumption": null, "selected": false, "client_name": "sta6"}
2026-06-19 19:27:53,364 - METRIC - INFO - {"loss": 0.04486791044473648, "accuracy": 0.9847878217697144, "energy_consumption": null, "selected": false, "client_name": "sta5"}
2026-06-19 19:27:53,367 - METRIC - INFO - {"loss": 0.05065183341503143, "accuracy": 0.9827280640602112, "energy_consumption": null, "selected": false, "client_name": "sta1"}
2026-06-19 19:27:53,371 - METRIC - INFO - {"loss": 0.04854338988661766, "accuracy": 0.9820653796195984, "energy_consumption": null, "selected": false, "client_name": "sta3"}
2026-06-19 19:27:53,693 - METRIC - INFO - {"loss": 0.04925726354122162, "accuracy": 0.9833512306213379, "energy_consumption": null, "selected": false, "client_name": "sta2"}
2026-06-19 19:27:53,878 - METRIC - INFO - mean_accuracy: 0.9844324439764023

2026-06-19 19:27:53,879 - METRIC - INFO - round: 24
2026-06-19 19:27:53,879 - METRIC - INFO - n_selected: 20
2026-06-19 19:27:53,879 - METRIC - INFO - {"selected_trainers": ["sta0", "sta1", "sta10", "sta11", "sta12", "sta13", "sta14", "sta15", "sta16", "sta17", "sta18", "sta19", "sta2", "sta3", "sta4", "sta5", "sta6", "sta7", "sta8", "sta9"]}
2026-06-19 19:28:03,025 - EXECUT - INFO - received weights from trainer sta16!
2026-06-19 19:28:04,536 - EXECUT - INFO - received weights from trainer sta18!
2026-06-19 19:28:04,745 - EXECUT - INFO - received weights from trainer sta8!
2026-06-19 19:28:09,832 - EXECUT - INFO - received weights from trainer sta14!
2026-06-19 19:28:10,710 - EXECUT - INFO - received weights from trainer sta11!
2026-06-19 19:28:11,329 - EXECUT - INFO - received weights from trainer sta15!
2026-06-19 19:28:14,577 - EXECUT - INFO - received weights from trainer sta0!
2026-06-19 19:28:14,609 - EXECUT - INFO - received weights from trainer sta10!
2026-06-19 19:28:14,643 - EXECUT - INFO - received weights from trainer sta1!
2026-06-19 19:28:14,664 - EXECUT - INFO - received weights from trainer sta12!
2026-06-19 19:28:14,706 - EXECUT - INFO - received weights from trainer sta13!
2026-06-19 19:28:14,898 - EXECUT - INFO - received weights from trainer sta4!
2026-06-19 19:28:14,918 - EXECUT - INFO - received weights from trainer sta19!
2026-06-19 19:28:15,748 - EXECUT - INFO - received weights from trainer sta7!
2026-06-19 19:28:16,518 - EXECUT - INFO - received weights from trainer sta17!
2026-06-19 19:28:18,814 - EXECUT - INFO - received weights from trainer sta2!
2026-06-19 19:28:18,954 - EXECUT - INFO - received weights from trainer sta5!
2026-06-19 19:28:35,434 - EXECUT - INFO - received weights from trainer sta3!
2026-06-19 19:28:35,498 - EXECUT - INFO - received weights from trainer sta6!
2026-06-19 19:28:35,570 - EXECUT - INFO - received weights from trainer sta9!
2026-06-19 19:28:36,877 - EXECUT - INFO - sent aggregated weights to trainers!
2026-06-19 19:28:37,786 - METRIC - INFO - {"loss": 0.04868235066533089, "accuracy": 0.9827883243560791, "energy_consumption": null, "selected": false, "client_name": "sta8"}
2026-06-19 19:28:37,787 - METRIC - INFO - {"loss": 0.04238190874457359, "accuracy": 0.9874776601791382, "energy_consumption": null, "selected": false, "client_name": "sta18"}
2026-06-19 19:28:37,899 - METRIC - INFO - {"loss": 0.03817731514573097, "accuracy": 0.9884551763534546, "energy_consumption": null, "selected": false, "client_name": "sta9"}
2026-06-19 19:28:37,924 - METRIC - INFO - {"loss": 0.06986711174249649, "accuracy": 0.980861246585846, "energy_consumption": null, "selected": false, "client_name": "sta16"}
2026-06-19 19:28:37,925 - METRIC - INFO - {"loss": 0.04174639657139778, "accuracy": 0.9855010509490967, "energy_consumption": null, "selected": false, "client_name": "sta14"}
2026-06-19 19:28:38,011 - METRIC - INFO - {"loss": 0.04962790012359619, "accuracy": 0.9821862578392029, "energy_consumption": null, "selected": false, "client_name": "sta10"}
2026-06-19 19:28:38,028 - METRIC - INFO - {"loss": 0.04994209110736847, "accuracy": 0.9833399653434753, "energy_consumption": null, "selected": false, "client_name": "sta11"}
2026-06-19 19:28:38,050 - METRIC - INFO - {"loss": 0.036907512694597244, "accuracy": 0.9880507588386536, "energy_consumption": null, "selected": false, "client_name": "sta13"}
2026-06-19 19:28:38,058 - METRIC - INFO - {"loss": 0.043598104268312454, "accuracy": 0.9855884909629822, "energy_consumption": null, "selected": false, "client_name": "sta5"}
2026-06-19 19:28:38,077 - METRIC - INFO - {"loss": 0.046799756586551666, "accuracy": 0.9844748973846436, "energy_consumption": null, "selected": false, "client_name": "sta6"}
2026-06-19 19:28:38,172 - METRIC - INFO - {"loss": 0.04308781772851944, "accuracy": 0.9842342138290405, "energy_consumption": null, "selected": false, "client_name": "sta17"}
2026-06-19 19:28:38,194 - METRIC - INFO - {"loss": 0.0458848662674427, "accuracy": 0.9848049283027649, "energy_consumption": null, "selected": false, "client_name": "sta12"}
2026-06-19 19:28:38,203 - METRIC - INFO - {"loss": 0.05019909143447876, "accuracy": 0.9840278029441833, "energy_consumption": null, "selected": false, "client_name": "sta4"}
2026-06-19 19:28:38,204 - METRIC - INFO - {"loss": 0.042252615094184875, "accuracy": 0.9884393215179443, "energy_consumption": null, "selected": false, "client_name": "sta15"}
2026-06-19 19:28:38,214 - METRIC - INFO - {"loss": 0.04877028241753578, "accuracy": 0.9852706789970398, "energy_consumption": null, "selected": false, "client_name": "sta19"}
2026-06-19 19:28:38,266 - METRIC - INFO - {"loss": 0.049859218299388885, "accuracy": 0.98228520154953, "energy_consumption": null, "selected": false, "client_name": "sta1"}
2026-06-19 19:28:38,329 - METRIC - INFO - {"loss": 0.050940047949552536, "accuracy": 0.9840614199638367, "energy_consumption": null, "selected": false, "client_name": "sta7"}
2026-06-19 19:28:38,345 - METRIC - INFO - {"loss": 0.04563348367810249, "accuracy": 0.9866125583648682, "energy_consumption": null, "selected": false, "client_name": "sta0"}
2026-06-19 19:28:38,387 - METRIC - INFO - {"loss": 0.04790657386183739, "accuracy": 0.9829331636428833, "energy_consumption": null, "selected": false, "client_name": "sta3"}
2026-06-19 19:28:38,696 - METRIC - INFO - {"loss": 0.04962415620684624, "accuracy": 0.9844253659248352, "energy_consumption": null, "selected": false, "client_name": "sta2"}
2026-06-19 19:28:38,881 - METRIC - INFO - mean_accuracy: 0.984790924191475

2026-06-19 19:28:38,882 - METRIC - INFO - round: 25
2026-06-19 19:28:38,882 - METRIC - INFO - n_selected: 20
2026-06-19 19:28:38,882 - METRIC - INFO - {"selected_trainers": ["sta0", "sta1", "sta10", "sta11", "sta12", "sta13", "sta14", "sta15", "sta16", "sta17", "sta18", "sta19", "sta2", "sta3", "sta4", "sta5", "sta6", "sta7", "sta8", "sta9"]}
2026-06-19 19:28:47,169 - EXECUT - INFO - received weights from trainer sta18!
2026-06-19 19:28:49,464 - EXECUT - INFO - received weights from trainer sta16!
2026-06-19 19:28:49,749 - EXECUT - INFO - received weights from trainer sta8!
2026-06-19 19:28:49,869 - EXECUT - INFO - received weights from trainer sta4!
2026-06-19 19:28:54,556 - EXECUT - INFO - received weights from trainer sta1!
2026-06-19 19:28:54,782 - EXECUT - INFO - received weights from trainer sta14!
2026-06-19 19:28:55,304 - EXECUT - INFO - received weights from trainer sta12!
2026-06-19 19:28:55,436 - EXECUT - INFO - received weights from trainer sta10!
2026-06-19 19:28:55,784 - EXECUT - INFO - received weights from trainer sta19!
2026-06-19 19:28:59,584 - EXECUT - INFO - received weights from trainer sta0!
2026-06-19 19:28:59,617 - EXECUT - INFO - received weights from trainer sta11!
2026-06-19 19:28:59,703 - EXECUT - INFO - received weights from trainer sta13!
2026-06-19 19:28:59,767 - EXECUT - INFO - received weights from trainer sta15!
2026-06-19 19:29:02,171 - EXECUT - INFO - received weights from trainer sta9!
2026-06-19 19:29:20,404 - EXECUT - INFO - received weights from trainer sta17!
2026-06-19 19:29:20,435 - EXECUT - INFO - received weights from trainer sta2!
2026-06-19 19:29:20,464 - EXECUT - INFO - received weights from trainer sta3!
2026-06-19 19:29:20,493 - EXECUT - INFO - received weights from trainer sta5!
2026-06-19 19:29:20,521 - EXECUT - INFO - received weights from trainer sta6!
2026-06-19 19:29:20,550 - EXECUT - INFO - received weights from trainer sta7!
2026-06-19 19:29:22,423 - EXECUT - INFO - sent aggregated weights to trainers!
2026-06-19 19:29:23,359 - METRIC - INFO - {"loss": 0.04755910485982895, "accuracy": 0.9827883243560791, "energy_consumption": null, "selected": false, "client_name": "sta8"}
2026-06-19 19:29:23,435 - METRIC - INFO - {"loss": 0.05140330642461777, "accuracy": 0.9825910925865173, "energy_consumption": null, "selected": false, "client_name": "sta10"}
2026-06-19 19:29:23,447 - METRIC - INFO - {"loss": 0.05012550204992294, "accuracy": 0.9841333031654358, "energy_consumption": null, "selected": false, "client_name": "sta11"}
2026-06-19 19:29:23,480 - METRIC - INFO - {"loss": 0.04014788195490837, "accuracy": 0.9881803393363953, "energy_consumption": null, "selected": false, "client_name": "sta9"}
2026-06-19 19:29:23,483 - METRIC - INFO - {"loss": 0.06690753996372223, "accuracy": 0.980861246585846, "energy_consumption": null, "selected": false, "client_name": "sta16"}
2026-06-19 19:29:23,586 - METRIC - INFO - {"loss": 0.04183482378721237, "accuracy": 0.9874776601791382, "energy_consumption": null, "selected": false, "client_name": "sta18"}
2026-06-19 19:29:23,586 - METRIC - INFO - {"loss": 0.03682214021682739, "accuracy": 0.9887976050376892, "energy_consumption": null, "selected": false, "client_name": "sta13"}
2026-06-19 19:29:23,635 - METRIC - INFO - {"loss": 0.049727510660886765, "accuracy": 0.9834710955619812, "energy_consumption": null, "selected": false, "client_name": "sta7"}
2026-06-19 19:29:23,635 - METRIC - INFO - {"loss": 0.047488272190093994, "accuracy": 0.9843795299530029, "energy_consumption": null, "selected": false, "client_name": "sta3"}
2026-06-19 19:29:23,640 - METRIC - INFO - {"loss": 0.04152919724583626, "accuracy": 0.9880596995353699, "energy_consumption": null, "selected": false, "client_name": "sta14"}
2026-06-19 19:29:23,712 - METRIC - INFO - {"loss": 0.04750197380781174, "accuracy": 0.9861111044883728, "energy_consumption": null, "selected": false, "client_name": "sta4"}
2026-06-19 19:29:23,755 - METRIC - INFO - {"loss": 0.04623391106724739, "accuracy": 0.9868583083152771, "energy_consumption": null, "selected": false, "client_name": "sta12"}
2026-06-19 19:29:23,778 - METRIC - INFO - {"loss": 0.04807322844862938, "accuracy": 0.9848726391792297, "energy_consumption": null, "selected": false, "client_name": "sta19"}
2026-06-19 19:29:23,870 - METRIC - INFO - {"loss": 0.0423850417137146, "accuracy": 0.9856418967247009, "energy_consumption": null, "selected": false, "client_name": "sta17"}
2026-06-19 19:29:23,897 - METRIC - INFO - {"loss": 0.04280071705579758, "accuracy": 0.9863891005516052, "energy_consumption": null, "selected": false, "client_name": "sta5"}
2026-06-19 19:29:23,898 - METRIC - INFO - {"loss": 0.03986779600381851, "accuracy": 0.9888246655464172, "energy_consumption": null, "selected": false, "client_name": "sta15"}
2026-06-19 19:29:23,924 - METRIC - INFO - {"loss": 0.04731478542089462, "accuracy": 0.9841568470001221, "energy_consumption": null, "selected": false, "client_name": "sta2"}
2026-06-19 19:29:23,929 - METRIC - INFO - {"loss": 0.04720289260149002, "accuracy": 0.9836137890815735, "energy_consumption": null, "selected": false, "client_name": "sta1"}
2026-06-19 19:29:23,942 - METRIC - INFO - {"loss": 0.045657191425561905, "accuracy": 0.9844748973846436, "energy_consumption": null, "selected": false, "client_name": "sta6"}
2026-06-19 19:29:23,983 - METRIC - INFO - {"loss": 0.03923001512885094, "accuracy": 0.9878296256065369, "energy_consumption": null, "selected": false, "client_name": "sta0"}
2026-06-19 19:29:24,425 - METRIC - INFO - mean_accuracy: 0.9854756385087967

2026-06-19 19:29:24,425 - METRIC - INFO - round: 26
2026-06-19 19:29:24,426 - METRIC - INFO - n_selected: 20
2026-06-19 19:29:24,426 - METRIC - INFO - {"selected_trainers": ["sta0", "sta1", "sta10", "sta11", "sta12", "sta13", "sta14", "sta15", "sta16", "sta17", "sta18", "sta19", "sta2", "sta3", "sta4", "sta5", "sta6", "sta7", "sta8", "sta9"]}
2026-06-19 19:29:34,995 - EXECUT - INFO - received weights from trainer sta16!
2026-06-19 19:29:35,057 - EXECUT - INFO - received weights from trainer sta18!
2026-06-19 19:29:35,271 - EXECUT - INFO - received weights from trainer sta8!
2026-06-19 19:29:35,402 - EXECUT - INFO - received weights from trainer sta4!
2026-06-19 19:29:40,324 - EXECUT - INFO - received weights from trainer sta14!
2026-06-19 19:29:42,377 - EXECUT - INFO - received weights from trainer sta0!
2026-06-19 19:29:45,118 - EXECUT - INFO - received weights from trainer sta10!
2026-06-19 19:29:45,139 - EXECUT - INFO - received weights from trainer sta1!
2026-06-19 19:29:45,159 - EXECUT - INFO - received weights from trainer sta11!
2026-06-19 19:29:45,193 - EXECUT - INFO - received weights from trainer sta12!
2026-06-19 19:29:45,235 - EXECUT - INFO - received weights from trainer sta13!
2026-06-19 19:29:45,301 - EXECUT - INFO - received weights from trainer sta15!
2026-06-19 19:29:45,441 - EXECUT - INFO - received weights from trainer sta19!
2026-06-19 19:29:46,282 - EXECUT - INFO - received weights from trainer sta7!
2026-06-19 19:29:47,664 - EXECUT - INFO - received weights from trainer sta9!
2026-06-19 19:30:05,920 - EXECUT - INFO - received weights from trainer sta17!
2026-06-19 19:30:05,946 - EXECUT - INFO - received weights from trainer sta2!
2026-06-19 19:30:05,970 - EXECUT - INFO - received weights from trainer sta3!
2026-06-19 19:30:06,000 - EXECUT - INFO - received weights from trainer sta5!
2026-06-19 19:30:06,020 - EXECUT - INFO - received weights from trainer sta6!
2026-06-19 19:30:07,838 - EXECUT - INFO - sent aggregated weights to trainers!
2026-06-19 19:30:08,878 - METRIC - INFO - {"loss": 0.06771954894065857, "accuracy": 0.980861246585846, "energy_consumption": null, "selected": false, "client_name": "sta16"}
2026-06-19 19:30:08,966 - METRIC - INFO - {"loss": 0.044694386422634125, "accuracy": 0.9836488962173462, "energy_consumption": null, "selected": false, "client_name": "sta8"}
2026-06-19 19:30:08,967 - METRIC - INFO - {"loss": 0.03975316509604454, "accuracy": 0.9874776601791382, "energy_consumption": null, "selected": false, "client_name": "sta18"}
2026-06-19 19:30:09,056 - METRIC - INFO - {"loss": 0.036385428160429, "accuracy": 0.9895547032356262, "energy_consumption": null, "selected": false, "client_name": "sta9"}
2026-06-19 19:30:09,057 - METRIC - INFO - {"loss": 0.04074473679065704, "accuracy": 0.9850788116455078, "energy_consumption": null, "selected": false, "client_name": "sta17"}
2026-06-19 19:30:09,092 - METRIC - INFO - {"loss": 0.0422322154045105, "accuracy": 0.9859275221824646, "energy_consumption": null, "selected": false, "client_name": "sta14"}
2026-06-19 19:30:09,113 - METRIC - INFO - {"loss": 0.048442013561725616, "accuracy": 0.9829959273338318, "energy_consumption": null, "selected": false, "client_name": "sta10"}
2026-06-19 19:30:09,129 - METRIC - INFO - {"loss": 0.046979013830423355, "accuracy": 0.984529972076416, "energy_consumption": null, "selected": false, "client_name": "sta11"}
2026-06-19 19:30:09,130 - METRIC - INFO - {"loss": 0.03946222364902496, "accuracy": 0.9884393215179443, "energy_consumption": null, "selected": false, "client_name": "sta15"}
2026-06-19 19:30:09,148 - METRIC - INFO - {"loss": 0.04902894049882889, "accuracy": 0.9854166507720947, "energy_consumption": null, "selected": false, "client_name": "sta4"}
2026-06-19 19:30:09,240 - METRIC - INFO - {"loss": 0.04577435925602913, "accuracy": 0.9838882684707642, "energy_consumption": null, "selected": false, "client_name": "sta2"}
2026-06-19 19:30:09,259 - METRIC - INFO - {"loss": 0.04553208872675896, "accuracy": 0.9850836992263794, "energy_consumption": null, "selected": false, "client_name": "sta6"}
2026-06-19 19:30:09,273 - METRIC - INFO - {"loss": 0.035304442048072815, "accuracy": 0.9876773953437805, "energy_consumption": null, "selected": false, "client_name": "sta13"}
2026-06-19 19:30:09,316 - METRIC - INFO - {"loss": 0.04647839069366455, "accuracy": 0.9868583083152771, "energy_consumption": null, "selected": false, "client_name": "sta12"}
2026-06-19 19:30:09,342 - METRIC - INFO - {"loss": 0.047037702053785324, "accuracy": 0.9848726391792297, "energy_consumption": null, "selected": false, "client_name": "sta19"}
2026-06-19 19:30:09,417 - METRIC - INFO - {"loss": 0.0465310662984848, "accuracy": 0.9846516847610474, "energy_consumption": null, "selected": false, "client_name": "sta7"}
2026-06-19 19:30:09,435 - METRIC - INFO - {"loss": 0.04777340590953827, "accuracy": 0.9840567111968994, "energy_consumption": null, "selected": false, "client_name": "sta1"}
2026-06-19 19:30:09,509 - METRIC - INFO - {"loss": 0.0377073734998703, "accuracy": 0.9878296256065369, "energy_consumption": null, "selected": false, "client_name": "sta0"}
2026-06-19 19:30:09,543 - METRIC - INFO - {"loss": 0.04258538782596588, "accuracy": 0.9858553409576416, "energy_consumption": null, "selected": false, "client_name": "sta5"}
2026-06-19 19:30:09,553 - METRIC - INFO - {"loss": 0.04491078108549118, "accuracy": 0.9846687912940979, "energy_consumption": null, "selected": false, "client_name": "sta3"}
2026-06-19 19:30:09,840 - METRIC - INFO - mean_accuracy: 0.9854686588048935

2026-06-19 19:30:09,840 - METRIC - INFO - round: 27
2026-06-19 19:30:09,841 - METRIC - INFO - n_selected: 20
2026-06-19 19:30:09,841 - METRIC - INFO - {"selected_trainers": ["sta0", "sta1", "sta10", "sta11", "sta12", "sta13", "sta14", "sta15", "sta16", "sta17", "sta18", "sta19", "sta2", "sta3", "sta4", "sta5", "sta6", "sta7", "sta8", "sta9"]}
2026-06-19 19:30:18,134 - EXECUT - INFO - received weights from trainer sta18!
2026-06-19 19:30:20,426 - EXECUT - INFO - received weights from trainer sta16!
2026-06-19 19:30:20,708 - EXECUT - INFO - received weights from trainer sta8!
2026-06-19 19:30:25,764 - EXECUT - INFO - received weights from trainer sta14!
2026-06-19 19:30:26,281 - EXECUT - INFO - received weights from trainer sta12!
2026-06-19 19:30:26,664 - EXECUT - INFO - received weights from trainer sta11!
2026-06-19 19:30:26,735 - EXECUT - INFO - received weights from trainer sta19!
2026-06-19 19:30:27,258 - EXECUT - INFO - received weights from trainer sta15!
2026-06-19 19:30:30,536 - EXECUT - INFO - received weights from trainer sta0!
2026-06-19 19:30:30,557 - EXECUT - INFO - received weights from trainer sta10!
2026-06-19 19:30:30,588 - EXECUT - INFO - received weights from trainer sta1!
2026-06-19 19:30:30,660 - EXECUT - INFO - received weights from trainer sta13!
2026-06-19 19:30:30,860 - EXECUT - INFO - received weights from trainer sta4!
2026-06-19 19:30:32,470 - EXECUT - INFO - received weights from trainer sta17!
2026-06-19 19:30:51,383 - EXECUT - INFO - received weights from trainer sta2!
2026-06-19 19:30:51,403 - EXECUT - INFO - received weights from trainer sta3!
2026-06-19 19:30:51,431 - EXECUT - INFO - received weights from trainer sta5!
2026-06-19 19:30:51,454 - EXECUT - INFO - received weights from trainer sta6!
2026-06-19 19:30:51,473 - EXECUT - INFO - received weights from trainer sta7!
2026-06-19 19:30:51,527 - EXECUT - INFO - received weights from trainer sta9!
2026-06-19 19:30:53,396 - EXECUT - INFO - sent aggregated weights to trainers!
2026-06-19 19:30:54,283 - METRIC - INFO - {"loss": 0.045498259365558624, "accuracy": 0.9836488962173462, "energy_consumption": null, "selected": false, "client_name": "sta8"}
2026-06-19 19:30:54,390 - METRIC - INFO - {"loss": 0.038567978888750076, "accuracy": 0.9874776601791382, "energy_consumption": null, "selected": false, "client_name": "sta18"}
2026-06-19 19:30:54,396 - METRIC - INFO - {"loss": 0.0496806763112545, "accuracy": 0.9821862578392029, "energy_consumption": null, "selected": false, "client_name": "sta10"}
2026-06-19 19:30:54,552 - METRIC - INFO - {"loss": 0.04789996147155762, "accuracy": 0.9849266409873962, "energy_consumption": null, "selected": false, "client_name": "sta11"}
2026-06-19 19:30:54,564 - METRIC - INFO - {"loss": 0.04709843173623085, "accuracy": 0.9822770953178406, "energy_consumption": null, "selected": false, "client_name": "sta2"}
2026-06-19 19:30:54,581 - METRIC - INFO - {"loss": 0.04583948478102684, "accuracy": 0.9852156043052673, "energy_consumption": null, "selected": false, "client_name": "sta12"}
2026-06-19 19:30:54,591 - METRIC - INFO - {"loss": 0.06699581444263458, "accuracy": 0.980063796043396, "energy_consumption": null, "selected": false, "client_name": "sta16"}
2026-06-19 19:30:54,593 - METRIC - INFO - {"loss": 0.047918014228343964, "accuracy": 0.9817001223564148, "energy_consumption": null, "selected": false, "client_name": "sta7"}
2026-06-19 19:30:54,594 - METRIC - INFO - {"loss": 0.03988615795969963, "accuracy": 0.9854369163513184, "energy_consumption": null, "selected": false, "client_name": "sta13"}
2026-06-19 19:30:54,598 - METRIC - INFO - {"loss": 0.04474834352731705, "accuracy": 0.9853881001472473, "energy_consumption": null, "selected": false, "client_name": "sta6"}
2026-06-19 19:30:54,603 - METRIC - INFO - {"loss": 0.04842144995927811, "accuracy": 0.9820860028266907, "energy_consumption": null, "selected": false, "client_name": "sta19"}
2026-06-19 19:30:54,603 - METRIC - INFO - {"loss": 0.04268718138337135, "accuracy": 0.9846687912940979, "energy_consumption": null, "selected": false, "client_name": "sta3"}
2026-06-19 19:30:54,636 - METRIC - INFO - {"loss": 0.040004558861255646, "accuracy": 0.9859234094619751, "energy_consumption": null, "selected": false, "client_name": "sta17"}
2026-06-19 19:30:54,711 - METRIC - INFO - {"loss": 0.039854876697063446, "accuracy": 0.9863539338111877, "energy_consumption": null, "selected": false, "client_name": "sta14"}
2026-06-19 19:30:54,717 - METRIC - INFO - {"loss": 0.03517169505357742, "accuracy": 0.9898295998573303, "energy_consumption": null, "selected": false, "client_name": "sta9"}
2026-06-19 19:30:54,730 - METRIC - INFO - {"loss": 0.03903411701321602, "accuracy": 0.986897885799408, "energy_consumption": null, "selected": false, "client_name": "sta15"}
2026-06-19 19:30:54,750 - METRIC - INFO - {"loss": 0.048571083694696426, "accuracy": 0.9854166507720947, "energy_consumption": null, "selected": false, "client_name": "sta4"}
2026-06-19 19:30:54,856 - METRIC - INFO - {"loss": 0.04243476688861847, "accuracy": 0.985321581363678, "energy_consumption": null, "selected": false, "client_name": "sta5"}
2026-06-19 19:30:54,900 - METRIC - INFO - {"loss": 0.04507126286625862, "accuracy": 0.9844995737075806, "energy_consumption": null, "selected": false, "client_name": "sta1"}
2026-06-19 19:30:54,959 - METRIC - INFO - {"loss": 0.037855200469493866, "accuracy": 0.9878296256065369, "energy_consumption": null, "selected": false, "client_name": "sta0"}
2026-06-19 19:30:55,398 - METRIC - INFO - mean_accuracy: 0.9848574072122573

2026-06-19 19:30:55,399 - METRIC - INFO - round: 28
2026-06-19 19:30:55,399 - METRIC - INFO - n_selected: 20
2026-06-19 19:30:55,399 - METRIC - INFO - {"selected_trainers": ["sta0", "sta1", "sta10", "sta11", "sta12", "sta13", "sta14", "sta15", "sta16", "sta17", "sta18", "sta19", "sta2", "sta3", "sta4", "sta5", "sta6", "sta7", "sta8", "sta9"]}
2026-06-19 19:31:04,526 - EXECUT - INFO - received weights from trainer sta16!
2026-06-19 19:31:06,045 - EXECUT - INFO - received weights from trainer sta18!
2026-06-19 19:31:06,249 - EXECUT - INFO - received weights from trainer sta8!
2026-06-19 19:31:11,315 - EXECUT - INFO - received weights from trainer sta14!
2026-06-19 19:31:11,834 - EXECUT - INFO - received weights from trainer sta12!
2026-06-19 19:31:11,951 - EXECUT - INFO - received weights from trainer sta10!
2026-06-19 19:31:12,309 - EXECUT - INFO - received weights from trainer sta19!
2026-06-19 19:31:12,825 - EXECUT - INFO - received weights from trainer sta15!
2026-06-19 19:31:16,102 - EXECUT - INFO - received weights from trainer sta0!
2026-06-19 19:31:16,135 - EXECUT - INFO - received weights from trainer sta11!
2026-06-19 19:31:16,154 - EXECUT - INFO - received weights from trainer sta1!
2026-06-19 19:31:16,223 - EXECUT - INFO - received weights from trainer sta13!
2026-06-19 19:31:16,421 - EXECUT - INFO - received weights from trainer sta4!
2026-06-19 19:31:18,691 - EXECUT - INFO - received weights from trainer sta9!
2026-06-19 19:31:36,889 - EXECUT - INFO - received weights from trainer sta17!
2026-06-19 19:31:36,936 - EXECUT - INFO - received weights from trainer sta2!
2026-06-19 19:31:36,955 - EXECUT - INFO - received weights from trainer sta3!
2026-06-19 19:31:36,992 - EXECUT - INFO - received weights from trainer sta5!
2026-06-19 19:31:37,013 - EXECUT - INFO - received weights from trainer sta6!
2026-06-19 19:31:37,032 - EXECUT - INFO - received weights from trainer sta7!
2026-06-19 19:31:38,947 - EXECUT - INFO - sent aggregated weights to trainers!
2026-06-19 19:31:39,801 - METRIC - INFO - {"loss": 0.04538418725132942, "accuracy": 0.9836488962173462, "energy_consumption": null, "selected": false, "client_name": "sta8"}
2026-06-19 19:31:39,951 - METRIC - INFO - {"loss": 0.038071583956480026, "accuracy": 0.989266574382782, "energy_consumption": null, "selected": false, "client_name": "sta18"}
2026-06-19 19:31:39,977 - METRIC - INFO - {"loss": 0.046099286526441574, "accuracy": 0.9842105507850647, "energy_consumption": null, "selected": false, "client_name": "sta10"}
2026-06-19 19:31:40,013 - METRIC - INFO - {"loss": 0.06396514177322388, "accuracy": 0.9824561476707458, "energy_consumption": null, "selected": false, "client_name": "sta16"}
2026-06-19 19:31:40,079 - METRIC - INFO - {"loss": 0.04604161158204079, "accuracy": 0.9854166507720947, "energy_consumption": null, "selected": false, "client_name": "sta4"}
2026-06-19 19:31:40,117 - METRIC - INFO - {"loss": 0.046124931424856186, "accuracy": 0.984529972076416, "energy_consumption": null, "selected": false, "client_name": "sta11"}
2026-06-19 19:31:40,135 - METRIC - INFO - {"loss": 0.04663615673780441, "accuracy": 0.9848726391792297, "energy_consumption": null, "selected": false, "client_name": "sta19"}
2026-06-19 19:31:40,144 - METRIC - INFO - {"loss": 0.03869374841451645, "accuracy": 0.9863539338111877, "energy_consumption": null, "selected": false, "client_name": "sta14"}
2026-06-19 19:31:40,155 - METRIC - INFO - {"loss": 0.04400616139173508, "accuracy": 0.98569256067276, "energy_consumption": null, "selected": false, "client_name": "sta6"}
2026-06-19 19:31:40,168 - METRIC - INFO - {"loss": 0.041125647723674774, "accuracy": 0.9866560101509094, "energy_consumption": null, "selected": false, "client_name": "sta5"}
2026-06-19 19:31:40,178 - METRIC - INFO - {"loss": 0.034082721918821335, "accuracy": 0.9887300729751587, "energy_consumption": null, "selected": false, "client_name": "sta9"}
2026-06-19 19:31:40,178 - METRIC - INFO - {"loss": 0.04731460288167, "accuracy": 0.9831759333610535, "energy_consumption": null, "selected": false, "client_name": "sta7"}
2026-06-19 19:31:40,185 - METRIC - INFO - {"loss": 0.03818236291408539, "accuracy": 0.986204981803894, "energy_consumption": null, "selected": false, "client_name": "sta17"}
2026-06-19 19:31:40,231 - METRIC - INFO - {"loss": 0.033172979950904846, "accuracy": 0.9895444512367249, "energy_consumption": null, "selected": false, "client_name": "sta13"}
2026-06-19 19:31:40,245 - METRIC - INFO - {"loss": 0.043343089520931244, "accuracy": 0.9852156043052673, "energy_consumption": null, "selected": false, "client_name": "sta12"}
2026-06-19 19:31:40,267 - METRIC - INFO - {"loss": 0.03858114033937454, "accuracy": 0.9888246655464172, "energy_consumption": null, "selected": false, "client_name": "sta15"}
2026-06-19 19:31:40,334 - METRIC - INFO - {"loss": 0.04415212199091911, "accuracy": 0.985828161239624, "energy_consumption": null, "selected": false, "client_name": "sta1"}
2026-06-19 19:31:40,427 - METRIC - INFO - {"loss": 0.044072456657886505, "accuracy": 0.9846938848495483, "energy_consumption": null, "selected": false, "client_name": "sta2"}
2026-06-19 19:31:40,446 - METRIC - INFO - {"loss": 0.04234369844198227, "accuracy": 0.9861151576042175, "energy_consumption": null, "selected": false, "client_name": "sta3"}
2026-06-19 19:31:40,492 - METRIC - INFO - {"loss": 0.03674134984612465, "accuracy": 0.9874239563941956, "energy_consumption": null, "selected": false, "client_name": "sta0"}
2026-06-19 19:31:40,949 - METRIC - INFO - mean_accuracy: 0.9859430402517319

2026-06-19 19:31:40,949 - METRIC - INFO - round: 29
2026-06-19 19:31:40,949 - METRIC - INFO - n_selected: 20
2026-06-19 19:31:40,949 - METRIC - INFO - {"selected_trainers": ["sta0", "sta1", "sta10", "sta11", "sta12", "sta13", "sta14", "sta15", "sta16", "sta17", "sta18", "sta19", "sta2", "sta3", "sta4", "sta5", "sta6", "sta7", "sta8", "sta9"]}
2026-06-19 19:31:51,528 - EXECUT - INFO - received weights from trainer sta16!
2026-06-19 19:31:51,596 - EXECUT - INFO - received weights from trainer sta18!
2026-06-19 19:31:51,811 - EXECUT - INFO - received weights from trainer sta8!
2026-06-19 19:31:57,820 - EXECUT - INFO - received weights from trainer sta11!
2026-06-19 19:32:01,673 - EXECUT - INFO - received weights from trainer sta0!
2026-06-19 19:32:01,710 - EXECUT - INFO - received weights from trainer sta10!
2026-06-19 19:32:01,731 - EXECUT - INFO - received weights from trainer sta1!
2026-06-19 19:32:01,751 - EXECUT - INFO - received weights from trainer sta12!
2026-06-19 19:32:01,788 - EXECUT - INFO - received weights from trainer sta13!
2026-06-19 19:32:01,808 - EXECUT - INFO - received weights from trainer sta14!
2026-06-19 19:32:01,841 - EXECUT - INFO - received weights from trainer sta15!
2026-06-19 19:32:01,976 - EXECUT - INFO - received weights from trainer sta19!
2026-06-19 19:32:01,997 - EXECUT - INFO - received weights from trainer sta4!
2026-06-19 19:32:05,949 - EXECUT - INFO - received weights from trainer sta2!
2026-06-19 19:32:06,063 - EXECUT - INFO - received weights from trainer sta5!
2026-06-19 19:32:22,460 - EXECUT - INFO - received weights from trainer sta17!
2026-06-19 19:32:22,499 - EXECUT - INFO - received weights from trainer sta3!
2026-06-19 19:32:22,563 - EXECUT - INFO - received weights from trainer sta6!
2026-06-19 19:32:22,582 - EXECUT - INFO - received weights from trainer sta7!
2026-06-19 19:32:22,630 - EXECUT - INFO - received weights from trainer sta9!
2026-06-19 19:32:24,052 - EXECUT - INFO - sent aggregated weights to trainers!
2026-06-19 19:32:24,900 - METRIC - INFO - {"loss": 0.04343188554048538, "accuracy": 0.9827883243560791, "energy_consumption": null, "selected": false, "client_name": "sta8"}
2026-06-19 19:32:25,062 - METRIC - INFO - {"loss": 0.0344298854470253, "accuracy": 0.9890049695968628, "energy_consumption": null, "selected": false, "client_name": "sta9"}
2026-06-19 19:32:25,104 - METRIC - INFO - {"loss": 0.06348374485969543, "accuracy": 0.9816586971282959, "energy_consumption": null, "selected": false, "client_name": "sta16"}
2026-06-19 19:32:25,168 - METRIC - INFO - {"loss": 0.04704664647579193, "accuracy": 0.9861111044883728, "energy_consumption": null, "selected": false, "client_name": "sta4"}
2026-06-19 19:32:25,179 - METRIC - INFO - {"loss": 0.03706873580813408, "accuracy": 0.989266574382782, "energy_consumption": null, "selected": false, "client_name": "sta18"}
2026-06-19 19:32:25,196 - METRIC - INFO - {"loss": 0.0471138134598732, "accuracy": 0.9829959273338318, "energy_consumption": null, "selected": false, "client_name": "sta10"}
2026-06-19 19:32:25,204 - METRIC - INFO - {"loss": 0.04767250269651413, "accuracy": 0.984529972076416, "energy_consumption": null, "selected": false, "client_name": "sta11"}
2026-06-19 19:32:25,207 - METRIC - INFO - {"loss": 0.03344862908124924, "accuracy": 0.9880507588386536, "energy_consumption": null, "selected": false, "client_name": "sta13"}
2026-06-19 19:32:25,246 - METRIC - INFO - {"loss": 0.0438067726790905, "accuracy": 0.9847792983055115, "energy_consumption": null, "selected": false, "client_name": "sta6"}
2026-06-19 19:32:25,266 - METRIC - INFO - {"loss": 0.03824406862258911, "accuracy": 0.9863539338111877, "energy_consumption": null, "selected": false, "client_name": "sta14"}
2026-06-19 19:32:25,276 - METRIC - INFO - {"loss": 0.03834404796361923, "accuracy": 0.9867680072784424, "energy_consumption": null, "selected": false, "client_name": "sta17"}
2026-06-19 19:32:25,353 - METRIC - INFO - {"loss": 0.04376791790127754, "accuracy": 0.987679660320282, "energy_consumption": null, "selected": false, "client_name": "sta12"}
2026-06-19 19:32:25,359 - METRIC - INFO - {"loss": 0.03643158823251724, "accuracy": 0.9892100095748901, "energy_consumption": null, "selected": false, "client_name": "sta15"}
2026-06-19 19:32:25,375 - METRIC - INFO - {"loss": 0.044105276465415955, "accuracy": 0.9860668778419495, "energy_consumption": null, "selected": false, "client_name": "sta19"}
2026-06-19 19:32:25,421 - METRIC - INFO - {"loss": 0.044614531099796295, "accuracy": 0.9853852987289429, "energy_consumption": null, "selected": false, "client_name": "sta1"}
2026-06-19 19:32:25,472 - METRIC - INFO - {"loss": 0.04583020880818367, "accuracy": 0.9843565821647644, "energy_consumption": null, "selected": false, "client_name": "sta7"}
2026-06-19 19:32:25,516 - METRIC - INFO - {"loss": 0.040749985724687576, "accuracy": 0.9863891005516052, "energy_consumption": null, "selected": false, "client_name": "sta5"}
2026-06-19 19:32:25,540 - METRIC - INFO - {"loss": 0.043274469673633575, "accuracy": 0.9838882684707642, "energy_consumption": null, "selected": false, "client_name": "sta2"}
2026-06-19 19:32:25,552 - METRIC - INFO - {"loss": 0.042816922068595886, "accuracy": 0.9849580526351929, "energy_consumption": null, "selected": false, "client_name": "sta3"}
2026-06-19 19:32:25,591 - METRIC - INFO - {"loss": 0.03607283532619476, "accuracy": 0.9874239563941956, "energy_consumption": null, "selected": false, "client_name": "sta0"}
2026-06-19 19:32:26,057 - METRIC - INFO - mean_accuracy: 0.9858832687139512

2026-06-19 19:32:26,058 - METRIC - INFO - round: 30
2026-06-19 19:32:26,058 - METRIC - INFO - n_selected: 20
2026-06-19 19:32:26,058 - METRIC - INFO - {"selected_trainers": ["sta0", "sta1", "sta10", "sta11", "sta12", "sta13", "sta14", "sta15", "sta16", "sta17", "sta18", "sta19", "sta2", "sta3", "sta4", "sta5", "sta6", "sta7", "sta8", "sta9"]}
2026-06-19 19:32:35,213 - EXECUT - INFO - received weights from trainer sta16!
2026-06-19 19:32:36,713 - EXECUT - INFO - received weights from trainer sta18!
2026-06-19 19:32:36,917 - EXECUT - INFO - received weights from trainer sta8!
2026-06-19 19:32:37,077 - EXECUT - INFO - received weights from trainer sta4!
2026-06-19 19:32:42,519 - EXECUT - INFO - received weights from trainer sta12!
2026-06-19 19:32:42,970 - EXECUT - INFO - received weights from trainer sta11!
2026-06-19 19:32:43,516 - EXECUT - INFO - received weights from trainer sta15!
2026-06-19 19:32:46,757 - EXECUT - INFO - received weights from trainer sta10!
2026-06-19 19:32:46,777 - EXECUT - INFO - received weights from trainer sta0!
2026-06-19 19:32:46,797 - EXECUT - INFO - received weights from trainer sta1!
2026-06-19 19:32:46,875 - EXECUT - INFO - received weights from trainer sta13!
2026-06-19 19:32:46,896 - EXECUT - INFO - received weights from trainer sta14!
2026-06-19 19:32:47,090 - EXECUT - INFO - received weights from trainer sta19!
2026-06-19 19:32:51,154 - EXECUT - INFO - received weights from trainer sta5!
2026-06-19 19:33:07,592 - EXECUT - INFO - received weights from trainer sta17!
2026-06-19 19:33:07,620 - EXECUT - INFO - received weights from trainer sta2!
2026-06-19 19:33:07,649 - EXECUT - INFO - received weights from trainer sta3!
2026-06-19 19:33:07,671 - EXECUT - INFO - received weights from trainer sta6!
2026-06-19 19:33:07,690 - EXECUT - INFO - received weights from trainer sta7!
2026-06-19 19:33:07,742 - EXECUT - INFO - received weights from trainer sta9!
2026-06-19 19:33:09,562 - EXECUT - INFO - sent aggregated weights to trainers!
2026-06-19 19:33:10,373 - METRIC - INFO - {"loss": 0.04075797274708748, "accuracy": 0.9836488962173462, "energy_consumption": null, "selected": false, "client_name": "sta8"}
2026-06-19 19:33:10,476 - METRIC - INFO - {"loss": 0.035836078226566315, "accuracy": 0.9883720874786377, "energy_consumption": null, "selected": false, "client_name": "sta18"}
2026-06-19 19:33:10,551 - METRIC - INFO - {"loss": 0.04578555375337601, "accuracy": 0.983400821685791, "energy_consumption": null, "selected": false, "client_name": "sta10"}
2026-06-19 19:33:10,552 - METRIC - INFO - {"loss": 0.06399562209844589, "accuracy": 0.9824561476707458, "energy_consumption": null, "selected": false, "client_name": "sta16"}
2026-06-19 19:33:10,577 - METRIC - INFO - {"loss": 0.03464126959443092, "accuracy": 0.9887300729751587, "energy_consumption": null, "selected": false, "client_name": "sta9"}
2026-06-19 19:33:10,611 - METRIC - INFO - {"loss": 0.03772997856140137, "accuracy": 0.9859275221824646, "energy_consumption": null, "selected": false, "client_name": "sta14"}
2026-06-19 19:33:10,686 - METRIC - INFO - {"loss": 0.033348433673381805, "accuracy": 0.9880507588386536, "energy_consumption": null, "selected": false, "client_name": "sta13"}
2026-06-19 19:33:10,699 - METRIC - INFO - {"loss": 0.044980451464653015, "accuracy": 0.9868055582046509, "energy_consumption": null, "selected": false, "client_name": "sta4"}
2026-06-19 19:33:10,701 - METRIC - INFO - {"loss": 0.044577255845069885, "accuracy": 0.9861166477203369, "energy_consumption": null, "selected": false, "client_name": "sta11"}
2026-06-19 19:33:10,706 - METRIC - INFO - {"loss": 0.04227418452501297, "accuracy": 0.9855884909629822, "energy_consumption": null, "selected": false, "client_name": "sta5"}
2026-06-19 19:33:10,722 - METRIC - INFO - {"loss": 0.042810000479221344, "accuracy": 0.9864649772644043, "energy_consumption": null, "selected": false, "client_name": "sta19"}
2026-06-19 19:33:10,727 - METRIC - INFO - {"loss": 0.04567693546414375, "accuracy": 0.9838882684707642, "energy_consumption": null, "selected": false, "client_name": "sta2"}
2026-06-19 19:33:10,731 - METRIC - INFO - {"loss": 0.0437433086335659, "accuracy": 0.9849468469619751, "energy_consumption": null, "selected": false, "client_name": "sta7"}
2026-06-19 19:33:10,735 - METRIC - INFO - {"loss": 0.044574279338121414, "accuracy": 0.9838660359382629, "energy_consumption": null, "selected": false, "client_name": "sta6"}
2026-06-19 19:33:10,740 - METRIC - INFO - {"loss": 0.04215847700834274, "accuracy": 0.9846687912940979, "energy_consumption": null, "selected": false, "client_name": "sta3"}
2026-06-19 19:33:10,762 - METRIC - INFO - {"loss": 0.03734911233186722, "accuracy": 0.986204981803894, "energy_consumption": null, "selected": false, "client_name": "sta17"}
2026-06-19 19:33:10,830 - METRIC - INFO - {"loss": 0.041995469480752945, "accuracy": 0.9868583083152771, "energy_consumption": null, "selected": false, "client_name": "sta12"}
2026-06-19 19:33:10,835 - METRIC - INFO - {"loss": 0.03726360574364662, "accuracy": 0.9888246655464172, "energy_consumption": null, "selected": false, "client_name": "sta15"}
2026-06-19 19:33:11,057 - METRIC - INFO - {"loss": 0.042613934725522995, "accuracy": 0.9862710237503052, "energy_consumption": null, "selected": false, "client_name": "sta1"}
2026-06-19 19:33:11,077 - METRIC - INFO - {"loss": 0.035619135946035385, "accuracy": 0.9894523620605469, "energy_consumption": null, "selected": false, "client_name": "sta0"}
2026-06-19 19:33:11,564 - METRIC - INFO - mean_accuracy: 0.9860271632671356

2026-06-19 19:33:11,572 - METRIC - INFO - stop_condition: rounds
