2026-06-25 10:13:07,626 - EXECUT - INFO - starting server...
2026-06-25 10:13:12,244 - EXECUT - INFO - trainer number sta0 just joined the pool
2026-06-25 10:13:12,337 - EXECUT - INFO - trainer number sta1 just joined the pool
2026-06-25 10:13:12,337 - EXECUT - INFO - trainer number sta2 just joined the pool
2026-06-25 10:13:12,380 - EXECUT - INFO - trainer number sta4 just joined the pool
2026-06-25 10:13:12,381 - EXECUT - INFO - trainer number sta3 just joined the pool
2026-06-25 10:13:12,463 - EXECUT - INFO - trainer number sta5 just joined the pool
2026-06-25 10:13:12,504 - EXECUT - INFO - trainer number sta6 just joined the pool
2026-06-25 10:13:12,504 - EXECUT - INFO - trainer number sta7 just joined the pool
2026-06-25 10:13:12,682 - EXECUT - INFO - trainer number sta9 just joined the pool
2026-06-25 10:13:12,723 - EXECUT - INFO - trainer number sta8 just joined the pool
2026-06-25 10:13:12,775 - EXECUT - INFO - trainer number sta10 just joined the pool
2026-06-25 10:13:13,636 - EXECUT - INFO - mensagem de data_sz recebida: 
 {'id': 'sta0', 'dataset_sz': 432851712}
2026-06-25 10:13:13,637 - EXECUT - INFO - mensagem de data_sz recebida: 
 {'id': 'sta1', 'dataset_sz': 432851712}
2026-06-25 10:13:13,677 - EXECUT - INFO - mensagem de data_sz recebida: 
 {'id': 'sta2', 'dataset_sz': 432851712}
2026-06-25 10:13:13,677 - EXECUT - INFO - mensagem de data_sz recebida: 
 {'id': 'sta3', 'dataset_sz': 432851712}
2026-06-25 10:13:13,677 - EXECUT - INFO - mensagem de data_sz recebida: 
 {'id': 'sta4', 'dataset_sz': 432851712}
2026-06-25 10:13:13,677 - EXECUT - INFO - mensagem de data_sz recebida: 
 {'id': 'sta5', 'dataset_sz': 432851712}
2026-06-25 10:13:13,677 - EXECUT - INFO - mensagem de data_sz recebida: 
 {'id': 'sta6', 'dataset_sz': 432851712}
2026-06-25 10:13:13,677 - EXECUT - INFO - mensagem de data_sz recebida: 
 {'id': 'sta7', 'dataset_sz': 432851712}
2026-06-25 10:13:13,677 - EXECUT - INFO - mensagem de data_sz recebida: 
 {'id': 'sta8', 'dataset_sz': 432851712}
2026-06-25 10:13:13,677 - EXECUT - INFO - mensagem de data_sz recebida: 
 {'id': 'sta9', 'dataset_sz': 432851712}
2026-06-25 10:13:13,677 - EXECUT - INFO - mensagem de data_sz recebida: 
 {'id': 'sta10', 'dataset_sz': 432851712}
2026-06-25 10:13:14,636 - METRIC - INFO - round: 1
2026-06-25 10:13:14,636 - METRIC - INFO - n_selected: 11
2026-06-25 10:13:14,637 - METRIC - INFO - {"selected_trainers": ["sta0", "sta1", "sta10", "sta2", "sta3", "sta4", "sta5", "sta6", "sta7", "sta8", "sta9"]}
2026-06-25 10:13:30,279 - EXECUT - INFO - received weights from trainer sta0!
2026-06-25 10:13:36,579 - EXECUT - INFO - received weights from trainer sta3!
2026-06-25 10:13:36,634 - EXECUT - INFO - received weights from trainer sta5!
2026-06-25 10:13:36,689 - EXECUT - INFO - received weights from trainer sta1!
2026-06-25 10:13:36,743 - EXECUT - INFO - received weights from trainer sta2!
2026-06-25 10:13:36,796 - EXECUT - INFO - received weights from trainer sta4!
2026-06-25 10:13:36,849 - EXECUT - INFO - received weights from trainer sta7!
2026-06-25 10:13:36,902 - EXECUT - INFO - received weights from trainer sta10!
2026-06-25 10:13:36,949 - EXECUT - INFO - received weights from trainer sta6!
2026-06-25 10:13:36,996 - EXECUT - INFO - received weights from trainer sta8!
2026-06-25 10:13:37,045 - EXECUT - INFO - received weights from trainer sta9!
2026-06-25 10:13:38,734 - EXECUT - INFO - sent aggregated weights to trainers!
2026-06-25 10:13:40,102 - METRIC - INFO - {"loss": 0.380364328622818, "accuracy": 0.894957959651947, "energy_consumption": null, "selected": false, "client_name": "sta5"}
2026-06-25 10:13:40,114 - METRIC - INFO - {"loss": 0.3806166350841522, "accuracy": 0.906862735748291, "energy_consumption": null, "selected": false, "client_name": "sta3"}
2026-06-25 10:13:40,115 - METRIC - INFO - {"loss": 0.4026758074760437, "accuracy": 0.8977590799331665, "energy_consumption": null, "selected": false, "client_name": "sta4"}
2026-06-25 10:13:40,121 - METRIC - INFO - {"loss": 0.3583999574184418, "accuracy": 0.9033613204956055, "energy_consumption": null, "selected": false, "client_name": "sta2"}
2026-06-25 10:13:40,135 - METRIC - INFO - {"loss": 0.38288846611976624, "accuracy": 0.894957959651947, "energy_consumption": null, "selected": false, "client_name": "sta1"}
2026-06-25 10:13:40,143 - METRIC - INFO - {"loss": 0.37401434779167175, "accuracy": 0.8935574293136597, "energy_consumption": null, "selected": false, "client_name": "sta6"}
2026-06-25 10:13:40,159 - METRIC - INFO - {"loss": 0.3807297348976135, "accuracy": 0.8921568393707275, "energy_consumption": null, "selected": false, "client_name": "sta7"}
2026-06-25 10:13:40,177 - METRIC - INFO - {"loss": 0.37643757462501526, "accuracy": 0.901260495185852, "energy_consumption": null, "selected": false, "client_name": "sta0"}
2026-06-25 10:13:40,208 - METRIC - INFO - {"loss": 0.40447139739990234, "accuracy": 0.8872548937797546, "energy_consumption": null, "selected": false, "client_name": "sta9"}
2026-06-25 10:13:40,217 - METRIC - INFO - {"loss": 0.3819727897644043, "accuracy": 0.8900560140609741, "energy_consumption": null, "selected": false, "client_name": "sta8"}
2026-06-25 10:13:40,229 - METRIC - INFO - {"loss": 0.37851482629776, "accuracy": 0.8942577242851257, "energy_consumption": null, "selected": false, "client_name": "sta10"}
2026-06-25 10:13:40,736 - METRIC - INFO - mean_accuracy: 0.89604022286155

2026-06-25 10:13:40,737 - METRIC - INFO - round: 2
2026-06-25 10:13:40,737 - METRIC - INFO - n_selected: 11
2026-06-25 10:13:40,737 - METRIC - INFO - {"selected_trainers": ["sta0", "sta1", "sta10", "sta2", "sta3", "sta4", "sta5", "sta6", "sta7", "sta8", "sta9"]}
2026-06-25 10:14:01,618 - EXECUT - INFO - received weights from trainer sta1!
2026-06-25 10:14:01,672 - EXECUT - INFO - received weights from trainer sta4!
2026-06-25 10:14:01,726 - EXECUT - INFO - received weights from trainer sta9!
2026-06-25 10:14:01,779 - EXECUT - INFO - received weights from trainer sta2!
2026-06-25 10:14:01,832 - EXECUT - INFO - received weights from trainer sta10!
2026-06-25 10:14:01,885 - EXECUT - INFO - received weights from trainer sta6!
2026-06-25 10:14:01,939 - EXECUT - INFO - received weights from trainer sta5!
2026-06-25 10:14:01,992 - EXECUT - INFO - received weights from trainer sta7!
2026-06-25 10:14:02,045 - EXECUT - INFO - received weights from trainer sta3!
2026-06-25 10:14:02,098 - EXECUT - INFO - received weights from trainer sta8!
2026-06-25 10:14:02,148 - EXECUT - INFO - received weights from trainer sta0!
2026-06-25 10:14:03,837 - EXECUT - INFO - sent aggregated weights to trainers!
2026-06-25 10:14:04,918 - METRIC - INFO - {"loss": 2.1615447998046875, "accuracy": 0.4950980246067047, "energy_consumption": null, "selected": false, "client_name": "sta1"}
2026-06-25 10:14:05,037 - METRIC - INFO - {"loss": 2.173729419708252, "accuracy": 0.563725471496582, "energy_consumption": null, "selected": false, "client_name": "sta5"}
2026-06-25 10:14:05,061 - METRIC - INFO - {"loss": 2.1683316230773926, "accuracy": 0.523809552192688, "energy_consumption": null, "selected": false, "client_name": "sta7"}
2026-06-25 10:14:05,080 - METRIC - INFO - {"loss": 2.1795504093170166, "accuracy": 0.5476190447807312, "energy_consumption": null, "selected": false, "client_name": "sta3"}
2026-06-25 10:14:05,108 - METRIC - INFO - {"loss": 2.183056354522705, "accuracy": 0.5427170991897583, "energy_consumption": null, "selected": false, "client_name": "sta0"}
2026-06-25 10:14:05,131 - METRIC - INFO - {"loss": 2.1639814376831055, "accuracy": 0.58753502368927, "energy_consumption": null, "selected": false, "client_name": "sta2"}
2026-06-25 10:14:05,141 - METRIC - INFO - {"loss": 2.1745383739471436, "accuracy": 0.5259103775024414, "energy_consumption": null, "selected": false, "client_name": "sta4"}
2026-06-25 10:14:05,144 - METRIC - INFO - {"loss": 2.1676464080810547, "accuracy": 0.5532212853431702, "energy_consumption": null, "selected": false, "client_name": "sta6"}
2026-06-25 10:14:05,174 - METRIC - INFO - {"loss": 2.168935775756836, "accuracy": 0.5007002949714661, "energy_consumption": null, "selected": false, "client_name": "sta10"}
2026-06-25 10:14:05,188 - METRIC - INFO - {"loss": 2.171048164367676, "accuracy": 0.4761904776096344, "energy_consumption": null, "selected": false, "client_name": "sta9"}
2026-06-25 10:14:05,203 - METRIC - INFO - {"loss": 2.173509359359741, "accuracy": 0.5217086672782898, "energy_consumption": null, "selected": false, "client_name": "sta8"}
2026-06-25 10:14:05,839 - METRIC - INFO - mean_accuracy: 0.5307486653327942

2026-06-25 10:14:05,839 - METRIC - INFO - round: 3
2026-06-25 10:14:05,839 - METRIC - INFO - n_selected: 11
2026-06-25 10:14:05,840 - METRIC - INFO - {"selected_trainers": ["sta0", "sta1", "sta10", "sta2", "sta3", "sta4", "sta5", "sta6", "sta7", "sta8", "sta9"]}
2026-06-25 10:14:18,962 - EXECUT - INFO - received weights from trainer sta0!
2026-06-25 10:14:22,294 - EXECUT - INFO - received weights from trainer sta8!
2026-06-25 10:14:22,342 - EXECUT - INFO - received weights from trainer sta10!
2026-06-25 10:14:22,425 - EXECUT - INFO - received weights from trainer sta9!
2026-06-25 10:14:26,678 - EXECUT - INFO - received weights from trainer sta4!
2026-06-25 10:14:26,727 - EXECUT - INFO - received weights from trainer sta2!
2026-06-25 10:14:26,775 - EXECUT - INFO - received weights from trainer sta7!
2026-06-25 10:14:26,823 - EXECUT - INFO - received weights from trainer sta5!
2026-06-25 10:14:26,871 - EXECUT - INFO - received weights from trainer sta3!
2026-06-25 10:14:26,916 - EXECUT - INFO - received weights from trainer sta6!
2026-06-25 10:14:26,959 - EXECUT - INFO - received weights from trainer sta1!
2026-06-25 10:14:28,801 - EXECUT - INFO - sent aggregated weights to trainers!
2026-06-25 10:14:29,688 - METRIC - INFO - {"loss": 0.717851459980011, "accuracy": 0.8004201650619507, "energy_consumption": null, "selected": false, "client_name": "sta1"}
2026-06-25 10:14:29,700 - METRIC - INFO - {"loss": 0.7160816192626953, "accuracy": 0.8095238208770752, "energy_consumption": null, "selected": false, "client_name": "sta0"}
2026-06-25 10:14:29,720 - METRIC - INFO - {"loss": 0.6999604105949402, "accuracy": 0.8060224056243896, "energy_consumption": null, "selected": false, "client_name": "sta2"}
2026-06-25 10:14:29,732 - METRIC - INFO - {"loss": 0.7413338422775269, "accuracy": 0.7934173941612244, "energy_consumption": null, "selected": false, "client_name": "sta4"}
2026-06-25 10:14:29,795 - METRIC - INFO - {"loss": 0.7125732898712158, "accuracy": 0.7955182194709778, "energy_consumption": null, "selected": false, "client_name": "sta6"}
2026-06-25 10:14:29,818 - METRIC - INFO - {"loss": 0.7196102142333984, "accuracy": 0.7871148586273193, "energy_consumption": null, "selected": false, "client_name": "sta7"}
2026-06-25 10:14:29,833 - METRIC - INFO - {"loss": 0.7422292232513428, "accuracy": 0.779411792755127, "energy_consumption": null, "selected": false, "client_name": "sta5"}
2026-06-25 10:14:29,839 - METRIC - INFO - {"loss": 0.7316189408302307, "accuracy": 0.8095238208770752, "energy_consumption": null, "selected": false, "client_name": "sta3"}
2026-06-25 10:14:29,845 - METRIC - INFO - {"loss": 0.7540877461433411, "accuracy": 0.8018207550048828, "energy_consumption": null, "selected": false, "client_name": "sta9"}
2026-06-25 10:14:29,871 - METRIC - INFO - {"loss": 0.7448580861091614, "accuracy": 0.7955182194709778, "energy_consumption": null, "selected": false, "client_name": "sta10"}
2026-06-25 10:14:29,881 - METRIC - INFO - {"loss": 0.75745689868927, "accuracy": 0.768207311630249, "energy_consumption": null, "selected": false, "client_name": "sta8"}
2026-06-25 10:14:30,803 - METRIC - INFO - mean_accuracy: 0.7951362512328408

2026-06-25 10:14:30,804 - METRIC - INFO - round: 4
2026-06-25 10:14:30,804 - METRIC - INFO - n_selected: 11
2026-06-25 10:14:30,804 - METRIC - INFO - {"selected_trainers": ["sta0", "sta1", "sta10", "sta2", "sta3", "sta4", "sta5", "sta6", "sta7", "sta8", "sta9"]}
2026-06-25 10:14:42,875 - EXECUT - INFO - received weights from trainer sta4!
2026-06-25 10:14:42,915 - EXECUT - INFO - received weights from trainer sta0!
2026-06-25 10:14:42,954 - EXECUT - INFO - received weights from trainer sta1!
2026-06-25 10:14:42,993 - EXECUT - INFO - received weights from trainer sta3!
2026-06-25 10:14:43,033 - EXECUT - INFO - received weights from trainer sta7!
2026-06-25 10:14:45,947 - EXECUT - INFO - received weights from trainer sta10!
2026-06-25 10:14:45,986 - EXECUT - INFO - received weights from trainer sta8!
2026-06-25 10:14:46,124 - EXECUT - INFO - received weights from trainer sta9!
2026-06-25 10:14:51,663 - EXECUT - INFO - received weights from trainer sta6!
2026-06-25 10:14:51,707 - EXECUT - INFO - received weights from trainer sta5!
2026-06-25 10:14:51,750 - EXECUT - INFO - received weights from trainer sta2!
2026-06-25 10:14:52,695 - EXECUT - INFO - sent aggregated weights to trainers!
2026-06-25 10:14:53,550 - METRIC - INFO - {"loss": 0.42470794916152954, "accuracy": 0.8830532431602478, "energy_consumption": null, "selected": false, "client_name": "sta0"}
2026-06-25 10:14:53,631 - METRIC - INFO - {"loss": 0.41858285665512085, "accuracy": 0.8851540684700012, "energy_consumption": null, "selected": false, "client_name": "sta1"}
2026-06-25 10:14:53,642 - METRIC - INFO - {"loss": 0.4572884142398834, "accuracy": 0.8711484670639038, "energy_consumption": null, "selected": false, "client_name": "sta9"}
2026-06-25 10:14:53,664 - METRIC - INFO - {"loss": 0.4319266378879547, "accuracy": 0.8718487620353699, "energy_consumption": null, "selected": false, "client_name": "sta10"}
2026-06-25 10:14:53,685 - METRIC - INFO - {"loss": 0.43453946709632874, "accuracy": 0.8893557190895081, "energy_consumption": null, "selected": false, "client_name": "sta3"}
2026-06-25 10:14:53,698 - METRIC - INFO - {"loss": 0.44166484475135803, "accuracy": 0.8718487620353699, "energy_consumption": null, "selected": false, "client_name": "sta4"}
2026-06-25 10:14:53,761 - METRIC - INFO - {"loss": 0.4335092604160309, "accuracy": 0.8781512379646301, "energy_consumption": null, "selected": false, "client_name": "sta5"}
2026-06-25 10:14:53,776 - METRIC - INFO - {"loss": 0.41834941506385803, "accuracy": 0.8858543634414673, "energy_consumption": null, "selected": false, "client_name": "sta6"}
2026-06-25 10:14:53,799 - METRIC - INFO - {"loss": 0.4166344106197357, "accuracy": 0.8858543634414673, "energy_consumption": null, "selected": false, "client_name": "sta7"}
2026-06-25 10:14:53,818 - METRIC - INFO - {"loss": 0.4126572906970978, "accuracy": 0.8830532431602478, "energy_consumption": null, "selected": false, "client_name": "sta2"}
2026-06-25 10:14:53,837 - METRIC - INFO - {"loss": 0.45604151487350464, "accuracy": 0.8648459315299988, "energy_consumption": null, "selected": false, "client_name": "sta8"}
2026-06-25 10:14:54,699 - METRIC - INFO - mean_accuracy: 0.879106196490201

2026-06-25 10:14:54,699 - METRIC - INFO - round: 5
2026-06-25 10:14:54,700 - METRIC - INFO - n_selected: 11
2026-06-25 10:14:54,700 - METRIC - INFO - {"selected_trainers": ["sta0", "sta1", "sta10", "sta2", "sta3", "sta4", "sta5", "sta6", "sta7", "sta8", "sta9"]}
2026-06-25 10:15:05,713 - EXECUT - INFO - received weights from trainer sta4!
2026-06-25 10:15:05,778 - EXECUT - INFO - received weights from trainer sta5!
2026-06-25 10:15:05,819 - EXECUT - INFO - received weights from trainer sta6!
2026-06-25 10:15:05,860 - EXECUT - INFO - received weights from trainer sta2!
2026-06-25 10:15:05,900 - EXECUT - INFO - received weights from trainer sta3!
2026-06-25 10:15:05,941 - EXECUT - INFO - received weights from trainer sta1!
2026-06-25 10:15:05,980 - EXECUT - INFO - received weights from trainer sta7!
2026-06-25 10:15:08,705 - EXECUT - INFO - received weights from trainer sta8!
2026-06-25 10:15:08,745 - EXECUT - INFO - received weights from trainer sta10!
2026-06-25 10:15:08,785 - EXECUT - INFO - received weights from trainer sta9!
2026-06-25 10:15:15,521 - EXECUT - INFO - received weights from trainer sta0!
2026-06-25 10:15:16,485 - EXECUT - INFO - sent aggregated weights to trainers!
2026-06-25 10:15:17,217 - METRIC - INFO - {"loss": 0.32417386770248413, "accuracy": 0.9047619104385376, "energy_consumption": null, "selected": false, "client_name": "sta1"}
2026-06-25 10:15:17,225 - METRIC - INFO - {"loss": 0.327546089887619, "accuracy": 0.901260495185852, "energy_consumption": null, "selected": false, "client_name": "sta2"}
2026-06-25 10:15:17,251 - METRIC - INFO - {"loss": 0.34971222281455994, "accuracy": 0.901260495185852, "energy_consumption": null, "selected": false, "client_name": "sta4"}
2026-06-25 10:15:17,281 - METRIC - INFO - {"loss": 0.33009040355682373, "accuracy": 0.9054622054100037, "energy_consumption": null, "selected": false, "client_name": "sta6"}
2026-06-25 10:15:17,307 - METRIC - INFO - {"loss": 0.3320910334587097, "accuracy": 0.9019607901573181, "energy_consumption": null, "selected": false, "client_name": "sta7"}
2026-06-25 10:15:17,307 - METRIC - INFO - {"loss": 0.33633461594581604, "accuracy": 0.900560200214386, "energy_consumption": null, "selected": false, "client_name": "sta5"}
2026-06-25 10:15:17,341 - METRIC - INFO - {"loss": 0.33924657106399536, "accuracy": 0.900560200214386, "energy_consumption": null, "selected": false, "client_name": "sta3"}
2026-06-25 10:15:17,375 - METRIC - INFO - {"loss": 0.3341560959815979, "accuracy": 0.9033613204956055, "energy_consumption": null, "selected": false, "client_name": "sta0"}
2026-06-25 10:15:17,387 - METRIC - INFO - {"loss": 0.3583143651485443, "accuracy": 0.8921568393707275, "energy_consumption": null, "selected": false, "client_name": "sta8"}
2026-06-25 10:15:17,507 - METRIC - INFO - {"loss": 0.36839038133621216, "accuracy": 0.8928571343421936, "energy_consumption": null, "selected": false, "client_name": "sta9"}
2026-06-25 10:15:17,534 - METRIC - INFO - {"loss": 0.33953478932380676, "accuracy": 0.8998599648475647, "energy_consumption": null, "selected": false, "client_name": "sta10"}
2026-06-25 10:15:18,487 - METRIC - INFO - mean_accuracy: 0.9003692323511298

2026-06-25 10:15:18,487 - METRIC - INFO - round: 6
2026-06-25 10:15:18,488 - METRIC - INFO - n_selected: 11
2026-06-25 10:15:18,488 - METRIC - INFO - {"selected_trainers": ["sta0", "sta1", "sta10", "sta2", "sta3", "sta4", "sta5", "sta6", "sta7", "sta8", "sta9"]}
2026-06-25 10:15:29,415 - EXECUT - INFO - received weights from trainer sta0!
2026-06-25 10:15:29,465 - EXECUT - INFO - received weights from trainer sta2!
2026-06-25 10:15:29,499 - EXECUT - INFO - received weights from trainer sta1!
2026-06-25 10:15:29,533 - EXECUT - INFO - received weights from trainer sta6!
2026-06-25 10:15:29,593 - EXECUT - INFO - received weights from trainer sta5!
2026-06-25 10:15:29,634 - EXECUT - INFO - received weights from trainer sta3!
2026-06-25 10:15:29,674 - EXECUT - INFO - received weights from trainer sta4!
2026-06-25 10:15:29,714 - EXECUT - INFO - received weights from trainer sta7!
2026-06-25 10:15:32,534 - EXECUT - INFO - received weights from trainer sta8!
2026-06-25 10:15:32,597 - EXECUT - INFO - received weights from trainer sta10!
2026-06-25 10:15:32,684 - EXECUT - INFO - received weights from trainer sta9!
2026-06-25 10:15:34,222 - EXECUT - INFO - sent aggregated weights to trainers!
2026-06-25 10:15:34,925 - METRIC - INFO - {"loss": 0.27890753746032715, "accuracy": 0.918067216873169, "energy_consumption": null, "selected": false, "client_name": "sta2"}
2026-06-25 10:15:34,950 - METRIC - INFO - {"loss": 0.28158247470855713, "accuracy": 0.9201680421829224, "energy_consumption": null, "selected": false, "client_name": "sta5"}
2026-06-25 10:15:34,981 - METRIC - INFO - {"loss": 0.2742071747779846, "accuracy": 0.9222689270973206, "energy_consumption": null, "selected": false, "client_name": "sta1"}
2026-06-25 10:15:34,992 - METRIC - INFO - {"loss": 0.2807307541370392, "accuracy": 0.9208683371543884, "energy_consumption": null, "selected": false, "client_name": "sta0"}
2026-06-25 10:15:34,999 - METRIC - INFO - {"loss": 0.30036497116088867, "accuracy": 0.9138655662536621, "energy_consumption": null, "selected": false, "client_name": "sta4"}
2026-06-25 10:15:35,050 - METRIC - INFO - {"loss": 0.2831002175807953, "accuracy": 0.9117646813392639, "energy_consumption": null, "selected": false, "client_name": "sta6"}
2026-06-25 10:15:35,066 - METRIC - INFO - {"loss": 0.2852238416671753, "accuracy": 0.9166666865348816, "energy_consumption": null, "selected": false, "client_name": "sta3"}
2026-06-25 10:15:35,085 - METRIC - INFO - {"loss": 0.28373953700065613, "accuracy": 0.918067216873169, "energy_consumption": null, "selected": false, "client_name": "sta7"}
2026-06-25 10:15:35,095 - METRIC - INFO - {"loss": 0.31704309582710266, "accuracy": 0.9075630307197571, "energy_consumption": null, "selected": false, "client_name": "sta9"}
2026-06-25 10:15:35,112 - METRIC - INFO - {"loss": 0.30590057373046875, "accuracy": 0.9054622054100037, "energy_consumption": null, "selected": false, "client_name": "sta8"}
2026-06-25 10:15:35,124 - METRIC - INFO - {"loss": 0.2911308705806732, "accuracy": 0.9201680421829224, "energy_consumption": null, "selected": false, "client_name": "sta10"}
2026-06-25 10:15:35,223 - METRIC - INFO - mean_accuracy: 0.9159027229655873

2026-06-25 10:15:35,223 - METRIC - INFO - round: 7
2026-06-25 10:15:35,223 - METRIC - INFO - n_selected: 11
2026-06-25 10:15:35,223 - METRIC - INFO - {"selected_trainers": ["sta0", "sta1", "sta10", "sta2", "sta3", "sta4", "sta5", "sta6", "sta7", "sta8", "sta9"]}
2026-06-25 10:15:44,825 - EXECUT - INFO - received weights from trainer sta6!
2026-06-25 10:15:44,867 - EXECUT - INFO - received weights from trainer sta5!
2026-06-25 10:15:44,902 - EXECUT - INFO - received weights from trainer sta4!
2026-06-25 10:15:44,934 - EXECUT - INFO - received weights from trainer sta3!
2026-06-25 10:15:45,000 - EXECUT - INFO - received weights from trainer sta0!
2026-06-25 10:15:45,031 - EXECUT - INFO - received weights from trainer sta1!
2026-06-25 10:15:45,063 - EXECUT - INFO - received weights from trainer sta2!
2026-06-25 10:15:45,093 - EXECUT - INFO - received weights from trainer sta7!
2026-06-25 10:15:47,099 - EXECUT - INFO - received weights from trainer sta8!
2026-06-25 10:15:47,173 - EXECUT - INFO - received weights from trainer sta10!
2026-06-25 10:15:47,270 - EXECUT - INFO - received weights from trainer sta9!
2026-06-25 10:15:47,873 - EXECUT - INFO - sent aggregated weights to trainers!
2026-06-25 10:15:48,509 - METRIC - INFO - {"loss": 0.24229544401168823, "accuracy": 0.9278711676597595, "energy_consumption": null, "selected": false, "client_name": "sta0"}
2026-06-25 10:15:48,522 - METRIC - INFO - {"loss": 0.24073083698749542, "accuracy": 0.9278711676597595, "energy_consumption": null, "selected": false, "client_name": "sta2"}
2026-06-25 10:15:48,538 - METRIC - INFO - {"loss": 0.24849653244018555, "accuracy": 0.92507004737854, "energy_consumption": null, "selected": false, "client_name": "sta6"}
2026-06-25 10:15:48,550 - METRIC - INFO - {"loss": 0.23877166211605072, "accuracy": 0.9285714030265808, "energy_consumption": null, "selected": false, "client_name": "sta1"}
2026-06-25 10:15:48,566 - METRIC - INFO - {"loss": 0.26057183742523193, "accuracy": 0.9229691624641418, "energy_consumption": null, "selected": false, "client_name": "sta4"}
2026-06-25 10:15:48,579 - METRIC - INFO - {"loss": 0.24792146682739258, "accuracy": 0.9327731132507324, "energy_consumption": null, "selected": false, "client_name": "sta3"}
2026-06-25 10:15:48,605 - METRIC - INFO - {"loss": 0.24071818590164185, "accuracy": 0.930672287940979, "energy_consumption": null, "selected": false, "client_name": "sta5"}
2026-06-25 10:15:48,629 - METRIC - INFO - {"loss": 0.24206337332725525, "accuracy": 0.9341736435890198, "energy_consumption": null, "selected": false, "client_name": "sta7"}
2026-06-25 10:15:48,637 - METRIC - INFO - {"loss": 0.25355708599090576, "accuracy": 0.9299719929695129, "energy_consumption": null, "selected": false, "client_name": "sta10"}
2026-06-25 10:15:48,652 - METRIC - INFO - {"loss": 0.2644156515598297, "accuracy": 0.9138655662536621, "energy_consumption": null, "selected": false, "client_name": "sta8"}
2026-06-25 10:15:48,765 - METRIC - INFO - {"loss": 0.278609961271286, "accuracy": 0.9194678068161011, "energy_consumption": null, "selected": false, "client_name": "sta9"}
2026-06-25 10:15:48,876 - METRIC - INFO - mean_accuracy: 0.9266615780917081

2026-06-25 10:15:48,876 - METRIC - INFO - round: 8
2026-06-25 10:15:48,876 - METRIC - INFO - n_selected: 11
2026-06-25 10:15:48,876 - METRIC - INFO - {"selected_trainers": ["sta0", "sta1", "sta10", "sta2", "sta3", "sta4", "sta5", "sta6", "sta7", "sta8", "sta9"]}
2026-06-25 10:15:58,457 - EXECUT - INFO - received weights from trainer sta6!
2026-06-25 10:15:58,499 - EXECUT - INFO - received weights from trainer sta4!
2026-06-25 10:15:58,530 - EXECUT - INFO - received weights from trainer sta5!
2026-06-25 10:15:58,572 - EXECUT - INFO - received weights from trainer sta0!
2026-06-25 10:15:58,604 - EXECUT - INFO - received weights from trainer sta3!
2026-06-25 10:15:58,646 - EXECUT - INFO - received weights from trainer sta1!
2026-06-25 10:15:58,694 - EXECUT - INFO - received weights from trainer sta7!
2026-06-25 10:15:59,427 - EXECUT - INFO - received weights from trainer sta2!
2026-06-25 10:16:00,703 - EXECUT - INFO - received weights from trainer sta10!
2026-06-25 10:16:00,979 - EXECUT - INFO - received weights from trainer sta9!
2026-06-25 10:16:09,653 - EXECUT - INFO - received weights from trainer sta8!
2026-06-25 10:16:10,520 - EXECUT - INFO - sent aggregated weights to trainers!
2026-06-25 10:16:11,163 - METRIC - INFO - {"loss": 0.20812289416790009, "accuracy": 0.9348739385604858, "energy_consumption": null, "selected": false, "client_name": "sta1"}
2026-06-25 10:16:11,178 - METRIC - INFO - {"loss": 0.2084614783525467, "accuracy": 0.9376750588417053, "energy_consumption": null, "selected": false, "client_name": "sta0"}
2026-06-25 10:16:11,195 - METRIC - INFO - {"loss": 0.22447898983955383, "accuracy": 0.930672287940979, "energy_consumption": null, "selected": false, "client_name": "sta4"}
2026-06-25 10:16:11,197 - METRIC - INFO - {"loss": 0.20775353908538818, "accuracy": 0.9418767690658569, "energy_consumption": null, "selected": false, "client_name": "sta5"}
2026-06-25 10:16:11,201 - METRIC - INFO - {"loss": 0.20972280204296112, "accuracy": 0.9425770044326782, "energy_consumption": null, "selected": false, "client_name": "sta2"}
2026-06-25 10:16:11,206 - METRIC - INFO - {"loss": 0.21489091217517853, "accuracy": 0.9425770044326782, "energy_consumption": null, "selected": false, "client_name": "sta3"}
2026-06-25 10:16:11,228 - METRIC - INFO - {"loss": 0.21823598444461823, "accuracy": 0.936274528503418, "energy_consumption": null, "selected": false, "client_name": "sta6"}
2026-06-25 10:16:11,266 - METRIC - INFO - {"loss": 0.24783538281917572, "accuracy": 0.930672287940979, "energy_consumption": null, "selected": false, "client_name": "sta9"}
2026-06-25 10:16:11,277 - METRIC - INFO - {"loss": 0.2254396378993988, "accuracy": 0.9376750588417053, "energy_consumption": null, "selected": false, "client_name": "sta10"}
2026-06-25 10:16:11,282 - METRIC - INFO - {"loss": 0.21033428609371185, "accuracy": 0.9376750588417053, "energy_consumption": null, "selected": false, "client_name": "sta7"}
2026-06-25 10:16:11,290 - METRIC - INFO - {"loss": 0.23165559768676758, "accuracy": 0.92507004737854, "energy_consumption": null, "selected": false, "client_name": "sta8"}
2026-06-25 10:16:11,521 - METRIC - INFO - mean_accuracy: 0.9361471858891574

2026-06-25 10:16:11,521 - METRIC - INFO - round: 9
2026-06-25 10:16:11,521 - METRIC - INFO - n_selected: 11
2026-06-25 10:16:11,521 - METRIC - INFO - {"selected_trainers": ["sta0", "sta1", "sta10", "sta2", "sta3", "sta4", "sta5", "sta6", "sta7", "sta8", "sta9"]}
2026-06-25 10:16:20,577 - EXECUT - INFO - received weights from trainer sta3!
2026-06-25 10:16:20,612 - EXECUT - INFO - received weights from trainer sta0!
2026-06-25 10:16:20,642 - EXECUT - INFO - received weights from trainer sta5!
2026-06-25 10:16:20,671 - EXECUT - INFO - received weights from trainer sta4!
2026-06-25 10:16:20,700 - EXECUT - INFO - received weights from trainer sta6!
2026-06-25 10:16:20,729 - EXECUT - INFO - received weights from trainer sta2!
2026-06-25 10:16:20,758 - EXECUT - INFO - received weights from trainer sta1!
2026-06-25 10:16:20,787 - EXECUT - INFO - received weights from trainer sta7!
2026-06-25 10:16:22,548 - EXECUT - INFO - received weights from trainer sta10!
2026-06-25 10:16:22,696 - EXECUT - INFO - received weights from trainer sta9!
2026-06-25 10:16:32,324 - EXECUT - INFO - received weights from trainer sta8!
2026-06-25 10:16:33,136 - EXECUT - INFO - sent aggregated weights to trainers!
2026-06-25 10:16:33,750 - METRIC - INFO - {"loss": 0.18391314148902893, "accuracy": 0.9411764740943909, "energy_consumption": null, "selected": false, "client_name": "sta1"}
2026-06-25 10:16:33,752 - METRIC - INFO - {"loss": 0.1812475323677063, "accuracy": 0.9516806602478027, "energy_consumption": null, "selected": false, "client_name": "sta2"}
2026-06-25 10:16:33,770 - METRIC - INFO - {"loss": 0.1980937272310257, "accuracy": 0.9404761791229248, "energy_consumption": null, "selected": false, "client_name": "sta4"}
2026-06-25 10:16:33,772 - METRIC - INFO - {"loss": 0.1830950826406479, "accuracy": 0.9418767690658569, "energy_consumption": null, "selected": false, "client_name": "sta0"}
2026-06-25 10:16:33,780 - METRIC - INFO - {"loss": 0.1822071075439453, "accuracy": 0.9467787146568298, "energy_consumption": null, "selected": false, "client_name": "sta5"}
2026-06-25 10:16:33,800 - METRIC - INFO - {"loss": 0.19352836906909943, "accuracy": 0.9432772994041443, "energy_consumption": null, "selected": false, "client_name": "sta6"}
2026-06-25 10:16:33,827 - METRIC - INFO - {"loss": 0.18505550920963287, "accuracy": 0.9460784196853638, "energy_consumption": null, "selected": false, "client_name": "sta7"}
2026-06-25 10:16:33,840 - METRIC - INFO - {"loss": 0.1904526650905609, "accuracy": 0.9453781247138977, "energy_consumption": null, "selected": false, "client_name": "sta3"}
2026-06-25 10:16:33,856 - METRIC - INFO - {"loss": 0.22079119086265564, "accuracy": 0.9348739385604858, "energy_consumption": null, "selected": false, "client_name": "sta9"}
2026-06-25 10:16:33,867 - METRIC - INFO - {"loss": 0.20474109053611755, "accuracy": 0.9341736435890198, "energy_consumption": null, "selected": false, "client_name": "sta8"}
2026-06-25 10:16:33,876 - METRIC - INFO - {"loss": 0.20001423358917236, "accuracy": 0.9425770044326782, "energy_consumption": null, "selected": false, "client_name": "sta10"}
2026-06-25 10:16:34,139 - METRIC - INFO - mean_accuracy: 0.9425770206884905

2026-06-25 10:16:34,139 - METRIC - INFO - round: 10
2026-06-25 10:16:34,139 - METRIC - INFO - n_selected: 11
2026-06-25 10:16:34,139 - METRIC - INFO - {"selected_trainers": ["sta0", "sta1", "sta10", "sta2", "sta3", "sta4", "sta5", "sta6", "sta7", "sta8", "sta9"]}
2026-06-25 10:16:42,695 - EXECUT - INFO - received weights from trainer sta5!
2026-06-25 10:16:42,731 - EXECUT - INFO - received weights from trainer sta0!
2026-06-25 10:16:42,783 - EXECUT - INFO - received weights from trainer sta4!
2026-06-25 10:16:42,810 - EXECUT - INFO - received weights from trainer sta3!
2026-06-25 10:16:42,837 - EXECUT - INFO - received weights from trainer sta1!
2026-06-25 10:16:42,864 - EXECUT - INFO - received weights from trainer sta2!
2026-06-25 10:16:42,891 - EXECUT - INFO - received weights from trainer sta7!
2026-06-25 10:16:44,382 - EXECUT - INFO - received weights from trainer sta8!
2026-06-25 10:16:44,426 - EXECUT - INFO - received weights from trainer sta10!
2026-06-25 10:16:44,551 - EXECUT - INFO - received weights from trainer sta9!
2026-06-25 10:16:44,676 - EXECUT - INFO - received weights from trainer sta6!
2026-06-25 10:16:45,723 - EXECUT - INFO - sent aggregated weights to trainers!
2026-06-25 10:16:46,274 - METRIC - INFO - {"loss": 0.15851359069347382, "accuracy": 0.9502801299095154, "energy_consumption": null, "selected": false, "client_name": "sta0"}
2026-06-25 10:16:46,288 - METRIC - INFO - {"loss": 0.16345661878585815, "accuracy": 0.9467787146568298, "energy_consumption": null, "selected": false, "client_name": "sta1"}
2026-06-25 10:16:46,307 - METRIC - INFO - {"loss": 0.16194896399974823, "accuracy": 0.9572829008102417, "energy_consumption": null, "selected": false, "client_name": "sta2"}
2026-06-25 10:16:46,315 - METRIC - INFO - {"loss": 0.17647099494934082, "accuracy": 0.9474790096282959, "energy_consumption": null, "selected": false, "client_name": "sta4"}
2026-06-25 10:16:46,333 - METRIC - INFO - {"loss": 0.16258946061134338, "accuracy": 0.9509803652763367, "energy_consumption": null, "selected": false, "client_name": "sta5"}
2026-06-25 10:16:46,334 - METRIC - INFO - {"loss": 0.17408674955368042, "accuracy": 0.9474790096282959, "energy_consumption": null, "selected": false, "client_name": "sta6"}
2026-06-25 10:16:46,393 - METRIC - INFO - {"loss": 0.16756628453731537, "accuracy": 0.9488795399665833, "energy_consumption": null, "selected": false, "client_name": "sta3"}
2026-06-25 10:16:46,407 - METRIC - INFO - {"loss": 0.1638091653585434, "accuracy": 0.9509803652763367, "energy_consumption": null, "selected": false, "client_name": "sta7"}
2026-06-25 10:16:46,407 - METRIC - INFO - {"loss": 0.194453626871109, "accuracy": 0.9404761791229248, "energy_consumption": null, "selected": false, "client_name": "sta9"}
2026-06-25 10:16:46,411 - METRIC - INFO - {"loss": 0.17739234864711761, "accuracy": 0.9460784196853638, "energy_consumption": null, "selected": false, "client_name": "sta10"}
2026-06-25 10:16:46,417 - METRIC - INFO - {"loss": 0.17960529029369354, "accuracy": 0.9432772994041443, "energy_consumption": null, "selected": false, "client_name": "sta8"}
2026-06-25 10:16:46,725 - METRIC - INFO - mean_accuracy: 0.9481792666695334

2026-06-25 10:16:46,725 - METRIC - INFO - round: 11
2026-06-25 10:16:46,725 - METRIC - INFO - n_selected: 11
2026-06-25 10:16:46,725 - METRIC - INFO - {"selected_trainers": ["sta0", "sta1", "sta10", "sta2", "sta3", "sta4", "sta5", "sta6", "sta7", "sta8", "sta9"]}
2026-06-25 10:16:54,700 - EXECUT - INFO - received weights from trainer sta5!
2026-06-25 10:16:54,727 - EXECUT - INFO - received weights from trainer sta6!
2026-06-25 10:16:54,758 - EXECUT - INFO - received weights from trainer sta4!
2026-06-25 10:16:54,785 - EXECUT - INFO - received weights from trainer sta0!
2026-06-25 10:16:54,811 - EXECUT - INFO - received weights from trainer sta1!
2026-06-25 10:16:54,837 - EXECUT - INFO - received weights from trainer sta7!
2026-06-25 10:16:54,864 - EXECUT - INFO - received weights from trainer sta3!
2026-06-25 10:16:54,889 - EXECUT - INFO - received weights from trainer sta2!
2026-06-25 10:16:56,333 - EXECUT - INFO - received weights from trainer sta8!
2026-06-25 10:16:56,362 - EXECUT - INFO - received weights from trainer sta10!
2026-06-25 10:16:56,509 - EXECUT - INFO - received weights from trainer sta9!
2026-06-25 10:16:57,254 - EXECUT - INFO - sent aggregated weights to trainers!
2026-06-25 10:16:57,782 - METRIC - INFO - {"loss": 0.1482963114976883, "accuracy": 0.9516806602478027, "energy_consumption": null, "selected": false, "client_name": "sta1"}
2026-06-25 10:16:57,783 - METRIC - INFO - {"loss": 0.14271141588687897, "accuracy": 0.9635854363441467, "energy_consumption": null, "selected": false, "client_name": "sta2"}
2026-06-25 10:16:57,796 - METRIC - INFO - {"loss": 0.1404542624950409, "accuracy": 0.9600840210914612, "energy_consumption": null, "selected": false, "client_name": "sta0"}
2026-06-25 10:16:57,802 - METRIC - INFO - {"loss": 0.15000320971012115, "accuracy": 0.9523809552192688, "energy_consumption": null, "selected": false, "client_name": "sta3"}
2026-06-25 10:16:57,818 - METRIC - INFO - {"loss": 0.15487295389175415, "accuracy": 0.9537814855575562, "energy_consumption": null, "selected": false, "client_name": "sta6"}
2026-06-25 10:16:57,824 - METRIC - INFO - {"loss": 0.15795104205608368, "accuracy": 0.9544817805290222, "energy_consumption": null, "selected": false, "client_name": "sta4"}
2026-06-25 10:16:57,827 - METRIC - INFO - {"loss": 0.1434982270002365, "accuracy": 0.9572829008102417, "energy_consumption": null, "selected": false, "client_name": "sta5"}
2026-06-25 10:16:57,865 - METRIC - INFO - {"loss": 0.14821754395961761, "accuracy": 0.9558823704719543, "energy_consumption": null, "selected": false, "client_name": "sta7"}
2026-06-25 10:16:57,891 - METRIC - INFO - {"loss": 0.16394275426864624, "accuracy": 0.9488795399665833, "energy_consumption": null, "selected": false, "client_name": "sta8"}
2026-06-25 10:16:57,892 - METRIC - INFO - {"loss": 0.16065533459186554, "accuracy": 0.9530812501907349, "energy_consumption": null, "selected": false, "client_name": "sta10"}
2026-06-25 10:16:57,908 - METRIC - INFO - {"loss": 0.17815299332141876, "accuracy": 0.9481792449951172, "energy_consumption": null, "selected": false, "client_name": "sta9"}
2026-06-25 10:16:58,256 - METRIC - INFO - mean_accuracy: 0.9544817859476263

2026-06-25 10:16:58,256 - METRIC - INFO - round: 12
2026-06-25 10:16:58,257 - METRIC - INFO - n_selected: 11
2026-06-25 10:16:58,257 - METRIC - INFO - {"selected_trainers": ["sta0", "sta1", "sta10", "sta2", "sta3", "sta4", "sta5", "sta6", "sta7", "sta8", "sta9"]}
2026-06-25 10:17:06,132 - EXECUT - INFO - received weights from trainer sta0!
2026-06-25 10:17:06,197 - EXECUT - INFO - received weights from trainer sta2!
2026-06-25 10:17:06,231 - EXECUT - INFO - received weights from trainer sta1!
2026-06-25 10:17:06,280 - EXECUT - INFO - received weights from trainer sta4!
2026-06-25 10:17:06,305 - EXECUT - INFO - received weights from trainer sta3!
2026-06-25 10:17:06,330 - EXECUT - INFO - received weights from trainer sta6!
2026-06-25 10:17:06,354 - EXECUT - INFO - received weights from trainer sta7!
2026-06-25 10:17:06,378 - EXECUT - INFO - received weights from trainer sta5!
2026-06-25 10:17:07,833 - EXECUT - INFO - received weights from trainer sta10!
2026-06-25 10:17:07,857 - EXECUT - INFO - received weights from trainer sta8!
2026-06-25 10:17:08,003 - EXECUT - INFO - received weights from trainer sta9!
2026-06-25 10:17:08,771 - EXECUT - INFO - sent aggregated weights to trainers!
2026-06-25 10:17:09,247 - METRIC - INFO - {"loss": 0.13436536490917206, "accuracy": 0.9586834907531738, "energy_consumption": null, "selected": false, "client_name": "sta1"}
2026-06-25 10:17:09,267 - METRIC - INFO - {"loss": 0.1441420167684555, "accuracy": 0.9586834907531738, "energy_consumption": null, "selected": false, "client_name": "sta4"}
2026-06-25 10:17:09,268 - METRIC - INFO - {"loss": 0.12858137488365173, "accuracy": 0.9649859666824341, "energy_consumption": null, "selected": false, "client_name": "sta2"}
2026-06-25 10:17:09,294 - METRIC - INFO - {"loss": 0.14225183427333832, "accuracy": 0.9572829008102417, "energy_consumption": null, "selected": false, "client_name": "sta6"}
2026-06-25 10:17:09,304 - METRIC - INFO - {"loss": 0.12774837017059326, "accuracy": 0.9635854363441467, "energy_consumption": null, "selected": false, "client_name": "sta0"}
2026-06-25 10:17:09,324 - METRIC - INFO - {"loss": 0.13604822754859924, "accuracy": 0.9579831957817078, "energy_consumption": null, "selected": false, "client_name": "sta3"}
2026-06-25 10:17:09,343 - METRIC - INFO - {"loss": 0.1299429088830948, "accuracy": 0.9614846110343933, "energy_consumption": null, "selected": false, "client_name": "sta5"}
2026-06-25 10:17:09,381 - METRIC - INFO - {"loss": 0.13567706942558289, "accuracy": 0.9558823704719543, "energy_consumption": null, "selected": false, "client_name": "sta7"}
2026-06-25 10:17:09,393 - METRIC - INFO - {"loss": 0.15934675931930542, "accuracy": 0.9502801299095154, "energy_consumption": null, "selected": false, "client_name": "sta9"}
2026-06-25 10:17:09,394 - METRIC - INFO - {"loss": 0.1476965695619583, "accuracy": 0.9509803652763367, "energy_consumption": null, "selected": false, "client_name": "sta8"}
2026-06-25 10:17:09,401 - METRIC - INFO - {"loss": 0.14443688094615936, "accuracy": 0.9579831957817078, "energy_consumption": null, "selected": false, "client_name": "sta10"}
2026-06-25 10:17:09,773 - METRIC - INFO - mean_accuracy: 0.9579831957817078

2026-06-25 10:17:09,773 - METRIC - INFO - round: 13
2026-06-25 10:17:09,773 - METRIC - INFO - n_selected: 11
2026-06-25 10:17:09,773 - METRIC - INFO - {"selected_trainers": ["sta0", "sta1", "sta10", "sta2", "sta3", "sta4", "sta5", "sta6", "sta7", "sta8", "sta9"]}
2026-06-25 10:17:17,749 - EXECUT - INFO - received weights from trainer sta5!
2026-06-25 10:17:17,774 - EXECUT - INFO - received weights from trainer sta7!
2026-06-25 10:17:17,804 - EXECUT - INFO - received weights from trainer sta0!
2026-06-25 10:17:17,829 - EXECUT - INFO - received weights from trainer sta4!
2026-06-25 10:17:17,854 - EXECUT - INFO - received weights from trainer sta1!
2026-06-25 10:17:17,879 - EXECUT - INFO - received weights from trainer sta2!
2026-06-25 10:17:17,903 - EXECUT - INFO - received weights from trainer sta6!
2026-06-25 10:17:17,927 - EXECUT - INFO - received weights from trainer sta3!
2026-06-25 10:17:19,344 - EXECUT - INFO - received weights from trainer sta8!
2026-06-25 10:17:19,420 - EXECUT - INFO - received weights from trainer sta10!
2026-06-25 10:17:20,317 - EXECUT - INFO - received weights from trainer sta9!
2026-06-25 10:17:21,298 - EXECUT - INFO - sent aggregated weights to trainers!
2026-06-25 10:17:21,801 - METRIC - INFO - {"loss": 0.11637403070926666, "accuracy": 0.9698879718780518, "energy_consumption": null, "selected": false, "client_name": "sta2"}
2026-06-25 10:17:21,814 - METRIC - INFO - {"loss": 0.13004089891910553, "accuracy": 0.9600840210914612, "energy_consumption": null, "selected": false, "client_name": "sta4"}
2026-06-25 10:17:21,829 - METRIC - INFO - {"loss": 0.11772451549768448, "accuracy": 0.9621848464012146, "energy_consumption": null, "selected": false, "client_name": "sta5"}
2026-06-25 10:17:21,841 - METRIC - INFO - {"loss": 0.11466404050588608, "accuracy": 0.9691876769065857, "energy_consumption": null, "selected": false, "client_name": "sta0"}
2026-06-25 10:17:21,852 - METRIC - INFO - {"loss": 0.12380501627922058, "accuracy": 0.9621848464012146, "energy_consumption": null, "selected": false, "client_name": "sta1"}
2026-06-25 10:17:21,867 - METRIC - INFO - {"loss": 0.12480519711971283, "accuracy": 0.9614846110343933, "energy_consumption": null, "selected": false, "client_name": "sta7"}
2026-06-25 10:17:21,867 - METRIC - INFO - {"loss": 0.1260649412870407, "accuracy": 0.9621848464012146, "energy_consumption": null, "selected": false, "client_name": "sta3"}
2026-06-25 10:17:21,887 - METRIC - INFO - {"loss": 0.1343269795179367, "accuracy": 0.9565826058387756, "energy_consumption": null, "selected": false, "client_name": "sta6"}
2026-06-25 10:17:21,919 - METRIC - INFO - {"loss": 0.14829371869564056, "accuracy": 0.9544817805290222, "energy_consumption": null, "selected": false, "client_name": "sta9"}
2026-06-25 10:17:21,927 - METRIC - INFO - {"loss": 0.13405610620975494, "accuracy": 0.9544817805290222, "energy_consumption": null, "selected": false, "client_name": "sta8"}
2026-06-25 10:17:21,930 - METRIC - INFO - {"loss": 0.13312698900699615, "accuracy": 0.9593837261199951, "energy_consumption": null, "selected": false, "client_name": "sta10"}
2026-06-25 10:17:22,301 - METRIC - INFO - mean_accuracy: 0.961102610284632

2026-06-25 10:17:22,302 - METRIC - INFO - round: 14
2026-06-25 10:17:22,302 - METRIC - INFO - n_selected: 11
2026-06-25 10:17:22,302 - METRIC - INFO - {"selected_trainers": ["sta0", "sta1", "sta10", "sta2", "sta3", "sta4", "sta5", "sta6", "sta7", "sta8", "sta9"]}
2026-06-25 10:17:29,466 - EXECUT - INFO - received weights from trainer sta4!
2026-06-25 10:17:29,494 - EXECUT - INFO - received weights from trainer sta6!
2026-06-25 10:17:29,539 - EXECUT - INFO - received weights from trainer sta5!
2026-06-25 10:17:29,562 - EXECUT - INFO - received weights from trainer sta0!
2026-06-25 10:17:29,585 - EXECUT - INFO - received weights from trainer sta2!
2026-06-25 10:17:29,637 - EXECUT - INFO - received weights from trainer sta7!
2026-06-25 10:17:29,662 - EXECUT - INFO - received weights from trainer sta3!
2026-06-25 10:17:30,900 - EXECUT - INFO - received weights from trainer sta8!
2026-06-25 10:17:30,948 - EXECUT - INFO - received weights from trainer sta10!
2026-06-25 10:17:32,799 - EXECUT - INFO - received weights from trainer sta9!
2026-06-25 10:17:32,825 - EXECUT - INFO - received weights from trainer sta1!
2026-06-25 10:17:33,772 - EXECUT - INFO - sent aggregated weights to trainers!
2026-06-25 10:17:34,252 - METRIC - INFO - {"loss": 0.11465638130903244, "accuracy": 0.9628851413726807, "energy_consumption": null, "selected": false, "client_name": "sta1"}
2026-06-25 10:17:34,276 - METRIC - INFO - {"loss": 0.10359062254428864, "accuracy": 0.9726890921592712, "energy_consumption": null, "selected": false, "client_name": "sta0"}
2026-06-25 10:17:34,291 - METRIC - INFO - {"loss": 0.10720492154359818, "accuracy": 0.9733893275260925, "energy_consumption": null, "selected": false, "client_name": "sta2"}
2026-06-25 10:17:34,294 - METRIC - INFO - {"loss": 0.11834780871868134, "accuracy": 0.9621848464012146, "energy_consumption": null, "selected": false, "client_name": "sta4"}
2026-06-25 10:17:34,321 - METRIC - INFO - {"loss": 0.12232173979282379, "accuracy": 0.9614846110343933, "energy_consumption": null, "selected": false, "client_name": "sta6"}
2026-06-25 10:17:34,335 - METRIC - INFO - {"loss": 0.1076645627617836, "accuracy": 0.9656862616539001, "energy_consumption": null, "selected": false, "client_name": "sta5"}
2026-06-25 10:17:34,356 - METRIC - INFO - {"loss": 0.1377595216035843, "accuracy": 0.9558823704719543, "energy_consumption": null, "selected": false, "client_name": "sta9"}
2026-06-25 10:17:34,356 - METRIC - INFO - {"loss": 0.11370905488729477, "accuracy": 0.9628851413726807, "energy_consumption": null, "selected": false, "client_name": "sta7"}
2026-06-25 10:17:34,358 - METRIC - INFO - {"loss": 0.11656461656093597, "accuracy": 0.9656862616539001, "energy_consumption": null, "selected": false, "client_name": "sta3"}
2026-06-25 10:17:34,369 - METRIC - INFO - {"loss": 0.12361721694469452, "accuracy": 0.9635854363441467, "energy_consumption": null, "selected": false, "client_name": "sta10"}
2026-06-25 10:17:34,370 - METRIC - INFO - {"loss": 0.12675157189369202, "accuracy": 0.9600840210914612, "energy_consumption": null, "selected": false, "client_name": "sta8"}
2026-06-25 10:17:34,773 - METRIC - INFO - mean_accuracy: 0.9642220464619723

2026-06-25 10:17:34,773 - METRIC - INFO - round: 15
2026-06-25 10:17:34,773 - METRIC - INFO - n_selected: 11
2026-06-25 10:17:34,773 - METRIC - INFO - {"selected_trainers": ["sta0", "sta1", "sta10", "sta2", "sta3", "sta4", "sta5", "sta6", "sta7", "sta8", "sta9"]}
2026-06-25 10:17:41,609 - EXECUT - INFO - received weights from trainer sta5!
2026-06-25 10:17:41,645 - EXECUT - INFO - received weights from trainer sta1!
2026-06-25 10:17:41,675 - EXECUT - INFO - received weights from trainer sta7!
2026-06-25 10:17:41,701 - EXECUT - INFO - received weights from trainer sta4!
2026-06-25 10:17:41,726 - EXECUT - INFO - received weights from trainer sta6!
2026-06-25 10:17:41,751 - EXECUT - INFO - received weights from trainer sta0!
2026-06-25 10:17:41,774 - EXECUT - INFO - received weights from trainer sta3!
2026-06-25 10:17:42,974 - EXECUT - INFO - received weights from trainer sta10!
2026-06-25 10:17:43,051 - EXECUT - INFO - received weights from trainer sta8!
2026-06-25 10:17:43,076 - EXECUT - INFO - received weights from trainer sta9!
2026-06-25 10:17:45,257 - EXECUT - INFO - received weights from trainer sta2!
2026-06-25 10:17:46,225 - EXECUT - INFO - sent aggregated weights to trainers!
2026-06-25 10:17:46,680 - METRIC - INFO - {"loss": 0.09481622278690338, "accuracy": 0.9726890921592712, "energy_consumption": null, "selected": false, "client_name": "sta0"}
2026-06-25 10:17:46,691 - METRIC - INFO - {"loss": 0.10665667802095413, "accuracy": 0.9656862616539001, "energy_consumption": null, "selected": false, "client_name": "sta1"}
2026-06-25 10:17:46,700 - METRIC - INFO - {"loss": 0.10792438685894012, "accuracy": 0.9684873819351196, "energy_consumption": null, "selected": false, "client_name": "sta3"}
2026-06-25 10:17:46,716 - METRIC - INFO - {"loss": 0.11470288038253784, "accuracy": 0.9642857313156128, "energy_consumption": null, "selected": false, "client_name": "sta6"}
2026-06-25 10:17:46,717 - METRIC - INFO - {"loss": 0.09932959079742432, "accuracy": 0.9754902124404907, "energy_consumption": null, "selected": false, "client_name": "sta2"}
2026-06-25 10:17:46,725 - METRIC - INFO - {"loss": 0.11056838184595108, "accuracy": 0.9628851413726807, "energy_consumption": null, "selected": false, "client_name": "sta4"}
2026-06-25 10:17:46,742 - METRIC - INFO - {"loss": 0.09942739456892014, "accuracy": 0.9740896224975586, "energy_consumption": null, "selected": false, "client_name": "sta5"}
2026-06-25 10:17:46,744 - METRIC - INFO - {"loss": 0.1063176617026329, "accuracy": 0.9691876769065857, "energy_consumption": null, "selected": false, "client_name": "sta7"}
2026-06-25 10:17:46,774 - METRIC - INFO - {"loss": 0.11650437861680984, "accuracy": 0.9614846110343933, "energy_consumption": null, "selected": false, "client_name": "sta8"}
2026-06-25 10:17:46,780 - METRIC - INFO - {"loss": 0.12727046012878418, "accuracy": 0.9579831957817078, "energy_consumption": null, "selected": false, "client_name": "sta9"}
2026-06-25 10:17:46,788 - METRIC - INFO - {"loss": 0.11807411164045334, "accuracy": 0.9670868515968323, "energy_consumption": null, "selected": false, "client_name": "sta10"}
2026-06-25 10:17:47,226 - METRIC - INFO - mean_accuracy: 0.9672141616994684

2026-06-25 10:17:47,226 - METRIC - INFO - round: 16
2026-06-25 10:17:47,226 - METRIC - INFO - n_selected: 11
2026-06-25 10:17:47,226 - METRIC - INFO - {"selected_trainers": ["sta0", "sta1", "sta10", "sta2", "sta3", "sta4", "sta5", "sta6", "sta7", "sta8", "sta9"]}
2026-06-25 10:17:53,961 - EXECUT - INFO - received weights from trainer sta0!
2026-06-25 10:17:53,987 - EXECUT - INFO - received weights from trainer sta6!
2026-06-25 10:17:54,012 - EXECUT - INFO - received weights from trainer sta4!
2026-06-25 10:17:54,042 - EXECUT - INFO - received weights from trainer sta1!
2026-06-25 10:17:54,077 - EXECUT - INFO - received weights from trainer sta3!
2026-06-25 10:17:54,098 - EXECUT - INFO - received weights from trainer sta5!
2026-06-25 10:17:54,119 - EXECUT - INFO - received weights from trainer sta7!
2026-06-25 10:17:55,380 - EXECUT - INFO - received weights from trainer sta8!
2026-06-25 10:17:55,409 - EXECUT - INFO - received weights from trainer sta10!
2026-06-25 10:17:55,477 - EXECUT - INFO - received weights from trainer sta9!
2026-06-25 10:17:57,675 - EXECUT - INFO - received weights from trainer sta2!
2026-06-25 10:17:58,641 - EXECUT - INFO - sent aggregated weights to trainers!
2026-06-25 10:17:59,092 - METRIC - INFO - {"loss": 0.10289188474416733, "accuracy": 0.9677870869636536, "energy_consumption": null, "selected": false, "client_name": "sta1"}
2026-06-25 10:17:59,099 - METRIC - INFO - {"loss": 0.09258401393890381, "accuracy": 0.9775910377502441, "energy_consumption": null, "selected": false, "client_name": "sta2"}
2026-06-25 10:17:59,103 - METRIC - INFO - {"loss": 0.08879311382770538, "accuracy": 0.9747899174690247, "energy_consumption": null, "selected": false, "client_name": "sta0"}
2026-06-25 10:17:59,104 - METRIC - INFO - {"loss": 0.10458206385374069, "accuracy": 0.9656862616539001, "energy_consumption": null, "selected": false, "client_name": "sta4"}
2026-06-25 10:17:59,116 - METRIC - INFO - {"loss": 0.10270172357559204, "accuracy": 0.970588207244873, "energy_consumption": null, "selected": false, "client_name": "sta3"}
2026-06-25 10:17:59,143 - METRIC - INFO - {"loss": 0.09250148385763168, "accuracy": 0.9747899174690247, "energy_consumption": null, "selected": false, "client_name": "sta5"}
2026-06-25 10:17:59,264 - METRIC - INFO - {"loss": 0.09969913959503174, "accuracy": 0.9691876769065857, "energy_consumption": null, "selected": false, "client_name": "sta7"}
2026-06-25 10:17:59,271 - METRIC - INFO - {"loss": 0.10695173591375351, "accuracy": 0.9663865566253662, "energy_consumption": null, "selected": false, "client_name": "sta6"}
2026-06-25 10:17:59,340 - METRIC - INFO - {"loss": 0.10977622866630554, "accuracy": 0.9656862616539001, "energy_consumption": null, "selected": false, "client_name": "sta8"}
2026-06-25 10:17:59,340 - METRIC - INFO - {"loss": 0.11955783516168594, "accuracy": 0.9628851413726807, "energy_consumption": null, "selected": false, "client_name": "sta9"}
2026-06-25 10:17:59,344 - METRIC - INFO - {"loss": 0.10738617181777954, "accuracy": 0.9712885022163391, "energy_consumption": null, "selected": false, "client_name": "sta10"}
2026-06-25 10:17:59,643 - METRIC - INFO - mean_accuracy: 0.9696969606659629

2026-06-25 10:17:59,643 - METRIC - INFO - round: 17
2026-06-25 10:17:59,643 - METRIC - INFO - n_selected: 11
2026-06-25 10:17:59,643 - METRIC - INFO - {"selected_trainers": ["sta0", "sta1", "sta10", "sta2", "sta3", "sta4", "sta5", "sta6", "sta7", "sta8", "sta9"]}
2026-06-25 10:18:05,956 - EXECUT - INFO - received weights from trainer sta4!
2026-06-25 10:18:05,981 - EXECUT - INFO - received weights from trainer sta7!
2026-06-25 10:18:06,004 - EXECUT - INFO - received weights from trainer sta1!
2026-06-25 10:18:06,029 - EXECUT - INFO - received weights from trainer sta3!
2026-06-25 10:18:06,050 - EXECUT - INFO - received weights from trainer sta2!
2026-06-25 10:18:06,070 - EXECUT - INFO - received weights from trainer sta0!
2026-06-25 10:18:06,090 - EXECUT - INFO - received weights from trainer sta6!
2026-06-25 10:18:07,124 - EXECUT - INFO - received weights from trainer sta10!
2026-06-25 10:18:07,146 - EXECUT - INFO - received weights from trainer sta8!
2026-06-25 10:18:07,252 - EXECUT - INFO - received weights from trainer sta9!
2026-06-25 10:18:10,112 - EXECUT - INFO - received weights from trainer sta5!
2026-06-25 10:18:11,050 - EXECUT - INFO - sent aggregated weights to trainers!
2026-06-25 10:18:11,463 - METRIC - INFO - {"loss": 0.08159511536359787, "accuracy": 0.9775910377502441, "energy_consumption": null, "selected": false, "client_name": "sta0"}
2026-06-25 10:18:11,519 - METRIC - INFO - {"loss": 0.10163222998380661, "accuracy": 0.9670868515968323, "energy_consumption": null, "selected": false, "client_name": "sta6"}
2026-06-25 10:18:11,549 - METRIC - INFO - {"loss": 0.09392064809799194, "accuracy": 0.9712885022163391, "energy_consumption": null, "selected": false, "client_name": "sta7"}
2026-06-25 10:18:11,571 - METRIC - INFO - {"loss": 0.11276814341545105, "accuracy": 0.9649859666824341, "energy_consumption": null, "selected": false, "client_name": "sta9"}
2026-06-25 10:18:11,578 - METRIC - INFO - {"loss": 0.10326138883829117, "accuracy": 0.9670868515968323, "energy_consumption": null, "selected": false, "client_name": "sta8"}
2026-06-25 10:18:11,578 - METRIC - INFO - {"loss": 0.10123824328184128, "accuracy": 0.9719887971878052, "energy_consumption": null, "selected": false, "client_name": "sta10"}
2026-06-25 10:18:11,593 - METRIC - INFO - {"loss": 0.09626036882400513, "accuracy": 0.9691876769065857, "energy_consumption": null, "selected": false, "client_name": "sta1"}
2026-06-25 10:18:11,603 - METRIC - INFO - {"loss": 0.08720576763153076, "accuracy": 0.9789915680885315, "energy_consumption": null, "selected": false, "client_name": "sta2"}
2026-06-25 10:18:11,610 - METRIC - INFO - {"loss": 0.09838327765464783, "accuracy": 0.9670868515968323, "energy_consumption": null, "selected": false, "client_name": "sta4"}
2026-06-25 10:18:11,629 - METRIC - INFO - {"loss": 0.08727271109819412, "accuracy": 0.976190447807312, "energy_consumption": null, "selected": false, "client_name": "sta5"}
2026-06-25 10:18:11,673 - METRIC - INFO - {"loss": 0.09600834548473358, "accuracy": 0.9691876769065857, "energy_consumption": null, "selected": false, "client_name": "sta3"}
2026-06-25 10:18:12,051 - METRIC - INFO - mean_accuracy: 0.9709702025760304

2026-06-25 10:18:12,052 - METRIC - INFO - round: 18
2026-06-25 10:18:12,052 - METRIC - INFO - n_selected: 11
2026-06-25 10:18:12,052 - METRIC - INFO - {"selected_trainers": ["sta0", "sta1", "sta10", "sta2", "sta3", "sta4", "sta5", "sta6", "sta7", "sta8", "sta9"]}
2026-06-25 10:18:18,293 - EXECUT - INFO - received weights from trainer sta4!
2026-06-25 10:18:18,317 - EXECUT - INFO - received weights from trainer sta6!
2026-06-25 10:18:18,338 - EXECUT - INFO - received weights from trainer sta0!
2026-06-25 10:18:18,361 - EXECUT - INFO - received weights from trainer sta5!
2026-06-25 10:18:18,381 - EXECUT - INFO - received weights from trainer sta1!
2026-06-25 10:18:18,400 - EXECUT - INFO - received weights from trainer sta2!
2026-06-25 10:18:18,419 - EXECUT - INFO - received weights from trainer sta7!
2026-06-25 10:18:18,438 - EXECUT - INFO - received weights from trainer sta3!
2026-06-25 10:18:19,550 - EXECUT - INFO - received weights from trainer sta8!
2026-06-25 10:18:19,569 - EXECUT - INFO - received weights from trainer sta10!
2026-06-25 10:18:19,636 - EXECUT - INFO - received weights from trainer sta9!
2026-06-25 10:18:20,443 - EXECUT - INFO - sent aggregated weights to trainers!
2026-06-25 10:18:20,850 - METRIC - INFO - {"loss": 0.07704843580722809, "accuracy": 0.9789915680885315, "energy_consumption": null, "selected": false, "client_name": "sta0"}
2026-06-25 10:18:20,873 - METRIC - INFO - {"loss": 0.09100337326526642, "accuracy": 0.9719887971878052, "energy_consumption": null, "selected": false, "client_name": "sta1"}
2026-06-25 10:18:20,897 - METRIC - INFO - {"loss": 0.08255046606063843, "accuracy": 0.9796918630599976, "energy_consumption": null, "selected": false, "client_name": "sta2"}
2026-06-25 10:18:20,902 - METRIC - INFO - {"loss": 0.09153580665588379, "accuracy": 0.9691876769065857, "energy_consumption": null, "selected": false, "client_name": "sta4"}
2026-06-25 10:18:20,925 - METRIC - INFO - {"loss": 0.0967818945646286, "accuracy": 0.9698879718780518, "energy_consumption": null, "selected": false, "client_name": "sta6"}
2026-06-25 10:18:20,925 - METRIC - INFO - {"loss": 0.0906607061624527, "accuracy": 0.9740896224975586, "energy_consumption": null, "selected": false, "client_name": "sta7"}
2026-06-25 10:18:20,944 - METRIC - INFO - {"loss": 0.08168485760688782, "accuracy": 0.976190447807312, "energy_consumption": null, "selected": false, "client_name": "sta5"}
2026-06-25 10:18:20,954 - METRIC - INFO - {"loss": 0.10718339681625366, "accuracy": 0.9663865566253662, "energy_consumption": null, "selected": false, "client_name": "sta9"}
2026-06-25 10:18:20,957 - METRIC - INFO - {"loss": 0.09148944169282913, "accuracy": 0.9733893275260925, "energy_consumption": null, "selected": false, "client_name": "sta3"}
2026-06-25 10:18:20,964 - METRIC - INFO - {"loss": 0.0989600419998169, "accuracy": 0.9698879718780518, "energy_consumption": null, "selected": false, "client_name": "sta8"}
2026-06-25 10:18:20,964 - METRIC - INFO - {"loss": 0.09724559634923935, "accuracy": 0.9740896224975586, "energy_consumption": null, "selected": false, "client_name": "sta10"}
2026-06-25 10:18:21,446 - METRIC - INFO - mean_accuracy: 0.9730710387229919

2026-06-25 10:18:21,446 - METRIC - INFO - round: 19
2026-06-25 10:18:21,446 - METRIC - INFO - n_selected: 11
2026-06-25 10:18:21,446 - METRIC - INFO - {"selected_trainers": ["sta0", "sta1", "sta10", "sta2", "sta3", "sta4", "sta5", "sta6", "sta7", "sta8", "sta9"]}
2026-06-25 10:18:27,670 - EXECUT - INFO - received weights from trainer sta4!
2026-06-25 10:18:27,690 - EXECUT - INFO - received weights from trainer sta1!
2026-06-25 10:18:27,710 - EXECUT - INFO - received weights from trainer sta0!
2026-06-25 10:18:27,737 - EXECUT - INFO - received weights from trainer sta6!
2026-06-25 10:18:27,756 - EXECUT - INFO - received weights from trainer sta2!
2026-06-25 10:18:27,775 - EXECUT - INFO - received weights from trainer sta7!
2026-06-25 10:18:27,794 - EXECUT - INFO - received weights from trainer sta5!
2026-06-25 10:18:27,816 - EXECUT - INFO - received weights from trainer sta3!
2026-06-25 10:18:28,909 - EXECUT - INFO - received weights from trainer sta10!
2026-06-25 10:18:29,056 - EXECUT - INFO - received weights from trainer sta9!
2026-06-25 10:18:31,915 - EXECUT - INFO - received weights from trainer sta8!
2026-06-25 10:18:32,846 - EXECUT - INFO - sent aggregated weights to trainers!
2026-06-25 10:18:33,274 - METRIC - INFO - {"loss": 0.08646170049905777, "accuracy": 0.9775910377502441, "energy_consumption": null, "selected": false, "client_name": "sta3"}
2026-06-25 10:18:33,280 - METRIC - INFO - {"loss": 0.09241251647472382, "accuracy": 0.970588207244873, "energy_consumption": null, "selected": false, "client_name": "sta6"}
2026-06-25 10:18:33,290 - METRIC - INFO - {"loss": 0.08631382137537003, "accuracy": 0.9740896224975586, "energy_consumption": null, "selected": false, "client_name": "sta1"}
2026-06-25 10:18:33,297 - METRIC - INFO - {"loss": 0.0789676085114479, "accuracy": 0.9789915680885315, "energy_consumption": null, "selected": false, "client_name": "sta2"}
2026-06-25 10:18:33,307 - METRIC - INFO - {"loss": 0.086481973528862, "accuracy": 0.9726890921592712, "energy_consumption": null, "selected": false, "client_name": "sta4"}
2026-06-25 10:18:33,307 - METRIC - INFO - {"loss": 0.07980228960514069, "accuracy": 0.9775910377502441, "energy_consumption": null, "selected": false, "client_name": "sta5"}
2026-06-25 10:18:33,332 - METRIC - INFO - {"loss": 0.08491044491529465, "accuracy": 0.976190447807312, "energy_consumption": null, "selected": false, "client_name": "sta7"}
2026-06-25 10:18:33,355 - METRIC - INFO - {"loss": 0.10183916985988617, "accuracy": 0.9684873819351196, "energy_consumption": null, "selected": false, "client_name": "sta9"}
2026-06-25 10:18:33,356 - METRIC - INFO - {"loss": 0.07207344472408295, "accuracy": 0.9789915680885315, "energy_consumption": null, "selected": false, "client_name": "sta0"}
2026-06-25 10:18:33,364 - METRIC - INFO - {"loss": 0.09218674153089523, "accuracy": 0.970588207244873, "energy_consumption": null, "selected": false, "client_name": "sta8"}
2026-06-25 10:18:33,365 - METRIC - INFO - {"loss": 0.0946480855345726, "accuracy": 0.9726890921592712, "energy_consumption": null, "selected": false, "client_name": "sta10"}
2026-06-25 10:18:33,849 - METRIC - INFO - mean_accuracy: 0.9744079329750754

2026-06-25 10:18:33,849 - METRIC - INFO - round: 20
2026-06-25 10:18:33,849 - METRIC - INFO - n_selected: 11
2026-06-25 10:18:33,849 - METRIC - INFO - {"selected_trainers": ["sta0", "sta1", "sta10", "sta2", "sta3", "sta4", "sta5", "sta6", "sta7", "sta8", "sta9"]}
2026-06-25 10:18:39,769 - EXECUT - INFO - received weights from trainer sta3!
2026-06-25 10:18:39,788 - EXECUT - INFO - received weights from trainer sta4!
2026-06-25 10:18:39,806 - EXECUT - INFO - received weights from trainer sta0!
2026-06-25 10:18:39,829 - EXECUT - INFO - received weights from trainer sta6!
2026-06-25 10:18:39,848 - EXECUT - INFO - received weights from trainer sta7!
2026-06-25 10:18:39,866 - EXECUT - INFO - received weights from trainer sta5!
2026-06-25 10:18:39,884 - EXECUT - INFO - received weights from trainer sta1!
2026-06-25 10:18:39,903 - EXECUT - INFO - received weights from trainer sta2!
2026-06-25 10:18:40,792 - EXECUT - INFO - received weights from trainer sta8!
2026-06-25 10:18:40,914 - EXECUT - INFO - received weights from trainer sta9!
2026-06-25 10:18:44,317 - EXECUT - INFO - received weights from trainer sta10!
2026-06-25 10:18:45,230 - EXECUT - INFO - sent aggregated weights to trainers!
2026-06-25 10:18:45,629 - METRIC - INFO - {"loss": 0.07532627135515213, "accuracy": 0.9796918630599976, "energy_consumption": null, "selected": false, "client_name": "sta2"}
2026-06-25 10:18:45,644 - METRIC - INFO - {"loss": 0.08318481594324112, "accuracy": 0.9754902124404907, "energy_consumption": null, "selected": false, "client_name": "sta1"}
2026-06-25 10:18:45,647 - METRIC - INFO - {"loss": 0.06790174543857574, "accuracy": 0.982492983341217, "energy_consumption": null, "selected": false, "client_name": "sta0"}
2026-06-25 10:18:45,648 - METRIC - INFO - {"loss": 0.08246532082557678, "accuracy": 0.9733893275260925, "energy_consumption": null, "selected": false, "client_name": "sta4"}
2026-06-25 10:18:45,657 - METRIC - INFO - {"loss": 0.08903566747903824, "accuracy": 0.9733893275260925, "energy_consumption": null, "selected": false, "client_name": "sta6"}
2026-06-25 10:18:45,660 - METRIC - INFO - {"loss": 0.07295561581850052, "accuracy": 0.9768907427787781, "energy_consumption": null, "selected": false, "client_name": "sta5"}
2026-06-25 10:18:45,666 - METRIC - INFO - {"loss": 0.08100542426109314, "accuracy": 0.9768907427787781, "energy_consumption": null, "selected": false, "client_name": "sta7"}
2026-06-25 10:18:45,703 - METRIC - INFO - {"loss": 0.08238820731639862, "accuracy": 0.9782913327217102, "energy_consumption": null, "selected": false, "client_name": "sta3"}
2026-06-25 10:18:45,714 - METRIC - INFO - {"loss": 0.08793281018733978, "accuracy": 0.9719887971878052, "energy_consumption": null, "selected": false, "client_name": "sta8"}
2026-06-25 10:18:45,719 - METRIC - INFO - {"loss": 0.09775019437074661, "accuracy": 0.9698879718780518, "energy_consumption": null, "selected": false, "client_name": "sta9"}
2026-06-25 10:18:45,769 - METRIC - INFO - {"loss": 0.08989540487527847, "accuracy": 0.9726890921592712, "energy_consumption": null, "selected": false, "client_name": "sta10"}
2026-06-25 10:18:46,232 - METRIC - INFO - mean_accuracy: 0.9755538539452986

2026-06-25 10:18:46,232 - METRIC - INFO - round: 21
2026-06-25 10:18:46,232 - METRIC - INFO - n_selected: 11
2026-06-25 10:18:46,232 - METRIC - INFO - {"selected_trainers": ["sta0", "sta1", "sta10", "sta2", "sta3", "sta4", "sta5", "sta6", "sta7", "sta8", "sta9"]}
2026-06-25 10:18:51,953 - EXECUT - INFO - received weights from trainer sta4!
2026-06-25 10:18:51,974 - EXECUT - INFO - received weights from trainer sta2!
2026-06-25 10:18:51,999 - EXECUT - INFO - received weights from trainer sta5!
2026-06-25 10:18:52,027 - EXECUT - INFO - received weights from trainer sta1!
2026-06-25 10:18:52,066 - EXECUT - INFO - received weights from trainer sta0!
2026-06-25 10:18:52,083 - EXECUT - INFO - received weights from trainer sta3!
2026-06-25 10:18:52,101 - EXECUT - INFO - received weights from trainer sta6!
2026-06-25 10:18:52,119 - EXECUT - INFO - received weights from trainer sta7!
2026-06-25 10:18:52,965 - EXECUT - INFO - received weights from trainer sta10!
2026-06-25 10:18:52,983 - EXECUT - INFO - received weights from trainer sta8!
2026-06-25 10:18:56,685 - EXECUT - INFO - received weights from trainer sta9!
2026-06-25 10:18:57,584 - EXECUT - INFO - sent aggregated weights to trainers!
2026-06-25 10:18:57,965 - METRIC - INFO - {"loss": 0.0734812319278717, "accuracy": 0.9796918630599976, "energy_consumption": null, "selected": false, "client_name": "sta2"}
2026-06-25 10:18:57,967 - METRIC - INFO - {"loss": 0.07929674535989761, "accuracy": 0.9768907427787781, "energy_consumption": null, "selected": false, "client_name": "sta1"}
2026-06-25 10:18:57,972 - METRIC - INFO - {"loss": 0.06581784039735794, "accuracy": 0.982492983341217, "energy_consumption": null, "selected": false, "client_name": "sta0"}
2026-06-25 10:18:57,978 - METRIC - INFO - {"loss": 0.07820720970630646, "accuracy": 0.9740896224975586, "energy_consumption": null, "selected": false, "client_name": "sta4"}
2026-06-25 10:18:58,007 - METRIC - INFO - {"loss": 0.08514244854450226, "accuracy": 0.970588207244873, "energy_consumption": null, "selected": false, "client_name": "sta6"}
2026-06-25 10:18:58,011 - METRIC - INFO - {"loss": 0.07731378078460693, "accuracy": 0.976190447807312, "energy_consumption": null, "selected": false, "client_name": "sta7"}
2026-06-25 10:18:58,027 - METRIC - INFO - {"loss": 0.07908701151609421, "accuracy": 0.976190447807312, "energy_consumption": null, "selected": false, "client_name": "sta3"}
2026-06-25 10:18:58,052 - METRIC - INFO - {"loss": 0.0696425586938858, "accuracy": 0.9775910377502441, "energy_consumption": null, "selected": false, "client_name": "sta5"}
2026-06-25 10:18:58,056 - METRIC - INFO - {"loss": 0.08336537331342697, "accuracy": 0.9754902124404907, "energy_consumption": null, "selected": false, "client_name": "sta8"}
2026-06-25 10:18:58,058 - METRIC - INFO - {"loss": 0.09474746137857437, "accuracy": 0.9698879718780518, "energy_consumption": null, "selected": false, "client_name": "sta9"}
2026-06-25 10:18:58,063 - METRIC - INFO - {"loss": 0.08418907225131989, "accuracy": 0.9740896224975586, "energy_consumption": null, "selected": false, "client_name": "sta10"}
2026-06-25 10:18:58,586 - METRIC - INFO - mean_accuracy: 0.9757448326457631

2026-06-25 10:18:58,586 - METRIC - INFO - round: 22
2026-06-25 10:18:58,586 - METRIC - INFO - n_selected: 11
2026-06-25 10:18:58,586 - METRIC - INFO - {"selected_trainers": ["sta0", "sta1", "sta10", "sta2", "sta3", "sta4", "sta5", "sta6", "sta7", "sta8", "sta9"]}
2026-06-25 10:19:04,277 - EXECUT - INFO - received weights from trainer sta1!
2026-06-25 10:19:04,294 - EXECUT - INFO - received weights from trainer sta0!
2026-06-25 10:19:04,312 - EXECUT - INFO - received weights from trainer sta5!
2026-06-25 10:19:04,329 - EXECUT - INFO - received weights from trainer sta2!
2026-06-25 10:19:04,350 - EXECUT - INFO - received weights from trainer sta6!
2026-06-25 10:19:04,366 - EXECUT - INFO - received weights from trainer sta4!
2026-06-25 10:19:04,383 - EXECUT - INFO - received weights from trainer sta7!
2026-06-25 10:19:04,400 - EXECUT - INFO - received weights from trainer sta3!
2026-06-25 10:19:05,283 - EXECUT - INFO - received weights from trainer sta8!
2026-06-25 10:19:05,323 - EXECUT - INFO - received weights from trainer sta10!
2026-06-25 10:19:05,405 - EXECUT - INFO - received weights from trainer sta9!
2026-06-25 10:19:05,936 - EXECUT - INFO - sent aggregated weights to trainers!
2026-06-25 10:19:06,314 - METRIC - INFO - {"loss": 0.07465574145317078, "accuracy": 0.9754902124404907, "energy_consumption": null, "selected": false, "client_name": "sta4"}
2026-06-25 10:19:06,318 - METRIC - INFO - {"loss": 0.06363555788993835, "accuracy": 0.9803921580314636, "energy_consumption": null, "selected": false, "client_name": "sta0"}
2026-06-25 10:19:06,327 - METRIC - INFO - {"loss": 0.07538100332021713, "accuracy": 0.9796918630599976, "energy_consumption": null, "selected": false, "client_name": "sta3"}
2026-06-25 10:19:06,331 - METRIC - INFO - {"loss": 0.07729256898164749, "accuracy": 0.9782913327217102, "energy_consumption": null, "selected": false, "client_name": "sta1"}
2026-06-25 10:19:06,342 - METRIC - INFO - {"loss": 0.0710919126868248, "accuracy": 0.9803921580314636, "energy_consumption": null, "selected": false, "client_name": "sta2"}
2026-06-25 10:19:06,391 - METRIC - INFO - {"loss": 0.07555438578128815, "accuracy": 0.9796918630599976, "energy_consumption": null, "selected": false, "client_name": "sta7"}
2026-06-25 10:19:06,395 - METRIC - INFO - {"loss": 0.0669042319059372, "accuracy": 0.9775910377502441, "energy_consumption": null, "selected": false, "client_name": "sta5"}
2026-06-25 10:19:06,395 - METRIC - INFO - {"loss": 0.08299318701028824, "accuracy": 0.9754902124404907, "energy_consumption": null, "selected": false, "client_name": "sta6"}
2026-06-25 10:19:06,397 - METRIC - INFO - {"loss": 0.09153568744659424, "accuracy": 0.9719887971878052, "energy_consumption": null, "selected": false, "client_name": "sta9"}
2026-06-25 10:19:06,407 - METRIC - INFO - {"loss": 0.08028953522443771, "accuracy": 0.9747899174690247, "energy_consumption": null, "selected": false, "client_name": "sta10"}
2026-06-25 10:19:06,407 - METRIC - INFO - {"loss": 0.08045458793640137, "accuracy": 0.9754902124404907, "energy_consumption": null, "selected": false, "client_name": "sta8"}
2026-06-25 10:19:06,938 - METRIC - INFO - mean_accuracy: 0.9772090695121072

2026-06-25 10:19:06,938 - METRIC - INFO - round: 23
2026-06-25 10:19:06,938 - METRIC - INFO - n_selected: 11
2026-06-25 10:19:06,938 - METRIC - INFO - {"selected_trainers": ["sta0", "sta1", "sta10", "sta2", "sta3", "sta4", "sta5", "sta6", "sta7", "sta8", "sta9"]}
2026-06-25 10:19:12,387 - EXECUT - INFO - received weights from trainer sta3!
2026-06-25 10:19:12,404 - EXECUT - INFO - received weights from trainer sta4!
2026-06-25 10:19:12,421 - EXECUT - INFO - received weights from trainer sta6!
2026-06-25 10:19:12,438 - EXECUT - INFO - received weights from trainer sta5!
2026-06-25 10:19:12,458 - EXECUT - INFO - received weights from trainer sta1!
2026-06-25 10:19:12,475 - EXECUT - INFO - received weights from trainer sta7!
2026-06-25 10:19:12,491 - EXECUT - INFO - received weights from trainer sta2!
2026-06-25 10:19:12,507 - EXECUT - INFO - received weights from trainer sta0!
2026-06-25 10:19:13,239 - EXECUT - INFO - received weights from trainer sta8!
2026-06-25 10:19:13,255 - EXECUT - INFO - received weights from trainer sta10!
2026-06-25 10:19:13,374 - EXECUT - INFO - received weights from trainer sta9!
2026-06-25 10:19:14,272 - EXECUT - INFO - sent aggregated weights to trainers!
2026-06-25 10:19:14,623 - METRIC - INFO - {"loss": 0.06867758929729462, "accuracy": 0.9803921580314636, "energy_consumption": null, "selected": false, "client_name": "sta2"}
2026-06-25 10:19:14,643 - METRIC - INFO - {"loss": 0.05957667529582977, "accuracy": 0.982492983341217, "energy_consumption": null, "selected": false, "client_name": "sta0"}
2026-06-25 10:19:14,649 - METRIC - INFO - {"loss": 0.07465027272701263, "accuracy": 0.9789915680885315, "energy_consumption": null, "selected": false, "client_name": "sta1"}
2026-06-25 10:19:14,657 - METRIC - INFO - {"loss": 0.07237450033426285, "accuracy": 0.9740896224975586, "energy_consumption": null, "selected": false, "client_name": "sta4"}
2026-06-25 10:19:14,657 - METRIC - INFO - {"loss": 0.07944276928901672, "accuracy": 0.9726890921592712, "energy_consumption": null, "selected": false, "client_name": "sta6"}
2026-06-25 10:19:14,668 - METRIC - INFO - {"loss": 0.06372979283332825, "accuracy": 0.9789915680885315, "energy_consumption": null, "selected": false, "client_name": "sta5"}
2026-06-25 10:19:14,675 - METRIC - INFO - {"loss": 0.07082124054431915, "accuracy": 0.9789915680885315, "energy_consumption": null, "selected": false, "client_name": "sta7"}
2026-06-25 10:19:14,711 - METRIC - INFO - {"loss": 0.07207448780536652, "accuracy": 0.9803921580314636, "energy_consumption": null, "selected": false, "client_name": "sta3"}
2026-06-25 10:19:14,719 - METRIC - INFO - {"loss": 0.08797112852334976, "accuracy": 0.9747899174690247, "energy_consumption": null, "selected": false, "client_name": "sta9"}
2026-06-25 10:19:14,725 - METRIC - INFO - {"loss": 0.07592776417732239, "accuracy": 0.9768907427787781, "energy_consumption": null, "selected": false, "client_name": "sta8"}
2026-06-25 10:19:14,726 - METRIC - INFO - {"loss": 0.07746612280607224, "accuracy": 0.976190447807312, "energy_consumption": null, "selected": false, "client_name": "sta10"}
2026-06-25 10:19:15,274 - METRIC - INFO - mean_accuracy: 0.9777183478528803

2026-06-25 10:19:15,274 - METRIC - INFO - round: 24
2026-06-25 10:19:15,274 - METRIC - INFO - n_selected: 11
2026-06-25 10:19:15,274 - METRIC - INFO - {"selected_trainers": ["sta0", "sta1", "sta10", "sta2", "sta3", "sta4", "sta5", "sta6", "sta7", "sta8", "sta9"]}
2026-06-25 10:19:20,630 - EXECUT - INFO - received weights from trainer sta0!
2026-06-25 10:19:20,728 - EXECUT - INFO - received weights from trainer sta6!
2026-06-25 10:19:20,744 - EXECUT - INFO - received weights from trainer sta5!
2026-06-25 10:19:20,760 - EXECUT - INFO - received weights from trainer sta7!
2026-06-25 10:19:20,779 - EXECUT - INFO - received weights from trainer sta2!
2026-06-25 10:19:20,795 - EXECUT - INFO - received weights from trainer sta3!
2026-06-25 10:19:21,574 - EXECUT - INFO - received weights from trainer sta10!
2026-06-25 10:19:21,605 - EXECUT - INFO - received weights from trainer sta8!
2026-06-25 10:19:21,719 - EXECUT - INFO - received weights from trainer sta9!
2026-06-25 10:19:25,751 - EXECUT - INFO - received weights from trainer sta4!
2026-06-25 10:19:25,766 - EXECUT - INFO - received weights from trainer sta1!
2026-06-25 10:19:26,603 - EXECUT - INFO - sent aggregated weights to trainers!
2026-06-25 10:19:26,963 - METRIC - INFO - {"loss": 0.06832857429981232, "accuracy": 0.9782913327217102, "energy_consumption": null, "selected": false, "client_name": "sta4"}
2026-06-25 10:19:26,970 - METRIC - INFO - {"loss": 0.05749751254916191, "accuracy": 0.9859943985939026, "energy_consumption": null, "selected": false, "client_name": "sta0"}
2026-06-25 10:19:26,980 - METRIC - INFO - {"loss": 0.0701829269528389, "accuracy": 0.9796918630599976, "energy_consumption": null, "selected": false, "client_name": "sta1"}
2026-06-25 10:19:26,985 - METRIC - INFO - {"loss": 0.06493223458528519, "accuracy": 0.9831932783126831, "energy_consumption": null, "selected": false, "client_name": "sta2"}
2026-06-25 10:19:26,986 - METRIC - INFO - {"loss": 0.07589809596538544, "accuracy": 0.9733893275260925, "energy_consumption": null, "selected": false, "client_name": "sta6"}
2026-06-25 10:19:27,001 - METRIC - INFO - {"loss": 0.06873378157615662, "accuracy": 0.9810924530029297, "energy_consumption": null, "selected": false, "client_name": "sta7"}
2026-06-25 10:19:27,018 - METRIC - INFO - {"loss": 0.06063496693968773, "accuracy": 0.9796918630599976, "energy_consumption": null, "selected": false, "client_name": "sta5"}
2026-06-25 10:19:27,041 - METRIC - INFO - {"loss": 0.08550553768873215, "accuracy": 0.9747899174690247, "energy_consumption": null, "selected": false, "client_name": "sta9"}
2026-06-25 10:19:27,049 - METRIC - INFO - {"loss": 0.06904756277799606, "accuracy": 0.9782913327217102, "energy_consumption": null, "selected": false, "client_name": "sta3"}
2026-06-25 10:19:27,053 - METRIC - INFO - {"loss": 0.07547938823699951, "accuracy": 0.976190447807312, "energy_consumption": null, "selected": false, "client_name": "sta10"}
2026-06-25 10:19:27,055 - METRIC - INFO - {"loss": 0.07587860524654388, "accuracy": 0.9796918630599976, "energy_consumption": null, "selected": false, "client_name": "sta8"}
2026-06-25 10:19:27,606 - METRIC - INFO - mean_accuracy: 0.9791189161213961

2026-06-25 10:19:27,606 - METRIC - INFO - round: 25
2026-06-25 10:19:27,606 - METRIC - INFO - n_selected: 11
2026-06-25 10:19:27,606 - METRIC - INFO - {"selected_trainers": ["sta0", "sta1", "sta10", "sta2", "sta3", "sta4", "sta5", "sta6", "sta7", "sta8", "sta9"]}
2026-06-25 10:19:33,005 - EXECUT - INFO - received weights from trainer sta5!
2026-06-25 10:19:33,027 - EXECUT - INFO - received weights from trainer sta2!
2026-06-25 10:19:33,043 - EXECUT - INFO - received weights from trainer sta1!
2026-06-25 10:19:33,059 - EXECUT - INFO - received weights from trainer sta7!
2026-06-25 10:19:33,078 - EXECUT - INFO - received weights from trainer sta6!
2026-06-25 10:19:33,094 - EXECUT - INFO - received weights from trainer sta4!
2026-06-25 10:19:33,110 - EXECUT - INFO - received weights from trainer sta3!
2026-06-25 10:19:33,125 - EXECUT - INFO - received weights from trainer sta0!
2026-06-25 10:19:33,916 - EXECUT - INFO - received weights from trainer sta8!
2026-06-25 10:19:33,945 - EXECUT - INFO - received weights from trainer sta10!
2026-06-25 10:19:34,028 - EXECUT - INFO - received weights from trainer sta9!
2026-06-25 10:19:34,930 - EXECUT - INFO - sent aggregated weights to trainers!
2026-06-25 10:19:35,286 - METRIC - INFO - {"loss": 0.06461867690086365, "accuracy": 0.981792688369751, "energy_consumption": null, "selected": false, "client_name": "sta2"}
2026-06-25 10:19:35,290 - METRIC - INFO - {"loss": 0.05693798512220383, "accuracy": 0.982492983341217, "energy_consumption": null, "selected": false, "client_name": "sta0"}
2026-06-25 10:19:35,316 - METRIC - INFO - {"loss": 0.07431338727474213, "accuracy": 0.9747899174690247, "energy_consumption": null, "selected": false, "client_name": "sta6"}
2026-06-25 10:19:35,316 - METRIC - INFO - {"loss": 0.06621016561985016, "accuracy": 0.976190447807312, "energy_consumption": null, "selected": false, "client_name": "sta4"}
2026-06-25 10:19:35,327 - METRIC - INFO - {"loss": 0.06700392067432404, "accuracy": 0.9810924530029297, "energy_consumption": null, "selected": false, "client_name": "sta7"}
2026-06-25 10:19:35,356 - METRIC - INFO - {"loss": 0.05978270620107651, "accuracy": 0.9810924530029297, "energy_consumption": null, "selected": false, "client_name": "sta5"}
2026-06-25 10:19:35,373 - METRIC - INFO - {"loss": 0.06754583865404129, "accuracy": 0.9810924530029297, "energy_consumption": null, "selected": false, "client_name": "sta3"}
2026-06-25 10:19:35,374 - METRIC - INFO - {"loss": 0.06849230825901031, "accuracy": 0.9789915680885315, "energy_consumption": null, "selected": false, "client_name": "sta1"}
2026-06-25 10:19:35,378 - METRIC - INFO - {"loss": 0.07462744414806366, "accuracy": 0.9775910377502441, "energy_consumption": null, "selected": false, "client_name": "sta10"}
2026-06-25 10:19:35,384 - METRIC - INFO - {"loss": 0.07144705951213837, "accuracy": 0.9789915680885315, "energy_consumption": null, "selected": false, "client_name": "sta8"}
2026-06-25 10:19:35,395 - METRIC - INFO - {"loss": 0.08309613913297653, "accuracy": 0.9754902124404907, "energy_consumption": null, "selected": false, "client_name": "sta9"}
2026-06-25 10:19:35,933 - METRIC - INFO - mean_accuracy: 0.979055252942172

2026-06-25 10:19:35,933 - METRIC - INFO - round: 26
2026-06-25 10:19:35,933 - METRIC - INFO - n_selected: 11
2026-06-25 10:19:35,933 - METRIC - INFO - {"selected_trainers": ["sta0", "sta1", "sta10", "sta2", "sta3", "sta4", "sta5", "sta6", "sta7", "sta8", "sta9"]}
2026-06-25 10:19:41,222 - EXECUT - INFO - received weights from trainer sta2!
2026-06-25 10:19:41,238 - EXECUT - INFO - received weights from trainer sta1!
2026-06-25 10:19:41,254 - EXECUT - INFO - received weights from trainer sta6!
2026-06-25 10:19:41,269 - EXECUT - INFO - received weights from trainer sta0!
2026-06-25 10:19:41,288 - EXECUT - INFO - received weights from trainer sta7!
2026-06-25 10:19:41,303 - EXECUT - INFO - received weights from trainer sta4!
2026-06-25 10:19:41,318 - EXECUT - INFO - received weights from trainer sta3!
2026-06-25 10:19:41,333 - EXECUT - INFO - received weights from trainer sta5!
2026-06-25 10:19:42,050 - EXECUT - INFO - received weights from trainer sta8!
2026-06-25 10:19:42,065 - EXECUT - INFO - received weights from trainer sta10!
2026-06-25 10:19:42,152 - EXECUT - INFO - received weights from trainer sta9!
2026-06-25 10:19:43,251 - EXECUT - INFO - sent aggregated weights to trainers!
2026-06-25 10:19:43,579 - METRIC - INFO - {"loss": 0.06849102675914764, "accuracy": 0.9803921580314636, "energy_consumption": null, "selected": false, "client_name": "sta1"}
2026-06-25 10:19:43,602 - METRIC - INFO - {"loss": 0.06445062160491943, "accuracy": 0.9782913327217102, "energy_consumption": null, "selected": false, "client_name": "sta4"}
2026-06-25 10:19:43,603 - METRIC - INFO - {"loss": 0.05433303862810135, "accuracy": 0.9845938086509705, "energy_consumption": null, "selected": false, "client_name": "sta0"}
2026-06-25 10:19:43,614 - METRIC - INFO - {"loss": 0.061286136507987976, "accuracy": 0.981792688369751, "energy_consumption": null, "selected": false, "client_name": "sta2"}
2026-06-25 10:19:43,617 - METRIC - INFO - {"loss": 0.07219049334526062, "accuracy": 0.9747899174690247, "energy_consumption": null, "selected": false, "client_name": "sta6"}
2026-06-25 10:19:43,627 - METRIC - INFO - {"loss": 0.0587424635887146, "accuracy": 0.9803921580314636, "energy_consumption": null, "selected": false, "client_name": "sta5"}
2026-06-25 10:19:43,657 - METRIC - INFO - {"loss": 0.06425532698631287, "accuracy": 0.9831932783126831, "energy_consumption": null, "selected": false, "client_name": "sta7"}
2026-06-25 10:19:43,681 - METRIC - INFO - {"loss": 0.06523499637842178, "accuracy": 0.981792688369751, "energy_consumption": null, "selected": false, "client_name": "sta3"}
2026-06-25 10:19:43,687 - METRIC - INFO - {"loss": 0.06934253871440887, "accuracy": 0.9768907427787781, "energy_consumption": null, "selected": false, "client_name": "sta8"}
2026-06-25 10:19:43,692 - METRIC - INFO - {"loss": 0.07291614264249802, "accuracy": 0.9796918630599976, "energy_consumption": null, "selected": false, "client_name": "sta10"}
2026-06-25 10:19:43,733 - METRIC - INFO - {"loss": 0.08066004514694214, "accuracy": 0.9754902124404907, "energy_consumption": null, "selected": false, "client_name": "sta9"}
2026-06-25 10:19:44,254 - METRIC - INFO - mean_accuracy: 0.9797555316578258

2026-06-25 10:19:44,254 - METRIC - INFO - round: 27
2026-06-25 10:19:44,254 - METRIC - INFO - n_selected: 11
2026-06-25 10:19:44,254 - METRIC - INFO - {"selected_trainers": ["sta0", "sta1", "sta10", "sta2", "sta3", "sta4", "sta5", "sta6", "sta7", "sta8", "sta9"]}
2026-06-25 10:19:49,346 - EXECUT - INFO - received weights from trainer sta0!
2026-06-25 10:19:49,364 - EXECUT - INFO - received weights from trainer sta2!
2026-06-25 10:19:49,382 - EXECUT - INFO - received weights from trainer sta1!
2026-06-25 10:19:49,400 - EXECUT - INFO - received weights from trainer sta3!
2026-06-25 10:19:49,417 - EXECUT - INFO - received weights from trainer sta6!
2026-06-25 10:19:49,437 - EXECUT - INFO - received weights from trainer sta7!
2026-06-25 10:19:49,454 - EXECUT - INFO - received weights from trainer sta4!
2026-06-25 10:19:49,468 - EXECUT - INFO - received weights from trainer sta5!
2026-06-25 10:19:50,076 - EXECUT - INFO - received weights from trainer sta8!
2026-06-25 10:19:50,123 - EXECUT - INFO - received weights from trainer sta10!
2026-06-25 10:19:50,203 - EXECUT - INFO - received weights from trainer sta9!
2026-06-25 10:19:50,546 - EXECUT - INFO - sent aggregated weights to trainers!
2026-06-25 10:19:50,862 - METRIC - INFO - {"loss": 0.052292436361312866, "accuracy": 0.9866946935653687, "energy_consumption": null, "selected": false, "client_name": "sta0"}
2026-06-25 10:19:50,879 - METRIC - INFO - {"loss": 0.06464330106973648, "accuracy": 0.9831932783126831, "energy_consumption": null, "selected": false, "client_name": "sta1"}
2026-06-25 10:19:50,881 - METRIC - INFO - {"loss": 0.06205762177705765, "accuracy": 0.9796918630599976, "energy_consumption": null, "selected": false, "client_name": "sta4"}
2026-06-25 10:19:50,889 - METRIC - INFO - {"loss": 0.05980124697089195, "accuracy": 0.982492983341217, "energy_consumption": null, "selected": false, "client_name": "sta2"}
2026-06-25 10:19:50,921 - METRIC - INFO - {"loss": 0.062118034809827805, "accuracy": 0.9838935732841492, "energy_consumption": null, "selected": false, "client_name": "sta7"}
2026-06-25 10:19:50,933 - METRIC - INFO - {"loss": 0.06865515559911728, "accuracy": 0.9768907427787781, "energy_consumption": null, "selected": false, "client_name": "sta6"}
2026-06-25 10:19:50,937 - METRIC - INFO - {"loss": 0.05404263362288475, "accuracy": 0.981792688369751, "energy_consumption": null, "selected": false, "client_name": "sta5"}
2026-06-25 10:19:50,957 - METRIC - INFO - {"loss": 0.06433925032615662, "accuracy": 0.9803921580314636, "energy_consumption": null, "selected": false, "client_name": "sta3"}
2026-06-25 10:19:50,957 - METRIC - INFO - {"loss": 0.07913658022880554, "accuracy": 0.9775910377502441, "energy_consumption": null, "selected": false, "client_name": "sta9"}
2026-06-25 10:19:50,966 - METRIC - INFO - {"loss": 0.06683405488729477, "accuracy": 0.9796918630599976, "energy_consumption": null, "selected": false, "client_name": "sta8"}
2026-06-25 10:19:50,967 - METRIC - INFO - {"loss": 0.07368087768554688, "accuracy": 0.9796918630599976, "energy_consumption": null, "selected": false, "client_name": "sta10"}
2026-06-25 10:19:51,549 - METRIC - INFO - mean_accuracy: 0.9810924313285134

2026-06-25 10:19:51,549 - METRIC - INFO - round: 28
2026-06-25 10:19:51,549 - METRIC - INFO - n_selected: 11
2026-06-25 10:19:51,549 - METRIC - INFO - {"selected_trainers": ["sta0", "sta1", "sta10", "sta2", "sta3", "sta4", "sta5", "sta6", "sta7", "sta8", "sta9"]}
2026-06-25 10:19:56,599 - EXECUT - INFO - received weights from trainer sta2!
2026-06-25 10:19:56,622 - EXECUT - INFO - received weights from trainer sta0!
2026-06-25 10:19:56,640 - EXECUT - INFO - received weights from trainer sta7!
2026-06-25 10:19:56,658 - EXECUT - INFO - received weights from trainer sta1!
2026-06-25 10:19:56,675 - EXECUT - INFO - received weights from trainer sta3!
2026-06-25 10:19:56,693 - EXECUT - INFO - received weights from trainer sta4!
2026-06-25 10:19:56,707 - EXECUT - INFO - received weights from trainer sta6!
2026-06-25 10:19:56,874 - EXECUT - INFO - received weights from trainer sta5!
2026-06-25 10:19:57,384 - EXECUT - INFO - received weights from trainer sta10!
2026-06-25 10:19:57,399 - EXECUT - INFO - received weights from trainer sta8!
2026-06-25 10:19:57,484 - EXECUT - INFO - received weights from trainer sta9!
2026-06-25 10:19:57,830 - EXECUT - INFO - sent aggregated weights to trainers!
2026-06-25 10:19:58,129 - METRIC - INFO - {"loss": 0.051242418587207794, "accuracy": 0.9852941036224365, "energy_consumption": null, "selected": false, "client_name": "sta0"}
2026-06-25 10:19:58,138 - METRIC - INFO - {"loss": 0.05917831137776375, "accuracy": 0.9803921580314636, "energy_consumption": null, "selected": false, "client_name": "sta2"}
2026-06-25 10:19:58,144 - METRIC - INFO - {"loss": 0.06093278527259827, "accuracy": 0.9789915680885315, "energy_consumption": null, "selected": false, "client_name": "sta4"}
2026-06-25 10:19:58,144 - METRIC - INFO - {"loss": 0.0626363456249237, "accuracy": 0.981792688369751, "energy_consumption": null, "selected": false, "client_name": "sta1"}
2026-06-25 10:19:58,178 - METRIC - INFO - {"loss": 0.06041719764471054, "accuracy": 0.9845938086509705, "energy_consumption": null, "selected": false, "client_name": "sta7"}
2026-06-25 10:19:58,196 - METRIC - INFO - {"loss": 0.06720149517059326, "accuracy": 0.976190447807312, "energy_consumption": null, "selected": false, "client_name": "sta6"}
2026-06-25 10:19:58,197 - METRIC - INFO - {"loss": 0.052371177822351456, "accuracy": 0.982492983341217, "energy_consumption": null, "selected": false, "client_name": "sta5"}
2026-06-25 10:19:58,218 - METRIC - INFO - {"loss": 0.06508417427539825, "accuracy": 0.9810924530029297, "energy_consumption": null, "selected": false, "client_name": "sta3"}
2026-06-25 10:19:58,220 - METRIC - INFO - {"loss": 0.07733768224716187, "accuracy": 0.976190447807312, "energy_consumption": null, "selected": false, "client_name": "sta9"}
2026-06-25 10:19:58,226 - METRIC - INFO - {"loss": 0.06501274555921555, "accuracy": 0.9810924530029297, "energy_consumption": null, "selected": false, "client_name": "sta8"}
2026-06-25 10:19:58,233 - METRIC - INFO - {"loss": 0.07191671431064606, "accuracy": 0.9803921580314636, "energy_consumption": null, "selected": false, "client_name": "sta10"}
2026-06-25 10:19:58,833 - METRIC - INFO - mean_accuracy: 0.9807741154323925

2026-06-25 10:19:58,833 - METRIC - INFO - round: 29
2026-06-25 10:19:58,833 - METRIC - INFO - n_selected: 11
2026-06-25 10:19:58,833 - METRIC - INFO - {"selected_trainers": ["sta0", "sta1", "sta10", "sta2", "sta3", "sta4", "sta5", "sta6", "sta7", "sta8", "sta9"]}
2026-06-25 10:20:03,743 - EXECUT - INFO - received weights from trainer sta0!
2026-06-25 10:20:03,758 - EXECUT - INFO - received weights from trainer sta1!
2026-06-25 10:20:03,772 - EXECUT - INFO - received weights from trainer sta2!
2026-06-25 10:20:03,786 - EXECUT - INFO - received weights from trainer sta6!
2026-06-25 10:20:03,800 - EXECUT - INFO - received weights from trainer sta4!
2026-06-25 10:20:03,817 - EXECUT - INFO - received weights from trainer sta7!
2026-06-25 10:20:03,831 - EXECUT - INFO - received weights from trainer sta3!
2026-06-25 10:20:04,145 - EXECUT - INFO - received weights from trainer sta5!
2026-06-25 10:20:04,406 - EXECUT - INFO - received weights from trainer sta8!
2026-06-25 10:20:04,427 - EXECUT - INFO - received weights from trainer sta10!
2026-06-25 10:20:04,507 - EXECUT - INFO - received weights from trainer sta9!
2026-06-25 10:20:05,116 - EXECUT - INFO - sent aggregated weights to trainers!
2026-06-25 10:20:05,443 - METRIC - INFO - {"loss": 0.05073056370019913, "accuracy": 0.9859943985939026, "energy_consumption": null, "selected": false, "client_name": "sta0"}
2026-06-25 10:20:05,448 - METRIC - INFO - {"loss": 0.060374315828084946, "accuracy": 0.9831932783126831, "energy_consumption": null, "selected": false, "client_name": "sta1"}
2026-06-25 10:20:05,454 - METRIC - INFO - {"loss": 0.05648769438266754, "accuracy": 0.9831932783126831, "energy_consumption": null, "selected": false, "client_name": "sta2"}
2026-06-25 10:20:05,470 - METRIC - INFO - {"loss": 0.05834147334098816, "accuracy": 0.9810924530029297, "energy_consumption": null, "selected": false, "client_name": "sta4"}
2026-06-25 10:20:05,487 - METRIC - INFO - {"loss": 0.06548061221837997, "accuracy": 0.976190447807312, "energy_consumption": null, "selected": false, "client_name": "sta6"}
2026-06-25 10:20:05,497 - METRIC - INFO - {"loss": 0.05230509489774704, "accuracy": 0.9852941036224365, "energy_consumption": null, "selected": false, "client_name": "sta5"}
2026-06-25 10:20:05,511 - METRIC - INFO - {"loss": 0.07750806957483292, "accuracy": 0.9768907427787781, "energy_consumption": null, "selected": false, "client_name": "sta9"}
2026-06-25 10:20:05,512 - METRIC - INFO - {"loss": 0.05943012982606888, "accuracy": 0.9838935732841492, "energy_consumption": null, "selected": false, "client_name": "sta7"}
2026-06-25 10:20:05,512 - METRIC - INFO - {"loss": 0.059717804193496704, "accuracy": 0.9838935732841492, "energy_consumption": null, "selected": false, "client_name": "sta3"}
2026-06-25 10:20:05,522 - METRIC - INFO - {"loss": 0.06245940551161766, "accuracy": 0.9810924530029297, "energy_consumption": null, "selected": false, "client_name": "sta8"}
2026-06-25 10:20:05,623 - METRIC - INFO - {"loss": 0.06711224466562271, "accuracy": 0.981792688369751, "energy_consumption": null, "selected": false, "client_name": "sta10"}
2026-06-25 10:20:06,117 - METRIC - INFO - mean_accuracy: 0.982047362761064

2026-06-25 10:20:06,117 - METRIC - INFO - round: 30
2026-06-25 10:20:06,117 - METRIC - INFO - n_selected: 11
2026-06-25 10:20:06,117 - METRIC - INFO - {"selected_trainers": ["sta0", "sta1", "sta10", "sta2", "sta3", "sta4", "sta5", "sta6", "sta7", "sta8", "sta9"]}
2026-06-25 10:20:11,044 - EXECUT - INFO - received weights from trainer sta6!
2026-06-25 10:20:11,062 - EXECUT - INFO - received weights from trainer sta1!
2026-06-25 10:20:11,076 - EXECUT - INFO - received weights from trainer sta5!
2026-06-25 10:20:11,091 - EXECUT - INFO - received weights from trainer sta7!
2026-06-25 10:20:11,104 - EXECUT - INFO - received weights from trainer sta2!
2026-06-25 10:20:11,121 - EXECUT - INFO - received weights from trainer sta4!
2026-06-25 10:20:11,135 - EXECUT - INFO - received weights from trainer sta3!
2026-06-25 10:20:11,149 - EXECUT - INFO - received weights from trainer sta0!
2026-06-25 10:20:11,681 - EXECUT - INFO - received weights from trainer sta10!
2026-06-25 10:20:11,704 - EXECUT - INFO - received weights from trainer sta8!
2026-06-25 10:20:11,801 - EXECUT - INFO - received weights from trainer sta9!
2026-06-25 10:20:12,413 - EXECUT - INFO - sent aggregated weights to trainers!
2026-06-25 10:20:12,820 - METRIC - INFO - {"loss": 0.06795794516801834, "accuracy": 0.9810924530029297, "energy_consumption": null, "selected": false, "client_name": "sta10"}
2026-06-25 10:20:12,888 - METRIC - INFO - {"loss": 0.05556367337703705, "accuracy": 0.9831932783126831, "energy_consumption": null, "selected": false, "client_name": "sta2"}
2026-06-25 10:20:12,889 - METRIC - INFO - {"loss": 0.04910866916179657, "accuracy": 0.9852941036224365, "energy_consumption": null, "selected": false, "client_name": "sta0"}
2026-06-25 10:20:12,905 - METRIC - INFO - {"loss": 0.05823066085577011, "accuracy": 0.9838935732841492, "energy_consumption": null, "selected": false, "client_name": "sta1"}
2026-06-25 10:20:12,909 - METRIC - INFO - {"loss": 0.06346188485622406, "accuracy": 0.9768907427787781, "energy_consumption": null, "selected": false, "client_name": "sta6"}
2026-06-25 10:20:12,919 - METRIC - INFO - {"loss": 0.054725971072912216, "accuracy": 0.981792688369751, "energy_consumption": null, "selected": false, "client_name": "sta4"}
2026-06-25 10:20:12,928 - METRIC - INFO - {"loss": 0.04973867908120155, "accuracy": 0.982492983341217, "energy_consumption": null, "selected": false, "client_name": "sta5"}
2026-06-25 10:20:12,938 - METRIC - INFO - {"loss": 0.05605625361204147, "accuracy": 0.9845938086509705, "energy_consumption": null, "selected": false, "client_name": "sta7"}
2026-06-25 10:20:12,945 - METRIC - INFO - {"loss": 0.058480408042669296, "accuracy": 0.9831932783126831, "energy_consumption": null, "selected": false, "client_name": "sta3"}
2026-06-25 10:20:12,949 - METRIC - INFO - {"loss": 0.07451292872428894, "accuracy": 0.9768907427787781, "energy_consumption": null, "selected": false, "client_name": "sta9"}
2026-06-25 10:20:12,953 - METRIC - INFO - {"loss": 0.06092062592506409, "accuracy": 0.9831932783126831, "energy_consumption": null, "selected": false, "client_name": "sta8"}
2026-06-25 10:20:13,414 - METRIC - INFO - mean_accuracy: 0.98204735734246

2026-06-25 10:20:13,414 - METRIC - INFO - round: 31
2026-06-25 10:20:13,414 - METRIC - INFO - n_selected: 11
2026-06-25 10:20:13,414 - METRIC - INFO - {"selected_trainers": ["sta0", "sta1", "sta10", "sta2", "sta3", "sta4", "sta5", "sta6", "sta7", "sta8", "sta9"]}
2026-06-25 10:20:18,211 - EXECUT - INFO - received weights from trainer sta0!
2026-06-25 10:20:18,305 - EXECUT - INFO - received weights from trainer sta2!
2026-06-25 10:20:18,324 - EXECUT - INFO - received weights from trainer sta1!
2026-06-25 10:20:18,338 - EXECUT - INFO - received weights from trainer sta6!
2026-06-25 10:20:18,352 - EXECUT - INFO - received weights from trainer sta4!
2026-06-25 10:20:18,368 - EXECUT - INFO - received weights from trainer sta3!
2026-06-25 10:20:18,381 - EXECUT - INFO - received weights from trainer sta7!
2026-06-25 10:20:18,725 - EXECUT - INFO - received weights from trainer sta5!
2026-06-25 10:20:18,984 - EXECUT - INFO - received weights from trainer sta8!
2026-06-25 10:20:19,000 - EXECUT - INFO - received weights from trainer sta10!
2026-06-25 10:20:19,130 - EXECUT - INFO - received weights from trainer sta9!
2026-06-25 10:20:19,681 - EXECUT - INFO - sent aggregated weights to trainers!
2026-06-25 10:20:19,989 - METRIC - INFO - {"loss": 0.05360313132405281, "accuracy": 0.9845938086509705, "energy_consumption": null, "selected": false, "client_name": "sta4"}
2026-06-25 10:20:19,991 - METRIC - INFO - {"loss": 0.05661730840802193, "accuracy": 0.9831932783126831, "energy_consumption": null, "selected": false, "client_name": "sta1"}
2026-06-25 10:20:20,010 - METRIC - INFO - {"loss": 0.053699083626270294, "accuracy": 0.982492983341217, "energy_consumption": null, "selected": false, "client_name": "sta2"}
2026-06-25 10:20:20,021 - METRIC - INFO - {"loss": 0.04779480770230293, "accuracy": 0.9887955188751221, "energy_consumption": null, "selected": false, "client_name": "sta0"}
2026-06-25 10:20:20,033 - METRIC - INFO - {"loss": 0.06301552802324295, "accuracy": 0.9775910377502441, "energy_consumption": null, "selected": false, "client_name": "sta6"}
2026-06-25 10:20:20,044 - METRIC - INFO - {"loss": 0.0562543086707592, "accuracy": 0.9838935732841492, "energy_consumption": null, "selected": false, "client_name": "sta3"}
2026-06-25 10:20:20,058 - METRIC - INFO - {"loss": 0.05656758323311806, "accuracy": 0.9845938086509705, "energy_consumption": null, "selected": false, "client_name": "sta7"}
2026-06-25 10:20:20,065 - METRIC - INFO - {"loss": 0.048455365002155304, "accuracy": 0.9852941036224365, "energy_consumption": null, "selected": false, "client_name": "sta5"}
2026-06-25 10:20:20,079 - METRIC - INFO - {"loss": 0.0595584474503994, "accuracy": 0.982492983341217, "energy_consumption": null, "selected": false, "client_name": "sta8"}
2026-06-25 10:20:20,081 - METRIC - INFO - {"loss": 0.06406461447477341, "accuracy": 0.9810924530029297, "energy_consumption": null, "selected": false, "client_name": "sta10"}
2026-06-25 10:20:20,143 - METRIC - INFO - {"loss": 0.07366594672203064, "accuracy": 0.9754902124404907, "energy_consumption": null, "selected": false, "client_name": "sta9"}
2026-06-25 10:20:20,682 - METRIC - INFO - mean_accuracy: 0.9826839782974937

2026-06-25 10:20:20,682 - METRIC - INFO - round: 32
2026-06-25 10:20:20,682 - METRIC - INFO - n_selected: 11
2026-06-25 10:20:20,682 - METRIC - INFO - {"selected_trainers": ["sta0", "sta1", "sta10", "sta2", "sta3", "sta4", "sta5", "sta6", "sta7", "sta8", "sta9"]}
2026-06-25 10:20:25,461 - EXECUT - INFO - received weights from trainer sta0!
2026-06-25 10:20:25,497 - EXECUT - INFO - received weights from trainer sta2!
2026-06-25 10:20:25,510 - EXECUT - INFO - received weights from trainer sta1!
2026-06-25 10:20:25,524 - EXECUT - INFO - received weights from trainer sta6!
2026-06-25 10:20:25,537 - EXECUT - INFO - received weights from trainer sta4!
2026-06-25 10:20:25,553 - EXECUT - INFO - received weights from trainer sta3!
2026-06-25 10:20:25,583 - EXECUT - INFO - received weights from trainer sta7!
2026-06-25 10:20:25,961 - EXECUT - INFO - received weights from trainer sta5!
2026-06-25 10:20:26,138 - EXECUT - INFO - received weights from trainer sta8!
2026-06-25 10:20:26,169 - EXECUT - INFO - received weights from trainer sta10!
2026-06-25 10:20:26,234 - EXECUT - INFO - received weights from trainer sta9!
2026-06-25 10:20:26,955 - EXECUT - INFO - sent aggregated weights to trainers!
2026-06-25 10:20:27,259 - METRIC - INFO - {"loss": 0.05170750990509987, "accuracy": 0.9838935732841492, "energy_consumption": null, "selected": false, "client_name": "sta4"}
2026-06-25 10:20:27,266 - METRIC - INFO - {"loss": 0.04878180846571922, "accuracy": 0.9845938086509705, "energy_consumption": null, "selected": false, "client_name": "sta0"}
2026-06-25 10:20:27,275 - METRIC - INFO - {"loss": 0.05608198419213295, "accuracy": 0.9831932783126831, "energy_consumption": null, "selected": false, "client_name": "sta1"}
2026-06-25 10:20:27,295 - METRIC - INFO - {"loss": 0.054697826504707336, "accuracy": 0.9859943985939026, "energy_consumption": null, "selected": false, "client_name": "sta7"}
2026-06-25 10:20:27,301 - METRIC - INFO - {"loss": 0.06275129318237305, "accuracy": 0.9789915680885315, "energy_consumption": null, "selected": false, "client_name": "sta6"}
2026-06-25 10:20:27,343 - METRIC - INFO - {"loss": 0.04648900032043457, "accuracy": 0.9845938086509705, "energy_consumption": null, "selected": false, "client_name": "sta5"}
2026-06-25 10:20:27,345 - METRIC - INFO - {"loss": 0.05591365694999695, "accuracy": 0.9831932783126831, "energy_consumption": null, "selected": false, "client_name": "sta3"}
2026-06-25 10:20:27,351 - METRIC - INFO - {"loss": 0.07267281413078308, "accuracy": 0.9754902124404907, "energy_consumption": null, "selected": false, "client_name": "sta9"}
2026-06-25 10:20:27,351 - METRIC - INFO - {"loss": 0.060122210532426834, "accuracy": 0.9831932783126831, "energy_consumption": null, "selected": false, "client_name": "sta8"}
2026-06-25 10:20:27,352 - METRIC - INFO - {"loss": 0.0637262836098671, "accuracy": 0.9831932783126831, "energy_consumption": null, "selected": false, "client_name": "sta10"}
2026-06-25 10:20:27,358 - METRIC - INFO - {"loss": 0.05244257673621178, "accuracy": 0.9831932783126831, "energy_consumption": null, "selected": false, "client_name": "sta2"}
2026-06-25 10:20:27,958 - METRIC - INFO - mean_accuracy: 0.9826839782974937

2026-06-25 10:20:27,958 - METRIC - INFO - round: 33
2026-06-25 10:20:27,958 - METRIC - INFO - n_selected: 11
2026-06-25 10:20:27,958 - METRIC - INFO - {"selected_trainers": ["sta0", "sta1", "sta10", "sta2", "sta3", "sta4", "sta5", "sta6", "sta7", "sta8", "sta9"]}
2026-06-25 10:20:32,618 - EXECUT - INFO - received weights from trainer sta1!
2026-06-25 10:20:32,656 - EXECUT - INFO - received weights from trainer sta7!
2026-06-25 10:20:32,676 - EXECUT - INFO - received weights from trainer sta2!
2026-06-25 10:20:32,690 - EXECUT - INFO - received weights from trainer sta5!
2026-06-25 10:20:32,703 - EXECUT - INFO - received weights from trainer sta0!
2026-06-25 10:20:32,716 - EXECUT - INFO - received weights from trainer sta4!
2026-06-25 10:20:32,731 - EXECUT - INFO - received weights from trainer sta3!
2026-06-25 10:20:32,744 - EXECUT - INFO - received weights from trainer sta6!
2026-06-25 10:20:33,262 - EXECUT - INFO - received weights from trainer sta10!
2026-06-25 10:20:33,276 - EXECUT - INFO - received weights from trainer sta8!
2026-06-25 10:20:33,321 - EXECUT - INFO - received weights from trainer sta9!
2026-06-25 10:20:34,220 - EXECUT - INFO - sent aggregated weights to trainers!
2026-06-25 10:20:34,514 - METRIC - INFO - {"loss": 0.053975317627191544, "accuracy": 0.9838935732841492, "energy_consumption": null, "selected": false, "client_name": "sta1"}
2026-06-25 10:20:34,520 - METRIC - INFO - {"loss": 0.051513101905584335, "accuracy": 0.9845938086509705, "energy_consumption": null, "selected": false, "client_name": "sta2"}
2026-06-25 10:20:34,536 - METRIC - INFO - {"loss": 0.05089201405644417, "accuracy": 0.9838935732841492, "energy_consumption": null, "selected": false, "client_name": "sta4"}
2026-06-25 10:20:34,549 - METRIC - INFO - {"loss": 0.05377912521362305, "accuracy": 0.9866946935653687, "energy_consumption": null, "selected": false, "client_name": "sta7"}
2026-06-25 10:20:34,554 - METRIC - INFO - {"loss": 0.060791950672864914, "accuracy": 0.9789915680885315, "energy_consumption": null, "selected": false, "client_name": "sta6"}
2026-06-25 10:20:34,583 - METRIC - INFO - {"loss": 0.04452860727906227, "accuracy": 0.9845938086509705, "energy_consumption": null, "selected": false, "client_name": "sta5"}
2026-06-25 10:20:34,592 - METRIC - INFO - {"loss": 0.05407044291496277, "accuracy": 0.9859943985939026, "energy_consumption": null, "selected": false, "client_name": "sta3"}
2026-06-25 10:20:34,593 - METRIC - INFO - {"loss": 0.04697684943675995, "accuracy": 0.9852941036224365, "energy_consumption": null, "selected": false, "client_name": "sta0"}
2026-06-25 10:20:34,593 - METRIC - INFO - {"loss": 0.05630152300000191, "accuracy": 0.9845938086509705, "energy_consumption": null, "selected": false, "client_name": "sta8"}
2026-06-25 10:20:34,598 - METRIC - INFO - {"loss": 0.07162099331617355, "accuracy": 0.9775910377502441, "energy_consumption": null, "selected": false, "client_name": "sta9"}
2026-06-25 10:20:34,672 - METRIC - INFO - {"loss": 0.061897747218608856, "accuracy": 0.9831932783126831, "energy_consumption": null, "selected": false, "client_name": "sta10"}
2026-06-25 10:20:35,223 - METRIC - INFO - mean_accuracy: 0.9835752411322161

2026-06-25 10:20:35,223 - METRIC - INFO - round: 34
2026-06-25 10:20:35,223 - METRIC - INFO - n_selected: 11
2026-06-25 10:20:35,223 - METRIC - INFO - {"selected_trainers": ["sta0", "sta1", "sta10", "sta2", "sta3", "sta4", "sta5", "sta6", "sta7", "sta8", "sta9"]}
2026-06-25 10:20:39,867 - EXECUT - INFO - received weights from trainer sta4!
2026-06-25 10:20:39,880 - EXECUT - INFO - received weights from trainer sta2!
2026-06-25 10:20:39,894 - EXECUT - INFO - received weights from trainer sta7!
2026-06-25 10:20:39,906 - EXECUT - INFO - received weights from trainer sta3!
2026-06-25 10:20:39,919 - EXECUT - INFO - received weights from trainer sta5!
2026-06-25 10:20:39,931 - EXECUT - INFO - received weights from trainer sta1!
2026-06-25 10:20:39,945 - EXECUT - INFO - received weights from trainer sta0!
2026-06-25 10:20:39,958 - EXECUT - INFO - received weights from trainer sta6!
2026-06-25 10:20:40,477 - EXECUT - INFO - received weights from trainer sta8!
2026-06-25 10:20:40,511 - EXECUT - INFO - received weights from trainer sta10!
2026-06-25 10:20:40,592 - EXECUT - INFO - received weights from trainer sta9!
2026-06-25 10:20:41,480 - EXECUT - INFO - sent aggregated weights to trainers!
2026-06-25 10:20:41,765 - METRIC - INFO - {"loss": 0.04650998115539551, "accuracy": 0.9845938086509705, "energy_consumption": null, "selected": false, "client_name": "sta0"}
2026-06-25 10:20:41,773 - METRIC - INFO - {"loss": 0.05115458369255066, "accuracy": 0.981792688369751, "energy_consumption": null, "selected": false, "client_name": "sta2"}
2026-06-25 10:20:41,785 - METRIC - INFO - {"loss": 0.053432390093803406, "accuracy": 0.981792688369751, "energy_consumption": null, "selected": false, "client_name": "sta1"}
2026-06-25 10:20:41,797 - METRIC - INFO - {"loss": 0.05026495084166527, "accuracy": 0.982492983341217, "energy_consumption": null, "selected": false, "client_name": "sta4"}
2026-06-25 10:20:41,801 - METRIC - INFO - {"loss": 0.0519806370139122, "accuracy": 0.9838935732841492, "energy_consumption": null, "selected": false, "client_name": "sta7"}
2026-06-25 10:20:41,803 - METRIC - INFO - {"loss": 0.044162970036268234, "accuracy": 0.9866946935653687, "energy_consumption": null, "selected": false, "client_name": "sta5"}
2026-06-25 10:20:41,821 - METRIC - INFO - {"loss": 0.05412669852375984, "accuracy": 0.981792688369751, "energy_consumption": null, "selected": false, "client_name": "sta3"}
2026-06-25 10:20:41,833 - METRIC - INFO - {"loss": 0.060529451817274094, "accuracy": 0.9796918630599976, "energy_consumption": null, "selected": false, "client_name": "sta6"}
2026-06-25 10:20:41,846 - METRIC - INFO - {"loss": 0.056534431874752045, "accuracy": 0.9852941036224365, "energy_consumption": null, "selected": false, "client_name": "sta8"}
2026-06-25 10:20:41,849 - METRIC - INFO - {"loss": 0.07035060226917267, "accuracy": 0.9768907427787781, "energy_consumption": null, "selected": false, "client_name": "sta9"}
2026-06-25 10:20:41,855 - METRIC - INFO - {"loss": 0.06109750643372536, "accuracy": 0.982492983341217, "energy_consumption": null, "selected": false, "client_name": "sta10"}
2026-06-25 10:20:42,481 - METRIC - INFO - mean_accuracy: 0.982492983341217

2026-06-25 10:20:42,481 - METRIC - INFO - round: 35
2026-06-25 10:20:42,481 - METRIC - INFO - n_selected: 11
2026-06-25 10:20:42,481 - METRIC - INFO - {"selected_trainers": ["sta0", "sta1", "sta10", "sta2", "sta3", "sta4", "sta5", "sta6", "sta7", "sta8", "sta9"]}
2026-06-25 10:20:47,068 - EXECUT - INFO - received weights from trainer sta0!
2026-06-25 10:20:47,084 - EXECUT - INFO - received weights from trainer sta7!
2026-06-25 10:20:47,099 - EXECUT - INFO - received weights from trainer sta6!
2026-06-25 10:20:47,114 - EXECUT - INFO - received weights from trainer sta1!
2026-06-25 10:20:47,129 - EXECUT - INFO - received weights from trainer sta4!
2026-06-25 10:20:47,143 - EXECUT - INFO - received weights from trainer sta2!
2026-06-25 10:20:47,158 - EXECUT - INFO - received weights from trainer sta5!
2026-06-25 10:20:47,170 - EXECUT - INFO - received weights from trainer sta3!
2026-06-25 10:20:47,623 - EXECUT - INFO - received weights from trainer sta8!
2026-06-25 10:20:47,678 - EXECUT - INFO - received weights from trainer sta10!
2026-06-25 10:20:47,725 - EXECUT - INFO - received weights from trainer sta9!
2026-06-25 10:20:48,730 - EXECUT - INFO - sent aggregated weights to trainers!
2026-06-25 10:20:48,989 - METRIC - INFO - {"loss": 0.04485601559281349, "accuracy": 0.9887955188751221, "energy_consumption": null, "selected": false, "client_name": "sta0"}
2026-06-25 10:20:49,006 - METRIC - INFO - {"loss": 0.048970744013786316, "accuracy": 0.982492983341217, "energy_consumption": null, "selected": false, "client_name": "sta4"}
2026-06-25 10:20:49,006 - METRIC - INFO - {"loss": 0.05267666280269623, "accuracy": 0.9838935732841492, "energy_consumption": null, "selected": false, "client_name": "sta1"}
2026-06-25 10:20:49,028 - METRIC - INFO - {"loss": 0.04992540180683136, "accuracy": 0.9838935732841492, "energy_consumption": null, "selected": false, "client_name": "sta2"}
2026-06-25 10:20:49,033 - METRIC - INFO - {"loss": 0.042462486773729324, "accuracy": 0.9852941036224365, "energy_consumption": null, "selected": false, "client_name": "sta5"}
2026-06-25 10:20:49,048 - METRIC - INFO - {"loss": 0.056893136352300644, "accuracy": 0.9782913327217102, "energy_consumption": null, "selected": false, "client_name": "sta6"}
2026-06-25 10:20:49,061 - METRIC - INFO - {"loss": 0.05317788943648338, "accuracy": 0.9838935732841492, "energy_consumption": null, "selected": false, "client_name": "sta7"}
2026-06-25 10:20:49,077 - METRIC - INFO - {"loss": 0.06924590468406677, "accuracy": 0.9754902124404907, "energy_consumption": null, "selected": false, "client_name": "sta9"}
2026-06-25 10:20:49,084 - METRIC - INFO - {"loss": 0.05266846343874931, "accuracy": 0.9831932783126831, "energy_consumption": null, "selected": false, "client_name": "sta3"}
2026-06-25 10:20:49,087 - METRIC - INFO - {"loss": 0.059496279805898666, "accuracy": 0.982492983341217, "energy_consumption": null, "selected": false, "client_name": "sta10"}
2026-06-25 10:20:49,090 - METRIC - INFO - {"loss": 0.05445149540901184, "accuracy": 0.9852941036224365, "energy_consumption": null, "selected": false, "client_name": "sta8"}
2026-06-25 10:20:49,732 - METRIC - INFO - mean_accuracy: 0.9830022941936146

2026-06-25 10:20:49,732 - METRIC - INFO - round: 36
2026-06-25 10:20:49,732 - METRIC - INFO - n_selected: 11
2026-06-25 10:20:49,732 - METRIC - INFO - {"selected_trainers": ["sta0", "sta1", "sta10", "sta2", "sta3", "sta4", "sta5", "sta6", "sta7", "sta8", "sta9"]}
2026-06-25 10:20:54,317 - EXECUT - INFO - received weights from trainer sta7!
2026-06-25 10:20:54,333 - EXECUT - INFO - received weights from trainer sta4!
2026-06-25 10:20:54,348 - EXECUT - INFO - received weights from trainer sta2!
2026-06-25 10:20:54,362 - EXECUT - INFO - received weights from trainer sta0!
2026-06-25 10:20:54,377 - EXECUT - INFO - received weights from trainer sta6!
2026-06-25 10:20:54,392 - EXECUT - INFO - received weights from trainer sta5!
2026-06-25 10:20:54,408 - EXECUT - INFO - received weights from trainer sta3!
2026-06-25 10:20:54,884 - EXECUT - INFO - received weights from trainer sta8!
2026-06-25 10:20:54,945 - EXECUT - INFO - received weights from trainer sta10!
2026-06-25 10:20:54,964 - EXECUT - INFO - received weights from trainer sta9!
2026-06-25 10:20:55,036 - EXECUT - INFO - received weights from trainer sta1!
2026-06-25 10:20:55,975 - EXECUT - INFO - sent aggregated weights to trainers!
2026-06-25 10:20:56,234 - METRIC - INFO - {"loss": 0.046241819858551025, "accuracy": 0.9852941036224365, "energy_consumption": null, "selected": false, "client_name": "sta0"}
2026-06-25 10:20:56,241 - METRIC - INFO - {"loss": 0.04842641204595566, "accuracy": 0.9845938086509705, "energy_consumption": null, "selected": false, "client_name": "sta2"}
2026-06-25 10:20:56,253 - METRIC - INFO - {"loss": 0.04724926874041557, "accuracy": 0.9838935732841492, "energy_consumption": null, "selected": false, "client_name": "sta4"}
2026-06-25 10:20:56,259 - METRIC - INFO - {"loss": 0.051149364560842514, "accuracy": 0.982492983341217, "energy_consumption": null, "selected": false, "client_name": "sta1"}
2026-06-25 10:20:56,271 - METRIC - INFO - {"loss": 0.05331653356552124, "accuracy": 0.982492983341217, "energy_consumption": null, "selected": false, "client_name": "sta3"}
2026-06-25 10:20:56,274 - METRIC - INFO - {"loss": 0.04137283191084862, "accuracy": 0.9894958138465881, "energy_consumption": null, "selected": false, "client_name": "sta5"}
2026-06-25 10:20:56,275 - METRIC - INFO - {"loss": 0.05846259742975235, "accuracy": 0.9796918630599976, "energy_consumption": null, "selected": false, "client_name": "sta6"}
2026-06-25 10:20:56,289 - METRIC - INFO - {"loss": 0.04948432371020317, "accuracy": 0.9866946935653687, "energy_consumption": null, "selected": false, "client_name": "sta7"}
2026-06-25 10:20:56,338 - METRIC - INFO - {"loss": 0.06923508644104004, "accuracy": 0.976190447807312, "energy_consumption": null, "selected": false, "client_name": "sta9"}
2026-06-25 10:20:56,339 - METRIC - INFO - {"loss": 0.05456916242837906, "accuracy": 0.9866946935653687, "energy_consumption": null, "selected": false, "client_name": "sta8"}
2026-06-25 10:20:56,343 - METRIC - INFO - {"loss": 0.061655569821596146, "accuracy": 0.9831932783126831, "energy_consumption": null, "selected": false, "client_name": "sta10"}
2026-06-25 10:20:56,976 - METRIC - INFO - mean_accuracy: 0.9837025674906644

2026-06-25 10:20:56,976 - METRIC - INFO - round: 37
2026-06-25 10:20:56,976 - METRIC - INFO - n_selected: 11
2026-06-25 10:20:56,976 - METRIC - INFO - {"selected_trainers": ["sta0", "sta1", "sta10", "sta2", "sta3", "sta4", "sta5", "sta6", "sta7", "sta8", "sta9"]}
2026-06-25 10:21:01,507 - EXECUT - INFO - received weights from trainer sta7!
2026-06-25 10:21:01,522 - EXECUT - INFO - received weights from trainer sta2!
2026-06-25 10:21:01,537 - EXECUT - INFO - received weights from trainer sta4!
2026-06-25 10:21:01,551 - EXECUT - INFO - received weights from trainer sta1!
2026-06-25 10:21:01,564 - EXECUT - INFO - received weights from trainer sta6!
2026-06-25 10:21:01,577 - EXECUT - INFO - received weights from trainer sta5!
2026-06-25 10:21:01,591 - EXECUT - INFO - received weights from trainer sta0!
2026-06-25 10:21:01,603 - EXECUT - INFO - received weights from trainer sta3!
2026-06-25 10:21:02,068 - EXECUT - INFO - received weights from trainer sta8!
2026-06-25 10:21:02,079 - EXECUT - INFO - received weights from trainer sta10!
2026-06-25 10:21:02,126 - EXECUT - INFO - received weights from trainer sta9!
2026-06-25 10:21:03,229 - EXECUT - INFO - sent aggregated weights to trainers!
2026-06-25 10:21:03,503 - METRIC - INFO - {"loss": 0.04404320940375328, "accuracy": 0.9873949289321899, "energy_consumption": null, "selected": false, "client_name": "sta0"}
2026-06-25 10:21:03,507 - METRIC - INFO - {"loss": 0.04863089695572853, "accuracy": 0.9831932783126831, "energy_consumption": null, "selected": false, "client_name": "sta2"}
2026-06-25 10:21:03,517 - METRIC - INFO - {"loss": 0.045707739889621735, "accuracy": 0.9852941036224365, "energy_consumption": null, "selected": false, "client_name": "sta4"}
2026-06-25 10:21:03,529 - METRIC - INFO - {"loss": 0.05163804069161415, "accuracy": 0.9838935732841492, "energy_consumption": null, "selected": false, "client_name": "sta1"}
2026-06-25 10:21:03,537 - METRIC - INFO - {"loss": 0.039397940039634705, "accuracy": 0.9887955188751221, "energy_consumption": null, "selected": false, "client_name": "sta5"}
2026-06-25 10:21:03,546 - METRIC - INFO - {"loss": 0.05601559579372406, "accuracy": 0.9803921580314636, "energy_consumption": null, "selected": false, "client_name": "sta6"}
2026-06-25 10:21:03,566 - METRIC - INFO - {"loss": 0.04837195202708244, "accuracy": 0.9873949289321899, "energy_consumption": null, "selected": false, "client_name": "sta7"}
2026-06-25 10:21:03,584 - METRIC - INFO - {"loss": 0.049565114080905914, "accuracy": 0.9838935732841492, "energy_consumption": null, "selected": false, "client_name": "sta3"}
2026-06-25 10:21:03,591 - METRIC - INFO - {"loss": 0.054309405386447906, "accuracy": 0.9873949289321899, "energy_consumption": null, "selected": false, "client_name": "sta8"}
2026-06-25 10:21:03,597 - METRIC - INFO - {"loss": 0.059948112815618515, "accuracy": 0.9838935732841492, "energy_consumption": null, "selected": false, "client_name": "sta10"}
2026-06-25 10:21:03,599 - METRIC - INFO - {"loss": 0.06746279448270798, "accuracy": 0.9775910377502441, "energy_consumption": null, "selected": false, "client_name": "sta9"}
2026-06-25 10:21:04,230 - METRIC - INFO - mean_accuracy: 0.9844665093855425

2026-06-25 10:21:04,230 - METRIC - INFO - round: 38
2026-06-25 10:21:04,230 - METRIC - INFO - n_selected: 11
2026-06-25 10:21:04,230 - METRIC - INFO - {"selected_trainers": ["sta0", "sta1", "sta10", "sta2", "sta3", "sta4", "sta5", "sta6", "sta7", "sta8", "sta9"]}
2026-06-25 10:21:08,713 - EXECUT - INFO - received weights from trainer sta4!
2026-06-25 10:21:08,725 - EXECUT - INFO - received weights from trainer sta7!
2026-06-25 10:21:08,737 - EXECUT - INFO - received weights from trainer sta6!
2026-06-25 10:21:08,749 - EXECUT - INFO - received weights from trainer sta2!
2026-06-25 10:21:08,761 - EXECUT - INFO - received weights from trainer sta1!
2026-06-25 10:21:08,772 - EXECUT - INFO - received weights from trainer sta5!
2026-06-25 10:21:08,784 - EXECUT - INFO - received weights from trainer sta0!
2026-06-25 10:21:08,797 - EXECUT - INFO - received weights from trainer sta3!
2026-06-25 10:21:09,225 - EXECUT - INFO - received weights from trainer sta8!
2026-06-25 10:21:09,262 - EXECUT - INFO - received weights from trainer sta10!
2026-06-25 10:21:09,328 - EXECUT - INFO - received weights from trainer sta9!
2026-06-25 10:21:10,475 - EXECUT - INFO - sent aggregated weights to trainers!
2026-06-25 10:21:10,764 - METRIC - INFO - {"loss": 0.04441346600651741, "accuracy": 0.9873949289321899, "energy_consumption": null, "selected": false, "client_name": "sta0"}
2026-06-25 10:21:10,805 - METRIC - INFO - {"loss": 0.04976508021354675, "accuracy": 0.9838935732841492, "energy_consumption": null, "selected": false, "client_name": "sta1"}
2026-06-25 10:21:10,805 - METRIC - INFO - {"loss": 0.04925547167658806, "accuracy": 0.9810924530029297, "energy_consumption": null, "selected": false, "client_name": "sta2"}
2026-06-25 10:21:10,805 - METRIC - INFO - {"loss": 0.03955528885126114, "accuracy": 0.9873949289321899, "energy_consumption": null, "selected": false, "client_name": "sta5"}
2026-06-25 10:21:10,805 - METRIC - INFO - {"loss": 0.04450032860040665, "accuracy": 0.9831932783126831, "energy_consumption": null, "selected": false, "client_name": "sta4"}
2026-06-25 10:21:10,805 - METRIC - INFO - {"loss": 0.05652443319559097, "accuracy": 0.9810924530029297, "energy_consumption": null, "selected": false, "client_name": "sta6"}
2026-06-25 10:21:10,811 - METRIC - INFO - {"loss": 0.04836243391036987, "accuracy": 0.9866946935653687, "energy_consumption": null, "selected": false, "client_name": "sta7"}
2026-06-25 10:21:10,825 - METRIC - INFO - {"loss": 0.05122062563896179, "accuracy": 0.9866946935653687, "energy_consumption": null, "selected": false, "client_name": "sta8"}
2026-06-25 10:21:10,831 - METRIC - INFO - {"loss": 0.05979941412806511, "accuracy": 0.9838935732841492, "energy_consumption": null, "selected": false, "client_name": "sta10"}
2026-06-25 10:21:10,834 - METRIC - INFO - {"loss": 0.04945387318730354, "accuracy": 0.9831932783126831, "energy_consumption": null, "selected": false, "client_name": "sta3"}
2026-06-25 10:21:10,836 - METRIC - INFO - {"loss": 0.06622286885976791, "accuracy": 0.976190447807312, "energy_consumption": null, "selected": false, "client_name": "sta9"}
2026-06-25 10:21:11,476 - METRIC - INFO - mean_accuracy: 0.9837025729092684

2026-06-25 10:21:11,477 - METRIC - INFO - round: 39
2026-06-25 10:21:11,477 - METRIC - INFO - n_selected: 11
2026-06-25 10:21:11,477 - METRIC - INFO - {"selected_trainers": ["sta0", "sta1", "sta10", "sta2", "sta3", "sta4", "sta5", "sta6", "sta7", "sta8", "sta9"]}
2026-06-25 10:21:15,835 - EXECUT - INFO - received weights from trainer sta0!
2026-06-25 10:21:15,915 - EXECUT - INFO - received weights from trainer sta2!
2026-06-25 10:21:15,932 - EXECUT - INFO - received weights from trainer sta5!
2026-06-25 10:21:15,944 - EXECUT - INFO - received weights from trainer sta3!
2026-06-25 10:21:15,955 - EXECUT - INFO - received weights from trainer sta1!
2026-06-25 10:21:15,967 - EXECUT - INFO - received weights from trainer sta4!
2026-06-25 10:21:15,978 - EXECUT - INFO - received weights from trainer sta7!
2026-06-25 10:21:15,991 - EXECUT - INFO - received weights from trainer sta6!
2026-06-25 10:21:16,394 - EXECUT - INFO - received weights from trainer sta10!
2026-06-25 10:21:16,405 - EXECUT - INFO - received weights from trainer sta8!
2026-06-25 10:21:16,481 - EXECUT - INFO - received weights from trainer sta9!
2026-06-25 10:21:16,708 - EXECUT - INFO - sent aggregated weights to trainers!
2026-06-25 10:21:16,971 - METRIC - INFO - {"loss": 0.04322460666298866, "accuracy": 0.9866946935653687, "energy_consumption": null, "selected": false, "client_name": "sta0"}
2026-06-25 10:21:16,977 - METRIC - INFO - {"loss": 0.046779658645391464, "accuracy": 0.9838935732841492, "energy_consumption": null, "selected": false, "client_name": "sta2"}
2026-06-25 10:21:16,977 - METRIC - INFO - {"loss": 0.04388269782066345, "accuracy": 0.9838935732841492, "energy_consumption": null, "selected": false, "client_name": "sta4"}
2026-06-25 10:21:16,977 - METRIC - INFO - {"loss": 0.05087080970406532, "accuracy": 0.9845938086509705, "energy_consumption": null, "selected": false, "client_name": "sta1"}
2026-06-25 10:21:17,002 - METRIC - INFO - {"loss": 0.038684405386447906, "accuracy": 0.988095223903656, "energy_consumption": null, "selected": false, "client_name": "sta5"}
2026-06-25 10:21:17,005 - METRIC - INFO - {"loss": 0.047562375664711, "accuracy": 0.9873949289321899, "energy_consumption": null, "selected": false, "client_name": "sta7"}
2026-06-25 10:21:17,007 - METRIC - INFO - {"loss": 0.053855448961257935, "accuracy": 0.9810924530029297, "energy_consumption": null, "selected": false, "client_name": "sta6"}
2026-06-25 10:21:17,033 - METRIC - INFO - {"loss": 0.052853040397167206, "accuracy": 0.982492983341217, "energy_consumption": null, "selected": false, "client_name": "sta3"}
2026-06-25 10:21:17,046 - METRIC - INFO - {"loss": 0.05090217664837837, "accuracy": 0.9859943985939026, "energy_consumption": null, "selected": false, "client_name": "sta8"}
2026-06-25 10:21:17,047 - METRIC - INFO - {"loss": 0.05743994191288948, "accuracy": 0.9838935732841492, "energy_consumption": null, "selected": false, "client_name": "sta10"}
2026-06-25 10:21:17,056 - METRIC - INFO - {"loss": 0.06593078374862671, "accuracy": 0.9775910377502441, "energy_consumption": null, "selected": false, "client_name": "sta9"}
2026-06-25 10:21:17,709 - METRIC - INFO - mean_accuracy: 0.9841482043266296

2026-06-25 10:21:17,709 - METRIC - INFO - round: 40
2026-06-25 10:21:17,709 - METRIC - INFO - n_selected: 11
2026-06-25 10:21:17,709 - METRIC - INFO - {"selected_trainers": ["sta0", "sta1", "sta10", "sta2", "sta3", "sta4", "sta5", "sta6", "sta7", "sta8", "sta9"]}
2026-06-25 10:21:22,071 - EXECUT - INFO - received weights from trainer sta2!
2026-06-25 10:21:22,097 - EXECUT - INFO - received weights from trainer sta1!
2026-06-25 10:21:22,109 - EXECUT - INFO - received weights from trainer sta5!
2026-06-25 10:21:22,120 - EXECUT - INFO - received weights from trainer sta0!
2026-06-25 10:21:22,136 - EXECUT - INFO - received weights from trainer sta4!
2026-06-25 10:21:22,148 - EXECUT - INFO - received weights from trainer sta6!
2026-06-25 10:21:22,582 - EXECUT - INFO - received weights from trainer sta10!
2026-06-25 10:21:22,597 - EXECUT - INFO - received weights from trainer sta8!
2026-06-25 10:21:22,627 - EXECUT - INFO - received weights from trainer sta9!
2026-06-25 10:21:22,990 - EXECUT - INFO - received weights from trainer sta7!
2026-06-25 10:21:23,002 - EXECUT - INFO - received weights from trainer sta3!
2026-06-25 10:21:23,945 - EXECUT - INFO - sent aggregated weights to trainers!
2026-06-25 10:21:24,208 - METRIC - INFO - {"loss": 0.045553334057331085, "accuracy": 0.9838935732841492, "energy_consumption": null, "selected": false, "client_name": "sta2"}
2026-06-25 10:21:24,210 - METRIC - INFO - {"loss": 0.04267523065209389, "accuracy": 0.9859943985939026, "energy_consumption": null, "selected": false, "client_name": "sta0"}
2026-06-25 10:21:24,212 - METRIC - INFO - {"loss": 0.04796494171023369, "accuracy": 0.9845938086509705, "energy_consumption": null, "selected": false, "client_name": "sta1"}
2026-06-25 10:21:24,238 - METRIC - INFO - {"loss": 0.0438128300011158, "accuracy": 0.981792688369751, "energy_consumption": null, "selected": false, "client_name": "sta4"}
2026-06-25 10:21:24,248 - METRIC - INFO - {"loss": 0.054628558456897736, "accuracy": 0.981792688369751, "energy_consumption": null, "selected": false, "client_name": "sta6"}
2026-06-25 10:21:24,267 - METRIC - INFO - {"loss": 0.03746773302555084, "accuracy": 0.988095223903656, "energy_consumption": null, "selected": false, "client_name": "sta5"}
2026-06-25 10:21:24,271 - METRIC - INFO - {"loss": 0.04526851698756218, "accuracy": 0.988095223903656, "energy_consumption": null, "selected": false, "client_name": "sta7"}
2026-06-25 10:21:24,288 - METRIC - INFO - {"loss": 0.05210207402706146, "accuracy": 0.9866946935653687, "energy_consumption": null, "selected": false, "client_name": "sta8"}
2026-06-25 10:21:24,289 - METRIC - INFO - {"loss": 0.04902980104088783, "accuracy": 0.9831932783126831, "energy_consumption": null, "selected": false, "client_name": "sta3"}
2026-06-25 10:21:24,289 - METRIC - INFO - {"loss": 0.056974854320287704, "accuracy": 0.9838935732841492, "energy_consumption": null, "selected": false, "client_name": "sta10"}
2026-06-25 10:21:24,299 - METRIC - INFO - {"loss": 0.06650979071855545, "accuracy": 0.9768907427787781, "energy_consumption": null, "selected": false, "client_name": "sta9"}
2026-06-25 10:21:24,947 - METRIC - INFO - mean_accuracy: 0.9840845357288014

2026-06-25 10:21:24,949 - METRIC - INFO - stop_condition: rounds
