2026-06-25 10:21:47,889 - EXECUT - INFO - starting server...
2026-06-25 10:21:52,536 - EXECUT - INFO - trainer number sta0 just joined the pool
2026-06-25 10:21:52,607 - EXECUT - INFO - trainer number sta1 just joined the pool
2026-06-25 10:21:52,672 - EXECUT - INFO - trainer number sta3 just joined the pool
2026-06-25 10:21:52,714 - EXECUT - INFO - trainer number sta7 just joined the pool
2026-06-25 10:21:52,714 - EXECUT - INFO - trainer number sta4 just joined the pool
2026-06-25 10:21:52,715 - EXECUT - INFO - trainer number sta2 just joined the pool
2026-06-25 10:21:52,719 - EXECUT - INFO - trainer number sta6 just joined the pool
2026-06-25 10:21:52,788 - EXECUT - INFO - trainer number sta5 just joined the pool
2026-06-25 10:21:52,952 - EXECUT - INFO - trainer number sta8 just joined the pool
2026-06-25 10:21:52,994 - EXECUT - INFO - trainer number sta9 just joined the pool
2026-06-25 10:21:53,035 - EXECUT - INFO - trainer number sta10 just joined the pool
2026-06-25 10:21:53,899 - EXECUT - INFO - mensagem de data_sz recebida: 
 {'id': 'sta0', 'dataset_sz': 432851712}
2026-06-25 10:21:53,899 - EXECUT - INFO - mensagem de data_sz recebida: 
 {'id': 'sta1', 'dataset_sz': 432851712}
2026-06-25 10:21:53,940 - EXECUT - INFO - mensagem de data_sz recebida: 
 {'id': 'sta2', 'dataset_sz': 432851712}
2026-06-25 10:21:53,940 - EXECUT - INFO - mensagem de data_sz recebida: 
 {'id': 'sta3', 'dataset_sz': 432851712}
2026-06-25 10:21:53,940 - EXECUT - INFO - mensagem de data_sz recebida: 
 {'id': 'sta4', 'dataset_sz': 432851712}
2026-06-25 10:21:53,940 - EXECUT - INFO - mensagem de data_sz recebida: 
 {'id': 'sta5', 'dataset_sz': 432851712}
2026-06-25 10:21:53,940 - EXECUT - INFO - mensagem de data_sz recebida: 
 {'id': 'sta6', 'dataset_sz': 432851712}
2026-06-25 10:21:53,940 - EXECUT - INFO - mensagem de data_sz recebida: 
 {'id': 'sta9', 'dataset_sz': 432851712}
2026-06-25 10:21:53,940 - EXECUT - INFO - mensagem de data_sz recebida: 
 {'id': 'sta8', 'dataset_sz': 432851712}
2026-06-25 10:21:53,940 - EXECUT - INFO - mensagem de data_sz recebida: 
 {'id': 'sta7', 'dataset_sz': 432851712}
2026-06-25 10:21:53,940 - EXECUT - INFO - mensagem de data_sz recebida: 
 {'id': 'sta10', 'dataset_sz': 432851712}
2026-06-25 10:21:54,899 - METRIC - INFO - round: 1
2026-06-25 10:21:54,900 - METRIC - INFO - n_selected: 11
2026-06-25 10:21:54,900 - METRIC - INFO - {"selected_trainers": ["sta0", "sta1", "sta10", "sta2", "sta3", "sta4", "sta5", "sta6", "sta7", "sta8", "sta9"]}
2026-06-25 10:22:10,571 - EXECUT - INFO - received weights from trainer sta6!
2026-06-25 10:22:10,630 - EXECUT - INFO - received weights from trainer sta5!
2026-06-25 10:22:10,688 - EXECUT - INFO - received weights from trainer sta2!
2026-06-25 10:22:10,744 - EXECUT - INFO - received weights from trainer sta7!
2026-06-25 10:22:16,842 - EXECUT - INFO - received weights from trainer sta0!
2026-06-25 10:22:16,897 - EXECUT - INFO - received weights from trainer sta1!
2026-06-25 10:22:16,952 - EXECUT - INFO - received weights from trainer sta3!
2026-06-25 10:22:17,007 - EXECUT - INFO - received weights from trainer sta4!
2026-06-25 10:22:17,062 - EXECUT - INFO - received weights from trainer sta9!
2026-06-25 10:22:17,117 - EXECUT - INFO - received weights from trainer sta8!
2026-06-25 10:22:17,171 - EXECUT - INFO - received weights from trainer sta10!
2026-06-25 10:22:18,998 - EXECUT - INFO - sent aggregated weights to trainers!
2026-06-25 10:22:20,368 - METRIC - INFO - {"loss": 0.42011433839797974, "accuracy": 0.8851540684700012, "energy_consumption": null, "selected": false, "client_name": "sta0"}
2026-06-25 10:22:20,369 - METRIC - INFO - {"loss": 0.3980339765548706, "accuracy": 0.8963585495948792, "energy_consumption": null, "selected": false, "client_name": "sta7"}
2026-06-25 10:22:20,371 - METRIC - INFO - {"loss": 0.3705071210861206, "accuracy": 0.8970588445663452, "energy_consumption": null, "selected": false, "client_name": "sta5"}
2026-06-25 10:22:20,381 - METRIC - INFO - {"loss": 0.37965115904808044, "accuracy": 0.900560200214386, "energy_consumption": null, "selected": false, "client_name": "sta3"}
2026-06-25 10:22:20,383 - METRIC - INFO - {"loss": 0.3920873999595642, "accuracy": 0.8977590799331665, "energy_consumption": null, "selected": false, "client_name": "sta4"}
2026-06-25 10:22:20,392 - METRIC - INFO - {"loss": 0.3769727349281311, "accuracy": 0.8907563090324402, "energy_consumption": null, "selected": false, "client_name": "sta6"}
2026-06-25 10:22:20,393 - METRIC - INFO - {"loss": 0.3808850944042206, "accuracy": 0.8963585495948792, "energy_consumption": null, "selected": false, "client_name": "sta2"}
2026-06-25 10:22:20,448 - METRIC - INFO - {"loss": 0.393766850233078, "accuracy": 0.8907563090324402, "energy_consumption": null, "selected": false, "client_name": "sta1"}
2026-06-25 10:22:20,465 - METRIC - INFO - {"loss": 0.40205031633377075, "accuracy": 0.8935574293136597, "energy_consumption": null, "selected": false, "client_name": "sta8"}
2026-06-25 10:22:20,479 - METRIC - INFO - {"loss": 0.36079633235931396, "accuracy": 0.900560200214386, "energy_consumption": null, "selected": false, "client_name": "sta10"}
2026-06-25 10:22:20,483 - METRIC - INFO - {"loss": 0.40997281670570374, "accuracy": 0.8928571343421936, "energy_consumption": null, "selected": false, "client_name": "sta9"}
2026-06-25 10:22:21,000 - METRIC - INFO - mean_accuracy: 0.8947033340280707

2026-06-25 10:22:21,001 - METRIC - INFO - round: 2
2026-06-25 10:22:21,001 - METRIC - INFO - n_selected: 11
2026-06-25 10:22:21,001 - METRIC - INFO - {"selected_trainers": ["sta0", "sta1", "sta10", "sta2", "sta3", "sta4", "sta5", "sta6", "sta7", "sta8", "sta9"]}
2026-06-25 10:22:35,440 - EXECUT - INFO - received weights from trainer sta4!
2026-06-25 10:22:35,495 - EXECUT - INFO - received weights from trainer sta2!
2026-06-25 10:22:39,162 - EXECUT - INFO - received weights from trainer sta9!
2026-06-25 10:22:39,216 - EXECUT - INFO - received weights from trainer sta8!
2026-06-25 10:22:41,857 - EXECUT - INFO - received weights from trainer sta7!
2026-06-25 10:22:41,911 - EXECUT - INFO - received weights from trainer sta0!
2026-06-25 10:22:41,965 - EXECUT - INFO - received weights from trainer sta1!
2026-06-25 10:22:42,018 - EXECUT - INFO - received weights from trainer sta3!
2026-06-25 10:22:42,072 - EXECUT - INFO - received weights from trainer sta6!
2026-06-25 10:22:42,124 - EXECUT - INFO - received weights from trainer sta5!
2026-06-25 10:22:42,172 - EXECUT - INFO - received weights from trainer sta10!
2026-06-25 10:22:44,125 - EXECUT - INFO - sent aggregated weights to trainers!
2026-06-25 10:22:45,135 - METRIC - INFO - {"loss": 2.2372500896453857, "accuracy": 0.4026610553264618, "energy_consumption": null, "selected": false, "client_name": "sta3"}
2026-06-25 10:22:45,153 - METRIC - INFO - {"loss": 2.2392404079437256, "accuracy": 0.5049019455909729, "energy_consumption": null, "selected": false, "client_name": "sta5"}
2026-06-25 10:22:45,157 - METRIC - INFO - {"loss": 2.2390427589416504, "accuracy": 0.4117647111415863, "energy_consumption": null, "selected": false, "client_name": "sta7"}
2026-06-25 10:22:45,162 - METRIC - INFO - {"loss": 2.2440309524536133, "accuracy": 0.40336135029792786, "energy_consumption": null, "selected": false, "client_name": "sta4"}
2026-06-25 10:22:45,223 - METRIC - INFO - {"loss": 2.2433855533599854, "accuracy": 0.4334733784198761, "energy_consumption": null, "selected": false, "client_name": "sta6"}
2026-06-25 10:22:45,234 - METRIC - INFO - {"loss": 2.2432262897491455, "accuracy": 0.43977591395378113, "energy_consumption": null, "selected": false, "client_name": "sta1"}
2026-06-25 10:22:45,242 - METRIC - INFO - {"loss": 2.241518497467041, "accuracy": 0.3879551887512207, "energy_consumption": null, "selected": false, "client_name": "sta0"}
2026-06-25 10:22:45,290 - METRIC - INFO - {"loss": 2.2318317890167236, "accuracy": 0.34663864970207214, "energy_consumption": null, "selected": false, "client_name": "sta2"}
2026-06-25 10:22:45,322 - METRIC - INFO - {"loss": 2.244316816329956, "accuracy": 0.3599439859390259, "energy_consumption": null, "selected": false, "client_name": "sta8"}
2026-06-25 10:22:45,332 - METRIC - INFO - {"loss": 2.238642930984497, "accuracy": 0.38935574889183044, "energy_consumption": null, "selected": false, "client_name": "sta10"}
2026-06-25 10:22:45,363 - METRIC - INFO - {"loss": 2.2394111156463623, "accuracy": 0.3403361439704895, "energy_consumption": null, "selected": false, "client_name": "sta9"}
2026-06-25 10:22:46,127 - METRIC - INFO - mean_accuracy: 0.4018334610895677

2026-06-25 10:22:46,127 - METRIC - INFO - round: 3
2026-06-25 10:22:46,128 - METRIC - INFO - n_selected: 11
2026-06-25 10:22:46,128 - METRIC - INFO - {"selected_trainers": ["sta0", "sta1", "sta10", "sta2", "sta3", "sta4", "sta5", "sta6", "sta7", "sta8", "sta9"]}
2026-06-25 10:22:59,217 - EXECUT - INFO - received weights from trainer sta4!
2026-06-25 10:22:59,265 - EXECUT - INFO - received weights from trainer sta1!
2026-06-25 10:22:59,314 - EXECUT - INFO - received weights from trainer sta3!
2026-06-25 10:23:02,748 - EXECUT - INFO - received weights from trainer sta10!
2026-06-25 10:23:06,963 - EXECUT - INFO - received weights from trainer sta6!
2026-06-25 10:23:07,013 - EXECUT - INFO - received weights from trainer sta5!
2026-06-25 10:23:07,061 - EXECUT - INFO - received weights from trainer sta2!
2026-06-25 10:23:07,109 - EXECUT - INFO - received weights from trainer sta8!
2026-06-25 10:23:07,156 - EXECUT - INFO - received weights from trainer sta9!
2026-06-25 10:23:07,202 - EXECUT - INFO - received weights from trainer sta0!
2026-06-25 10:23:07,245 - EXECUT - INFO - received weights from trainer sta7!
2026-06-25 10:23:09,110 - EXECUT - INFO - sent aggregated weights to trainers!
2026-06-25 10:23:10,024 - METRIC - INFO - {"loss": 0.844436526298523, "accuracy": 0.7535014152526855, "energy_consumption": null, "selected": false, "client_name": "sta0"}
2026-06-25 10:23:10,035 - METRIC - INFO - {"loss": 0.8182010650634766, "accuracy": 0.7661064267158508, "energy_consumption": null, "selected": false, "client_name": "sta1"}
2026-06-25 10:23:10,046 - METRIC - INFO - {"loss": 0.7738456726074219, "accuracy": 0.7892156839370728, "energy_consumption": null, "selected": false, "client_name": "sta3"}
2026-06-25 10:23:10,093 - METRIC - INFO - {"loss": 0.8347997069358826, "accuracy": 0.761904776096344, "energy_consumption": null, "selected": false, "client_name": "sta7"}
2026-06-25 10:23:10,094 - METRIC - INFO - {"loss": 0.7845295667648315, "accuracy": 0.7836134433746338, "energy_consumption": null, "selected": false, "client_name": "sta5"}
2026-06-25 10:23:10,101 - METRIC - INFO - {"loss": 0.7979893684387207, "accuracy": 0.7920168042182922, "energy_consumption": null, "selected": false, "client_name": "sta6"}
2026-06-25 10:23:10,107 - METRIC - INFO - {"loss": 0.7861769795417786, "accuracy": 0.7752100825309753, "energy_consumption": null, "selected": false, "client_name": "sta2"}
2026-06-25 10:23:10,116 - METRIC - INFO - {"loss": 0.8137401938438416, "accuracy": 0.767507016658783, "energy_consumption": null, "selected": false, "client_name": "sta4"}
2026-06-25 10:23:10,222 - METRIC - INFO - {"loss": 0.7770721912384033, "accuracy": 0.7983193397521973, "energy_consumption": null, "selected": false, "client_name": "sta10"}
2026-06-25 10:23:10,228 - METRIC - INFO - {"loss": 0.8400288820266724, "accuracy": 0.761904776096344, "energy_consumption": null, "selected": false, "client_name": "sta8"}
2026-06-25 10:23:10,315 - METRIC - INFO - {"loss": 0.8287319540977478, "accuracy": 0.7801120281219482, "energy_consumption": null, "selected": false, "client_name": "sta9"}
2026-06-25 10:23:11,113 - METRIC - INFO - mean_accuracy: 0.775401072068648

2026-06-25 10:23:11,113 - METRIC - INFO - round: 4
2026-06-25 10:23:11,113 - METRIC - INFO - n_selected: 11
2026-06-25 10:23:11,113 - METRIC - INFO - {"selected_trainers": ["sta0", "sta1", "sta10", "sta2", "sta3", "sta4", "sta5", "sta6", "sta7", "sta8", "sta9"]}
2026-06-25 10:23:23,170 - EXECUT - INFO - received weights from trainer sta3!
2026-06-25 10:23:23,214 - EXECUT - INFO - received weights from trainer sta7!
2026-06-25 10:23:23,258 - EXECUT - INFO - received weights from trainer sta2!
2026-06-25 10:23:23,301 - EXECUT - INFO - received weights from trainer sta5!
2026-06-25 10:23:23,345 - EXECUT - INFO - received weights from trainer sta0!
2026-06-25 10:23:26,324 - EXECUT - INFO - received weights from trainer sta9!
2026-06-25 10:23:26,368 - EXECUT - INFO - received weights from trainer sta10!
2026-06-25 10:23:26,412 - EXECUT - INFO - received weights from trainer sta8!
2026-06-25 10:23:31,931 - EXECUT - INFO - received weights from trainer sta6!
2026-06-25 10:23:31,975 - EXECUT - INFO - received weights from trainer sta4!
2026-06-25 10:23:32,019 - EXECUT - INFO - received weights from trainer sta1!
2026-06-25 10:23:32,978 - EXECUT - INFO - sent aggregated weights to trainers!
2026-06-25 10:23:33,803 - METRIC - INFO - {"loss": 0.5111867189407349, "accuracy": 0.8473389148712158, "energy_consumption": null, "selected": false, "client_name": "sta0"}
2026-06-25 10:23:33,944 - METRIC - INFO - {"loss": 0.44121676683425903, "accuracy": 0.8809523582458496, "energy_consumption": null, "selected": false, "client_name": "sta3"}
2026-06-25 10:23:33,979 - METRIC - INFO - {"loss": 0.47505781054496765, "accuracy": 0.8676470518112183, "energy_consumption": null, "selected": false, "client_name": "sta1"}
2026-06-25 10:23:34,028 - METRIC - INFO - {"loss": 0.45686349272727966, "accuracy": 0.8767507076263428, "energy_consumption": null, "selected": false, "client_name": "sta5"}
2026-06-25 10:23:34,038 - METRIC - INFO - {"loss": 0.4965633153915405, "accuracy": 0.8648459315299988, "energy_consumption": null, "selected": false, "client_name": "sta7"}
2026-06-25 10:23:34,057 - METRIC - INFO - {"loss": 0.4681019186973572, "accuracy": 0.8634454011917114, "energy_consumption": null, "selected": false, "client_name": "sta4"}
2026-06-25 10:23:34,085 - METRIC - INFO - {"loss": 0.4610438942909241, "accuracy": 0.8655462265014648, "energy_consumption": null, "selected": false, "client_name": "sta2"}
2026-06-25 10:23:34,124 - METRIC - INFO - {"loss": 0.4695209264755249, "accuracy": 0.8634454011917114, "energy_consumption": null, "selected": false, "client_name": "sta6"}
2026-06-25 10:23:34,151 - METRIC - INFO - {"loss": 0.44179558753967285, "accuracy": 0.8830532431602478, "energy_consumption": null, "selected": false, "client_name": "sta10"}
2026-06-25 10:23:34,160 - METRIC - INFO - {"loss": 0.4903600215911865, "accuracy": 0.8578431606292725, "energy_consumption": null, "selected": false, "client_name": "sta9"}
2026-06-25 10:23:34,171 - METRIC - INFO - {"loss": 0.48954057693481445, "accuracy": 0.8704481720924377, "energy_consumption": null, "selected": false, "client_name": "sta8"}
2026-06-25 10:23:34,979 - METRIC - INFO - mean_accuracy: 0.8673924153501337

2026-06-25 10:23:34,979 - METRIC - INFO - round: 5
2026-06-25 10:23:34,979 - METRIC - INFO - n_selected: 11
2026-06-25 10:23:34,980 - METRIC - INFO - {"selected_trainers": ["sta0", "sta1", "sta10", "sta2", "sta3", "sta4", "sta5", "sta6", "sta7", "sta8", "sta9"]}
2026-06-25 10:23:46,059 - EXECUT - INFO - received weights from trainer sta4!
2026-06-25 10:23:46,105 - EXECUT - INFO - received weights from trainer sta6!
2026-06-25 10:23:46,142 - EXECUT - INFO - received weights from trainer sta5!
2026-06-25 10:23:46,179 - EXECUT - INFO - received weights from trainer sta0!
2026-06-25 10:23:46,215 - EXECUT - INFO - received weights from trainer sta7!
2026-06-25 10:23:46,251 - EXECUT - INFO - received weights from trainer sta1!
2026-06-25 10:23:46,287 - EXECUT - INFO - received weights from trainer sta2!
2026-06-25 10:23:48,949 - EXECUT - INFO - received weights from trainer sta8!
2026-06-25 10:23:48,990 - EXECUT - INFO - received weights from trainer sta9!
2026-06-25 10:23:49,029 - EXECUT - INFO - received weights from trainer sta10!
2026-06-25 10:23:55,805 - EXECUT - INFO - received weights from trainer sta3!
2026-06-25 10:23:56,760 - EXECUT - INFO - sent aggregated weights to trainers!
2026-06-25 10:23:57,538 - METRIC - INFO - {"loss": 0.3627763092517853, "accuracy": 0.8886554837226868, "energy_consumption": null, "selected": false, "client_name": "sta1"}
2026-06-25 10:23:57,551 - METRIC - INFO - {"loss": 0.33401980996131897, "accuracy": 0.9040616154670715, "energy_consumption": null, "selected": false, "client_name": "sta3"}
2026-06-25 10:23:57,584 - METRIC - INFO - {"loss": 0.3824138939380646, "accuracy": 0.8914566040039062, "energy_consumption": null, "selected": false, "client_name": "sta7"}
2026-06-25 10:23:57,584 - METRIC - INFO - {"loss": 0.36574864387512207, "accuracy": 0.8921568393707275, "energy_consumption": null, "selected": false, "client_name": "sta4"}
2026-06-25 10:23:57,594 - METRIC - INFO - {"loss": 0.35655978322029114, "accuracy": 0.900560200214386, "energy_consumption": null, "selected": false, "client_name": "sta5"}
2026-06-25 10:23:57,621 - METRIC - INFO - {"loss": 0.3667783737182617, "accuracy": 0.8935574293136597, "energy_consumption": null, "selected": false, "client_name": "sta6"}
2026-06-25 10:23:57,624 - METRIC - INFO - {"loss": 0.34946510195732117, "accuracy": 0.9047619104385376, "energy_consumption": null, "selected": false, "client_name": "sta2"}
2026-06-25 10:23:57,652 - METRIC - INFO - {"loss": 0.39818114042282104, "accuracy": 0.8837534785270691, "energy_consumption": null, "selected": false, "client_name": "sta0"}
2026-06-25 10:23:57,684 - METRIC - INFO - {"loss": 0.37038367986679077, "accuracy": 0.8942577242851257, "energy_consumption": null, "selected": false, "client_name": "sta9"}
2026-06-25 10:23:57,692 - METRIC - INFO - {"loss": 0.3334212601184845, "accuracy": 0.9019607901573181, "energy_consumption": null, "selected": false, "client_name": "sta10"}
2026-06-25 10:23:57,709 - METRIC - INFO - {"loss": 0.3655899465084076, "accuracy": 0.9019607901573181, "energy_consumption": null, "selected": false, "client_name": "sta8"}
2026-06-25 10:23:57,762 - METRIC - INFO - mean_accuracy: 0.8961038968779824

2026-06-25 10:23:57,762 - METRIC - INFO - round: 6
2026-06-25 10:23:57,762 - METRIC - INFO - n_selected: 11
2026-06-25 10:23:57,762 - METRIC - INFO - {"selected_trainers": ["sta0", "sta1", "sta10", "sta2", "sta3", "sta4", "sta5", "sta6", "sta7", "sta8", "sta9"]}
2026-06-25 10:24:08,666 - EXECUT - INFO - received weights from trainer sta0!
2026-06-25 10:24:08,738 - EXECUT - INFO - received weights from trainer sta2!
2026-06-25 10:24:08,799 - EXECUT - INFO - received weights from trainer sta1!
2026-06-25 10:24:08,840 - EXECUT - INFO - received weights from trainer sta5!
2026-06-25 10:24:08,874 - EXECUT - INFO - received weights from trainer sta6!
2026-06-25 10:24:08,908 - EXECUT - INFO - received weights from trainer sta3!
2026-06-25 10:24:08,941 - EXECUT - INFO - received weights from trainer sta4!
2026-06-25 10:24:08,974 - EXECUT - INFO - received weights from trainer sta7!
2026-06-25 10:24:11,897 - EXECUT - INFO - received weights from trainer sta9!
2026-06-25 10:24:11,930 - EXECUT - INFO - received weights from trainer sta8!
2026-06-25 10:24:11,963 - EXECUT - INFO - received weights from trainer sta10!
2026-06-25 10:24:13,490 - EXECUT - INFO - sent aggregated weights to trainers!
2026-06-25 10:24:14,175 - METRIC - INFO - {"loss": 0.3006798326969147, "accuracy": 0.906862735748291, "energy_consumption": null, "selected": false, "client_name": "sta1"}
2026-06-25 10:24:14,179 - METRIC - INFO - {"loss": 0.2802805006504059, "accuracy": 0.9201680421829224, "energy_consumption": null, "selected": false, "client_name": "sta3"}
2026-06-25 10:24:14,244 - METRIC - INFO - {"loss": 0.2972540259361267, "accuracy": 0.9138655662536621, "energy_consumption": null, "selected": false, "client_name": "sta5"}
2026-06-25 10:24:14,246 - METRIC - INFO - {"loss": 0.3368494510650635, "accuracy": 0.9047619104385376, "energy_consumption": null, "selected": false, "client_name": "sta0"}
2026-06-25 10:24:14,307 - METRIC - INFO - {"loss": 0.32118070125579834, "accuracy": 0.906862735748291, "energy_consumption": null, "selected": false, "client_name": "sta7"}
2026-06-25 10:24:14,336 - METRIC - INFO - {"loss": 0.3178638815879822, "accuracy": 0.906162440776825, "energy_consumption": null, "selected": false, "client_name": "sta4"}
2026-06-25 10:24:14,337 - METRIC - INFO - {"loss": 0.3114849030971527, "accuracy": 0.9054622054100037, "energy_consumption": null, "selected": false, "client_name": "sta6"}
2026-06-25 10:24:14,357 - METRIC - INFO - {"loss": 0.28840935230255127, "accuracy": 0.9208683371543884, "energy_consumption": null, "selected": false, "client_name": "sta2"}
2026-06-25 10:24:14,380 - METRIC - INFO - {"loss": 0.278567373752594, "accuracy": 0.9117646813392639, "energy_consumption": null, "selected": false, "client_name": "sta10"}
2026-06-25 10:24:14,397 - METRIC - INFO - {"loss": 0.3084196150302887, "accuracy": 0.913165271282196, "energy_consumption": null, "selected": false, "client_name": "sta9"}
2026-06-25 10:24:14,421 - METRIC - INFO - {"loss": 0.30914536118507385, "accuracy": 0.9110644459724426, "energy_consumption": null, "selected": false, "client_name": "sta8"}
2026-06-25 10:24:14,491 - METRIC - INFO - mean_accuracy: 0.9110007611188021

2026-06-25 10:24:14,491 - METRIC - INFO - round: 7
2026-06-25 10:24:14,491 - METRIC - INFO - n_selected: 11
2026-06-25 10:24:14,491 - METRIC - INFO - {"selected_trainers": ["sta0", "sta1", "sta10", "sta2", "sta3", "sta4", "sta5", "sta6", "sta7", "sta8", "sta9"]}
2026-06-25 10:24:24,130 - EXECUT - INFO - received weights from trainer sta3!
2026-06-25 10:24:24,178 - EXECUT - INFO - received weights from trainer sta4!
2026-06-25 10:24:24,214 - EXECUT - INFO - received weights from trainer sta0!
2026-06-25 10:24:24,249 - EXECUT - INFO - received weights from trainer sta7!
2026-06-25 10:24:24,283 - EXECUT - INFO - received weights from trainer sta6!
2026-06-25 10:24:24,317 - EXECUT - INFO - received weights from trainer sta5!
2026-06-25 10:24:24,352 - EXECUT - INFO - received weights from trainer sta1!
2026-06-25 10:24:25,043 - EXECUT - INFO - received weights from trainer sta2!
2026-06-25 10:24:26,271 - EXECUT - INFO - received weights from trainer sta8!
2026-06-25 10:24:26,306 - EXECUT - INFO - received weights from trainer sta10!
2026-06-25 10:24:26,376 - EXECUT - INFO - received weights from trainer sta9!
2026-06-25 10:24:27,161 - EXECUT - INFO - sent aggregated weights to trainers!
2026-06-25 10:24:27,784 - METRIC - INFO - {"loss": 0.2883772850036621, "accuracy": 0.9201680421829224, "energy_consumption": null, "selected": false, "client_name": "sta0"}
2026-06-25 10:24:27,817 - METRIC - INFO - {"loss": 0.24143441021442413, "accuracy": 0.9313725233078003, "energy_consumption": null, "selected": false, "client_name": "sta3"}
2026-06-25 10:24:27,821 - METRIC - INFO - {"loss": 0.2519587576389313, "accuracy": 0.92507004737854, "energy_consumption": null, "selected": false, "client_name": "sta1"}
2026-06-25 10:24:27,844 - METRIC - INFO - {"loss": 0.25539305806159973, "accuracy": 0.92507004737854, "energy_consumption": null, "selected": false, "client_name": "sta5"}
2026-06-25 10:24:27,868 - METRIC - INFO - {"loss": 0.2799854576587677, "accuracy": 0.918067216873169, "energy_consumption": null, "selected": false, "client_name": "sta7"}
2026-06-25 10:24:27,878 - METRIC - INFO - {"loss": 0.28057602047920227, "accuracy": 0.9145658016204834, "energy_consumption": null, "selected": false, "client_name": "sta4"}
2026-06-25 10:24:27,878 - METRIC - INFO - {"loss": 0.27328217029571533, "accuracy": 0.918767511844635, "energy_consumption": null, "selected": false, "client_name": "sta6"}
2026-06-25 10:24:27,912 - METRIC - INFO - {"loss": 0.24823860824108124, "accuracy": 0.9348739385604858, "energy_consumption": null, "selected": false, "client_name": "sta2"}
2026-06-25 10:24:27,958 - METRIC - INFO - {"loss": 0.2385207712650299, "accuracy": 0.9236694574356079, "energy_consumption": null, "selected": false, "client_name": "sta10"}
2026-06-25 10:24:27,963 - METRIC - INFO - {"loss": 0.2689410150051117, "accuracy": 0.9257702827453613, "energy_consumption": null, "selected": false, "client_name": "sta8"}
2026-06-25 10:24:27,978 - METRIC - INFO - {"loss": 0.2657220959663391, "accuracy": 0.9208683371543884, "energy_consumption": null, "selected": false, "client_name": "sta9"}
2026-06-25 10:24:28,162 - METRIC - INFO - mean_accuracy: 0.9234784733165394

2026-06-25 10:24:28,163 - METRIC - INFO - round: 8
2026-06-25 10:24:28,163 - METRIC - INFO - n_selected: 11
2026-06-25 10:24:28,163 - METRIC - INFO - {"selected_trainers": ["sta0", "sta1", "sta10", "sta2", "sta3", "sta4", "sta5", "sta6", "sta7", "sta8", "sta9"]}
2026-06-25 10:24:37,819 - EXECUT - INFO - received weights from trainer sta7!
2026-06-25 10:24:37,857 - EXECUT - INFO - received weights from trainer sta4!
2026-06-25 10:24:37,889 - EXECUT - INFO - received weights from trainer sta3!
2026-06-25 10:24:37,920 - EXECUT - INFO - received weights from trainer sta6!
2026-06-25 10:24:37,951 - EXECUT - INFO - received weights from trainer sta0!
2026-06-25 10:24:37,982 - EXECUT - INFO - received weights from trainer sta2!
2026-06-25 10:24:38,013 - EXECUT - INFO - received weights from trainer sta5!
2026-06-25 10:24:38,044 - EXECUT - INFO - received weights from trainer sta1!
2026-06-25 10:24:40,002 - EXECUT - INFO - received weights from trainer sta9!
2026-06-25 10:24:40,037 - EXECUT - INFO - received weights from trainer sta10!
2026-06-25 10:24:40,102 - EXECUT - INFO - received weights from trainer sta8!
2026-06-25 10:24:40,793 - EXECUT - INFO - sent aggregated weights to trainers!
2026-06-25 10:24:41,457 - METRIC - INFO - {"loss": 0.2487487643957138, "accuracy": 0.9327731132507324, "energy_consumption": null, "selected": false, "client_name": "sta0"}
2026-06-25 10:24:41,470 - METRIC - INFO - {"loss": 0.24465125799179077, "accuracy": 0.9264705777168274, "energy_consumption": null, "selected": false, "client_name": "sta7"}
2026-06-25 10:24:41,471 - METRIC - INFO - {"loss": 0.21015246212482452, "accuracy": 0.9404761791229248, "energy_consumption": null, "selected": false, "client_name": "sta3"}
2026-06-25 10:24:41,476 - METRIC - INFO - {"loss": 0.21588051319122314, "accuracy": 0.9348739385604858, "energy_consumption": null, "selected": false, "client_name": "sta1"}
2026-06-25 10:24:41,490 - METRIC - INFO - {"loss": 0.2500784993171692, "accuracy": 0.9222689270973206, "energy_consumption": null, "selected": false, "client_name": "sta4"}
2026-06-25 10:24:41,513 - METRIC - INFO - {"loss": 0.2191726565361023, "accuracy": 0.936274528503418, "energy_consumption": null, "selected": false, "client_name": "sta5"}
2026-06-25 10:24:41,540 - METRIC - INFO - {"loss": 0.23851796984672546, "accuracy": 0.9278711676597595, "energy_consumption": null, "selected": false, "client_name": "sta6"}
2026-06-25 10:24:41,564 - METRIC - INFO - {"loss": 0.21624338626861572, "accuracy": 0.9432772994041443, "energy_consumption": null, "selected": false, "client_name": "sta2"}
2026-06-25 10:24:41,580 - METRIC - INFO - {"loss": 0.23690885305404663, "accuracy": 0.9313725233078003, "energy_consumption": null, "selected": false, "client_name": "sta8"}
2026-06-25 10:24:41,582 - METRIC - INFO - {"loss": 0.2052868753671646, "accuracy": 0.9369747638702393, "energy_consumption": null, "selected": false, "client_name": "sta10"}
2026-06-25 10:24:41,596 - METRIC - INFO - {"loss": 0.23508112132549286, "accuracy": 0.9299719929695129, "energy_consumption": null, "selected": false, "client_name": "sta9"}
2026-06-25 10:24:41,794 - METRIC - INFO - mean_accuracy: 0.9329640919511969

2026-06-25 10:24:41,794 - METRIC - INFO - round: 9
2026-06-25 10:24:41,794 - METRIC - INFO - n_selected: 11
2026-06-25 10:24:41,794 - METRIC - INFO - {"selected_trainers": ["sta0", "sta1", "sta10", "sta2", "sta3", "sta4", "sta5", "sta6", "sta7", "sta8", "sta9"]}
2026-06-25 10:24:50,797 - EXECUT - INFO - received weights from trainer sta7!
2026-06-25 10:24:50,832 - EXECUT - INFO - received weights from trainer sta4!
2026-06-25 10:24:50,871 - EXECUT - INFO - received weights from trainer sta0!
2026-06-25 10:24:50,901 - EXECUT - INFO - received weights from trainer sta3!
2026-06-25 10:24:50,930 - EXECUT - INFO - received weights from trainer sta6!
2026-06-25 10:24:50,989 - EXECUT - INFO - received weights from trainer sta5!
2026-06-25 10:24:51,018 - EXECUT - INFO - received weights from trainer sta2!
2026-06-25 10:24:51,113 - EXECUT - INFO - received weights from trainer sta1!
2026-06-25 10:24:52,727 - EXECUT - INFO - received weights from trainer sta9!
2026-06-25 10:24:52,802 - EXECUT - INFO - received weights from trainer sta10!
2026-06-25 10:24:52,835 - EXECUT - INFO - received weights from trainer sta8!
2026-06-25 10:24:53,390 - EXECUT - INFO - sent aggregated weights to trainers!
2026-06-25 10:24:53,955 - METRIC - INFO - {"loss": 0.21821048855781555, "accuracy": 0.9418767690658569, "energy_consumption": null, "selected": false, "client_name": "sta0"}
2026-06-25 10:24:53,960 - METRIC - INFO - {"loss": 0.18619586527347565, "accuracy": 0.9474790096282959, "energy_consumption": null, "selected": false, "client_name": "sta3"}
2026-06-25 10:24:53,985 - METRIC - INFO - {"loss": 0.18622903525829315, "accuracy": 0.9383753538131714, "energy_consumption": null, "selected": false, "client_name": "sta1"}
2026-06-25 10:24:53,993 - METRIC - INFO - {"loss": 0.193247988820076, "accuracy": 0.9432772994041443, "energy_consumption": null, "selected": false, "client_name": "sta5"}
2026-06-25 10:24:54,012 - METRIC - INFO - {"loss": 0.2189807891845703, "accuracy": 0.9334734082221985, "energy_consumption": null, "selected": false, "client_name": "sta7"}
2026-06-25 10:24:54,026 - METRIC - INFO - {"loss": 0.2232501059770584, "accuracy": 0.9299719929695129, "energy_consumption": null, "selected": false, "client_name": "sta4"}
2026-06-25 10:24:54,037 - METRIC - INFO - {"loss": 0.19376042485237122, "accuracy": 0.9446778893470764, "energy_consumption": null, "selected": false, "client_name": "sta2"}
2026-06-25 10:24:54,038 - METRIC - INFO - {"loss": 0.21073603630065918, "accuracy": 0.9334734082221985, "energy_consumption": null, "selected": false, "client_name": "sta6"}
2026-06-25 10:24:54,096 - METRIC - INFO - {"loss": 0.17673110961914062, "accuracy": 0.9453781247138977, "energy_consumption": null, "selected": false, "client_name": "sta10"}
2026-06-25 10:24:54,103 - METRIC - INFO - {"loss": 0.20687554776668549, "accuracy": 0.9397758841514587, "energy_consumption": null, "selected": false, "client_name": "sta8"}
2026-06-25 10:24:54,121 - METRIC - INFO - {"loss": 0.2108679860830307, "accuracy": 0.9369747638702393, "energy_consumption": null, "selected": false, "client_name": "sta9"}
2026-06-25 10:24:54,393 - METRIC - INFO - mean_accuracy: 0.9395212639461864

2026-06-25 10:24:54,393 - METRIC - INFO - round: 10
2026-06-25 10:24:54,393 - METRIC - INFO - n_selected: 11
2026-06-25 10:24:54,393 - METRIC - INFO - {"selected_trainers": ["sta0", "sta1", "sta10", "sta2", "sta3", "sta4", "sta5", "sta6", "sta7", "sta8", "sta9"]}
2026-06-25 10:25:02,908 - EXECUT - INFO - received weights from trainer sta0!
2026-06-25 10:25:02,942 - EXECUT - INFO - received weights from trainer sta7!
2026-06-25 10:25:02,995 - EXECUT - INFO - received weights from trainer sta4!
2026-06-25 10:25:03,022 - EXECUT - INFO - received weights from trainer sta3!
2026-06-25 10:25:03,050 - EXECUT - INFO - received weights from trainer sta6!
2026-06-25 10:25:03,077 - EXECUT - INFO - received weights from trainer sta2!
2026-06-25 10:25:03,104 - EXECUT - INFO - received weights from trainer sta1!
2026-06-25 10:25:03,131 - EXECUT - INFO - received weights from trainer sta5!
2026-06-25 10:25:04,641 - EXECUT - INFO - received weights from trainer sta9!
2026-06-25 10:25:04,668 - EXECUT - INFO - received weights from trainer sta8!
2026-06-25 10:25:04,694 - EXECUT - INFO - received weights from trainer sta10!
2026-06-25 10:25:05,935 - EXECUT - INFO - sent aggregated weights to trainers!
2026-06-25 10:25:06,483 - METRIC - INFO - {"loss": 0.19285209476947784, "accuracy": 0.9502801299095154, "energy_consumption": null, "selected": false, "client_name": "sta0"}
2026-06-25 10:25:06,528 - METRIC - INFO - {"loss": 0.16571901738643646, "accuracy": 0.9537814855575562, "energy_consumption": null, "selected": false, "client_name": "sta3"}
2026-06-25 10:25:06,528 - METRIC - INFO - {"loss": 0.16007202863693237, "accuracy": 0.9481792449951172, "energy_consumption": null, "selected": false, "client_name": "sta1"}
2026-06-25 10:25:06,531 - METRIC - INFO - {"loss": 0.19301187992095947, "accuracy": 0.9397758841514587, "energy_consumption": null, "selected": false, "client_name": "sta7"}
2026-06-25 10:25:06,535 - METRIC - INFO - {"loss": 0.16943912208080292, "accuracy": 0.9495798349380493, "energy_consumption": null, "selected": false, "client_name": "sta5"}
2026-06-25 10:25:06,570 - METRIC - INFO - {"loss": 0.18605870008468628, "accuracy": 0.9453781247138977, "energy_consumption": null, "selected": false, "client_name": "sta6"}
2026-06-25 10:25:06,584 - METRIC - INFO - {"loss": 0.17157185077667236, "accuracy": 0.9516806602478027, "energy_consumption": null, "selected": false, "client_name": "sta2"}
2026-06-25 10:25:06,596 - METRIC - INFO - {"loss": 0.19722574949264526, "accuracy": 0.9355742335319519, "energy_consumption": null, "selected": false, "client_name": "sta4"}
2026-06-25 10:25:06,637 - METRIC - INFO - {"loss": 0.15528783202171326, "accuracy": 0.9537814855575562, "energy_consumption": null, "selected": false, "client_name": "sta10"}
2026-06-25 10:25:06,649 - METRIC - INFO - {"loss": 0.1892206072807312, "accuracy": 0.9411764740943909, "energy_consumption": null, "selected": false, "client_name": "sta9"}
2026-06-25 10:25:06,654 - METRIC - INFO - {"loss": 0.18518273532390594, "accuracy": 0.9418767690658569, "energy_consumption": null, "selected": false, "client_name": "sta8"}
2026-06-25 10:25:06,937 - METRIC - INFO - mean_accuracy: 0.9464603933421049

2026-06-25 10:25:06,937 - METRIC - INFO - round: 11
2026-06-25 10:25:06,937 - METRIC - INFO - n_selected: 11
2026-06-25 10:25:06,937 - METRIC - INFO - {"selected_trainers": ["sta0", "sta1", "sta10", "sta2", "sta3", "sta4", "sta5", "sta6", "sta7", "sta8", "sta9"]}
2026-06-25 10:25:14,931 - EXECUT - INFO - received weights from trainer sta7!
2026-06-25 10:25:14,961 - EXECUT - INFO - received weights from trainer sta5!
2026-06-25 10:25:14,996 - EXECUT - INFO - received weights from trainer sta0!
2026-06-25 10:25:15,026 - EXECUT - INFO - received weights from trainer sta6!
2026-06-25 10:25:15,055 - EXECUT - INFO - received weights from trainer sta4!
2026-06-25 10:25:15,085 - EXECUT - INFO - received weights from trainer sta3!
2026-06-25 10:25:15,115 - EXECUT - INFO - received weights from trainer sta1!
2026-06-25 10:25:16,574 - EXECUT - INFO - received weights from trainer sta10!
2026-06-25 10:25:16,603 - EXECUT - INFO - received weights from trainer sta8!
2026-06-25 10:25:17,441 - EXECUT - INFO - received weights from trainer sta2!
2026-06-25 10:25:17,469 - EXECUT - INFO - received weights from trainer sta9!
2026-06-25 10:25:18,478 - EXECUT - INFO - sent aggregated weights to trainers!
2026-06-25 10:25:18,991 - METRIC - INFO - {"loss": 0.17309853434562683, "accuracy": 0.9565826058387756, "energy_consumption": null, "selected": false, "client_name": "sta0"}
2026-06-25 10:25:19,025 - METRIC - INFO - {"loss": 0.14713381230831146, "accuracy": 0.9572829008102417, "energy_consumption": null, "selected": false, "client_name": "sta3"}
2026-06-25 10:25:19,025 - METRIC - INFO - {"loss": 0.13931098580360413, "accuracy": 0.9551820755004883, "energy_consumption": null, "selected": false, "client_name": "sta1"}
2026-06-25 10:25:19,037 - METRIC - INFO - {"loss": 0.174892857670784, "accuracy": 0.9446778893470764, "energy_consumption": null, "selected": false, "client_name": "sta7"}
2026-06-25 10:25:19,064 - METRIC - INFO - {"loss": 0.15264637768268585, "accuracy": 0.9537814855575562, "energy_consumption": null, "selected": false, "client_name": "sta5"}
2026-06-25 10:25:19,081 - METRIC - INFO - {"loss": 0.17813768982887268, "accuracy": 0.9411764740943909, "energy_consumption": null, "selected": false, "client_name": "sta4"}
2026-06-25 10:25:19,083 - METRIC - INFO - {"loss": 0.1670975685119629, "accuracy": 0.9495798349380493, "energy_consumption": null, "selected": false, "client_name": "sta6"}
2026-06-25 10:25:19,088 - METRIC - INFO - {"loss": 0.15536630153656006, "accuracy": 0.9509803652763367, "energy_consumption": null, "selected": false, "client_name": "sta2"}
2026-06-25 10:25:19,131 - METRIC - INFO - {"loss": 0.1368502825498581, "accuracy": 0.9600840210914612, "energy_consumption": null, "selected": false, "client_name": "sta10"}
2026-06-25 10:25:19,152 - METRIC - INFO - {"loss": 0.17214630544185638, "accuracy": 0.9460784196853638, "energy_consumption": null, "selected": false, "client_name": "sta9"}
2026-06-25 10:25:19,167 - METRIC - INFO - {"loss": 0.16309593617916107, "accuracy": 0.9502801299095154, "energy_consumption": null, "selected": false, "client_name": "sta8"}
2026-06-25 10:25:19,479 - METRIC - INFO - mean_accuracy: 0.9514260183681141

2026-06-25 10:25:19,479 - METRIC - INFO - round: 12
2026-06-25 10:25:19,480 - METRIC - INFO - n_selected: 11
2026-06-25 10:25:19,480 - METRIC - INFO - {"selected_trainers": ["sta0", "sta1", "sta10", "sta2", "sta3", "sta4", "sta5", "sta6", "sta7", "sta8", "sta9"]}
2026-06-25 10:25:27,334 - EXECUT - INFO - received weights from trainer sta0!
2026-06-25 10:25:27,394 - EXECUT - INFO - received weights from trainer sta1!
2026-06-25 10:25:27,459 - EXECUT - INFO - received weights from trainer sta3!
2026-06-25 10:25:27,488 - EXECUT - INFO - received weights from trainer sta5!
2026-06-25 10:25:27,517 - EXECUT - INFO - received weights from trainer sta7!
2026-06-25 10:25:27,546 - EXECUT - INFO - received weights from trainer sta2!
2026-06-25 10:25:27,574 - EXECUT - INFO - received weights from trainer sta4!
2026-06-25 10:25:27,647 - EXECUT - INFO - received weights from trainer sta6!
2026-06-25 10:25:29,069 - EXECUT - INFO - received weights from trainer sta9!
2026-06-25 10:25:29,097 - EXECUT - INFO - received weights from trainer sta8!
2026-06-25 10:25:29,125 - EXECUT - INFO - received weights from trainer sta10!
2026-06-25 10:25:30,005 - EXECUT - INFO - sent aggregated weights to trainers!
2026-06-25 10:25:30,552 - METRIC - INFO - {"loss": 0.1570223569869995, "accuracy": 0.9530812501907349, "energy_consumption": null, "selected": false, "client_name": "sta7"}
2026-06-25 10:25:30,554 - METRIC - INFO - {"loss": 0.15718461573123932, "accuracy": 0.9558823704719543, "energy_consumption": null, "selected": false, "client_name": "sta0"}
2026-06-25 10:25:30,562 - METRIC - INFO - {"loss": 0.13861167430877686, "accuracy": 0.9579831957817078, "energy_consumption": null, "selected": false, "client_name": "sta5"}
2026-06-25 10:25:30,563 - METRIC - INFO - {"loss": 0.13538283109664917, "accuracy": 0.9628851413726807, "energy_consumption": null, "selected": false, "client_name": "sta3"}
2026-06-25 10:25:30,577 - METRIC - INFO - {"loss": 0.16478979587554932, "accuracy": 0.9453781247138977, "energy_consumption": null, "selected": false, "client_name": "sta4"}
2026-06-25 10:25:30,642 - METRIC - INFO - {"loss": 0.15062759816646576, "accuracy": 0.9565826058387756, "energy_consumption": null, "selected": false, "client_name": "sta6"}
2026-06-25 10:25:30,653 - METRIC - INFO - {"loss": 0.14346058666706085, "accuracy": 0.9551820755004883, "energy_consumption": null, "selected": false, "client_name": "sta2"}
2026-06-25 10:25:30,661 - METRIC - INFO - {"loss": 0.12389762699604034, "accuracy": 0.9635854363441467, "energy_consumption": null, "selected": false, "client_name": "sta1"}
2026-06-25 10:25:30,673 - METRIC - INFO - {"loss": 0.12193046510219574, "accuracy": 0.9642857313156128, "energy_consumption": null, "selected": false, "client_name": "sta10"}
2026-06-25 10:25:30,685 - METRIC - INFO - {"loss": 0.14866903424263, "accuracy": 0.9544817805290222, "energy_consumption": null, "selected": false, "client_name": "sta8"}
2026-06-25 10:25:30,686 - METRIC - INFO - {"loss": 0.15963461995124817, "accuracy": 0.9509803652763367, "energy_consumption": null, "selected": false, "client_name": "sta9"}
2026-06-25 10:25:31,008 - METRIC - INFO - mean_accuracy: 0.9563916433941234

2026-06-25 10:25:31,008 - METRIC - INFO - round: 13
2026-06-25 10:25:31,008 - METRIC - INFO - n_selected: 11
2026-06-25 10:25:31,008 - METRIC - INFO - {"selected_trainers": ["sta0", "sta1", "sta10", "sta2", "sta3", "sta4", "sta5", "sta6", "sta7", "sta8", "sta9"]}
2026-06-25 10:25:39,029 - EXECUT - INFO - received weights from trainer sta0!
2026-06-25 10:25:39,055 - EXECUT - INFO - received weights from trainer sta7!
2026-06-25 10:25:39,085 - EXECUT - INFO - received weights from trainer sta1!
2026-06-25 10:25:39,109 - EXECUT - INFO - received weights from trainer sta4!
2026-06-25 10:25:39,134 - EXECUT - INFO - received weights from trainer sta6!
2026-06-25 10:25:39,158 - EXECUT - INFO - received weights from trainer sta2!
2026-06-25 10:25:39,183 - EXECUT - INFO - received weights from trainer sta5!
2026-06-25 10:25:39,243 - EXECUT - INFO - received weights from trainer sta3!
2026-06-25 10:25:40,666 - EXECUT - INFO - received weights from trainer sta8!
2026-06-25 10:25:40,757 - EXECUT - INFO - received weights from trainer sta9!
2026-06-25 10:25:41,508 - EXECUT - INFO - received weights from trainer sta10!
2026-06-25 10:25:42,521 - EXECUT - INFO - sent aggregated weights to trainers!
2026-06-25 10:25:43,028 - METRIC - INFO - {"loss": 0.11188515275716782, "accuracy": 0.9684873819351196, "energy_consumption": null, "selected": false, "client_name": "sta1"}
2026-06-25 10:25:43,038 - METRIC - INFO - {"loss": 0.14359262585639954, "accuracy": 0.9579831957817078, "energy_consumption": null, "selected": false, "client_name": "sta0"}
2026-06-25 10:25:43,054 - METRIC - INFO - {"loss": 0.12015262246131897, "accuracy": 0.9649859666824341, "energy_consumption": null, "selected": false, "client_name": "sta3"}
2026-06-25 10:25:43,078 - METRIC - INFO - {"loss": 0.14572976529598236, "accuracy": 0.9558823704719543, "energy_consumption": null, "selected": false, "client_name": "sta7"}
2026-06-25 10:25:43,098 - METRIC - INFO - {"loss": 0.14859691262245178, "accuracy": 0.9509803652763367, "energy_consumption": null, "selected": false, "client_name": "sta4"}
2026-06-25 10:25:43,101 - METRIC - INFO - {"loss": 0.1252049207687378, "accuracy": 0.9621848464012146, "energy_consumption": null, "selected": false, "client_name": "sta5"}
2026-06-25 10:25:43,117 - METRIC - INFO - {"loss": 0.13250024616718292, "accuracy": 0.9607843160629272, "energy_consumption": null, "selected": false, "client_name": "sta2"}
2026-06-25 10:25:43,125 - METRIC - INFO - {"loss": 0.1393549144268036, "accuracy": 0.9656862616539001, "energy_consumption": null, "selected": false, "client_name": "sta6"}
2026-06-25 10:25:43,179 - METRIC - INFO - {"loss": 0.13420189917087555, "accuracy": 0.9572829008102417, "energy_consumption": null, "selected": false, "client_name": "sta8"}
2026-06-25 10:25:43,180 - METRIC - INFO - {"loss": 0.11010867357254028, "accuracy": 0.9677870869636536, "energy_consumption": null, "selected": false, "client_name": "sta10"}
2026-06-25 10:25:43,191 - METRIC - INFO - {"loss": 0.1457713544368744, "accuracy": 0.9551820755004883, "energy_consumption": null, "selected": false, "client_name": "sta9"}
2026-06-25 10:25:43,522 - METRIC - INFO - mean_accuracy: 0.9606569788672707

2026-06-25 10:25:43,522 - METRIC - INFO - round: 14
2026-06-25 10:25:43,522 - METRIC - INFO - n_selected: 11
2026-06-25 10:25:43,522 - METRIC - INFO - {"selected_trainers": ["sta0", "sta1", "sta10", "sta2", "sta3", "sta4", "sta5", "sta6", "sta7", "sta8", "sta9"]}
2026-06-25 10:25:50,674 - EXECUT - INFO - received weights from trainer sta5!
2026-06-25 10:25:50,698 - EXECUT - INFO - received weights from trainer sta4!
2026-06-25 10:25:50,727 - EXECUT - INFO - received weights from trainer sta7!
2026-06-25 10:25:50,750 - EXECUT - INFO - received weights from trainer sta0!
2026-06-25 10:25:50,773 - EXECUT - INFO - received weights from trainer sta6!
2026-06-25 10:25:50,796 - EXECUT - INFO - received weights from trainer sta2!
2026-06-25 10:25:50,819 - EXECUT - INFO - received weights from trainer sta1!
2026-06-25 10:25:50,842 - EXECUT - INFO - received weights from trainer sta3!
2026-06-25 10:25:52,153 - EXECUT - INFO - received weights from trainer sta10!
2026-06-25 10:25:52,176 - EXECUT - INFO - received weights from trainer sta9!
2026-06-25 10:25:52,198 - EXECUT - INFO - received weights from trainer sta8!
2026-06-25 10:25:53,011 - EXECUT - INFO - sent aggregated weights to trainers!
2026-06-25 10:25:53,481 - METRIC - INFO - {"loss": 0.1325141042470932, "accuracy": 0.9600840210914612, "energy_consumption": null, "selected": false, "client_name": "sta0"}
2026-06-25 10:25:53,519 - METRIC - INFO - {"loss": 0.11009373515844345, "accuracy": 0.9677870869636536, "energy_consumption": null, "selected": false, "client_name": "sta3"}
2026-06-25 10:25:53,520 - METRIC - INFO - {"loss": 0.10016242414712906, "accuracy": 0.9698879718780518, "energy_consumption": null, "selected": false, "client_name": "sta1"}
2026-06-25 10:25:53,525 - METRIC - INFO - {"loss": 0.13367249071598053, "accuracy": 0.9579831957817078, "energy_consumption": null, "selected": false, "client_name": "sta7"}
2026-06-25 10:25:53,557 - METRIC - INFO - {"loss": 0.1363123059272766, "accuracy": 0.9530812501907349, "energy_consumption": null, "selected": false, "client_name": "sta4"}
2026-06-25 10:25:53,557 - METRIC - INFO - {"loss": 0.11473993957042694, "accuracy": 0.9642857313156128, "energy_consumption": null, "selected": false, "client_name": "sta5"}
2026-06-25 10:25:53,586 - METRIC - INFO - {"loss": 0.1297866255044937, "accuracy": 0.9642857313156128, "energy_consumption": null, "selected": false, "client_name": "sta6"}
2026-06-25 10:25:53,596 - METRIC - INFO - {"loss": 0.12228481471538544, "accuracy": 0.9621848464012146, "energy_consumption": null, "selected": false, "client_name": "sta2"}
2026-06-25 10:25:53,619 - METRIC - INFO - {"loss": 0.12319337576627731, "accuracy": 0.9607843160629272, "energy_consumption": null, "selected": false, "client_name": "sta8"}
2026-06-25 10:25:53,624 - METRIC - INFO - {"loss": 0.09932782500982285, "accuracy": 0.9698879718780518, "energy_consumption": null, "selected": false, "client_name": "sta10"}
2026-06-25 10:25:53,632 - METRIC - INFO - {"loss": 0.13180941343307495, "accuracy": 0.9565826058387756, "energy_consumption": null, "selected": false, "client_name": "sta9"}
2026-06-25 10:25:54,012 - METRIC - INFO - mean_accuracy: 0.9624395207925276

2026-06-25 10:25:54,012 - METRIC - INFO - round: 15
2026-06-25 10:25:54,012 - METRIC - INFO - n_selected: 11
2026-06-25 10:25:54,012 - METRIC - INFO - {"selected_trainers": ["sta0", "sta1", "sta10", "sta2", "sta3", "sta4", "sta5", "sta6", "sta7", "sta8", "sta9"]}
2026-06-25 10:26:00,817 - EXECUT - INFO - received weights from trainer sta0!
2026-06-25 10:26:00,890 - EXECUT - INFO - received weights from trainer sta4!
2026-06-25 10:26:00,920 - EXECUT - INFO - received weights from trainer sta5!
2026-06-25 10:26:00,946 - EXECUT - INFO - received weights from trainer sta7!
2026-06-25 10:26:00,972 - EXECUT - INFO - received weights from trainer sta3!
2026-06-25 10:26:00,994 - EXECUT - INFO - received weights from trainer sta6!
2026-06-25 10:26:01,016 - EXECUT - INFO - received weights from trainer sta2!
2026-06-25 10:26:02,226 - EXECUT - INFO - received weights from trainer sta10!
2026-06-25 10:26:02,250 - EXECUT - INFO - received weights from trainer sta8!
2026-06-25 10:26:02,274 - EXECUT - INFO - received weights from trainer sta9!
2026-06-25 10:26:04,530 - EXECUT - INFO - received weights from trainer sta1!
2026-06-25 10:26:05,466 - EXECUT - INFO - sent aggregated weights to trainers!
2026-06-25 10:26:05,914 - METRIC - INFO - {"loss": 0.12630467116832733, "accuracy": 0.9579831957817078, "energy_consumption": null, "selected": false, "client_name": "sta0"}
2026-06-25 10:26:05,925 - METRIC - INFO - {"loss": 0.09256062656641006, "accuracy": 0.9712885022163391, "energy_consumption": null, "selected": false, "client_name": "sta1"}
2026-06-25 10:26:05,934 - METRIC - INFO - {"loss": 0.10102556645870209, "accuracy": 0.9712885022163391, "energy_consumption": null, "selected": false, "client_name": "sta3"}
2026-06-25 10:26:05,959 - METRIC - INFO - {"loss": 0.12186914682388306, "accuracy": 0.9628851413726807, "energy_consumption": null, "selected": false, "client_name": "sta7"}
2026-06-25 10:26:05,976 - METRIC - INFO - {"loss": 0.1065162867307663, "accuracy": 0.9663865566253662, "energy_consumption": null, "selected": false, "client_name": "sta5"}
2026-06-25 10:26:05,996 - METRIC - INFO - {"loss": 0.12788745760917664, "accuracy": 0.9565826058387756, "energy_consumption": null, "selected": false, "client_name": "sta4"}
2026-06-25 10:26:06,003 - METRIC - INFO - {"loss": 0.11927834153175354, "accuracy": 0.9649859666824341, "energy_consumption": null, "selected": false, "client_name": "sta6"}
2026-06-25 10:26:06,016 - METRIC - INFO - {"loss": 0.11467531323432922, "accuracy": 0.9691876769065857, "energy_consumption": null, "selected": false, "client_name": "sta2"}
2026-06-25 10:26:06,040 - METRIC - INFO - {"loss": 0.11547578126192093, "accuracy": 0.9649859666824341, "energy_consumption": null, "selected": false, "client_name": "sta8"}
2026-06-25 10:26:06,041 - METRIC - INFO - {"loss": 0.12579813599586487, "accuracy": 0.9607843160629272, "energy_consumption": null, "selected": false, "client_name": "sta9"}
2026-06-25 10:26:06,041 - METRIC - INFO - {"loss": 0.0923219695687294, "accuracy": 0.9719887971878052, "energy_consumption": null, "selected": false, "client_name": "sta10"}
2026-06-25 10:26:06,468 - METRIC - INFO - mean_accuracy: 0.9653042934157632

2026-06-25 10:26:06,468 - METRIC - INFO - round: 16
2026-06-25 10:26:06,468 - METRIC - INFO - n_selected: 11
2026-06-25 10:26:06,468 - METRIC - INFO - {"selected_trainers": ["sta0", "sta1", "sta10", "sta2", "sta3", "sta4", "sta5", "sta6", "sta7", "sta8", "sta9"]}
2026-06-25 10:26:13,268 - EXECUT - INFO - received weights from trainer sta2!
2026-06-25 10:26:13,291 - EXECUT - INFO - received weights from trainer sta0!
2026-06-25 10:26:13,312 - EXECUT - INFO - received weights from trainer sta7!
2026-06-25 10:26:13,338 - EXECUT - INFO - received weights from trainer sta3!
2026-06-25 10:26:13,359 - EXECUT - INFO - received weights from trainer sta5!
2026-06-25 10:26:13,379 - EXECUT - INFO - received weights from trainer sta4!
2026-06-25 10:26:13,400 - EXECUT - INFO - received weights from trainer sta6!
2026-06-25 10:26:14,658 - EXECUT - INFO - received weights from trainer sta10!
2026-06-25 10:26:14,682 - EXECUT - INFO - received weights from trainer sta8!
2026-06-25 10:26:14,706 - EXECUT - INFO - received weights from trainer sta9!
2026-06-25 10:26:16,919 - EXECUT - INFO - received weights from trainer sta1!
2026-06-25 10:26:17,922 - EXECUT - INFO - sent aggregated weights to trainers!
2026-06-25 10:26:18,376 - METRIC - INFO - {"loss": 0.11597312241792679, "accuracy": 0.9628851413726807, "energy_consumption": null, "selected": false, "client_name": "sta0"}
2026-06-25 10:26:18,401 - METRIC - INFO - {"loss": 0.09415680170059204, "accuracy": 0.9733893275260925, "energy_consumption": null, "selected": false, "client_name": "sta3"}
2026-06-25 10:26:18,409 - METRIC - INFO - {"loss": 0.08677513152360916, "accuracy": 0.9740896224975586, "energy_consumption": null, "selected": false, "client_name": "sta1"}
2026-06-25 10:26:18,426 - METRIC - INFO - {"loss": 0.11754070967435837, "accuracy": 0.9565826058387756, "energy_consumption": null, "selected": false, "client_name": "sta4"}
2026-06-25 10:26:18,442 - METRIC - INFO - {"loss": 0.09952656179666519, "accuracy": 0.970588207244873, "energy_consumption": null, "selected": false, "client_name": "sta5"}
2026-06-25 10:26:18,448 - METRIC - INFO - {"loss": 0.10672038793563843, "accuracy": 0.970588207244873, "energy_consumption": null, "selected": false, "client_name": "sta2"}
2026-06-25 10:26:18,507 - METRIC - INFO - {"loss": 0.08515984565019608, "accuracy": 0.9726890921592712, "energy_consumption": null, "selected": false, "client_name": "sta10"}
2026-06-25 10:26:18,553 - METRIC - INFO - {"loss": 0.11429425328969955, "accuracy": 0.9635854363441467, "energy_consumption": null, "selected": false, "client_name": "sta7"}
2026-06-25 10:26:18,600 - METRIC - INFO - {"loss": 0.11255429685115814, "accuracy": 0.9663865566253662, "energy_consumption": null, "selected": false, "client_name": "sta6"}
2026-06-25 10:26:18,636 - METRIC - INFO - {"loss": 0.10791877657175064, "accuracy": 0.9684873819351196, "energy_consumption": null, "selected": false, "client_name": "sta8"}
2026-06-25 10:26:18,650 - METRIC - INFO - {"loss": 0.1137518361210823, "accuracy": 0.9628851413726807, "energy_consumption": null, "selected": false, "client_name": "sta9"}
2026-06-25 10:26:18,923 - METRIC - INFO - mean_accuracy: 0.9674687927419489

2026-06-25 10:26:18,923 - METRIC - INFO - round: 17
2026-06-25 10:26:18,923 - METRIC - INFO - n_selected: 11
2026-06-25 10:26:18,923 - METRIC - INFO - {"selected_trainers": ["sta0", "sta1", "sta10", "sta2", "sta3", "sta4", "sta5", "sta6", "sta7", "sta8", "sta9"]}
2026-06-25 10:26:25,227 - EXECUT - INFO - received weights from trainer sta5!
2026-06-25 10:26:25,248 - EXECUT - INFO - received weights from trainer sta7!
2026-06-25 10:26:25,268 - EXECUT - INFO - received weights from trainer sta2!
2026-06-25 10:26:25,292 - EXECUT - INFO - received weights from trainer sta3!
2026-06-25 10:26:25,312 - EXECUT - INFO - received weights from trainer sta4!
2026-06-25 10:26:25,332 - EXECUT - INFO - received weights from trainer sta0!
2026-06-25 10:26:25,352 - EXECUT - INFO - received weights from trainer sta1!
2026-06-25 10:26:25,372 - EXECUT - INFO - received weights from trainer sta6!
2026-06-25 10:26:26,396 - EXECUT - INFO - received weights from trainer sta10!
2026-06-25 10:26:26,418 - EXECUT - INFO - received weights from trainer sta8!
2026-06-25 10:26:26,440 - EXECUT - INFO - received weights from trainer sta9!
2026-06-25 10:26:27,331 - EXECUT - INFO - sent aggregated weights to trainers!
2026-06-25 10:26:27,751 - METRIC - INFO - {"loss": 0.10900044441223145, "accuracy": 0.9614846110343933, "energy_consumption": null, "selected": false, "client_name": "sta0"}
2026-06-25 10:26:27,782 - METRIC - INFO - {"loss": 0.10640035569667816, "accuracy": 0.9684873819351196, "energy_consumption": null, "selected": false, "client_name": "sta7"}
2026-06-25 10:26:27,828 - METRIC - INFO - {"loss": 0.10667455941438675, "accuracy": 0.9677870869636536, "energy_consumption": null, "selected": false, "client_name": "sta6"}
2026-06-25 10:26:27,863 - METRIC - INFO - {"loss": 0.08006834238767624, "accuracy": 0.9733893275260925, "energy_consumption": null, "selected": false, "client_name": "sta1"}
2026-06-25 10:26:27,866 - METRIC - INFO - {"loss": 0.10606121271848679, "accuracy": 0.9649859666824341, "energy_consumption": null, "selected": false, "client_name": "sta9"}
2026-06-25 10:26:27,870 - METRIC - INFO - {"loss": 0.10033336281776428, "accuracy": 0.9698879718780518, "energy_consumption": null, "selected": false, "client_name": "sta8"}
2026-06-25 10:26:27,873 - METRIC - INFO - {"loss": 0.088306725025177, "accuracy": 0.976190447807312, "energy_consumption": null, "selected": false, "client_name": "sta3"}
2026-06-25 10:26:27,924 - METRIC - INFO - {"loss": 0.0941605269908905, "accuracy": 0.970588207244873, "energy_consumption": null, "selected": false, "client_name": "sta5"}
2026-06-25 10:26:27,929 - METRIC - INFO - {"loss": 0.10884612798690796, "accuracy": 0.9628851413726807, "energy_consumption": null, "selected": false, "client_name": "sta4"}
2026-06-25 10:26:27,953 - METRIC - INFO - {"loss": 0.10117317736148834, "accuracy": 0.9691876769065857, "energy_consumption": null, "selected": false, "client_name": "sta2"}
2026-06-25 10:26:27,983 - METRIC - INFO - {"loss": 0.07966311275959015, "accuracy": 0.9747899174690247, "energy_consumption": null, "selected": false, "client_name": "sta10"}
2026-06-25 10:26:28,333 - METRIC - INFO - mean_accuracy: 0.9690603397109292

2026-06-25 10:26:28,333 - METRIC - INFO - round: 18
2026-06-25 10:26:28,333 - METRIC - INFO - n_selected: 11
2026-06-25 10:26:28,333 - METRIC - INFO - {"selected_trainers": ["sta0", "sta1", "sta10", "sta2", "sta3", "sta4", "sta5", "sta6", "sta7", "sta8", "sta9"]}
2026-06-25 10:26:34,598 - EXECUT - INFO - received weights from trainer sta5!
2026-06-25 10:26:34,622 - EXECUT - INFO - received weights from trainer sta7!
2026-06-25 10:26:34,645 - EXECUT - INFO - received weights from trainer sta3!
2026-06-25 10:26:34,671 - EXECUT - INFO - received weights from trainer sta0!
2026-06-25 10:26:34,694 - EXECUT - INFO - received weights from trainer sta2!
2026-06-25 10:26:34,717 - EXECUT - INFO - received weights from trainer sta4!
2026-06-25 10:26:34,740 - EXECUT - INFO - received weights from trainer sta6!
2026-06-25 10:26:35,780 - EXECUT - INFO - received weights from trainer sta9!
2026-06-25 10:26:35,802 - EXECUT - INFO - received weights from trainer sta10!
2026-06-25 10:26:35,824 - EXECUT - INFO - received weights from trainer sta8!
2026-06-25 10:26:38,801 - EXECUT - INFO - received weights from trainer sta1!
2026-06-25 10:26:39,748 - EXECUT - INFO - sent aggregated weights to trainers!
2026-06-25 10:26:40,169 - METRIC - INFO - {"loss": 0.10539858043193817, "accuracy": 0.9663865566253662, "energy_consumption": null, "selected": false, "client_name": "sta0"}
2026-06-25 10:26:40,178 - METRIC - INFO - {"loss": 0.08219995349645615, "accuracy": 0.9775910377502441, "energy_consumption": null, "selected": false, "client_name": "sta3"}
2026-06-25 10:26:40,181 - METRIC - INFO - {"loss": 0.10192564129829407, "accuracy": 0.9691876769065857, "energy_consumption": null, "selected": false, "client_name": "sta7"}
2026-06-25 10:26:40,207 - METRIC - INFO - {"loss": 0.07523146271705627, "accuracy": 0.9782913327217102, "energy_consumption": null, "selected": false, "client_name": "sta1"}
2026-06-25 10:26:40,211 - METRIC - INFO - {"loss": 0.1033194437623024, "accuracy": 0.9628851413726807, "energy_consumption": null, "selected": false, "client_name": "sta4"}
2026-06-25 10:26:40,221 - METRIC - INFO - {"loss": 0.10155048221349716, "accuracy": 0.9698879718780518, "energy_consumption": null, "selected": false, "client_name": "sta6"}
2026-06-25 10:26:40,238 - METRIC - INFO - {"loss": 0.09082602709531784, "accuracy": 0.9719887971878052, "energy_consumption": null, "selected": false, "client_name": "sta5"}
2026-06-25 10:26:40,279 - METRIC - INFO - {"loss": 0.09455697238445282, "accuracy": 0.9712885022163391, "energy_consumption": null, "selected": false, "client_name": "sta2"}
2026-06-25 10:26:40,287 - METRIC - INFO - {"loss": 0.09399605542421341, "accuracy": 0.9719887971878052, "energy_consumption": null, "selected": false, "client_name": "sta8"}
2026-06-25 10:26:40,294 - METRIC - INFO - {"loss": 0.10233885049819946, "accuracy": 0.9635854363441467, "energy_consumption": null, "selected": false, "client_name": "sta9"}
2026-06-25 10:26:40,295 - METRIC - INFO - {"loss": 0.07535925507545471, "accuracy": 0.9754902124404907, "energy_consumption": null, "selected": false, "client_name": "sta10"}
2026-06-25 10:26:40,749 - METRIC - INFO - mean_accuracy: 0.9707792238755659

2026-06-25 10:26:40,749 - METRIC - INFO - round: 19
2026-06-25 10:26:40,749 - METRIC - INFO - n_selected: 11
2026-06-25 10:26:40,749 - METRIC - INFO - {"selected_trainers": ["sta0", "sta1", "sta10", "sta2", "sta3", "sta4", "sta5", "sta6", "sta7", "sta8", "sta9"]}
2026-06-25 10:26:46,995 - EXECUT - INFO - received weights from trainer sta1!
2026-06-25 10:26:47,015 - EXECUT - INFO - received weights from trainer sta2!
2026-06-25 10:26:47,034 - EXECUT - INFO - received weights from trainer sta0!
2026-06-25 10:26:47,058 - EXECUT - INFO - received weights from trainer sta4!
2026-06-25 10:26:47,077 - EXECUT - INFO - received weights from trainer sta5!
2026-06-25 10:26:47,097 - EXECUT - INFO - received weights from trainer sta7!
2026-06-25 10:26:47,116 - EXECUT - INFO - received weights from trainer sta6!
2026-06-25 10:26:47,136 - EXECUT - INFO - received weights from trainer sta3!
2026-06-25 10:26:48,223 - EXECUT - INFO - received weights from trainer sta8!
2026-06-25 10:26:48,245 - EXECUT - INFO - received weights from trainer sta10!
2026-06-25 10:26:48,267 - EXECUT - INFO - received weights from trainer sta9!
2026-06-25 10:26:49,146 - EXECUT - INFO - sent aggregated weights to trainers!
2026-06-25 10:26:49,584 - METRIC - INFO - {"loss": 0.07918572425842285, "accuracy": 0.9782913327217102, "energy_consumption": null, "selected": false, "client_name": "sta3"}
2026-06-25 10:26:49,626 - METRIC - INFO - {"loss": 0.08310896158218384, "accuracy": 0.9754902124404907, "energy_consumption": null, "selected": false, "client_name": "sta5"}
2026-06-25 10:26:49,626 - METRIC - INFO - {"loss": 0.09513445943593979, "accuracy": 0.9726890921592712, "energy_consumption": null, "selected": false, "client_name": "sta7"}
2026-06-25 10:26:49,644 - METRIC - INFO - {"loss": 0.09008489549160004, "accuracy": 0.9719887971878052, "energy_consumption": null, "selected": false, "client_name": "sta2"}
2026-06-25 10:26:49,652 - METRIC - INFO - {"loss": 0.09865312278270721, "accuracy": 0.9663865566253662, "energy_consumption": null, "selected": false, "client_name": "sta4"}
2026-06-25 10:26:49,657 - METRIC - INFO - {"loss": 0.09550741314888, "accuracy": 0.9712885022163391, "energy_consumption": null, "selected": false, "client_name": "sta6"}
2026-06-25 10:26:49,683 - METRIC - INFO - {"loss": 0.07094679772853851, "accuracy": 0.9782913327217102, "energy_consumption": null, "selected": false, "client_name": "sta1"}
2026-06-25 10:26:49,694 - METRIC - INFO - {"loss": 0.07123768329620361, "accuracy": 0.9754902124404907, "energy_consumption": null, "selected": false, "client_name": "sta10"}
2026-06-25 10:26:49,699 - METRIC - INFO - {"loss": 0.09174999594688416, "accuracy": 0.9740896224975586, "energy_consumption": null, "selected": false, "client_name": "sta8"}
2026-06-25 10:26:49,699 - METRIC - INFO - {"loss": 0.09510333091020584, "accuracy": 0.9691876769065857, "energy_consumption": null, "selected": false, "client_name": "sta9"}
2026-06-25 10:26:49,711 - METRIC - INFO - {"loss": 0.10052414238452911, "accuracy": 0.9628851413726807, "energy_consumption": null, "selected": false, "client_name": "sta0"}
2026-06-25 10:26:50,148 - METRIC - INFO - mean_accuracy: 0.9723707708445463

2026-06-25 10:26:50,148 - METRIC - INFO - round: 20
2026-06-25 10:26:50,148 - METRIC - INFO - n_selected: 11
2026-06-25 10:26:50,148 - METRIC - INFO - {"selected_trainers": ["sta0", "sta1", "sta10", "sta2", "sta3", "sta4", "sta5", "sta6", "sta7", "sta8", "sta9"]}
2026-06-25 10:26:56,092 - EXECUT - INFO - received weights from trainer sta0!
2026-06-25 10:26:56,111 - EXECUT - INFO - received weights from trainer sta4!
2026-06-25 10:26:56,130 - EXECUT - INFO - received weights from trainer sta2!
2026-06-25 10:26:56,153 - EXECUT - INFO - received weights from trainer sta5!
2026-06-25 10:26:56,172 - EXECUT - INFO - received weights from trainer sta7!
2026-06-25 10:26:56,190 - EXECUT - INFO - received weights from trainer sta3!
2026-06-25 10:26:56,209 - EXECUT - INFO - received weights from trainer sta6!
2026-06-25 10:26:56,228 - EXECUT - INFO - received weights from trainer sta1!
2026-06-25 10:26:57,165 - EXECUT - INFO - received weights from trainer sta9!
2026-06-25 10:26:57,185 - EXECUT - INFO - received weights from trainer sta8!
2026-06-25 10:27:00,628 - EXECUT - INFO - received weights from trainer sta10!
2026-06-25 10:27:01,541 - EXECUT - INFO - sent aggregated weights to trainers!
2026-06-25 10:27:01,920 - METRIC - INFO - {"loss": 0.0740913450717926, "accuracy": 0.9796918630599976, "energy_consumption": null, "selected": false, "client_name": "sta3"}
2026-06-25 10:27:01,942 - METRIC - INFO - {"loss": 0.09276393800973892, "accuracy": 0.9663865566253662, "energy_consumption": null, "selected": false, "client_name": "sta0"}
2026-06-25 10:27:01,945 - METRIC - INFO - {"loss": 0.06737691164016724, "accuracy": 0.9782913327217102, "energy_consumption": null, "selected": false, "client_name": "sta1"}
2026-06-25 10:27:01,974 - METRIC - INFO - {"loss": 0.09441220015287399, "accuracy": 0.9663865566253662, "energy_consumption": null, "selected": false, "client_name": "sta4"}
2026-06-25 10:27:01,975 - METRIC - INFO - {"loss": 0.08982954174280167, "accuracy": 0.9754902124404907, "energy_consumption": null, "selected": false, "client_name": "sta7"}
2026-06-25 10:27:01,983 - METRIC - INFO - {"loss": 0.09153616428375244, "accuracy": 0.9712885022163391, "energy_consumption": null, "selected": false, "client_name": "sta6"}
2026-06-25 10:27:01,987 - METRIC - INFO - {"loss": 0.08153563737869263, "accuracy": 0.976190447807312, "energy_consumption": null, "selected": false, "client_name": "sta5"}
2026-06-25 10:27:02,007 - METRIC - INFO - {"loss": 0.08660725504159927, "accuracy": 0.9740896224975586, "energy_consumption": null, "selected": false, "client_name": "sta2"}
2026-06-25 10:27:02,028 - METRIC - INFO - {"loss": 0.06721807271242142, "accuracy": 0.976190447807312, "energy_consumption": null, "selected": false, "client_name": "sta10"}
2026-06-25 10:27:02,040 - METRIC - INFO - {"loss": 0.08537837117910385, "accuracy": 0.9740896224975586, "energy_consumption": null, "selected": false, "client_name": "sta8"}
2026-06-25 10:27:02,042 - METRIC - INFO - {"loss": 0.08805107325315475, "accuracy": 0.9698879718780518, "energy_consumption": null, "selected": false, "client_name": "sta9"}
2026-06-25 10:27:02,543 - METRIC - INFO - mean_accuracy: 0.973453012379733

2026-06-25 10:27:02,543 - METRIC - INFO - round: 21
2026-06-25 10:27:02,543 - METRIC - INFO - n_selected: 11
2026-06-25 10:27:02,543 - METRIC - INFO - {"selected_trainers": ["sta0", "sta1", "sta10", "sta2", "sta3", "sta4", "sta5", "sta6", "sta7", "sta8", "sta9"]}
2026-06-25 10:27:08,299 - EXECUT - INFO - received weights from trainer sta4!
2026-06-25 10:27:08,317 - EXECUT - INFO - received weights from trainer sta1!
2026-06-25 10:27:08,335 - EXECUT - INFO - received weights from trainer sta2!
2026-06-25 10:27:08,358 - EXECUT - INFO - received weights from trainer sta0!
2026-06-25 10:27:08,395 - EXECUT - INFO - received weights from trainer sta5!
2026-06-25 10:27:08,413 - EXECUT - INFO - received weights from trainer sta3!
2026-06-25 10:27:08,430 - EXECUT - INFO - received weights from trainer sta7!
2026-06-25 10:27:08,447 - EXECUT - INFO - received weights from trainer sta6!
2026-06-25 10:27:09,262 - EXECUT - INFO - received weights from trainer sta10!
2026-06-25 10:27:09,286 - EXECUT - INFO - received weights from trainer sta9!
2026-06-25 10:27:09,303 - EXECUT - INFO - received weights from trainer sta8!
2026-06-25 10:27:09,903 - EXECUT - INFO - sent aggregated weights to trainers!
2026-06-25 10:27:10,297 - METRIC - INFO - {"loss": 0.08970674127340317, "accuracy": 0.9684873819351196, "energy_consumption": null, "selected": false, "client_name": "sta0"}
2026-06-25 10:27:10,302 - METRIC - INFO - {"loss": 0.06967529654502869, "accuracy": 0.9789915680885315, "energy_consumption": null, "selected": false, "client_name": "sta3"}
2026-06-25 10:27:10,331 - METRIC - INFO - {"loss": 0.08494365215301514, "accuracy": 0.976190447807312, "energy_consumption": null, "selected": false, "client_name": "sta7"}
2026-06-25 10:27:10,349 - METRIC - INFO - {"loss": 0.07615777850151062, "accuracy": 0.9775910377502441, "energy_consumption": null, "selected": false, "client_name": "sta5"}
2026-06-25 10:27:10,351 - METRIC - INFO - {"loss": 0.08757559955120087, "accuracy": 0.9719887971878052, "energy_consumption": null, "selected": false, "client_name": "sta6"}
2026-06-25 10:27:10,365 - METRIC - INFO - {"loss": 0.08885282278060913, "accuracy": 0.9698879718780518, "energy_consumption": null, "selected": false, "client_name": "sta4"}
2026-06-25 10:27:10,392 - METRIC - INFO - {"loss": 0.06499110162258148, "accuracy": 0.9768907427787781, "energy_consumption": null, "selected": false, "client_name": "sta1"}
2026-06-25 10:27:10,401 - METRIC - INFO - {"loss": 0.0645604208111763, "accuracy": 0.9789915680885315, "energy_consumption": null, "selected": false, "client_name": "sta10"}
2026-06-25 10:27:10,403 - METRIC - INFO - {"loss": 0.08239482343196869, "accuracy": 0.9775910377502441, "energy_consumption": null, "selected": false, "client_name": "sta8"}
2026-06-25 10:27:10,408 - METRIC - INFO - {"loss": 0.0862158015370369, "accuracy": 0.9712885022163391, "energy_consumption": null, "selected": false, "client_name": "sta9"}
2026-06-25 10:27:10,416 - METRIC - INFO - {"loss": 0.08148885518312454, "accuracy": 0.9747899174690247, "energy_consumption": null, "selected": false, "client_name": "sta2"}
2026-06-25 10:27:10,906 - METRIC - INFO - mean_accuracy: 0.9747899066318165

2026-06-25 10:27:10,906 - METRIC - INFO - round: 22
2026-06-25 10:27:10,906 - METRIC - INFO - n_selected: 11
2026-06-25 10:27:10,906 - METRIC - INFO - {"selected_trainers": ["sta0", "sta1", "sta10", "sta2", "sta3", "sta4", "sta5", "sta6", "sta7", "sta8", "sta9"]}
2026-06-25 10:27:16,587 - EXECUT - INFO - received weights from trainer sta1!
2026-06-25 10:27:16,608 - EXECUT - INFO - received weights from trainer sta0!
2026-06-25 10:27:16,625 - EXECUT - INFO - received weights from trainer sta3!
2026-06-25 10:27:16,643 - EXECUT - INFO - received weights from trainer sta2!
2026-06-25 10:27:16,663 - EXECUT - INFO - received weights from trainer sta4!
2026-06-25 10:27:16,680 - EXECUT - INFO - received weights from trainer sta5!
2026-06-25 10:27:16,697 - EXECUT - INFO - received weights from trainer sta6!
2026-06-25 10:27:16,714 - EXECUT - INFO - received weights from trainer sta7!
2026-06-25 10:27:17,581 - EXECUT - INFO - received weights from trainer sta8!
2026-06-25 10:27:17,598 - EXECUT - INFO - received weights from trainer sta10!
2026-06-25 10:27:17,614 - EXECUT - INFO - received weights from trainer sta9!
2026-06-25 10:27:18,272 - EXECUT - INFO - sent aggregated weights to trainers!
2026-06-25 10:27:18,634 - METRIC - INFO - {"loss": 0.06678010523319244, "accuracy": 0.9796918630599976, "energy_consumption": null, "selected": false, "client_name": "sta3"}
2026-06-25 10:27:18,658 - METRIC - INFO - {"loss": 0.06327588856220245, "accuracy": 0.9768907427787781, "energy_consumption": null, "selected": false, "client_name": "sta1"}
2026-06-25 10:27:18,660 - METRIC - INFO - {"loss": 0.08041881769895554, "accuracy": 0.9768907427787781, "energy_consumption": null, "selected": false, "client_name": "sta7"}
2026-06-25 10:27:18,665 - METRIC - INFO - {"loss": 0.07394786179065704, "accuracy": 0.9768907427787781, "energy_consumption": null, "selected": false, "client_name": "sta5"}
2026-06-25 10:27:18,672 - METRIC - INFO - {"loss": 0.08709068596363068, "accuracy": 0.9698879718780518, "energy_consumption": null, "selected": false, "client_name": "sta0"}
2026-06-25 10:27:18,677 - METRIC - INFO - {"loss": 0.08603223413228989, "accuracy": 0.970588207244873, "energy_consumption": null, "selected": false, "client_name": "sta4"}
2026-06-25 10:27:18,694 - METRIC - INFO - {"loss": 0.08330314606428146, "accuracy": 0.9733893275260925, "energy_consumption": null, "selected": false, "client_name": "sta6"}
2026-06-25 10:27:18,739 - METRIC - INFO - {"loss": 0.07936207205057144, "accuracy": 0.9740896224975586, "energy_consumption": null, "selected": false, "client_name": "sta2"}
2026-06-25 10:27:18,751 - METRIC - INFO - {"loss": 0.061096809804439545, "accuracy": 0.9782913327217102, "energy_consumption": null, "selected": false, "client_name": "sta10"}
2026-06-25 10:27:18,758 - METRIC - INFO - {"loss": 0.08127841353416443, "accuracy": 0.970588207244873, "energy_consumption": null, "selected": false, "client_name": "sta9"}
2026-06-25 10:27:18,803 - METRIC - INFO - {"loss": 0.07867605984210968, "accuracy": 0.9782913327217102, "energy_consumption": null, "selected": false, "client_name": "sta8"}
2026-06-25 10:27:19,273 - METRIC - INFO - mean_accuracy: 0.9750445539301092

2026-06-25 10:27:19,273 - METRIC - INFO - round: 23
2026-06-25 10:27:19,273 - METRIC - INFO - n_selected: 11
2026-06-25 10:27:19,273 - METRIC - INFO - {"selected_trainers": ["sta0", "sta1", "sta10", "sta2", "sta3", "sta4", "sta5", "sta6", "sta7", "sta8", "sta9"]}
2026-06-25 10:27:24,737 - EXECUT - INFO - received weights from trainer sta1!
2026-06-25 10:27:24,754 - EXECUT - INFO - received weights from trainer sta2!
2026-06-25 10:27:24,771 - EXECUT - INFO - received weights from trainer sta5!
2026-06-25 10:27:24,788 - EXECUT - INFO - received weights from trainer sta4!
2026-06-25 10:27:24,808 - EXECUT - INFO - received weights from trainer sta6!
2026-06-25 10:27:24,824 - EXECUT - INFO - received weights from trainer sta3!
2026-06-25 10:27:24,840 - EXECUT - INFO - received weights from trainer sta7!
2026-06-25 10:27:24,857 - EXECUT - INFO - received weights from trainer sta0!
2026-06-25 10:27:25,555 - EXECUT - INFO - received weights from trainer sta10!
2026-06-25 10:27:25,597 - EXECUT - INFO - received weights from trainer sta9!
2026-06-25 10:27:29,712 - EXECUT - INFO - received weights from trainer sta8!
2026-06-25 10:27:30,613 - EXECUT - INFO - sent aggregated weights to trainers!
2026-06-25 10:27:30,969 - METRIC - INFO - {"loss": 0.06435706466436386, "accuracy": 0.9789915680885315, "energy_consumption": null, "selected": false, "client_name": "sta3"}
2026-06-25 10:27:30,976 - METRIC - INFO - {"loss": 0.08392103016376495, "accuracy": 0.9719887971878052, "energy_consumption": null, "selected": false, "client_name": "sta0"}
2026-06-25 10:27:31,006 - METRIC - INFO - {"loss": 0.08260223269462585, "accuracy": 0.9719887971878052, "energy_consumption": null, "selected": false, "client_name": "sta4"}
2026-06-25 10:27:31,007 - METRIC - INFO - {"loss": 0.07661191374063492, "accuracy": 0.9782913327217102, "energy_consumption": null, "selected": false, "client_name": "sta7"}
2026-06-25 10:27:31,016 - METRIC - INFO - {"loss": 0.07102840393781662, "accuracy": 0.9789915680885315, "energy_consumption": null, "selected": false, "client_name": "sta5"}
2026-06-25 10:27:31,037 - METRIC - INFO - {"loss": 0.08454065769910812, "accuracy": 0.970588207244873, "energy_consumption": null, "selected": false, "client_name": "sta6"}
2026-06-25 10:27:31,060 - METRIC - INFO - {"loss": 0.0761251300573349, "accuracy": 0.9768907427787781, "energy_consumption": null, "selected": false, "client_name": "sta2"}
2026-06-25 10:27:31,066 - METRIC - INFO - {"loss": 0.06100676581263542, "accuracy": 0.976190447807312, "energy_consumption": null, "selected": false, "client_name": "sta1"}
2026-06-25 10:27:31,067 - METRIC - INFO - {"loss": 0.05806294083595276, "accuracy": 0.9810924530029297, "energy_consumption": null, "selected": false, "client_name": "sta10"}
2026-06-25 10:27:31,076 - METRIC - INFO - {"loss": 0.07515889406204224, "accuracy": 0.9789915680885315, "energy_consumption": null, "selected": false, "client_name": "sta8"}
2026-06-25 10:27:31,084 - METRIC - INFO - {"loss": 0.07697143405675888, "accuracy": 0.9712885022163391, "energy_consumption": null, "selected": false, "client_name": "sta9"}
2026-06-25 10:27:31,616 - METRIC - INFO - mean_accuracy: 0.9759358167648315

2026-06-25 10:27:31,616 - METRIC - INFO - round: 24
2026-06-25 10:27:31,616 - METRIC - INFO - n_selected: 11
2026-06-25 10:27:31,616 - METRIC - INFO - {"selected_trainers": ["sta0", "sta1", "sta10", "sta2", "sta3", "sta4", "sta5", "sta6", "sta7", "sta8", "sta9"]}
2026-06-25 10:27:37,009 - EXECUT - INFO - received weights from trainer sta2!
2026-06-25 10:27:37,025 - EXECUT - INFO - received weights from trainer sta1!
2026-06-25 10:27:37,041 - EXECUT - INFO - received weights from trainer sta7!
2026-06-25 10:27:37,057 - EXECUT - INFO - received weights from trainer sta6!
2026-06-25 10:27:37,077 - EXECUT - INFO - received weights from trainer sta0!
2026-06-25 10:27:37,093 - EXECUT - INFO - received weights from trainer sta4!
2026-06-25 10:27:37,108 - EXECUT - INFO - received weights from trainer sta3!
2026-06-25 10:27:37,895 - EXECUT - INFO - received weights from trainer sta9!
2026-06-25 10:27:37,947 - EXECUT - INFO - received weights from trainer sta10!
2026-06-25 10:27:37,967 - EXECUT - INFO - received weights from trainer sta8!
2026-06-25 10:27:42,053 - EXECUT - INFO - received weights from trainer sta5!
2026-06-25 10:27:42,967 - EXECUT - INFO - sent aggregated weights to trainers!
2026-06-25 10:27:43,300 - METRIC - INFO - {"loss": 0.07946614921092987, "accuracy": 0.9747899174690247, "energy_consumption": null, "selected": false, "client_name": "sta0"}
2026-06-25 10:27:43,307 - METRIC - INFO - {"loss": 0.06406465917825699, "accuracy": 0.9796918630599976, "energy_consumption": null, "selected": false, "client_name": "sta3"}
2026-06-25 10:27:43,345 - METRIC - INFO - {"loss": 0.06784851104021072, "accuracy": 0.9810924530029297, "energy_consumption": null, "selected": false, "client_name": "sta5"}
2026-06-25 10:27:43,351 - METRIC - INFO - {"loss": 0.05700341612100601, "accuracy": 0.9796918630599976, "energy_consumption": null, "selected": false, "client_name": "sta1"}
2026-06-25 10:27:43,371 - METRIC - INFO - {"loss": 0.080002561211586, "accuracy": 0.9726890921592712, "energy_consumption": null, "selected": false, "client_name": "sta6"}
2026-06-25 10:27:43,376 - METRIC - INFO - {"loss": 0.07487796247005463, "accuracy": 0.9789915680885315, "energy_consumption": null, "selected": false, "client_name": "sta7"}
2026-06-25 10:27:43,382 - METRIC - INFO - {"loss": 0.08153367042541504, "accuracy": 0.9691876769065857, "energy_consumption": null, "selected": false, "client_name": "sta4"}
2026-06-25 10:27:43,405 - METRIC - INFO - {"loss": 0.07307710498571396, "accuracy": 0.9782913327217102, "energy_consumption": null, "selected": false, "client_name": "sta2"}
2026-06-25 10:27:43,421 - METRIC - INFO - {"loss": 0.07404784858226776, "accuracy": 0.9803921580314636, "energy_consumption": null, "selected": false, "client_name": "sta8"}
2026-06-25 10:27:43,425 - METRIC - INFO - {"loss": 0.05520070344209671, "accuracy": 0.981792688369751, "energy_consumption": null, "selected": false, "client_name": "sta10"}
2026-06-25 10:27:43,432 - METRIC - INFO - {"loss": 0.07496372610330582, "accuracy": 0.9733893275260925, "energy_consumption": null, "selected": false, "client_name": "sta9"}
2026-06-25 10:27:43,970 - METRIC - INFO - mean_accuracy: 0.9772727218541232

2026-06-25 10:27:43,970 - METRIC - INFO - round: 25
2026-06-25 10:27:43,970 - METRIC - INFO - n_selected: 11
2026-06-25 10:27:43,970 - METRIC - INFO - {"selected_trainers": ["sta0", "sta1", "sta10", "sta2", "sta3", "sta4", "sta5", "sta6", "sta7", "sta8", "sta9"]}
2026-06-25 10:27:49,370 - EXECUT - INFO - received weights from trainer sta1!
2026-06-25 10:27:49,395 - EXECUT - INFO - received weights from trainer sta2!
2026-06-25 10:27:49,411 - EXECUT - INFO - received weights from trainer sta4!
2026-06-25 10:27:49,427 - EXECUT - INFO - received weights from trainer sta7!
2026-06-25 10:27:49,447 - EXECUT - INFO - received weights from trainer sta6!
2026-06-25 10:27:49,462 - EXECUT - INFO - received weights from trainer sta0!
2026-06-25 10:27:49,478 - EXECUT - INFO - received weights from trainer sta5!
2026-06-25 10:27:49,494 - EXECUT - INFO - received weights from trainer sta3!
2026-06-25 10:27:50,223 - EXECUT - INFO - received weights from trainer sta9!
2026-06-25 10:27:50,282 - EXECUT - INFO - received weights from trainer sta10!
2026-06-25 10:27:50,300 - EXECUT - INFO - received weights from trainer sta8!
2026-06-25 10:27:51,295 - EXECUT - INFO - sent aggregated weights to trainers!
2026-06-25 10:27:51,633 - METRIC - INFO - {"loss": 0.0761086568236351, "accuracy": 0.9726890921592712, "energy_consumption": null, "selected": false, "client_name": "sta0"}
2026-06-25 10:27:51,657 - METRIC - INFO - {"loss": 0.05532431975007057, "accuracy": 0.981792688369751, "energy_consumption": null, "selected": false, "client_name": "sta1"}
2026-06-25 10:27:51,657 - METRIC - INFO - {"loss": 0.059855516999959946, "accuracy": 0.9810924530029297, "energy_consumption": null, "selected": false, "client_name": "sta3"}
2026-06-25 10:27:51,667 - METRIC - INFO - {"loss": 0.07185118645429611, "accuracy": 0.9803921580314636, "energy_consumption": null, "selected": false, "client_name": "sta7"}
2026-06-25 10:27:51,680 - METRIC - INFO - {"loss": 0.07905605435371399, "accuracy": 0.9719887971878052, "energy_consumption": null, "selected": false, "client_name": "sta4"}
2026-06-25 10:27:51,697 - METRIC - INFO - {"loss": 0.0673605352640152, "accuracy": 0.9796918630599976, "energy_consumption": null, "selected": false, "client_name": "sta5"}
2026-06-25 10:27:51,716 - METRIC - INFO - {"loss": 0.07673081010580063, "accuracy": 0.9712885022163391, "energy_consumption": null, "selected": false, "client_name": "sta6"}
2026-06-25 10:27:51,733 - METRIC - INFO - {"loss": 0.07293837517499924, "accuracy": 0.9768907427787781, "energy_consumption": null, "selected": false, "client_name": "sta2"}
2026-06-25 10:27:51,749 - METRIC - INFO - {"loss": 0.053466856479644775, "accuracy": 0.9810924530029297, "energy_consumption": null, "selected": false, "client_name": "sta10"}
2026-06-25 10:27:51,755 - METRIC - INFO - {"loss": 0.0724983960390091, "accuracy": 0.9782913327217102, "energy_consumption": null, "selected": false, "client_name": "sta8"}
2026-06-25 10:27:51,759 - METRIC - INFO - {"loss": 0.07159159332513809, "accuracy": 0.9733893275260925, "energy_consumption": null, "selected": false, "client_name": "sta9"}
2026-06-25 10:27:52,298 - METRIC - INFO - mean_accuracy: 0.9771454009142789

2026-06-25 10:27:52,298 - METRIC - INFO - round: 26
2026-06-25 10:27:52,298 - METRIC - INFO - n_selected: 11
2026-06-25 10:27:52,298 - METRIC - INFO - {"selected_trainers": ["sta0", "sta1", "sta10", "sta2", "sta3", "sta4", "sta5", "sta6", "sta7", "sta8", "sta9"]}
2026-06-25 10:27:57,545 - EXECUT - INFO - received weights from trainer sta0!
2026-06-25 10:27:57,606 - EXECUT - INFO - received weights from trainer sta4!
2026-06-25 10:27:57,622 - EXECUT - INFO - received weights from trainer sta1!
2026-06-25 10:27:57,637 - EXECUT - INFO - received weights from trainer sta2!
2026-06-25 10:27:57,657 - EXECUT - INFO - received weights from trainer sta5!
2026-06-25 10:27:57,693 - EXECUT - INFO - received weights from trainer sta6!
2026-06-25 10:27:57,713 - EXECUT - INFO - received weights from trainer sta7!
2026-06-25 10:27:58,467 - EXECUT - INFO - received weights from trainer sta9!
2026-06-25 10:27:58,500 - EXECUT - INFO - received weights from trainer sta8!
2026-06-25 10:27:58,517 - EXECUT - INFO - received weights from trainer sta10!
2026-06-25 10:28:02,771 - EXECUT - INFO - received weights from trainer sta3!
2026-06-25 10:28:03,642 - EXECUT - INFO - sent aggregated weights to trainers!
2026-06-25 10:28:03,974 - METRIC - INFO - {"loss": 0.07579320669174194, "accuracy": 0.9747899174690247, "energy_consumption": null, "selected": false, "client_name": "sta0"}
2026-06-25 10:28:03,992 - METRIC - INFO - {"loss": 0.05929072946310043, "accuracy": 0.981792688369751, "energy_consumption": null, "selected": false, "client_name": "sta3"}
2026-06-25 10:28:04,013 - METRIC - INFO - {"loss": 0.07668447494506836, "accuracy": 0.970588207244873, "energy_consumption": null, "selected": false, "client_name": "sta4"}
2026-06-25 10:28:04,023 - METRIC - INFO - {"loss": 0.06913114339113235, "accuracy": 0.9803921580314636, "energy_consumption": null, "selected": false, "client_name": "sta7"}
2026-06-25 10:28:04,030 - METRIC - INFO - {"loss": 0.05351332575082779, "accuracy": 0.9831932783126831, "energy_consumption": null, "selected": false, "client_name": "sta1"}
2026-06-25 10:28:04,036 - METRIC - INFO - {"loss": 0.0763535276055336, "accuracy": 0.9719887971878052, "energy_consumption": null, "selected": false, "client_name": "sta6"}
2026-06-25 10:28:04,038 - METRIC - INFO - {"loss": 0.06358276307582855, "accuracy": 0.981792688369751, "energy_consumption": null, "selected": false, "client_name": "sta5"}
2026-06-25 10:28:04,080 - METRIC - INFO - {"loss": 0.06962056457996368, "accuracy": 0.9782913327217102, "energy_consumption": null, "selected": false, "client_name": "sta2"}
2026-06-25 10:28:04,082 - METRIC - INFO - {"loss": 0.06903525441884995, "accuracy": 0.9803921580314636, "energy_consumption": null, "selected": false, "client_name": "sta8"}
2026-06-25 10:28:04,084 - METRIC - INFO - {"loss": 0.05094865709543228, "accuracy": 0.981792688369751, "energy_consumption": null, "selected": false, "client_name": "sta10"}
2026-06-25 10:28:04,094 - METRIC - INFO - {"loss": 0.06794267892837524, "accuracy": 0.9775910377502441, "energy_consumption": null, "selected": false, "client_name": "sta9"}
2026-06-25 10:28:04,644 - METRIC - INFO - mean_accuracy: 0.9784186319871382

2026-06-25 10:28:04,644 - METRIC - INFO - round: 27
2026-06-25 10:28:04,644 - METRIC - INFO - n_selected: 11
2026-06-25 10:28:04,644 - METRIC - INFO - {"selected_trainers": ["sta0", "sta1", "sta10", "sta2", "sta3", "sta4", "sta5", "sta6", "sta7", "sta8", "sta9"]}
2026-06-25 10:28:09,733 - EXECUT - INFO - received weights from trainer sta1!
2026-06-25 10:28:09,748 - EXECUT - INFO - received weights from trainer sta4!
2026-06-25 10:28:09,763 - EXECUT - INFO - received weights from trainer sta5!
2026-06-25 10:28:09,778 - EXECUT - INFO - received weights from trainer sta2!
2026-06-25 10:28:09,793 - EXECUT - INFO - received weights from trainer sta6!
2026-06-25 10:28:09,811 - EXECUT - INFO - received weights from trainer sta3!
2026-06-25 10:28:09,826 - EXECUT - INFO - received weights from trainer sta7!
2026-06-25 10:28:09,929 - EXECUT - INFO - received weights from trainer sta0!
2026-06-25 10:28:10,461 - EXECUT - INFO - received weights from trainer sta9!
2026-06-25 10:28:10,478 - EXECUT - INFO - received weights from trainer sta8!
2026-06-25 10:28:10,526 - EXECUT - INFO - received weights from trainer sta10!
2026-06-25 10:28:10,939 - EXECUT - INFO - sent aggregated weights to trainers!
2026-06-25 10:28:11,246 - METRIC - INFO - {"loss": 0.0708080604672432, "accuracy": 0.9775910377502441, "energy_consumption": null, "selected": false, "client_name": "sta0"}
2026-06-25 10:28:11,255 - METRIC - INFO - {"loss": 0.058544937521219254, "accuracy": 0.981792688369751, "energy_consumption": null, "selected": false, "client_name": "sta3"}
2026-06-25 10:28:11,274 - METRIC - INFO - {"loss": 0.06679267436265945, "accuracy": 0.9810924530029297, "energy_consumption": null, "selected": false, "client_name": "sta7"}
2026-06-25 10:28:11,292 - METRIC - INFO - {"loss": 0.05106179043650627, "accuracy": 0.9831932783126831, "energy_consumption": null, "selected": false, "client_name": "sta1"}
2026-06-25 10:28:11,307 - METRIC - INFO - {"loss": 0.06253460049629211, "accuracy": 0.9831932783126831, "energy_consumption": null, "selected": false, "client_name": "sta5"}
2026-06-25 10:28:11,310 - METRIC - INFO - {"loss": 0.06952031701803207, "accuracy": 0.976190447807312, "energy_consumption": null, "selected": false, "client_name": "sta6"}
2026-06-25 10:28:11,316 - METRIC - INFO - {"loss": 0.0750720277428627, "accuracy": 0.970588207244873, "energy_consumption": null, "selected": false, "client_name": "sta4"}
2026-06-25 10:28:11,347 - METRIC - INFO - {"loss": 0.0669277235865593, "accuracy": 0.9789915680885315, "energy_consumption": null, "selected": false, "client_name": "sta2"}
2026-06-25 10:28:11,353 - METRIC - INFO - {"loss": 0.05020049586892128, "accuracy": 0.982492983341217, "energy_consumption": null, "selected": false, "client_name": "sta10"}
2026-06-25 10:28:11,354 - METRIC - INFO - {"loss": 0.06686311215162277, "accuracy": 0.9803921580314636, "energy_consumption": null, "selected": false, "client_name": "sta8"}
2026-06-25 10:28:11,358 - METRIC - INFO - {"loss": 0.06676065921783447, "accuracy": 0.9768907427787781, "energy_consumption": null, "selected": false, "client_name": "sta9"}
2026-06-25 10:28:11,942 - METRIC - INFO - mean_accuracy: 0.9793098948218606

2026-06-25 10:28:11,942 - METRIC - INFO - round: 28
2026-06-25 10:28:11,942 - METRIC - INFO - n_selected: 11
2026-06-25 10:28:11,942 - METRIC - INFO - {"selected_trainers": ["sta0", "sta1", "sta10", "sta2", "sta3", "sta4", "sta5", "sta6", "sta7", "sta8", "sta9"]}
2026-06-25 10:28:17,020 - EXECUT - INFO - received weights from trainer sta2!
2026-06-25 10:28:17,039 - EXECUT - INFO - received weights from trainer sta4!
2026-06-25 10:28:17,056 - EXECUT - INFO - received weights from trainer sta1!
2026-06-25 10:28:17,074 - EXECUT - INFO - received weights from trainer sta5!
2026-06-25 10:28:17,091 - EXECUT - INFO - received weights from trainer sta6!
2026-06-25 10:28:17,109 - EXECUT - INFO - received weights from trainer sta0!
2026-06-25 10:28:17,124 - EXECUT - INFO - received weights from trainer sta3!
2026-06-25 10:28:17,138 - EXECUT - INFO - received weights from trainer sta7!
2026-06-25 10:28:17,751 - EXECUT - INFO - received weights from trainer sta9!
2026-06-25 10:28:17,774 - EXECUT - INFO - received weights from trainer sta8!
2026-06-25 10:28:17,824 - EXECUT - INFO - received weights from trainer sta10!
2026-06-25 10:28:18,239 - EXECUT - INFO - sent aggregated weights to trainers!
2026-06-25 10:28:18,568 - METRIC - INFO - {"loss": 0.0700087621808052, "accuracy": 0.9782913327217102, "energy_consumption": null, "selected": false, "client_name": "sta0"}
2026-06-25 10:28:18,578 - METRIC - INFO - {"loss": 0.055016834288835526, "accuracy": 0.9831932783126831, "energy_consumption": null, "selected": false, "client_name": "sta3"}
2026-06-25 10:28:18,583 - METRIC - INFO - {"loss": 0.06380636245012283, "accuracy": 0.981792688369751, "energy_consumption": null, "selected": false, "client_name": "sta7"}
2026-06-25 10:28:18,595 - METRIC - INFO - {"loss": 0.06157699227333069, "accuracy": 0.981792688369751, "energy_consumption": null, "selected": false, "client_name": "sta5"}
2026-06-25 10:28:18,600 - METRIC - INFO - {"loss": 0.07551553100347519, "accuracy": 0.970588207244873, "energy_consumption": null, "selected": false, "client_name": "sta4"}
2026-06-25 10:28:18,637 - METRIC - INFO - {"loss": 0.06933075189590454, "accuracy": 0.9740896224975586, "energy_consumption": null, "selected": false, "client_name": "sta6"}
2026-06-25 10:28:18,655 - METRIC - INFO - {"loss": 0.06600318104028702, "accuracy": 0.9796918630599976, "energy_consumption": null, "selected": false, "client_name": "sta2"}
2026-06-25 10:28:18,660 - METRIC - INFO - {"loss": 0.04951617494225502, "accuracy": 0.9838935732841492, "energy_consumption": null, "selected": false, "client_name": "sta1"}
2026-06-25 10:28:18,665 - METRIC - INFO - {"loss": 0.06425236910581589, "accuracy": 0.9775910377502441, "energy_consumption": null, "selected": false, "client_name": "sta9"}
2026-06-25 10:28:18,666 - METRIC - INFO - {"loss": 0.04919956997036934, "accuracy": 0.9838935732841492, "energy_consumption": null, "selected": false, "client_name": "sta10"}
2026-06-25 10:28:18,670 - METRIC - INFO - {"loss": 0.06619593501091003, "accuracy": 0.982492983341217, "energy_consumption": null, "selected": false, "client_name": "sta8"}
2026-06-25 10:28:19,241 - METRIC - INFO - mean_accuracy: 0.9797555316578258

2026-06-25 10:28:19,241 - METRIC - INFO - round: 29
2026-06-25 10:28:19,241 - METRIC - INFO - n_selected: 11
2026-06-25 10:28:19,241 - METRIC - INFO - {"selected_trainers": ["sta0", "sta1", "sta10", "sta2", "sta3", "sta4", "sta5", "sta6", "sta7", "sta8", "sta9"]}
2026-06-25 10:28:24,163 - EXECUT - INFO - received weights from trainer sta5!
2026-06-25 10:28:24,180 - EXECUT - INFO - received weights from trainer sta2!
2026-06-25 10:28:24,196 - EXECUT - INFO - received weights from trainer sta1!
2026-06-25 10:28:24,213 - EXECUT - INFO - received weights from trainer sta4!
2026-06-25 10:28:24,229 - EXECUT - INFO - received weights from trainer sta3!
2026-06-25 10:28:24,247 - EXECUT - INFO - received weights from trainer sta7!
2026-06-25 10:28:24,261 - EXECUT - INFO - received weights from trainer sta6!
2026-06-25 10:28:24,525 - EXECUT - INFO - received weights from trainer sta0!
2026-06-25 10:28:24,778 - EXECUT - INFO - received weights from trainer sta9!
2026-06-25 10:28:24,802 - EXECUT - INFO - received weights from trainer sta10!
2026-06-25 10:28:24,817 - EXECUT - INFO - received weights from trainer sta8!
2026-06-25 10:28:25,526 - EXECUT - INFO - sent aggregated weights to trainers!
2026-06-25 10:28:25,845 - METRIC - INFO - {"loss": 0.06855053454637527, "accuracy": 0.9782913327217102, "energy_consumption": null, "selected": false, "client_name": "sta0"}
2026-06-25 10:28:25,847 - METRIC - INFO - {"loss": 0.05389457568526268, "accuracy": 0.982492983341217, "energy_consumption": null, "selected": false, "client_name": "sta3"}
2026-06-25 10:28:25,901 - METRIC - INFO - {"loss": 0.059367239475250244, "accuracy": 0.9831932783126831, "energy_consumption": null, "selected": false, "client_name": "sta5"}
2026-06-25 10:28:25,918 - METRIC - INFO - {"loss": 0.07199717313051224, "accuracy": 0.9726890921592712, "energy_consumption": null, "selected": false, "client_name": "sta6"}
2026-06-25 10:28:25,932 - METRIC - INFO - {"loss": 0.06343519687652588, "accuracy": 0.9789915680885315, "energy_consumption": null, "selected": false, "client_name": "sta2"}
2026-06-25 10:28:25,935 - METRIC - INFO - {"loss": 0.06487082690000534, "accuracy": 0.9838935732841492, "energy_consumption": null, "selected": false, "client_name": "sta8"}
2026-06-25 10:28:25,936 - METRIC - INFO - {"loss": 0.04844367504119873, "accuracy": 0.9852941036224365, "energy_consumption": null, "selected": false, "client_name": "sta1"}
2026-06-25 10:28:25,938 - METRIC - INFO - {"loss": 0.06514538079500198, "accuracy": 0.9796918630599976, "energy_consumption": null, "selected": false, "client_name": "sta9"}
2026-06-25 10:28:25,940 - METRIC - INFO - {"loss": 0.04660062864422798, "accuracy": 0.9845938086509705, "energy_consumption": null, "selected": false, "client_name": "sta10"}
2026-06-25 10:28:25,952 - METRIC - INFO - {"loss": 0.06152074411511421, "accuracy": 0.982492983341217, "energy_consumption": null, "selected": false, "client_name": "sta7"}
2026-06-25 10:28:25,991 - METRIC - INFO - {"loss": 0.07076659053564072, "accuracy": 0.9747899174690247, "energy_consumption": null, "selected": false, "client_name": "sta4"}
2026-06-25 10:28:26,528 - METRIC - INFO - mean_accuracy: 0.9805831367319281

2026-06-25 10:28:26,528 - METRIC - INFO - round: 30
2026-06-25 10:28:26,528 - METRIC - INFO - n_selected: 11
2026-06-25 10:28:26,528 - METRIC - INFO - {"selected_trainers": ["sta0", "sta1", "sta10", "sta2", "sta3", "sta4", "sta5", "sta6", "sta7", "sta8", "sta9"]}
2026-06-25 10:28:31,446 - EXECUT - INFO - received weights from trainer sta5!
2026-06-25 10:28:31,462 - EXECUT - INFO - received weights from trainer sta6!
2026-06-25 10:28:31,478 - EXECUT - INFO - received weights from trainer sta2!
2026-06-25 10:28:31,493 - EXECUT - INFO - received weights from trainer sta4!
2026-06-25 10:28:31,509 - EXECUT - INFO - received weights from trainer sta0!
2026-06-25 10:28:31,526 - EXECUT - INFO - received weights from trainer sta1!
2026-06-25 10:28:31,540 - EXECUT - INFO - received weights from trainer sta3!
2026-06-25 10:28:31,554 - EXECUT - INFO - received weights from trainer sta7!
2026-06-25 10:28:32,063 - EXECUT - INFO - received weights from trainer sta9!
2026-06-25 10:28:32,076 - EXECUT - INFO - received weights from trainer sta10!
2026-06-25 10:28:32,090 - EXECUT - INFO - received weights from trainer sta8!
2026-06-25 10:28:32,820 - EXECUT - INFO - sent aggregated weights to trainers!
2026-06-25 10:28:33,275 - METRIC - INFO - {"loss": 0.05395829305052757, "accuracy": 0.9831932783126831, "energy_consumption": null, "selected": false, "client_name": "sta3"}
2026-06-25 10:28:33,281 - METRIC - INFO - {"loss": 0.0650838315486908, "accuracy": 0.9796918630599976, "energy_consumption": null, "selected": false, "client_name": "sta0"}
2026-06-25 10:28:33,325 - METRIC - INFO - {"loss": 0.062225304543972015, "accuracy": 0.9810924530029297, "energy_consumption": null, "selected": false, "client_name": "sta7"}
2026-06-25 10:28:33,332 - METRIC - INFO - {"loss": 0.058513544499874115, "accuracy": 0.9796918630599976, "energy_consumption": null, "selected": false, "client_name": "sta5"}
2026-06-25 10:28:33,337 - METRIC - INFO - {"loss": 0.07045935839414597, "accuracy": 0.9726890921592712, "energy_consumption": null, "selected": false, "client_name": "sta4"}
2026-06-25 10:28:33,347 - METRIC - INFO - {"loss": 0.06746462732553482, "accuracy": 0.9754902124404907, "energy_consumption": null, "selected": false, "client_name": "sta6"}
2026-06-25 10:28:33,368 - METRIC - INFO - {"loss": 0.06223078444600105, "accuracy": 0.981792688369751, "energy_consumption": null, "selected": false, "client_name": "sta2"}
2026-06-25 10:28:33,369 - METRIC - INFO - {"loss": 0.04774487391114235, "accuracy": 0.9852941036224365, "energy_consumption": null, "selected": false, "client_name": "sta1"}
2026-06-25 10:28:33,373 - METRIC - INFO - {"loss": 0.06362903118133545, "accuracy": 0.9845938086509705, "energy_consumption": null, "selected": false, "client_name": "sta8"}
2026-06-25 10:28:33,382 - METRIC - INFO - {"loss": 0.06085757538676262, "accuracy": 0.981792688369751, "energy_consumption": null, "selected": false, "client_name": "sta9"}
2026-06-25 10:28:33,386 - METRIC - INFO - {"loss": 0.045483216643333435, "accuracy": 0.9845938086509705, "energy_consumption": null, "selected": false, "client_name": "sta10"}
2026-06-25 10:28:33,821 - METRIC - INFO - mean_accuracy: 0.9809014417908408

2026-06-25 10:28:33,821 - METRIC - INFO - round: 31
2026-06-25 10:28:33,821 - METRIC - INFO - n_selected: 11
2026-06-25 10:28:33,821 - METRIC - INFO - {"selected_trainers": ["sta0", "sta1", "sta10", "sta2", "sta3", "sta4", "sta5", "sta6", "sta7", "sta8", "sta9"]}
2026-06-25 10:28:38,709 - EXECUT - INFO - received weights from trainer sta2!
2026-06-25 10:28:38,732 - EXECUT - INFO - received weights from trainer sta1!
2026-06-25 10:28:38,746 - EXECUT - INFO - received weights from trainer sta6!
2026-06-25 10:28:38,759 - EXECUT - INFO - received weights from trainer sta0!
2026-06-25 10:28:38,773 - EXECUT - INFO - received weights from trainer sta4!
2026-06-25 10:28:38,789 - EXECUT - INFO - received weights from trainer sta3!
2026-06-25 10:28:38,802 - EXECUT - INFO - received weights from trainer sta7!
2026-06-25 10:28:39,133 - EXECUT - INFO - received weights from trainer sta5!
2026-06-25 10:28:39,384 - EXECUT - INFO - received weights from trainer sta8!
2026-06-25 10:28:39,399 - EXECUT - INFO - received weights from trainer sta9!
2026-06-25 10:28:39,433 - EXECUT - INFO - received weights from trainer sta10!
2026-06-25 10:28:40,099 - EXECUT - INFO - sent aggregated weights to trainers!
2026-06-25 10:28:40,402 - METRIC - INFO - {"loss": 0.0638255923986435, "accuracy": 0.9796918630599976, "energy_consumption": null, "selected": false, "client_name": "sta0"}
2026-06-25 10:28:40,414 - METRIC - INFO - {"loss": 0.045749470591545105, "accuracy": 0.9845938086509705, "energy_consumption": null, "selected": false, "client_name": "sta1"}
2026-06-25 10:28:40,416 - METRIC - INFO - {"loss": 0.05247287452220917, "accuracy": 0.9838935732841492, "energy_consumption": null, "selected": false, "client_name": "sta3"}
2026-06-25 10:28:40,434 - METRIC - INFO - {"loss": 0.060180921107530594, "accuracy": 0.981792688369751, "energy_consumption": null, "selected": false, "client_name": "sta7"}
2026-06-25 10:28:40,445 - METRIC - INFO - {"loss": 0.06929036229848862, "accuracy": 0.9754902124404907, "energy_consumption": null, "selected": false, "client_name": "sta4"}
2026-06-25 10:28:40,462 - METRIC - INFO - {"loss": 0.05993157625198364, "accuracy": 0.981792688369751, "energy_consumption": null, "selected": false, "client_name": "sta2"}
2026-06-25 10:28:40,471 - METRIC - INFO - {"loss": 0.05803871154785156, "accuracy": 0.981792688369751, "energy_consumption": null, "selected": false, "client_name": "sta5"}
2026-06-25 10:28:40,485 - METRIC - INFO - {"loss": 0.06524117290973663, "accuracy": 0.9754902124404907, "energy_consumption": null, "selected": false, "client_name": "sta6"}
2026-06-25 10:28:40,494 - METRIC - INFO - {"loss": 0.06181754171848297, "accuracy": 0.9838935732841492, "energy_consumption": null, "selected": false, "client_name": "sta8"}
2026-06-25 10:28:40,504 - METRIC - INFO - {"loss": 0.043690238147974014, "accuracy": 0.9852941036224365, "energy_consumption": null, "selected": false, "client_name": "sta10"}
2026-06-25 10:28:40,505 - METRIC - INFO - {"loss": 0.05950203165411949, "accuracy": 0.9789915680885315, "energy_consumption": null, "selected": false, "client_name": "sta9"}
2026-06-25 10:28:41,102 - METRIC - INFO - mean_accuracy: 0.9811560890891335

2026-06-25 10:28:41,102 - METRIC - INFO - round: 32
2026-06-25 10:28:41,102 - METRIC - INFO - n_selected: 11
2026-06-25 10:28:41,102 - METRIC - INFO - {"selected_trainers": ["sta0", "sta1", "sta10", "sta2", "sta3", "sta4", "sta5", "sta6", "sta7", "sta8", "sta9"]}
2026-06-25 10:28:45,934 - EXECUT - INFO - received weights from trainer sta1!
2026-06-25 10:28:45,948 - EXECUT - INFO - received weights from trainer sta5!
2026-06-25 10:28:45,961 - EXECUT - INFO - received weights from trainer sta6!
2026-06-25 10:28:45,975 - EXECUT - INFO - received weights from trainer sta2!
2026-06-25 10:28:45,988 - EXECUT - INFO - received weights from trainer sta0!
2026-06-25 10:28:46,003 - EXECUT - INFO - received weights from trainer sta4!
2026-06-25 10:28:46,034 - EXECUT - INFO - received weights from trainer sta7!
2026-06-25 10:28:46,047 - EXECUT - INFO - received weights from trainer sta3!
2026-06-25 10:28:46,529 - EXECUT - INFO - received weights from trainer sta9!
2026-06-25 10:28:46,569 - EXECUT - INFO - received weights from trainer sta8!
2026-06-25 10:28:46,607 - EXECUT - INFO - received weights from trainer sta10!
2026-06-25 10:28:47,387 - EXECUT - INFO - sent aggregated weights to trainers!
2026-06-25 10:28:47,680 - METRIC - INFO - {"loss": 0.0634322538971901, "accuracy": 0.9796918630599976, "energy_consumption": null, "selected": false, "client_name": "sta0"}
2026-06-25 10:28:47,694 - METRIC - INFO - {"loss": 0.04573260620236397, "accuracy": 0.9866946935653687, "energy_consumption": null, "selected": false, "client_name": "sta1"}
2026-06-25 10:28:47,700 - METRIC - INFO - {"loss": 0.049778442829847336, "accuracy": 0.9845938086509705, "energy_consumption": null, "selected": false, "client_name": "sta3"}
2026-06-25 10:28:47,722 - METRIC - INFO - {"loss": 0.06502662599086761, "accuracy": 0.976190447807312, "energy_consumption": null, "selected": false, "client_name": "sta6"}
2026-06-25 10:28:47,722 - METRIC - INFO - {"loss": 0.06756757199764252, "accuracy": 0.9768907427787781, "energy_consumption": null, "selected": false, "client_name": "sta4"}
2026-06-25 10:28:47,723 - METRIC - INFO - {"loss": 0.057571396231651306, "accuracy": 0.981792688369751, "energy_consumption": null, "selected": false, "client_name": "sta7"}
2026-06-25 10:28:47,732 - METRIC - INFO - {"loss": 0.055789459496736526, "accuracy": 0.9831932783126831, "energy_consumption": null, "selected": false, "client_name": "sta5"}
2026-06-25 10:28:47,750 - METRIC - INFO - {"loss": 0.05931433290243149, "accuracy": 0.9803921580314636, "energy_consumption": null, "selected": false, "client_name": "sta2"}
2026-06-25 10:28:47,770 - METRIC - INFO - {"loss": 0.04244744032621384, "accuracy": 0.9852941036224365, "energy_consumption": null, "selected": false, "client_name": "sta10"}
2026-06-25 10:28:47,775 - METRIC - INFO - {"loss": 0.06004253402352333, "accuracy": 0.9831932783126831, "energy_consumption": null, "selected": false, "client_name": "sta8"}
2026-06-25 10:28:47,781 - METRIC - INFO - {"loss": 0.05617092549800873, "accuracy": 0.9810924530029297, "energy_consumption": null, "selected": false, "client_name": "sta9"}
2026-06-25 10:28:48,389 - METRIC - INFO - mean_accuracy: 0.9817290468649431

2026-06-25 10:28:48,389 - METRIC - INFO - round: 33
2026-06-25 10:28:48,389 - METRIC - INFO - n_selected: 11
2026-06-25 10:28:48,389 - METRIC - INFO - {"selected_trainers": ["sta0", "sta1", "sta10", "sta2", "sta3", "sta4", "sta5", "sta6", "sta7", "sta8", "sta9"]}
2026-06-25 10:28:53,112 - EXECUT - INFO - received weights from trainer sta2!
2026-06-25 10:28:53,131 - EXECUT - INFO - received weights from trainer sta5!
2026-06-25 10:28:53,144 - EXECUT - INFO - received weights from trainer sta1!
2026-06-25 10:28:53,157 - EXECUT - INFO - received weights from trainer sta7!
2026-06-25 10:28:53,170 - EXECUT - INFO - received weights from trainer sta3!
2026-06-25 10:28:53,183 - EXECUT - INFO - received weights from trainer sta0!
2026-06-25 10:28:53,198 - EXECUT - INFO - received weights from trainer sta6!
2026-06-25 10:28:53,211 - EXECUT - INFO - received weights from trainer sta4!
2026-06-25 10:28:53,679 - EXECUT - INFO - received weights from trainer sta10!
2026-06-25 10:28:53,691 - EXECUT - INFO - received weights from trainer sta8!
2026-06-25 10:28:53,703 - EXECUT - INFO - received weights from trainer sta9!
2026-06-25 10:28:54,653 - EXECUT - INFO - sent aggregated weights to trainers!
2026-06-25 10:28:54,945 - METRIC - INFO - {"loss": 0.043857622891664505, "accuracy": 0.9859943985939026, "energy_consumption": null, "selected": false, "client_name": "sta1"}
2026-06-25 10:28:54,954 - METRIC - INFO - {"loss": 0.06218838691711426, "accuracy": 0.981792688369751, "energy_consumption": null, "selected": false, "client_name": "sta0"}
2026-06-25 10:28:54,955 - METRIC - INFO - {"loss": 0.050770651549100876, "accuracy": 0.9838935732841492, "energy_consumption": null, "selected": false, "client_name": "sta3"}
2026-06-25 10:28:54,975 - METRIC - INFO - {"loss": 0.055679742246866226, "accuracy": 0.982492983341217, "energy_consumption": null, "selected": false, "client_name": "sta7"}
2026-06-25 10:28:54,978 - METRIC - INFO - {"loss": 0.054880157113075256, "accuracy": 0.9838935732841492, "energy_consumption": null, "selected": false, "client_name": "sta5"}
2026-06-25 10:28:54,989 - METRIC - INFO - {"loss": 0.06457547098398209, "accuracy": 0.9775910377502441, "energy_consumption": null, "selected": false, "client_name": "sta6"}
2026-06-25 10:28:55,002 - METRIC - INFO - {"loss": 0.058481693267822266, "accuracy": 0.982492983341217, "energy_consumption": null, "selected": false, "client_name": "sta2"}
2026-06-25 10:28:55,005 - METRIC - INFO - {"loss": 0.06764363497495651, "accuracy": 0.9768907427787781, "energy_consumption": null, "selected": false, "client_name": "sta4"}
2026-06-25 10:28:55,026 - METRIC - INFO - {"loss": 0.04201053828001022, "accuracy": 0.988095223903656, "energy_consumption": null, "selected": false, "client_name": "sta10"}
2026-06-25 10:28:55,030 - METRIC - INFO - {"loss": 0.05753806233406067, "accuracy": 0.9803921580314636, "energy_consumption": null, "selected": false, "client_name": "sta9"}
2026-06-25 10:28:55,032 - METRIC - INFO - {"loss": 0.05960996076464653, "accuracy": 0.9838935732841492, "energy_consumption": null, "selected": false, "client_name": "sta8"}
2026-06-25 10:28:55,656 - METRIC - INFO - mean_accuracy: 0.9824929941784252

2026-06-25 10:28:55,656 - METRIC - INFO - round: 34
2026-06-25 10:28:55,656 - METRIC - INFO - n_selected: 11
2026-06-25 10:28:55,656 - METRIC - INFO - {"selected_trainers": ["sta0", "sta1", "sta10", "sta2", "sta3", "sta4", "sta5", "sta6", "sta7", "sta8", "sta9"]}
2026-06-25 10:29:00,298 - EXECUT - INFO - received weights from trainer sta0!
2026-06-25 10:29:00,321 - EXECUT - INFO - received weights from trainer sta2!
2026-06-25 10:29:00,364 - EXECUT - INFO - received weights from trainer sta3!
2026-06-25 10:29:00,378 - EXECUT - INFO - received weights from trainer sta5!
2026-06-25 10:29:00,409 - EXECUT - INFO - received weights from trainer sta4!
2026-06-25 10:29:00,432 - EXECUT - INFO - received weights from trainer sta7!
2026-06-25 10:29:00,447 - EXECUT - INFO - received weights from trainer sta1!
2026-06-25 10:29:00,459 - EXECUT - INFO - received weights from trainer sta6!
2026-06-25 10:29:00,902 - EXECUT - INFO - received weights from trainer sta9!
2026-06-25 10:29:00,926 - EXECUT - INFO - received weights from trainer sta10!
2026-06-25 10:29:00,947 - EXECUT - INFO - received weights from trainer sta8!
2026-06-25 10:29:01,923 - EXECUT - INFO - sent aggregated weights to trainers!
2026-06-25 10:29:02,199 - METRIC - INFO - {"loss": 0.059494297951459885, "accuracy": 0.9789915680885315, "energy_consumption": null, "selected": false, "client_name": "sta0"}
2026-06-25 10:29:02,216 - METRIC - INFO - {"loss": 0.05057869851589203, "accuracy": 0.9845938086509705, "energy_consumption": null, "selected": false, "client_name": "sta3"}
2026-06-25 10:29:02,216 - METRIC - INFO - {"loss": 0.04416880011558533, "accuracy": 0.9866946935653687, "energy_consumption": null, "selected": false, "client_name": "sta1"}
2026-06-25 10:29:02,230 - METRIC - INFO - {"loss": 0.054084714502096176, "accuracy": 0.982492983341217, "energy_consumption": null, "selected": false, "client_name": "sta7"}
2026-06-25 10:29:02,257 - METRIC - INFO - {"loss": 0.06643516570329666, "accuracy": 0.9782913327217102, "energy_consumption": null, "selected": false, "client_name": "sta4"}
2026-06-25 10:29:02,264 - METRIC - INFO - {"loss": 0.05328724533319473, "accuracy": 0.9831932783126831, "energy_consumption": null, "selected": false, "client_name": "sta5"}
2026-06-25 10:29:02,264 - METRIC - INFO - {"loss": 0.05708066746592522, "accuracy": 0.982492983341217, "energy_consumption": null, "selected": false, "client_name": "sta2"}
2026-06-25 10:29:02,264 - METRIC - INFO - {"loss": 0.06183528155088425, "accuracy": 0.9768907427787781, "energy_consumption": null, "selected": false, "client_name": "sta6"}
2026-06-25 10:29:02,297 - METRIC - INFO - {"loss": 0.05951843410730362, "accuracy": 0.9838935732841492, "energy_consumption": null, "selected": false, "client_name": "sta8"}
2026-06-25 10:29:02,299 - METRIC - INFO - {"loss": 0.054493993520736694, "accuracy": 0.981792688369751, "energy_consumption": null, "selected": false, "client_name": "sta9"}
2026-06-25 10:29:02,320 - METRIC - INFO - {"loss": 0.04064173251390457, "accuracy": 0.9838935732841492, "energy_consumption": null, "selected": false, "client_name": "sta10"}
2026-06-25 10:29:02,926 - METRIC - INFO - mean_accuracy: 0.9821110205216841

2026-06-25 10:29:02,926 - METRIC - INFO - round: 35
2026-06-25 10:29:02,926 - METRIC - INFO - n_selected: 11
2026-06-25 10:29:02,926 - METRIC - INFO - {"selected_trainers": ["sta0", "sta1", "sta10", "sta2", "sta3", "sta4", "sta5", "sta6", "sta7", "sta8", "sta9"]}
2026-06-25 10:29:07,482 - EXECUT - INFO - received weights from trainer sta2!
2026-06-25 10:29:07,510 - EXECUT - INFO - received weights from trainer sta1!
2026-06-25 10:29:07,526 - EXECUT - INFO - received weights from trainer sta3!
2026-06-25 10:29:07,538 - EXECUT - INFO - received weights from trainer sta0!
2026-06-25 10:29:07,560 - EXECUT - INFO - received weights from trainer sta4!
2026-06-25 10:29:07,591 - EXECUT - INFO - received weights from trainer sta7!
2026-06-25 10:29:07,608 - EXECUT - INFO - received weights from trainer sta6!
2026-06-25 10:29:08,087 - EXECUT - INFO - received weights from trainer sta8!
2026-06-25 10:29:08,114 - EXECUT - INFO - received weights from trainer sta10!
2026-06-25 10:29:08,128 - EXECUT - INFO - received weights from trainer sta9!
2026-06-25 10:29:08,201 - EXECUT - INFO - received weights from trainer sta5!
2026-06-25 10:29:09,177 - EXECUT - INFO - sent aggregated weights to trainers!
2026-06-25 10:29:09,454 - METRIC - INFO - {"loss": 0.04258767142891884, "accuracy": 0.9873949289321899, "energy_consumption": null, "selected": false, "client_name": "sta1"}
2026-06-25 10:29:09,454 - METRIC - INFO - {"loss": 0.04825274273753166, "accuracy": 0.9852941036224365, "energy_consumption": null, "selected": false, "client_name": "sta3"}
2026-06-25 10:29:09,454 - METRIC - INFO - {"loss": 0.05901306867599487, "accuracy": 0.982492983341217, "energy_consumption": null, "selected": false, "client_name": "sta0"}
2026-06-25 10:29:09,481 - METRIC - INFO - {"loss": 0.053614094853401184, "accuracy": 0.981792688369751, "energy_consumption": null, "selected": false, "client_name": "sta7"}
2026-06-25 10:29:09,484 - METRIC - INFO - {"loss": 0.06060269474983215, "accuracy": 0.9782913327217102, "energy_consumption": null, "selected": false, "client_name": "sta6"}
2026-06-25 10:29:09,487 - METRIC - INFO - {"loss": 0.05526537448167801, "accuracy": 0.982492983341217, "energy_consumption": null, "selected": false, "client_name": "sta5"}
2026-06-25 10:29:09,498 - METRIC - INFO - {"loss": 0.06601428985595703, "accuracy": 0.9782913327217102, "energy_consumption": null, "selected": false, "client_name": "sta4"}
2026-06-25 10:29:09,506 - METRIC - INFO - {"loss": 0.056153662502765656, "accuracy": 0.9831932783126831, "energy_consumption": null, "selected": false, "client_name": "sta2"}
2026-06-25 10:29:09,544 - METRIC - INFO - {"loss": 0.0388546846807003, "accuracy": 0.9859943985939026, "energy_consumption": null, "selected": false, "client_name": "sta10"}
2026-06-25 10:29:09,544 - METRIC - INFO - {"loss": 0.057282429188489914, "accuracy": 0.9831932783126831, "energy_consumption": null, "selected": false, "client_name": "sta8"}
2026-06-25 10:29:09,550 - METRIC - INFO - {"loss": 0.05334780365228653, "accuracy": 0.981792688369751, "energy_consumption": null, "selected": false, "client_name": "sta9"}
2026-06-25 10:29:10,179 - METRIC - INFO - mean_accuracy: 0.9827476360581138

2026-06-25 10:29:10,179 - METRIC - INFO - round: 36
2026-06-25 10:29:10,179 - METRIC - INFO - n_selected: 11
2026-06-25 10:29:10,179 - METRIC - INFO - {"selected_trainers": ["sta0", "sta1", "sta10", "sta2", "sta3", "sta4", "sta5", "sta6", "sta7", "sta8", "sta9"]}
2026-06-25 10:29:14,745 - EXECUT - INFO - received weights from trainer sta2!
2026-06-25 10:29:14,759 - EXECUT - INFO - received weights from trainer sta5!
2026-06-25 10:29:14,774 - EXECUT - INFO - received weights from trainer sta1!
2026-06-25 10:29:14,799 - EXECUT - INFO - received weights from trainer sta3!
2026-06-25 10:29:14,829 - EXECUT - INFO - received weights from trainer sta4!
2026-06-25 10:29:14,843 - EXECUT - INFO - received weights from trainer sta6!
2026-06-25 10:29:14,879 - EXECUT - INFO - received weights from trainer sta7!
2026-06-25 10:29:15,335 - EXECUT - INFO - received weights from trainer sta10!
2026-06-25 10:29:15,349 - EXECUT - INFO - received weights from trainer sta8!
2026-06-25 10:29:15,375 - EXECUT - INFO - received weights from trainer sta9!
2026-06-25 10:29:15,450 - EXECUT - INFO - received weights from trainer sta0!
2026-06-25 10:29:16,441 - EXECUT - INFO - sent aggregated weights to trainers!
2026-06-25 10:29:16,713 - METRIC - INFO - {"loss": 0.057999834418296814, "accuracy": 0.9838935732841492, "energy_consumption": null, "selected": false, "client_name": "sta0"}
2026-06-25 10:29:16,725 - METRIC - INFO - {"loss": 0.048993609845638275, "accuracy": 0.9845938086509705, "energy_consumption": null, "selected": false, "client_name": "sta3"}
2026-06-25 10:29:16,749 - METRIC - INFO - {"loss": 0.05354667454957962, "accuracy": 0.9831932783126831, "energy_consumption": null, "selected": false, "client_name": "sta7"}
2026-06-25 10:29:16,752 - METRIC - INFO - {"loss": 0.05290079489350319, "accuracy": 0.9838935732841492, "energy_consumption": null, "selected": false, "client_name": "sta5"}
2026-06-25 10:29:16,764 - METRIC - INFO - {"loss": 0.05916416645050049, "accuracy": 0.9789915680885315, "energy_consumption": null, "selected": false, "client_name": "sta6"}
2026-06-25 10:29:16,774 - METRIC - INFO - {"loss": 0.06398151069879532, "accuracy": 0.9775910377502441, "energy_consumption": null, "selected": false, "client_name": "sta4"}
2026-06-25 10:29:16,789 - METRIC - INFO - {"loss": 0.0575484000146389, "accuracy": 0.9810924530029297, "energy_consumption": null, "selected": false, "client_name": "sta2"}
2026-06-25 10:29:16,791 - METRIC - INFO - {"loss": 0.04166384041309357, "accuracy": 0.9873949289321899, "energy_consumption": null, "selected": false, "client_name": "sta1"}
2026-06-25 10:29:16,810 - METRIC - INFO - {"loss": 0.0570707768201828, "accuracy": 0.9831932783126831, "energy_consumption": null, "selected": false, "client_name": "sta8"}
2026-06-25 10:29:16,812 - METRIC - INFO - {"loss": 0.03898724168539047, "accuracy": 0.9873949289321899, "energy_consumption": null, "selected": false, "client_name": "sta10"}
2026-06-25 10:29:16,891 - METRIC - INFO - {"loss": 0.05467619374394417, "accuracy": 0.981792688369751, "energy_consumption": null, "selected": false, "client_name": "sta9"}
2026-06-25 10:29:17,444 - METRIC - INFO - mean_accuracy: 0.9830022833564065

2026-06-25 10:29:17,444 - METRIC - INFO - round: 37
2026-06-25 10:29:17,444 - METRIC - INFO - n_selected: 11
2026-06-25 10:29:17,444 - METRIC - INFO - {"selected_trainers": ["sta0", "sta1", "sta10", "sta2", "sta3", "sta4", "sta5", "sta6", "sta7", "sta8", "sta9"]}
2026-06-25 10:29:21,980 - EXECUT - INFO - received weights from trainer sta3!
2026-06-25 10:29:21,992 - EXECUT - INFO - received weights from trainer sta0!
2026-06-25 10:29:22,004 - EXECUT - INFO - received weights from trainer sta5!
2026-06-25 10:29:22,016 - EXECUT - INFO - received weights from trainer sta4!
2026-06-25 10:29:22,028 - EXECUT - INFO - received weights from trainer sta2!
2026-06-25 10:29:22,040 - EXECUT - INFO - received weights from trainer sta1!
2026-06-25 10:29:22,055 - EXECUT - INFO - received weights from trainer sta6!
2026-06-25 10:29:22,066 - EXECUT - INFO - received weights from trainer sta7!
2026-06-25 10:29:22,518 - EXECUT - INFO - received weights from trainer sta10!
2026-06-25 10:29:22,560 - EXECUT - INFO - received weights from trainer sta9!
2026-06-25 10:29:22,571 - EXECUT - INFO - received weights from trainer sta8!
2026-06-25 10:29:23,705 - EXECUT - INFO - sent aggregated weights to trainers!
2026-06-25 10:29:23,971 - METRIC - INFO - {"loss": 0.057249151170253754, "accuracy": 0.9845938086509705, "energy_consumption": null, "selected": false, "client_name": "sta0"}
2026-06-25 10:29:23,977 - METRIC - INFO - {"loss": 0.04782586917281151, "accuracy": 0.9859943985939026, "energy_consumption": null, "selected": false, "client_name": "sta3"}
2026-06-25 10:29:24,028 - METRIC - INFO - {"loss": 0.06321965157985687, "accuracy": 0.9782913327217102, "energy_consumption": null, "selected": false, "client_name": "sta4"}
2026-06-25 10:29:24,029 - METRIC - INFO - {"loss": 0.05117286369204521, "accuracy": 0.9845938086509705, "energy_consumption": null, "selected": false, "client_name": "sta7"}
2026-06-25 10:29:24,045 - METRIC - INFO - {"loss": 0.06085287407040596, "accuracy": 0.976190447807312, "energy_consumption": null, "selected": false, "client_name": "sta6"}
2026-06-25 10:29:24,047 - METRIC - INFO - {"loss": 0.05270015448331833, "accuracy": 0.9831932783126831, "energy_consumption": null, "selected": false, "client_name": "sta5"}
2026-06-25 10:29:24,054 - METRIC - INFO - {"loss": 0.05492856726050377, "accuracy": 0.982492983341217, "energy_consumption": null, "selected": false, "client_name": "sta2"}
2026-06-25 10:29:24,062 - METRIC - INFO - {"loss": 0.04077858477830887, "accuracy": 0.9873949289321899, "energy_consumption": null, "selected": false, "client_name": "sta1"}
2026-06-25 10:29:24,073 - METRIC - INFO - {"loss": 0.03751673176884651, "accuracy": 0.9859943985939026, "energy_consumption": null, "selected": false, "client_name": "sta10"}
2026-06-25 10:29:24,076 - METRIC - INFO - {"loss": 0.05648618936538696, "accuracy": 0.9852941036224365, "energy_consumption": null, "selected": false, "client_name": "sta8"}
2026-06-25 10:29:24,083 - METRIC - INFO - {"loss": 0.052860237658023834, "accuracy": 0.981792688369751, "energy_consumption": null, "selected": false, "client_name": "sta9"}
2026-06-25 10:29:24,707 - METRIC - INFO - mean_accuracy: 0.9832569252360951

2026-06-25 10:29:24,707 - METRIC - INFO - round: 38
2026-06-25 10:29:24,707 - METRIC - INFO - n_selected: 11
2026-06-25 10:29:24,707 - METRIC - INFO - {"selected_trainers": ["sta0", "sta1", "sta10", "sta2", "sta3", "sta4", "sta5", "sta6", "sta7", "sta8", "sta9"]}
2026-06-25 10:29:29,204 - EXECUT - INFO - received weights from trainer sta1!
2026-06-25 10:29:29,220 - EXECUT - INFO - received weights from trainer sta5!
2026-06-25 10:29:29,235 - EXECUT - INFO - received weights from trainer sta0!
2026-06-25 10:29:29,250 - EXECUT - INFO - received weights from trainer sta2!
2026-06-25 10:29:29,266 - EXECUT - INFO - received weights from trainer sta3!
2026-06-25 10:29:29,279 - EXECUT - INFO - received weights from trainer sta4!
2026-06-25 10:29:29,296 - EXECUT - INFO - received weights from trainer sta6!
2026-06-25 10:29:29,316 - EXECUT - INFO - received weights from trainer sta7!
2026-06-25 10:29:29,764 - EXECUT - INFO - received weights from trainer sta10!
2026-06-25 10:29:29,775 - EXECUT - INFO - received weights from trainer sta9!
2026-06-25 10:29:29,786 - EXECUT - INFO - received weights from trainer sta8!
2026-06-25 10:29:30,956 - EXECUT - INFO - sent aggregated weights to trainers!
2026-06-25 10:29:31,222 - METRIC - INFO - {"loss": 0.04223101958632469, "accuracy": 0.988095223903656, "energy_consumption": null, "selected": false, "client_name": "sta1"}
2026-06-25 10:29:31,235 - METRIC - INFO - {"loss": 0.05041908472776413, "accuracy": 0.9838935732841492, "energy_consumption": null, "selected": false, "client_name": "sta7"}
2026-06-25 10:29:31,243 - METRIC - INFO - {"loss": 0.05504177510738373, "accuracy": 0.9831932783126831, "energy_consumption": null, "selected": false, "client_name": "sta0"}
2026-06-25 10:29:31,246 - METRIC - INFO - {"loss": 0.0468839593231678, "accuracy": 0.9859943985939026, "energy_consumption": null, "selected": false, "client_name": "sta3"}
2026-06-25 10:29:31,254 - METRIC - INFO - {"loss": 0.05086962506175041, "accuracy": 0.9845938086509705, "energy_consumption": null, "selected": false, "client_name": "sta5"}
2026-06-25 10:29:31,257 - METRIC - INFO - {"loss": 0.058072708547115326, "accuracy": 0.9796918630599976, "energy_consumption": null, "selected": false, "client_name": "sta6"}
2026-06-25 10:29:31,271 - METRIC - INFO - {"loss": 0.062374141067266464, "accuracy": 0.9782913327217102, "energy_consumption": null, "selected": false, "client_name": "sta4"}
2026-06-25 10:29:31,295 - METRIC - INFO - {"loss": 0.05473853275179863, "accuracy": 0.982492983341217, "energy_consumption": null, "selected": false, "client_name": "sta2"}
2026-06-25 10:29:31,309 - METRIC - INFO - {"loss": 0.036776065826416016, "accuracy": 0.9859943985939026, "energy_consumption": null, "selected": false, "client_name": "sta10"}
2026-06-25 10:29:31,311 - METRIC - INFO - {"loss": 0.056300871074199677, "accuracy": 0.9831932783126831, "energy_consumption": null, "selected": false, "client_name": "sta8"}
2026-06-25 10:29:31,394 - METRIC - INFO - {"loss": 0.05432351306080818, "accuracy": 0.981792688369751, "energy_consumption": null, "selected": false, "client_name": "sta9"}
2026-06-25 10:29:31,958 - METRIC - INFO - mean_accuracy: 0.9833842570131476

2026-06-25 10:29:31,959 - METRIC - INFO - round: 39
2026-06-25 10:29:31,959 - METRIC - INFO - n_selected: 11
2026-06-25 10:29:31,959 - METRIC - INFO - {"selected_trainers": ["sta0", "sta1", "sta10", "sta2", "sta3", "sta4", "sta5", "sta6", "sta7", "sta8", "sta9"]}
2026-06-25 10:29:36,393 - EXECUT - INFO - received weights from trainer sta0!
2026-06-25 10:29:36,409 - EXECUT - INFO - received weights from trainer sta5!
2026-06-25 10:29:36,423 - EXECUT - INFO - received weights from trainer sta4!
2026-06-25 10:29:36,437 - EXECUT - INFO - received weights from trainer sta2!
2026-06-25 10:29:36,450 - EXECUT - INFO - received weights from trainer sta1!
2026-06-25 10:29:36,463 - EXECUT - INFO - received weights from trainer sta6!
2026-06-25 10:29:36,476 - EXECUT - INFO - received weights from trainer sta3!
2026-06-25 10:29:36,499 - EXECUT - INFO - received weights from trainer sta7!
2026-06-25 10:29:36,844 - EXECUT - INFO - received weights from trainer sta10!
2026-06-25 10:29:36,870 - EXECUT - INFO - received weights from trainer sta8!
2026-06-25 10:29:36,904 - EXECUT - INFO - received weights from trainer sta9!
2026-06-25 10:29:37,190 - EXECUT - INFO - sent aggregated weights to trainers!
2026-06-25 10:29:37,446 - METRIC - INFO - {"loss": 0.055456262081861496, "accuracy": 0.9838935732841492, "energy_consumption": null, "selected": false, "client_name": "sta0"}
2026-06-25 10:29:37,456 - METRIC - INFO - {"loss": 0.04471973702311516, "accuracy": 0.9859943985939026, "energy_consumption": null, "selected": false, "client_name": "sta3"}
2026-06-25 10:29:37,457 - METRIC - INFO - {"loss": 0.053738366812467575, "accuracy": 0.9831932783126831, "energy_consumption": null, "selected": false, "client_name": "sta2"}
2026-06-25 10:29:37,484 - METRIC - INFO - {"loss": 0.05042329803109169, "accuracy": 0.9859943985939026, "energy_consumption": null, "selected": false, "client_name": "sta5"}
2026-06-25 10:29:37,495 - METRIC - INFO - {"loss": 0.0490727461874485, "accuracy": 0.9838935732841492, "energy_consumption": null, "selected": false, "client_name": "sta7"}
2026-06-25 10:29:37,499 - METRIC - INFO - {"loss": 0.06348918378353119, "accuracy": 0.9789915680885315, "energy_consumption": null, "selected": false, "client_name": "sta4"}
2026-06-25 10:29:37,518 - METRIC - INFO - {"loss": 0.04072542116045952, "accuracy": 0.9852941036224365, "energy_consumption": null, "selected": false, "client_name": "sta1"}
2026-06-25 10:29:37,518 - METRIC - INFO - {"loss": 0.06022520735859871, "accuracy": 0.9775910377502441, "energy_consumption": null, "selected": false, "client_name": "sta6"}
2026-06-25 10:29:37,530 - METRIC - INFO - {"loss": 0.05069710314273834, "accuracy": 0.982492983341217, "energy_consumption": null, "selected": false, "client_name": "sta9"}
2026-06-25 10:29:37,532 - METRIC - INFO - {"loss": 0.03669652342796326, "accuracy": 0.9873949289321899, "energy_consumption": null, "selected": false, "client_name": "sta10"}
2026-06-25 10:29:37,533 - METRIC - INFO - {"loss": 0.05688996985554695, "accuracy": 0.9845938086509705, "energy_consumption": null, "selected": false, "client_name": "sta8"}
2026-06-25 10:29:38,192 - METRIC - INFO - mean_accuracy: 0.9835752411322161

2026-06-25 10:29:38,192 - METRIC - INFO - round: 40
2026-06-25 10:29:38,192 - METRIC - INFO - n_selected: 11
2026-06-25 10:29:38,192 - METRIC - INFO - {"selected_trainers": ["sta0", "sta1", "sta10", "sta2", "sta3", "sta4", "sta5", "sta6", "sta7", "sta8", "sta9"]}
2026-06-25 10:29:42,595 - EXECUT - INFO - received weights from trainer sta3!
2026-06-25 10:29:42,610 - EXECUT - INFO - received weights from trainer sta2!
2026-06-25 10:29:42,623 - EXECUT - INFO - received weights from trainer sta0!
2026-06-25 10:29:42,634 - EXECUT - INFO - received weights from trainer sta6!
2026-06-25 10:29:42,645 - EXECUT - INFO - received weights from trainer sta5!
2026-06-25 10:29:42,656 - EXECUT - INFO - received weights from trainer sta1!
2026-06-25 10:29:42,667 - EXECUT - INFO - received weights from trainer sta4!
2026-06-25 10:29:42,700 - EXECUT - INFO - received weights from trainer sta7!
2026-06-25 10:29:43,095 - EXECUT - INFO - received weights from trainer sta10!
2026-06-25 10:29:43,105 - EXECUT - INFO - received weights from trainer sta9!
2026-06-25 10:29:43,124 - EXECUT - INFO - received weights from trainer sta8!
2026-06-25 10:29:43,430 - EXECUT - INFO - sent aggregated weights to trainers!
2026-06-25 10:29:43,683 - METRIC - INFO - {"loss": 0.05431094393134117, "accuracy": 0.9845938086509705, "energy_consumption": null, "selected": false, "client_name": "sta0"}
2026-06-25 10:29:43,710 - METRIC - INFO - {"loss": 0.0485127754509449, "accuracy": 0.9852941036224365, "energy_consumption": null, "selected": false, "client_name": "sta7"}
2026-06-25 10:29:43,712 - METRIC - INFO - {"loss": 0.044352736324071884, "accuracy": 0.9859943985939026, "energy_consumption": null, "selected": false, "client_name": "sta3"}
2026-06-25 10:29:43,721 - METRIC - INFO - {"loss": 0.055115167051553726, "accuracy": 0.9796918630599976, "energy_consumption": null, "selected": false, "client_name": "sta6"}
2026-06-25 10:29:43,721 - METRIC - INFO - {"loss": 0.06224038079380989, "accuracy": 0.9803921580314636, "energy_consumption": null, "selected": false, "client_name": "sta4"}
2026-06-25 10:29:43,727 - METRIC - INFO - {"loss": 0.05026489868760109, "accuracy": 0.9845938086509705, "energy_consumption": null, "selected": false, "client_name": "sta5"}
2026-06-25 10:29:43,771 - METRIC - INFO - {"loss": 0.05326133593916893, "accuracy": 0.9831932783126831, "energy_consumption": null, "selected": false, "client_name": "sta2"}
2026-06-25 10:29:43,772 - METRIC - INFO - {"loss": 0.039185021072626114, "accuracy": 0.988095223903656, "energy_consumption": null, "selected": false, "client_name": "sta1"}
2026-06-25 10:29:43,773 - METRIC - INFO - {"loss": 0.04924587532877922, "accuracy": 0.9852941036224365, "energy_consumption": null, "selected": false, "client_name": "sta9"}
2026-06-25 10:29:43,775 - METRIC - INFO - {"loss": 0.055870313197374344, "accuracy": 0.9852941036224365, "energy_consumption": null, "selected": false, "client_name": "sta8"}
2026-06-25 10:29:43,785 - METRIC - INFO - {"loss": 0.035948023200035095, "accuracy": 0.9887955188751221, "energy_consumption": null, "selected": false, "client_name": "sta10"}
2026-06-25 10:29:44,432 - METRIC - INFO - mean_accuracy: 0.9846574880860068

2026-06-25 10:29:44,434 - METRIC - INFO - stop_condition: rounds
