2026-06-25 16:43:57,595 - EXECUT - INFO - starting server...
2026-06-25 16:44:02,295 - EXECUT - INFO - trainer number sta2 just joined the pool
2026-06-25 16:44:02,336 - EXECUT - INFO - trainer number sta4 just joined the pool
2026-06-25 16:44:02,337 - EXECUT - INFO - trainer number sta1 just joined the pool
2026-06-25 16:44:02,337 - EXECUT - INFO - trainer number sta3 just joined the pool
2026-06-25 16:44:02,337 - EXECUT - INFO - trainer number sta0 just joined the pool
2026-06-25 16:44:02,434 - EXECUT - INFO - trainer number sta5 just joined the pool
2026-06-25 16:44:02,476 - EXECUT - INFO - trainer number sta6 just joined the pool
2026-06-25 16:44:02,476 - EXECUT - INFO - trainer number sta7 just joined the pool
2026-06-25 16:44:02,689 - EXECUT - INFO - trainer number sta8 just joined the pool
2026-06-25 16:44:02,731 - EXECUT - INFO - trainer number sta9 just joined the pool
2026-06-25 16:44:02,731 - EXECUT - INFO - trainer number sta10 just joined the pool
2026-06-25 16:44:03,605 - EXECUT - INFO - mensagem de data_sz recebida: 
 {'id': 'sta0', 'dataset_sz': 432851712}
2026-06-25 16:44:03,605 - EXECUT - INFO - mensagem de data_sz recebida: 
 {'id': 'sta1', 'dataset_sz': 432851712}
2026-06-25 16:44:03,605 - EXECUT - INFO - mensagem de data_sz recebida: 
 {'id': 'sta2', 'dataset_sz': 432851712}
2026-06-25 16:44:03,605 - EXECUT - INFO - mensagem de data_sz recebida: 
 {'id': 'sta3', 'dataset_sz': 432851712}
2026-06-25 16:44:03,606 - EXECUT - INFO - mensagem de data_sz recebida: 
 {'id': 'sta4', 'dataset_sz': 432851712}
2026-06-25 16:44:03,606 - EXECUT - INFO - mensagem de data_sz recebida: 
 {'id': 'sta7', 'dataset_sz': 432851712}
2026-06-25 16:44:03,606 - EXECUT - INFO - mensagem de data_sz recebida: 
 {'id': 'sta6', 'dataset_sz': 432851712}
2026-06-25 16:44:03,606 - EXECUT - INFO - mensagem de data_sz recebida: 
 {'id': 'sta5', 'dataset_sz': 432851712}
2026-06-25 16:44:03,606 - EXECUT - INFO - mensagem de data_sz recebida: 
 {'id': 'sta9', 'dataset_sz': 432851712}
2026-06-25 16:44:03,606 - EXECUT - INFO - mensagem de data_sz recebida: 
 {'id': 'sta8', 'dataset_sz': 432851712}
2026-06-25 16:44:03,647 - EXECUT - INFO - mensagem de data_sz recebida: 
 {'id': 'sta10', 'dataset_sz': 432851712}
2026-06-25 16:44:04,605 - METRIC - INFO - round: 1
2026-06-25 16:44:04,605 - METRIC - INFO - n_selected: 11
2026-06-25 16:44:04,605 - METRIC - INFO - {"selected_trainers": ["sta0", "sta1", "sta10", "sta2", "sta3", "sta4", "sta5", "sta6", "sta7", "sta8", "sta9"]}
2026-06-25 16:44:20,203 - EXECUT - INFO - received weights from trainer sta5!
2026-06-25 16:44:20,298 - EXECUT - INFO - received weights from trainer sta3!
2026-06-25 16:44:20,363 - EXECUT - INFO - received weights from trainer sta4!
2026-06-25 16:44:23,961 - EXECUT - INFO - received weights from trainer sta10!
2026-06-25 16:44:24,037 - EXECUT - INFO - received weights from trainer sta9!
2026-06-25 16:44:26,513 - EXECUT - INFO - received weights from trainer sta0!
2026-06-25 16:44:26,565 - EXECUT - INFO - received weights from trainer sta2!
2026-06-25 16:44:26,621 - EXECUT - INFO - received weights from trainer sta1!
2026-06-25 16:44:26,675 - EXECUT - INFO - received weights from trainer sta7!
2026-06-25 16:44:26,725 - EXECUT - INFO - received weights from trainer sta6!
2026-06-25 16:44:26,780 - EXECUT - INFO - received weights from trainer sta8!
2026-06-25 16:44:28,726 - EXECUT - INFO - sent aggregated weights to trainers!
2026-06-25 16:44:30,101 - METRIC - INFO - {"loss": 0.38874539732933044, "accuracy": 0.8977590799331665, "energy_consumption": null, "selected": false, "client_name": "sta4"}
2026-06-25 16:44:30,125 - METRIC - INFO - {"loss": 0.40765419602394104, "accuracy": 0.8893557190895081, "energy_consumption": null, "selected": false, "client_name": "sta5"}
2026-06-25 16:44:30,131 - METRIC - INFO - {"loss": 0.39968499541282654, "accuracy": 0.901260495185852, "energy_consumption": null, "selected": false, "client_name": "sta3"}
2026-06-25 16:44:30,155 - METRIC - INFO - {"loss": 0.4038976728916168, "accuracy": 0.8935574293136597, "energy_consumption": null, "selected": false, "client_name": "sta0"}
2026-06-25 16:44:30,162 - METRIC - INFO - {"loss": 0.38957253098487854, "accuracy": 0.8879551887512207, "energy_consumption": null, "selected": false, "client_name": "sta2"}
2026-06-25 16:44:30,178 - METRIC - INFO - {"loss": 0.36291590332984924, "accuracy": 0.9096638560295105, "energy_consumption": null, "selected": false, "client_name": "sta7"}
2026-06-25 16:44:30,196 - METRIC - INFO - {"loss": 0.3740028738975525, "accuracy": 0.9026610851287842, "energy_consumption": null, "selected": false, "client_name": "sta6"}
2026-06-25 16:44:30,199 - METRIC - INFO - {"loss": 0.41788092255592346, "accuracy": 0.8921568393707275, "energy_consumption": null, "selected": false, "client_name": "sta1"}
2026-06-25 16:44:30,229 - METRIC - INFO - {"loss": 0.3969866633415222, "accuracy": 0.8865545988082886, "energy_consumption": null, "selected": false, "client_name": "sta10"}
2026-06-25 16:44:30,246 - METRIC - INFO - {"loss": 0.3942015469074249, "accuracy": 0.8956582546234131, "energy_consumption": null, "selected": false, "client_name": "sta8"}
2026-06-25 16:44:30,256 - METRIC - INFO - {"loss": 0.3985103368759155, "accuracy": 0.8942577242851257, "energy_consumption": null, "selected": false, "client_name": "sta9"}
2026-06-25 16:44:30,728 - METRIC - INFO - mean_accuracy: 0.8955309336835687

2026-06-25 16:44:30,729 - METRIC - INFO - round: 2
2026-06-25 16:44:30,729 - METRIC - INFO - n_selected: 11
2026-06-25 16:44:30,729 - METRIC - INFO - {"selected_trainers": ["sta0", "sta1", "sta10", "sta2", "sta3", "sta4", "sta5", "sta6", "sta7", "sta8", "sta9"]}
2026-06-25 16:44:45,306 - EXECUT - INFO - received weights from trainer sta4!
2026-06-25 16:44:45,355 - EXECUT - INFO - received weights from trainer sta6!
2026-06-25 16:44:45,440 - EXECUT - INFO - received weights from trainer sta0!
2026-06-25 16:44:51,635 - EXECUT - INFO - received weights from trainer sta2!
2026-06-25 16:44:51,684 - EXECUT - INFO - received weights from trainer sta5!
2026-06-25 16:44:51,733 - EXECUT - INFO - received weights from trainer sta10!
2026-06-25 16:44:51,782 - EXECUT - INFO - received weights from trainer sta9!
2026-06-25 16:44:51,832 - EXECUT - INFO - received weights from trainer sta7!
2026-06-25 16:44:51,880 - EXECUT - INFO - received weights from trainer sta8!
2026-06-25 16:44:51,930 - EXECUT - INFO - received weights from trainer sta3!
2026-06-25 16:44:51,977 - EXECUT - INFO - received weights from trainer sta1!
2026-06-25 16:44:53,832 - EXECUT - INFO - sent aggregated weights to trainers!
2026-06-25 16:44:54,827 - METRIC - INFO - {"loss": 2.0898101329803467, "accuracy": 0.456582635641098, "energy_consumption": null, "selected": false, "client_name": "sta0"}
2026-06-25 16:44:54,911 - METRIC - INFO - {"loss": 2.089411973953247, "accuracy": 0.4901960790157318, "energy_consumption": null, "selected": false, "client_name": "sta3"}
2026-06-25 16:44:54,926 - METRIC - INFO - {"loss": 2.084420680999756, "accuracy": 0.5413165092468262, "energy_consumption": null, "selected": false, "client_name": "sta6"}
2026-06-25 16:44:54,963 - METRIC - INFO - {"loss": 2.0748589038848877, "accuracy": 0.48459383845329285, "energy_consumption": null, "selected": false, "client_name": "sta5"}
2026-06-25 16:44:54,971 - METRIC - INFO - {"loss": 2.0799052715301514, "accuracy": 0.4852941036224365, "energy_consumption": null, "selected": false, "client_name": "sta7"}
2026-06-25 16:44:54,971 - METRIC - INFO - {"loss": 2.079167366027832, "accuracy": 0.44677871465682983, "energy_consumption": null, "selected": false, "client_name": "sta1"}
2026-06-25 16:44:54,994 - METRIC - INFO - {"loss": 2.106855630874634, "accuracy": 0.5287114977836609, "energy_consumption": null, "selected": false, "client_name": "sta4"}
2026-06-25 16:44:55,043 - METRIC - INFO - {"loss": 2.0709452629089355, "accuracy": 0.505602240562439, "energy_consumption": null, "selected": false, "client_name": "sta2"}
2026-06-25 16:44:55,055 - METRIC - INFO - {"loss": 2.0671379566192627, "accuracy": 0.462184876203537, "energy_consumption": null, "selected": false, "client_name": "sta8"}
2026-06-25 16:44:55,089 - METRIC - INFO - {"loss": 2.0834360122680664, "accuracy": 0.47478991746902466, "energy_consumption": null, "selected": false, "client_name": "sta9"}
2026-06-25 16:44:55,139 - METRIC - INFO - {"loss": 2.0888400077819824, "accuracy": 0.5070028305053711, "energy_consumption": null, "selected": false, "client_name": "sta10"}
2026-06-25 16:44:55,834 - METRIC - INFO - mean_accuracy: 0.48936847665093164

2026-06-25 16:44:55,835 - METRIC - INFO - round: 3
2026-06-25 16:44:55,835 - METRIC - INFO - n_selected: 11
2026-06-25 16:44:55,835 - METRIC - INFO - {"selected_trainers": ["sta0", "sta1", "sta10", "sta2", "sta3", "sta4", "sta5", "sta6", "sta7", "sta8", "sta9"]}
2026-06-25 16:45:09,048 - EXECUT - INFO - received weights from trainer sta4!
2026-06-25 16:45:16,663 - EXECUT - INFO - received weights from trainer sta0!
2026-06-25 16:45:16,707 - EXECUT - INFO - received weights from trainer sta7!
2026-06-25 16:45:16,750 - EXECUT - INFO - received weights from trainer sta3!
2026-06-25 16:45:16,793 - EXECUT - INFO - received weights from trainer sta5!
2026-06-25 16:45:16,836 - EXECUT - INFO - received weights from trainer sta1!
2026-06-25 16:45:16,879 - EXECUT - INFO - received weights from trainer sta2!
2026-06-25 16:45:16,923 - EXECUT - INFO - received weights from trainer sta8!
2026-06-25 16:45:16,966 - EXECUT - INFO - received weights from trainer sta9!
2026-06-25 16:45:17,009 - EXECUT - INFO - received weights from trainer sta10!
2026-06-25 16:45:17,053 - EXECUT - INFO - received weights from trainer sta6!
2026-06-25 16:45:18,796 - EXECUT - INFO - sent aggregated weights to trainers!
2026-06-25 16:45:19,670 - METRIC - INFO - {"loss": 0.6877449750900269, "accuracy": 0.813725471496582, "energy_consumption": null, "selected": false, "client_name": "sta2"}
2026-06-25 16:45:19,690 - METRIC - INFO - {"loss": 0.6981562972068787, "accuracy": 0.8060224056243896, "energy_consumption": null, "selected": false, "client_name": "sta0"}
2026-06-25 16:45:19,710 - METRIC - INFO - {"loss": 0.7095932960510254, "accuracy": 0.8151260614395142, "energy_consumption": null, "selected": false, "client_name": "sta1"}
2026-06-25 16:45:19,779 - METRIC - INFO - {"loss": 0.6627521514892578, "accuracy": 0.8291316628456116, "energy_consumption": null, "selected": false, "client_name": "sta6"}
2026-06-25 16:45:19,820 - METRIC - INFO - {"loss": 0.6971155405044556, "accuracy": 0.8011204600334167, "energy_consumption": null, "selected": false, "client_name": "sta3"}
2026-06-25 16:45:19,829 - METRIC - INFO - {"loss": 0.6819046139717102, "accuracy": 0.8074229955673218, "energy_consumption": null, "selected": false, "client_name": "sta4"}
2026-06-25 16:45:19,847 - METRIC - INFO - {"loss": 0.7103757858276367, "accuracy": 0.8067227005958557, "energy_consumption": null, "selected": false, "client_name": "sta5"}
2026-06-25 16:45:19,869 - METRIC - INFO - {"loss": 0.6668720245361328, "accuracy": 0.8235294222831726, "energy_consumption": null, "selected": false, "client_name": "sta7"}
2026-06-25 16:45:19,941 - METRIC - INFO - {"loss": 0.6846956014633179, "accuracy": 0.8172268867492676, "energy_consumption": null, "selected": false, "client_name": "sta9"}
2026-06-25 16:45:19,955 - METRIC - INFO - {"loss": 0.7151619791984558, "accuracy": 0.8081232309341431, "energy_consumption": null, "selected": false, "client_name": "sta10"}
2026-06-25 16:45:19,970 - METRIC - INFO - {"loss": 0.6978792548179626, "accuracy": 0.8200280070304871, "energy_consumption": null, "selected": false, "client_name": "sta8"}
2026-06-25 16:45:20,799 - METRIC - INFO - mean_accuracy: 0.8134708458727057

2026-06-25 16:45:20,799 - METRIC - INFO - round: 4
2026-06-25 16:45:20,799 - METRIC - INFO - n_selected: 11
2026-06-25 16:45:20,799 - METRIC - INFO - {"selected_trainers": ["sta0", "sta1", "sta10", "sta2", "sta3", "sta4", "sta5", "sta6", "sta7", "sta8", "sta9"]}
2026-06-25 16:45:32,840 - EXECUT - INFO - received weights from trainer sta0!
2026-06-25 16:45:32,880 - EXECUT - INFO - received weights from trainer sta6!
2026-06-25 16:45:32,920 - EXECUT - INFO - received weights from trainer sta5!
2026-06-25 16:45:32,960 - EXECUT - INFO - received weights from trainer sta2!
2026-06-25 16:45:33,142 - EXECUT - INFO - received weights from trainer sta7!
2026-06-25 16:45:35,923 - EXECUT - INFO - received weights from trainer sta10!
2026-06-25 16:45:36,014 - EXECUT - INFO - received weights from trainer sta9!
2026-06-25 16:45:36,058 - EXECUT - INFO - received weights from trainer sta8!
2026-06-25 16:45:41,642 - EXECUT - INFO - received weights from trainer sta3!
2026-06-25 16:45:41,685 - EXECUT - INFO - received weights from trainer sta4!
2026-06-25 16:45:41,729 - EXECUT - INFO - received weights from trainer sta1!
2026-06-25 16:45:42,700 - EXECUT - INFO - sent aggregated weights to trainers!
2026-06-25 16:45:43,667 - METRIC - INFO - {"loss": 0.43100401759147644, "accuracy": 0.8844537734985352, "energy_consumption": null, "selected": false, "client_name": "sta2"}
2026-06-25 16:45:43,676 - METRIC - INFO - {"loss": 0.43698444962501526, "accuracy": 0.8823529481887817, "energy_consumption": null, "selected": false, "client_name": "sta0"}
2026-06-25 16:45:43,696 - METRIC - INFO - {"loss": 0.44454190135002136, "accuracy": 0.8781512379646301, "energy_consumption": null, "selected": false, "client_name": "sta4"}
2026-06-25 16:45:43,697 - METRIC - INFO - {"loss": 0.4422051012516022, "accuracy": 0.8753501176834106, "energy_consumption": null, "selected": false, "client_name": "sta1"}
2026-06-25 16:45:43,698 - METRIC - INFO - {"loss": 0.4158691465854645, "accuracy": 0.8844537734985352, "energy_consumption": null, "selected": false, "client_name": "sta9"}
2026-06-25 16:45:43,718 - METRIC - INFO - {"loss": 0.4496847987174988, "accuracy": 0.8781512379646301, "energy_consumption": null, "selected": false, "client_name": "sta5"}
2026-06-25 16:45:43,732 - METRIC - INFO - {"loss": 0.4396209716796875, "accuracy": 0.8781512379646301, "energy_consumption": null, "selected": false, "client_name": "sta10"}
2026-06-25 16:45:43,737 - METRIC - INFO - {"loss": 0.4246409833431244, "accuracy": 0.8809523582458496, "energy_consumption": null, "selected": false, "client_name": "sta3"}
2026-06-25 16:45:43,795 - METRIC - INFO - {"loss": 0.40217503905296326, "accuracy": 0.8942577242851257, "energy_consumption": null, "selected": false, "client_name": "sta6"}
2026-06-25 16:45:43,797 - METRIC - INFO - {"loss": 0.40222376585006714, "accuracy": 0.8851540684700012, "energy_consumption": null, "selected": false, "client_name": "sta7"}
2026-06-25 16:45:43,836 - METRIC - INFO - {"loss": 0.4436887800693512, "accuracy": 0.8816526532173157, "energy_consumption": null, "selected": false, "client_name": "sta8"}
2026-06-25 16:45:44,702 - METRIC - INFO - mean_accuracy: 0.8820982846346769

2026-06-25 16:45:44,703 - METRIC - INFO - round: 5
2026-06-25 16:45:44,703 - METRIC - INFO - n_selected: 11
2026-06-25 16:45:44,703 - METRIC - INFO - {"selected_trainers": ["sta0", "sta1", "sta10", "sta2", "sta3", "sta4", "sta5", "sta6", "sta7", "sta8", "sta9"]}
2026-06-25 16:45:55,847 - EXECUT - INFO - received weights from trainer sta1!
2026-06-25 16:45:55,896 - EXECUT - INFO - received weights from trainer sta5!
2026-06-25 16:45:55,932 - EXECUT - INFO - received weights from trainer sta2!
2026-06-25 16:45:55,968 - EXECUT - INFO - received weights from trainer sta6!
2026-06-25 16:45:56,005 - EXECUT - INFO - received weights from trainer sta4!
2026-06-25 16:45:56,041 - EXECUT - INFO - received weights from trainer sta3!
2026-06-25 16:45:56,077 - EXECUT - INFO - received weights from trainer sta0!
2026-06-25 16:45:56,114 - EXECUT - INFO - received weights from trainer sta7!
2026-06-25 16:45:58,771 - EXECUT - INFO - received weights from trainer sta9!
2026-06-25 16:45:58,812 - EXECUT - INFO - received weights from trainer sta10!
2026-06-25 16:45:58,853 - EXECUT - INFO - received weights from trainer sta8!
2026-06-25 16:46:00,464 - EXECUT - INFO - sent aggregated weights to trainers!
2026-06-25 16:46:01,222 - METRIC - INFO - {"loss": 0.3522562086582184, "accuracy": 0.8963585495948792, "energy_consumption": null, "selected": false, "client_name": "sta2"}
2026-06-25 16:46:01,241 - METRIC - INFO - {"loss": 0.36466261744499207, "accuracy": 0.894957959651947, "energy_consumption": null, "selected": false, "client_name": "sta5"}
2026-06-25 16:46:01,249 - METRIC - INFO - {"loss": 0.34816476702690125, "accuracy": 0.9026610851287842, "energy_consumption": null, "selected": false, "client_name": "sta1"}
2026-06-25 16:46:01,255 - METRIC - INFO - {"loss": 0.3676079511642456, "accuracy": 0.894957959651947, "energy_consumption": null, "selected": false, "client_name": "sta4"}
2026-06-25 16:46:01,282 - METRIC - INFO - {"loss": 0.3205856382846832, "accuracy": 0.91246497631073, "energy_consumption": null, "selected": false, "client_name": "sta6"}
2026-06-25 16:46:01,288 - METRIC - INFO - {"loss": 0.32760265469551086, "accuracy": 0.9166666865348816, "energy_consumption": null, "selected": false, "client_name": "sta3"}
2026-06-25 16:46:01,312 - METRIC - INFO - {"loss": 0.31619831919670105, "accuracy": 0.9096638560295105, "energy_consumption": null, "selected": false, "client_name": "sta7"}
2026-06-25 16:46:01,335 - METRIC - INFO - {"loss": 0.35942238569259644, "accuracy": 0.9019607901573181, "energy_consumption": null, "selected": false, "client_name": "sta8"}
2026-06-25 16:46:01,372 - METRIC - INFO - {"loss": 0.34891951084136963, "accuracy": 0.906162440776825, "energy_consumption": null, "selected": false, "client_name": "sta0"}
2026-06-25 16:46:01,495 - METRIC - INFO - {"loss": 0.32883986830711365, "accuracy": 0.9103641510009766, "energy_consumption": null, "selected": false, "client_name": "sta9"}
2026-06-25 16:46:01,540 - METRIC - INFO - {"loss": 0.3510456383228302, "accuracy": 0.8935574293136597, "energy_consumption": null, "selected": false, "client_name": "sta10"}
2026-06-25 16:46:02,466 - METRIC - INFO - mean_accuracy: 0.9036159894683145

2026-06-25 16:46:02,466 - METRIC - INFO - round: 6
2026-06-25 16:46:02,466 - METRIC - INFO - n_selected: 11
2026-06-25 16:46:02,467 - METRIC - INFO - {"selected_trainers": ["sta0", "sta1", "sta10", "sta2", "sta3", "sta4", "sta5", "sta6", "sta7", "sta8", "sta9"]}
2026-06-25 16:46:13,415 - EXECUT - INFO - received weights from trainer sta2!
2026-06-25 16:46:13,480 - EXECUT - INFO - received weights from trainer sta5!
2026-06-25 16:46:13,520 - EXECUT - INFO - received weights from trainer sta7!
2026-06-25 16:46:13,562 - EXECUT - INFO - received weights from trainer sta3!
2026-06-25 16:46:13,602 - EXECUT - INFO - received weights from trainer sta1!
2026-06-25 16:46:13,641 - EXECUT - INFO - received weights from trainer sta4!
2026-06-25 16:46:13,681 - EXECUT - INFO - received weights from trainer sta6!
2026-06-25 16:46:16,513 - EXECUT - INFO - received weights from trainer sta10!
2026-06-25 16:46:16,554 - EXECUT - INFO - received weights from trainer sta8!
2026-06-25 16:46:16,593 - EXECUT - INFO - received weights from trainer sta9!
2026-06-25 16:46:23,197 - EXECUT - INFO - received weights from trainer sta0!
2026-06-25 16:46:24,234 - EXECUT - INFO - sent aggregated weights to trainers!
2026-06-25 16:46:24,952 - METRIC - INFO - {"loss": 0.3173322081565857, "accuracy": 0.91246497631073, "energy_consumption": null, "selected": false, "client_name": "sta4"}
2026-06-25 16:46:24,957 - METRIC - INFO - {"loss": 0.30144065618515015, "accuracy": 0.9145658016204834, "energy_consumption": null, "selected": false, "client_name": "sta0"}
2026-06-25 16:46:24,959 - METRIC - INFO - {"loss": 0.27523115277290344, "accuracy": 0.9313725233078003, "energy_consumption": null, "selected": false, "client_name": "sta3"}
2026-06-25 16:46:24,975 - METRIC - INFO - {"loss": 0.30751097202301025, "accuracy": 0.913165271282196, "energy_consumption": null, "selected": false, "client_name": "sta2"}
2026-06-25 16:46:24,977 - METRIC - INFO - {"loss": 0.2694259583950043, "accuracy": 0.9236694574356079, "energy_consumption": null, "selected": false, "client_name": "sta7"}
2026-06-25 16:46:24,999 - METRIC - INFO - {"loss": 0.29843440651893616, "accuracy": 0.91246497631073, "energy_consumption": null, "selected": false, "client_name": "sta1"}
2026-06-25 16:46:25,018 - METRIC - INFO - {"loss": 0.3123379349708557, "accuracy": 0.9089635610580444, "energy_consumption": null, "selected": false, "client_name": "sta5"}
2026-06-25 16:46:25,029 - METRIC - INFO - {"loss": 0.2705017626285553, "accuracy": 0.9215686321258545, "energy_consumption": null, "selected": false, "client_name": "sta6"}
2026-06-25 16:46:25,099 - METRIC - INFO - {"loss": 0.311055451631546, "accuracy": 0.9110644459724426, "energy_consumption": null, "selected": false, "client_name": "sta8"}
2026-06-25 16:46:25,112 - METRIC - INFO - {"loss": 0.2800683081150055, "accuracy": 0.9194678068161011, "energy_consumption": null, "selected": false, "client_name": "sta9"}
2026-06-25 16:46:25,139 - METRIC - INFO - {"loss": 0.3042161762714386, "accuracy": 0.9033613204956055, "energy_consumption": null, "selected": false, "client_name": "sta10"}
2026-06-25 16:46:25,237 - METRIC - INFO - mean_accuracy: 0.9156480702486905

2026-06-25 16:46:25,238 - METRIC - INFO - round: 7
2026-06-25 16:46:25,238 - METRIC - INFO - n_selected: 11
2026-06-25 16:46:25,238 - METRIC - INFO - {"selected_trainers": ["sta0", "sta1", "sta10", "sta2", "sta3", "sta4", "sta5", "sta6", "sta7", "sta8", "sta9"]}
2026-06-25 16:46:34,857 - EXECUT - INFO - received weights from trainer sta5!
2026-06-25 16:46:34,900 - EXECUT - INFO - received weights from trainer sta2!
2026-06-25 16:46:34,931 - EXECUT - INFO - received weights from trainer sta1!
2026-06-25 16:46:34,962 - EXECUT - INFO - received weights from trainer sta6!
2026-06-25 16:46:34,993 - EXECUT - INFO - received weights from trainer sta3!
2026-06-25 16:46:35,027 - EXECUT - INFO - received weights from trainer sta4!
2026-06-25 16:46:35,058 - EXECUT - INFO - received weights from trainer sta0!
2026-06-25 16:46:35,089 - EXECUT - INFO - received weights from trainer sta7!
2026-06-25 16:46:37,118 - EXECUT - INFO - received weights from trainer sta9!
2026-06-25 16:46:37,153 - EXECUT - INFO - received weights from trainer sta10!
2026-06-25 16:46:46,014 - EXECUT - INFO - received weights from trainer sta8!
2026-06-25 16:46:46,874 - EXECUT - INFO - sent aggregated weights to trainers!
2026-06-25 16:46:47,497 - METRIC - INFO - {"loss": 0.2660631239414215, "accuracy": 0.9215686321258545, "energy_consumption": null, "selected": false, "client_name": "sta0"}
2026-06-25 16:46:47,505 - METRIC - INFO - {"loss": 0.26114293932914734, "accuracy": 0.9194678068161011, "energy_consumption": null, "selected": false, "client_name": "sta1"}
2026-06-25 16:46:47,508 - METRIC - INFO - {"loss": 0.23837295174598694, "accuracy": 0.9376750588417053, "energy_consumption": null, "selected": false, "client_name": "sta3"}
2026-06-25 16:46:47,515 - METRIC - INFO - {"loss": 0.27007392048835754, "accuracy": 0.924369752407074, "energy_consumption": null, "selected": false, "client_name": "sta2"}
2026-06-25 16:46:47,525 - METRIC - INFO - {"loss": 0.28066664934158325, "accuracy": 0.918067216873169, "energy_consumption": null, "selected": false, "client_name": "sta4"}
2026-06-25 16:46:47,553 - METRIC - INFO - {"loss": 0.2749093174934387, "accuracy": 0.9145658016204834, "energy_consumption": null, "selected": false, "client_name": "sta5"}
2026-06-25 16:46:47,563 - METRIC - INFO - {"loss": 0.23194637894630432, "accuracy": 0.9299719929695129, "energy_consumption": null, "selected": false, "client_name": "sta6"}
2026-06-25 16:46:47,580 - METRIC - INFO - {"loss": 0.23477163910865784, "accuracy": 0.9313725233078003, "energy_consumption": null, "selected": false, "client_name": "sta7"}
2026-06-25 16:46:47,606 - METRIC - INFO - {"loss": 0.27241000533103943, "accuracy": 0.9215686321258545, "energy_consumption": null, "selected": false, "client_name": "sta8"}
2026-06-25 16:46:47,609 - METRIC - INFO - {"loss": 0.24208930134773254, "accuracy": 0.9278711676597595, "energy_consumption": null, "selected": false, "client_name": "sta9"}
2026-06-25 16:46:47,635 - METRIC - INFO - {"loss": 0.2665274143218994, "accuracy": 0.9138655662536621, "energy_consumption": null, "selected": false, "client_name": "sta10"}
2026-06-25 16:46:47,876 - METRIC - INFO - mean_accuracy: 0.923669468272816

2026-06-25 16:46:47,876 - METRIC - INFO - round: 8
2026-06-25 16:46:47,876 - METRIC - INFO - n_selected: 11
2026-06-25 16:46:47,876 - METRIC - INFO - {"selected_trainers": ["sta0", "sta1", "sta10", "sta2", "sta3", "sta4", "sta5", "sta6", "sta7", "sta8", "sta9"]}
2026-06-25 16:46:57,434 - EXECUT - INFO - received weights from trainer sta1!
2026-06-25 16:46:57,492 - EXECUT - INFO - received weights from trainer sta5!
2026-06-25 16:46:57,527 - EXECUT - INFO - received weights from trainer sta2!
2026-06-25 16:46:57,562 - EXECUT - INFO - received weights from trainer sta3!
2026-06-25 16:46:57,598 - EXECUT - INFO - received weights from trainer sta6!
2026-06-25 16:46:57,649 - EXECUT - INFO - received weights from trainer sta0!
2026-06-25 16:46:57,680 - EXECUT - INFO - received weights from trainer sta7!
2026-06-25 16:46:57,710 - EXECUT - INFO - received weights from trainer sta4!
2026-06-25 16:46:59,742 - EXECUT - INFO - received weights from trainer sta8!
2026-06-25 16:46:59,779 - EXECUT - INFO - received weights from trainer sta10!
2026-06-25 16:46:59,932 - EXECUT - INFO - received weights from trainer sta9!
2026-06-25 16:47:01,516 - EXECUT - INFO - sent aggregated weights to trainers!
2026-06-25 16:47:02,153 - METRIC - INFO - {"loss": 0.23194585740566254, "accuracy": 0.9285714030265808, "energy_consumption": null, "selected": false, "client_name": "sta1"}
2026-06-25 16:47:02,154 - METRIC - INFO - {"loss": 0.23428131639957428, "accuracy": 0.9313725233078003, "energy_consumption": null, "selected": false, "client_name": "sta0"}
2026-06-25 16:47:02,166 - METRIC - INFO - {"loss": 0.24085408449172974, "accuracy": 0.9292716979980469, "energy_consumption": null, "selected": false, "client_name": "sta2"}
2026-06-25 16:47:02,166 - METRIC - INFO - {"loss": 0.2043469250202179, "accuracy": 0.9439775943756104, "energy_consumption": null, "selected": false, "client_name": "sta3"}
2026-06-25 16:47:02,178 - METRIC - INFO - {"loss": 0.24227359890937805, "accuracy": 0.9236694574356079, "energy_consumption": null, "selected": false, "client_name": "sta5"}
2026-06-25 16:47:02,193 - METRIC - INFO - {"loss": 0.24798627197742462, "accuracy": 0.9278711676597595, "energy_consumption": null, "selected": false, "client_name": "sta4"}
2026-06-25 16:47:02,250 - METRIC - INFO - {"loss": 0.20014970004558563, "accuracy": 0.9418767690658569, "energy_consumption": null, "selected": false, "client_name": "sta6"}
2026-06-25 16:47:02,251 - METRIC - INFO - {"loss": 0.2078968584537506, "accuracy": 0.9369747638702393, "energy_consumption": null, "selected": false, "client_name": "sta7"}
2026-06-25 16:47:02,266 - METRIC - INFO - {"loss": 0.24145227670669556, "accuracy": 0.9285714030265808, "energy_consumption": null, "selected": false, "client_name": "sta8"}
2026-06-25 16:47:02,295 - METRIC - INFO - {"loss": 0.23522402346134186, "accuracy": 0.9257702827453613, "energy_consumption": null, "selected": false, "client_name": "sta10"}
2026-06-25 16:47:02,296 - METRIC - INFO - {"loss": 0.2113545536994934, "accuracy": 0.9383753538131714, "energy_consumption": null, "selected": false, "client_name": "sta9"}
2026-06-25 16:47:02,518 - METRIC - INFO - mean_accuracy: 0.9323911287567832

2026-06-25 16:47:02,518 - METRIC - INFO - round: 9
2026-06-25 16:47:02,518 - METRIC - INFO - n_selected: 11
2026-06-25 16:47:02,518 - METRIC - INFO - {"selected_trainers": ["sta0", "sta1", "sta10", "sta2", "sta3", "sta4", "sta5", "sta6", "sta7", "sta8", "sta9"]}
2026-06-25 16:47:11,511 - EXECUT - INFO - received weights from trainer sta5!
2026-06-25 16:47:11,608 - EXECUT - INFO - received weights from trainer sta1!
2026-06-25 16:47:11,637 - EXECUT - INFO - received weights from trainer sta0!
2026-06-25 16:47:11,666 - EXECUT - INFO - received weights from trainer sta2!
2026-06-25 16:47:11,696 - EXECUT - INFO - received weights from trainer sta7!
2026-06-25 16:47:11,725 - EXECUT - INFO - received weights from trainer sta6!
2026-06-25 16:47:11,753 - EXECUT - INFO - received weights from trainer sta3!
2026-06-25 16:47:11,782 - EXECUT - INFO - received weights from trainer sta4!
2026-06-25 16:47:13,498 - EXECUT - INFO - received weights from trainer sta8!
2026-06-25 16:47:13,538 - EXECUT - INFO - received weights from trainer sta10!
2026-06-25 16:47:13,635 - EXECUT - INFO - received weights from trainer sta9!
2026-06-25 16:47:15,111 - EXECUT - INFO - sent aggregated weights to trainers!
2026-06-25 16:47:15,689 - METRIC - INFO - {"loss": 0.20891498029232025, "accuracy": 0.9376750588417053, "energy_consumption": null, "selected": false, "client_name": "sta0"}
2026-06-25 16:47:15,721 - METRIC - INFO - {"loss": 0.22120311856269836, "accuracy": 0.9355742335319519, "energy_consumption": null, "selected": false, "client_name": "sta4"}
2026-06-25 16:47:15,740 - METRIC - INFO - {"loss": 0.21366792917251587, "accuracy": 0.9369747638702393, "energy_consumption": null, "selected": false, "client_name": "sta2"}
2026-06-25 16:47:15,746 - METRIC - INFO - {"loss": 0.20647573471069336, "accuracy": 0.9369747638702393, "energy_consumption": null, "selected": false, "client_name": "sta1"}
2026-06-25 16:47:15,769 - METRIC - INFO - {"loss": 0.17913012206554413, "accuracy": 0.9502801299095154, "energy_consumption": null, "selected": false, "client_name": "sta3"}
2026-06-25 16:47:15,780 - METRIC - INFO - {"loss": 0.21209603548049927, "accuracy": 0.930672287940979, "energy_consumption": null, "selected": false, "client_name": "sta5"}
2026-06-25 16:47:15,787 - METRIC - INFO - {"loss": 0.1839195042848587, "accuracy": 0.9432772994041443, "energy_consumption": null, "selected": false, "client_name": "sta7"}
2026-06-25 16:47:15,798 - METRIC - INFO - {"loss": 0.1728677600622177, "accuracy": 0.9481792449951172, "energy_consumption": null, "selected": false, "client_name": "sta6"}
2026-06-25 16:47:15,814 - METRIC - INFO - {"loss": 0.21615517139434814, "accuracy": 0.9320728182792664, "energy_consumption": null, "selected": false, "client_name": "sta8"}
2026-06-25 16:47:15,837 - METRIC - INFO - {"loss": 0.1909896433353424, "accuracy": 0.9460784196853638, "energy_consumption": null, "selected": false, "client_name": "sta9"}
2026-06-25 16:47:15,844 - METRIC - INFO - {"loss": 0.20811359584331512, "accuracy": 0.9334734082221985, "energy_consumption": null, "selected": false, "client_name": "sta10"}
2026-06-25 16:47:16,112 - METRIC - INFO - mean_accuracy: 0.9392029480500654

2026-06-25 16:47:16,112 - METRIC - INFO - round: 10
2026-06-25 16:47:16,113 - METRIC - INFO - n_selected: 11
2026-06-25 16:47:16,113 - METRIC - INFO - {"selected_trainers": ["sta0", "sta1", "sta10", "sta2", "sta3", "sta4", "sta5", "sta6", "sta7", "sta8", "sta9"]}
2026-06-25 16:47:24,615 - EXECUT - INFO - received weights from trainer sta5!
2026-06-25 16:47:24,649 - EXECUT - INFO - received weights from trainer sta2!
2026-06-25 16:47:24,703 - EXECUT - INFO - received weights from trainer sta1!
2026-06-25 16:47:24,731 - EXECUT - INFO - received weights from trainer sta0!
2026-06-25 16:47:24,759 - EXECUT - INFO - received weights from trainer sta6!
2026-06-25 16:47:24,786 - EXECUT - INFO - received weights from trainer sta4!
2026-06-25 16:47:24,813 - EXECUT - INFO - received weights from trainer sta3!
2026-06-25 16:47:24,840 - EXECUT - INFO - received weights from trainer sta7!
2026-06-25 16:47:26,437 - EXECUT - INFO - received weights from trainer sta8!
2026-06-25 16:47:26,468 - EXECUT - INFO - received weights from trainer sta10!
2026-06-25 16:47:26,500 - EXECUT - INFO - received weights from trainer sta9!
2026-06-25 16:47:27,693 - EXECUT - INFO - sent aggregated weights to trainers!
2026-06-25 16:47:28,248 - METRIC - INFO - {"loss": 0.18434852361679077, "accuracy": 0.9474790096282959, "energy_consumption": null, "selected": false, "client_name": "sta0"}
2026-06-25 16:47:28,253 - METRIC - INFO - {"loss": 0.19023121893405914, "accuracy": 0.9432772994041443, "energy_consumption": null, "selected": false, "client_name": "sta2"}
2026-06-25 16:47:28,277 - METRIC - INFO - {"loss": 0.18360093235969543, "accuracy": 0.9404761791229248, "energy_consumption": null, "selected": false, "client_name": "sta1"}
2026-06-25 16:47:28,291 - METRIC - INFO - {"loss": 0.1907629817724228, "accuracy": 0.9390756487846375, "energy_consumption": null, "selected": false, "client_name": "sta5"}
2026-06-25 16:47:28,320 - METRIC - INFO - {"loss": 0.1973869502544403, "accuracy": 0.9411764740943909, "energy_consumption": null, "selected": false, "client_name": "sta4"}
2026-06-25 16:47:28,325 - METRIC - INFO - {"loss": 0.157239630818367, "accuracy": 0.9593837261199951, "energy_consumption": null, "selected": false, "client_name": "sta3"}
2026-06-25 16:47:28,344 - METRIC - INFO - {"loss": 0.16345994174480438, "accuracy": 0.9516806602478027, "energy_consumption": null, "selected": false, "client_name": "sta7"}
2026-06-25 16:47:28,347 - METRIC - INFO - {"loss": 0.15153956413269043, "accuracy": 0.9530812501907349, "energy_consumption": null, "selected": false, "client_name": "sta6"}
2026-06-25 16:47:28,366 - METRIC - INFO - {"loss": 0.1946609616279602, "accuracy": 0.9376750588417053, "energy_consumption": null, "selected": false, "client_name": "sta8"}
2026-06-25 16:47:28,375 - METRIC - INFO - {"loss": 0.16865886747837067, "accuracy": 0.9509803652763367, "energy_consumption": null, "selected": false, "client_name": "sta9"}
2026-06-25 16:47:28,379 - METRIC - INFO - {"loss": 0.1833723485469818, "accuracy": 0.9390756487846375, "energy_consumption": null, "selected": false, "client_name": "sta10"}
2026-06-25 16:47:28,694 - METRIC - INFO - mean_accuracy: 0.945760120045055

2026-06-25 16:47:28,694 - METRIC - INFO - round: 11
2026-06-25 16:47:28,694 - METRIC - INFO - n_selected: 11
2026-06-25 16:47:28,695 - METRIC - INFO - {"selected_trainers": ["sta0", "sta1", "sta10", "sta2", "sta3", "sta4", "sta5", "sta6", "sta7", "sta8", "sta9"]}
2026-06-25 16:47:36,664 - EXECUT - INFO - received weights from trainer sta1!
2026-06-25 16:47:36,731 - EXECUT - INFO - received weights from trainer sta5!
2026-06-25 16:47:36,762 - EXECUT - INFO - received weights from trainer sta2!
2026-06-25 16:47:36,788 - EXECUT - INFO - received weights from trainer sta0!
2026-06-25 16:47:36,815 - EXECUT - INFO - received weights from trainer sta4!
2026-06-25 16:47:36,841 - EXECUT - INFO - received weights from trainer sta6!
2026-06-25 16:47:36,866 - EXECUT - INFO - received weights from trainer sta7!
2026-06-25 16:47:38,319 - EXECUT - INFO - received weights from trainer sta10!
2026-06-25 16:47:38,347 - EXECUT - INFO - received weights from trainer sta8!
2026-06-25 16:47:38,376 - EXECUT - INFO - received weights from trainer sta9!
2026-06-25 16:47:39,170 - EXECUT - INFO - received weights from trainer sta3!
2026-06-25 16:47:40,245 - EXECUT - INFO - sent aggregated weights to trainers!
2026-06-25 16:47:40,758 - METRIC - INFO - {"loss": 0.16915027797222137, "accuracy": 0.9488795399665833, "energy_consumption": null, "selected": false, "client_name": "sta0"}
2026-06-25 16:47:40,778 - METRIC - INFO - {"loss": 0.16721810400485992, "accuracy": 0.9446778893470764, "energy_consumption": null, "selected": false, "client_name": "sta1"}
2026-06-25 16:47:40,783 - METRIC - INFO - {"loss": 0.17203588783740997, "accuracy": 0.9460784196853638, "energy_consumption": null, "selected": false, "client_name": "sta2"}
2026-06-25 16:47:40,793 - METRIC - INFO - {"loss": 0.13989606499671936, "accuracy": 0.9649859666824341, "energy_consumption": null, "selected": false, "client_name": "sta3"}
2026-06-25 16:47:40,808 - METRIC - INFO - {"loss": 0.16900020837783813, "accuracy": 0.9446778893470764, "energy_consumption": null, "selected": false, "client_name": "sta5"}
2026-06-25 16:47:40,821 - METRIC - INFO - {"loss": 0.1786765158176422, "accuracy": 0.9460784196853638, "energy_consumption": null, "selected": false, "client_name": "sta4"}
2026-06-25 16:47:40,830 - METRIC - INFO - {"loss": 0.13352563977241516, "accuracy": 0.9586834907531738, "energy_consumption": null, "selected": false, "client_name": "sta6"}
2026-06-25 16:47:40,859 - METRIC - INFO - {"loss": 0.1474061757326126, "accuracy": 0.9593837261199951, "energy_consumption": null, "selected": false, "client_name": "sta7"}
2026-06-25 16:47:40,881 - METRIC - INFO - {"loss": 0.17457981407642365, "accuracy": 0.9474790096282959, "energy_consumption": null, "selected": false, "client_name": "sta8"}
2026-06-25 16:47:40,893 - METRIC - INFO - {"loss": 0.16635920107364655, "accuracy": 0.9460784196853638, "energy_consumption": null, "selected": false, "client_name": "sta10"}
2026-06-25 16:47:40,897 - METRIC - INFO - {"loss": 0.15226517617702484, "accuracy": 0.9523809552192688, "energy_consumption": null, "selected": false, "client_name": "sta9"}
2026-06-25 16:47:41,248 - METRIC - INFO - mean_accuracy: 0.9508530660109087

2026-06-25 16:47:41,248 - METRIC - INFO - round: 12
2026-06-25 16:47:41,248 - METRIC - INFO - n_selected: 11
2026-06-25 16:47:41,248 - METRIC - INFO - {"selected_trainers": ["sta0", "sta1", "sta10", "sta2", "sta3", "sta4", "sta5", "sta6", "sta7", "sta8", "sta9"]}
2026-06-25 16:47:49,201 - EXECUT - INFO - received weights from trainer sta7!
2026-06-25 16:47:49,225 - EXECUT - INFO - received weights from trainer sta4!
2026-06-25 16:47:49,255 - EXECUT - INFO - received weights from trainer sta3!
2026-06-25 16:47:49,279 - EXECUT - INFO - received weights from trainer sta0!
2026-06-25 16:47:49,304 - EXECUT - INFO - received weights from trainer sta6!
2026-06-25 16:47:49,328 - EXECUT - INFO - received weights from trainer sta5!
2026-06-25 16:47:49,352 - EXECUT - INFO - received weights from trainer sta2!
2026-06-25 16:47:49,376 - EXECUT - INFO - received weights from trainer sta1!
2026-06-25 16:47:50,896 - EXECUT - INFO - received weights from trainer sta10!
2026-06-25 16:47:50,950 - EXECUT - INFO - received weights from trainer sta8!
2026-06-25 16:47:50,978 - EXECUT - INFO - received weights from trainer sta9!
2026-06-25 16:47:51,766 - EXECUT - INFO - sent aggregated weights to trainers!
2026-06-25 16:47:52,288 - METRIC - INFO - {"loss": 0.15286599099636078, "accuracy": 0.9523809552192688, "energy_consumption": null, "selected": false, "client_name": "sta0"}
2026-06-25 16:47:52,291 - METRIC - INFO - {"loss": 0.16342946887016296, "accuracy": 0.9516806602478027, "energy_consumption": null, "selected": false, "client_name": "sta4"}
2026-06-25 16:47:52,303 - METRIC - INFO - {"loss": 0.15674471855163574, "accuracy": 0.9502801299095154, "energy_consumption": null, "selected": false, "client_name": "sta2"}
2026-06-25 16:47:52,306 - METRIC - INFO - {"loss": 0.1512904018163681, "accuracy": 0.9502801299095154, "energy_consumption": null, "selected": false, "client_name": "sta5"}
2026-06-25 16:47:52,311 - METRIC - INFO - {"loss": 0.15044957399368286, "accuracy": 0.9516806602478027, "energy_consumption": null, "selected": false, "client_name": "sta1"}
2026-06-25 16:47:52,316 - METRIC - INFO - {"loss": 0.1183057650923729, "accuracy": 0.9621848464012146, "energy_consumption": null, "selected": false, "client_name": "sta6"}
2026-06-25 16:47:52,358 - METRIC - INFO - {"loss": 0.1279287040233612, "accuracy": 0.9656862616539001, "energy_consumption": null, "selected": false, "client_name": "sta3"}
2026-06-25 16:47:52,360 - METRIC - INFO - {"loss": 0.13424944877624512, "accuracy": 0.9607843160629272, "energy_consumption": null, "selected": false, "client_name": "sta7"}
2026-06-25 16:47:52,399 - METRIC - INFO - {"loss": 0.16084541380405426, "accuracy": 0.9516806602478027, "energy_consumption": null, "selected": false, "client_name": "sta8"}
2026-06-25 16:47:52,410 - METRIC - INFO - {"loss": 0.1405663639307022, "accuracy": 0.9558823704719543, "energy_consumption": null, "selected": false, "client_name": "sta9"}
2026-06-25 16:47:52,415 - METRIC - INFO - {"loss": 0.15142741799354553, "accuracy": 0.9495798349380493, "energy_consumption": null, "selected": false, "client_name": "sta10"}
2026-06-25 16:47:52,768 - METRIC - INFO - mean_accuracy: 0.9547364386645231

2026-06-25 16:47:52,768 - METRIC - INFO - round: 13
2026-06-25 16:47:52,768 - METRIC - INFO - n_selected: 11
2026-06-25 16:47:52,768 - METRIC - INFO - {"selected_trainers": ["sta0", "sta1", "sta10", "sta2", "sta3", "sta4", "sta5", "sta6", "sta7", "sta8", "sta9"]}
2026-06-25 16:48:00,696 - EXECUT - INFO - received weights from trainer sta5!
2026-06-25 16:48:00,723 - EXECUT - INFO - received weights from trainer sta1!
2026-06-25 16:48:00,756 - EXECUT - INFO - received weights from trainer sta0!
2026-06-25 16:48:00,781 - EXECUT - INFO - received weights from trainer sta4!
2026-06-25 16:48:00,805 - EXECUT - INFO - received weights from trainer sta7!
2026-06-25 16:48:00,830 - EXECUT - INFO - received weights from trainer sta2!
2026-06-25 16:48:00,854 - EXECUT - INFO - received weights from trainer sta6!
2026-06-25 16:48:02,449 - EXECUT - INFO - received weights from trainer sta9!
2026-06-25 16:48:02,483 - EXECUT - INFO - received weights from trainer sta10!
2026-06-25 16:48:02,511 - EXECUT - INFO - received weights from trainer sta8!
2026-06-25 16:48:03,285 - EXECUT - INFO - received weights from trainer sta3!
2026-06-25 16:48:04,251 - EXECUT - INFO - sent aggregated weights to trainers!
2026-06-25 16:48:04,757 - METRIC - INFO - {"loss": 0.13828347623348236, "accuracy": 0.9593837261199951, "energy_consumption": null, "selected": false, "client_name": "sta1"}
2026-06-25 16:48:04,778 - METRIC - INFO - {"loss": 0.1401340663433075, "accuracy": 0.9544817805290222, "energy_consumption": null, "selected": false, "client_name": "sta0"}
2026-06-25 16:48:04,794 - METRIC - INFO - {"loss": 0.1392119973897934, "accuracy": 0.9579831957817078, "energy_consumption": null, "selected": false, "client_name": "sta5"}
2026-06-25 16:48:04,805 - METRIC - INFO - {"loss": 0.14507099986076355, "accuracy": 0.9516806602478027, "energy_consumption": null, "selected": false, "client_name": "sta2"}
2026-06-25 16:48:04,824 - METRIC - INFO - {"loss": 0.11517386138439178, "accuracy": 0.9670868515968323, "energy_consumption": null, "selected": false, "client_name": "sta3"}
2026-06-25 16:48:04,834 - METRIC - INFO - {"loss": 0.15106770396232605, "accuracy": 0.9530812501907349, "energy_consumption": null, "selected": false, "client_name": "sta4"}
2026-06-25 16:48:04,847 - METRIC - INFO - {"loss": 0.10774782299995422, "accuracy": 0.9649859666824341, "energy_consumption": null, "selected": false, "client_name": "sta6"}
2026-06-25 16:48:04,850 - METRIC - INFO - {"loss": 0.12438015639781952, "accuracy": 0.9684873819351196, "energy_consumption": null, "selected": false, "client_name": "sta7"}
2026-06-25 16:48:04,896 - METRIC - INFO - {"loss": 0.12774565815925598, "accuracy": 0.9635854363441467, "energy_consumption": null, "selected": false, "client_name": "sta9"}
2026-06-25 16:48:04,902 - METRIC - INFO - {"loss": 0.14804109930992126, "accuracy": 0.9558823704719543, "energy_consumption": null, "selected": false, "client_name": "sta8"}
2026-06-25 16:48:04,905 - METRIC - INFO - {"loss": 0.14122441411018372, "accuracy": 0.9544817805290222, "energy_consumption": null, "selected": false, "client_name": "sta10"}
2026-06-25 16:48:05,253 - METRIC - INFO - mean_accuracy: 0.9591927636753429

2026-06-25 16:48:05,253 - METRIC - INFO - round: 14
2026-06-25 16:48:05,253 - METRIC - INFO - n_selected: 11
2026-06-25 16:48:05,253 - METRIC - INFO - {"selected_trainers": ["sta0", "sta1", "sta10", "sta2", "sta3", "sta4", "sta5", "sta6", "sta7", "sta8", "sta9"]}
2026-06-25 16:48:12,404 - EXECUT - INFO - received weights from trainer sta0!
2026-06-25 16:48:12,492 - EXECUT - INFO - received weights from trainer sta5!
2026-06-25 16:48:12,524 - EXECUT - INFO - received weights from trainer sta1!
2026-06-25 16:48:12,551 - EXECUT - INFO - received weights from trainer sta4!
2026-06-25 16:48:12,578 - EXECUT - INFO - received weights from trainer sta3!
2026-06-25 16:48:12,605 - EXECUT - INFO - received weights from trainer sta2!
2026-06-25 16:48:12,630 - EXECUT - INFO - received weights from trainer sta6!
2026-06-25 16:48:12,653 - EXECUT - INFO - received weights from trainer sta7!
2026-06-25 16:48:13,933 - EXECUT - INFO - received weights from trainer sta8!
2026-06-25 16:48:13,959 - EXECUT - INFO - received weights from trainer sta9!
2026-06-25 16:48:15,770 - EXECUT - INFO - received weights from trainer sta10!
2026-06-25 16:48:16,725 - EXECUT - INFO - sent aggregated weights to trainers!
2026-06-25 16:48:17,186 - METRIC - INFO - {"loss": 0.12881453335285187, "accuracy": 0.9600840210914612, "energy_consumption": null, "selected": false, "client_name": "sta0"}
2026-06-25 16:48:17,198 - METRIC - INFO - {"loss": 0.13172800838947296, "accuracy": 0.9579831957817078, "energy_consumption": null, "selected": false, "client_name": "sta2"}
2026-06-25 16:48:17,201 - METRIC - INFO - {"loss": 0.10661166161298752, "accuracy": 0.9691876769065857, "energy_consumption": null, "selected": false, "client_name": "sta3"}
2026-06-25 16:48:17,219 - METRIC - INFO - {"loss": 0.12938104569911957, "accuracy": 0.9600840210914612, "energy_consumption": null, "selected": false, "client_name": "sta1"}
2026-06-25 16:48:17,235 - METRIC - INFO - {"loss": 0.1383998990058899, "accuracy": 0.9586834907531738, "energy_consumption": null, "selected": false, "client_name": "sta4"}
2026-06-25 16:48:17,236 - METRIC - INFO - {"loss": 0.127122163772583, "accuracy": 0.9621848464012146, "energy_consumption": null, "selected": false, "client_name": "sta5"}
2026-06-25 16:48:17,259 - METRIC - INFO - {"loss": 0.09873931109905243, "accuracy": 0.9712885022163391, "energy_consumption": null, "selected": false, "client_name": "sta6"}
2026-06-25 16:48:17,260 - METRIC - INFO - {"loss": 0.11446654051542282, "accuracy": 0.9691876769065857, "energy_consumption": null, "selected": false, "client_name": "sta7"}
2026-06-25 16:48:17,292 - METRIC - INFO - {"loss": 0.13782033324241638, "accuracy": 0.9600840210914612, "energy_consumption": null, "selected": false, "client_name": "sta8"}
2026-06-25 16:48:17,299 - METRIC - INFO - {"loss": 0.13030685484409332, "accuracy": 0.9593837261199951, "energy_consumption": null, "selected": false, "client_name": "sta10"}
2026-06-25 16:48:17,323 - METRIC - INFO - {"loss": 0.11753346025943756, "accuracy": 0.9656862616539001, "energy_consumption": null, "selected": false, "client_name": "sta9"}
2026-06-25 16:48:17,727 - METRIC - INFO - mean_accuracy: 0.9630761309103533

2026-06-25 16:48:17,728 - METRIC - INFO - round: 15
2026-06-25 16:48:17,728 - METRIC - INFO - n_selected: 11
2026-06-25 16:48:17,728 - METRIC - INFO - {"selected_trainers": ["sta0", "sta1", "sta10", "sta2", "sta3", "sta4", "sta5", "sta6", "sta7", "sta8", "sta9"]}
2026-06-25 16:48:24,544 - EXECUT - INFO - received weights from trainer sta4!
2026-06-25 16:48:24,591 - EXECUT - INFO - received weights from trainer sta5!
2026-06-25 16:48:24,619 - EXECUT - INFO - received weights from trainer sta1!
2026-06-25 16:48:24,650 - EXECUT - INFO - received weights from trainer sta6!
2026-06-25 16:48:24,673 - EXECUT - INFO - received weights from trainer sta2!
2026-06-25 16:48:24,696 - EXECUT - INFO - received weights from trainer sta3!
2026-06-25 16:48:24,717 - EXECUT - INFO - received weights from trainer sta7!
2026-06-25 16:48:24,739 - EXECUT - INFO - received weights from trainer sta0!
2026-06-25 16:48:25,979 - EXECUT - INFO - received weights from trainer sta9!
2026-06-25 16:48:26,004 - EXECUT - INFO - received weights from trainer sta8!
2026-06-25 16:48:26,027 - EXECUT - INFO - received weights from trainer sta10!
2026-06-25 16:48:27,200 - EXECUT - INFO - sent aggregated weights to trainers!
2026-06-25 16:48:27,627 - METRIC - INFO - {"loss": 0.12457068264484406, "accuracy": 0.9621848464012146, "energy_consumption": null, "selected": false, "client_name": "sta2"}
2026-06-25 16:48:27,642 - METRIC - INFO - {"loss": 0.11955457925796509, "accuracy": 0.9628851413726807, "energy_consumption": null, "selected": false, "client_name": "sta1"}
2026-06-25 16:48:27,644 - METRIC - INFO - {"loss": 0.11865013092756271, "accuracy": 0.9642857313156128, "energy_consumption": null, "selected": false, "client_name": "sta0"}
2026-06-25 16:48:27,651 - METRIC - INFO - {"loss": 0.0992048904299736, "accuracy": 0.9698879718780518, "energy_consumption": null, "selected": false, "client_name": "sta3"}
2026-06-25 16:48:27,653 - METRIC - INFO - {"loss": 0.12954068183898926, "accuracy": 0.9621848464012146, "energy_consumption": null, "selected": false, "client_name": "sta4"}
2026-06-25 16:48:27,662 - METRIC - INFO - {"loss": 0.11629965901374817, "accuracy": 0.9656862616539001, "energy_consumption": null, "selected": false, "client_name": "sta5"}
2026-06-25 16:48:27,669 - METRIC - INFO - {"loss": 0.09283880889415741, "accuracy": 0.9719887971878052, "energy_consumption": null, "selected": false, "client_name": "sta6"}
2026-06-25 16:48:27,700 - METRIC - INFO - {"loss": 0.10761091858148575, "accuracy": 0.970588207244873, "energy_consumption": null, "selected": false, "client_name": "sta7"}
2026-06-25 16:48:27,739 - METRIC - INFO - {"loss": 0.1089714765548706, "accuracy": 0.9677870869636536, "energy_consumption": null, "selected": false, "client_name": "sta9"}
2026-06-25 16:48:27,741 - METRIC - INFO - {"loss": 0.12740854918956757, "accuracy": 0.9600840210914612, "energy_consumption": null, "selected": false, "client_name": "sta8"}
2026-06-25 16:48:27,752 - METRIC - INFO - {"loss": 0.12160033732652664, "accuracy": 0.9600840210914612, "energy_consumption": null, "selected": false, "client_name": "sta10"}
2026-06-25 16:48:28,202 - METRIC - INFO - mean_accuracy: 0.9652406302365389

2026-06-25 16:48:28,202 - METRIC - INFO - round: 16
2026-06-25 16:48:28,202 - METRIC - INFO - n_selected: 11
2026-06-25 16:48:28,202 - METRIC - INFO - {"selected_trainers": ["sta0", "sta1", "sta10", "sta2", "sta3", "sta4", "sta5", "sta6", "sta7", "sta8", "sta9"]}
2026-06-25 16:48:35,010 - EXECUT - INFO - received weights from trainer sta3!
2026-06-25 16:48:35,031 - EXECUT - INFO - received weights from trainer sta5!
2026-06-25 16:48:35,053 - EXECUT - INFO - received weights from trainer sta0!
2026-06-25 16:48:35,078 - EXECUT - INFO - received weights from trainer sta1!
2026-06-25 16:48:35,099 - EXECUT - INFO - received weights from trainer sta7!
2026-06-25 16:48:35,120 - EXECUT - INFO - received weights from trainer sta2!
2026-06-25 16:48:35,140 - EXECUT - INFO - received weights from trainer sta4!
2026-06-25 16:48:35,161 - EXECUT - INFO - received weights from trainer sta6!
2026-06-25 16:48:36,388 - EXECUT - INFO - received weights from trainer sta10!
2026-06-25 16:48:36,413 - EXECUT - INFO - received weights from trainer sta9!
2026-06-25 16:48:36,433 - EXECUT - INFO - received weights from trainer sta8!
2026-06-25 16:48:37,657 - EXECUT - INFO - sent aggregated weights to trainers!
2026-06-25 16:48:38,113 - METRIC - INFO - {"loss": 0.11145156621932983, "accuracy": 0.9642857313156128, "energy_consumption": null, "selected": false, "client_name": "sta1"}
2026-06-25 16:48:38,129 - METRIC - INFO - {"loss": 0.11321280151605606, "accuracy": 0.9628851413726807, "energy_consumption": null, "selected": false, "client_name": "sta0"}
2026-06-25 16:48:38,156 - METRIC - INFO - {"loss": 0.116346076130867, "accuracy": 0.9635854363441467, "energy_consumption": null, "selected": false, "client_name": "sta2"}
2026-06-25 16:48:38,168 - METRIC - INFO - {"loss": 0.09272678196430206, "accuracy": 0.9719887971878052, "energy_consumption": null, "selected": false, "client_name": "sta3"}
2026-06-25 16:48:38,179 - METRIC - INFO - {"loss": 0.11854304373264313, "accuracy": 0.9663865566253662, "energy_consumption": null, "selected": false, "client_name": "sta4"}
2026-06-25 16:48:38,186 - METRIC - INFO - {"loss": 0.10808364301919937, "accuracy": 0.9691876769065857, "energy_consumption": null, "selected": false, "client_name": "sta5"}
2026-06-25 16:48:38,276 - METRIC - INFO - {"loss": 0.0863315761089325, "accuracy": 0.9733893275260925, "energy_consumption": null, "selected": false, "client_name": "sta6"}
2026-06-25 16:48:38,334 - METRIC - INFO - {"loss": 0.10173473507165909, "accuracy": 0.9712885022163391, "energy_consumption": null, "selected": false, "client_name": "sta7"}
2026-06-25 16:48:38,352 - METRIC - INFO - {"loss": 0.10614274442195892, "accuracy": 0.9677870869636536, "energy_consumption": null, "selected": false, "client_name": "sta9"}
2026-06-25 16:48:38,364 - METRIC - INFO - {"loss": 0.11356505751609802, "accuracy": 0.9621848464012146, "energy_consumption": null, "selected": false, "client_name": "sta10"}
2026-06-25 16:48:38,364 - METRIC - INFO - {"loss": 0.11982463300228119, "accuracy": 0.9628851413726807, "energy_consumption": null, "selected": false, "client_name": "sta8"}
2026-06-25 16:48:38,658 - METRIC - INFO - mean_accuracy: 0.9668958403847434

2026-06-25 16:48:38,658 - METRIC - INFO - round: 17
2026-06-25 16:48:38,658 - METRIC - INFO - n_selected: 11
2026-06-25 16:48:38,658 - METRIC - INFO - {"selected_trainers": ["sta0", "sta1", "sta10", "sta2", "sta3", "sta4", "sta5", "sta6", "sta7", "sta8", "sta9"]}
2026-06-25 16:48:44,937 - EXECUT - INFO - received weights from trainer sta5!
2026-06-25 16:48:44,958 - EXECUT - INFO - received weights from trainer sta4!
2026-06-25 16:48:44,978 - EXECUT - INFO - received weights from trainer sta3!
2026-06-25 16:48:45,003 - EXECUT - INFO - received weights from trainer sta2!
2026-06-25 16:48:45,023 - EXECUT - INFO - received weights from trainer sta1!
2026-06-25 16:48:45,043 - EXECUT - INFO - received weights from trainer sta6!
2026-06-25 16:48:45,097 - EXECUT - INFO - received weights from trainer sta0!
2026-06-25 16:48:45,116 - EXECUT - INFO - received weights from trainer sta7!
2026-06-25 16:48:46,173 - EXECUT - INFO - received weights from trainer sta10!
2026-06-25 16:48:46,196 - EXECUT - INFO - received weights from trainer sta9!
2026-06-25 16:48:46,235 - EXECUT - INFO - received weights from trainer sta8!
2026-06-25 16:48:47,067 - EXECUT - INFO - sent aggregated weights to trainers!
2026-06-25 16:48:47,482 - METRIC - INFO - {"loss": 0.1057773157954216, "accuracy": 0.9691876769065857, "energy_consumption": null, "selected": false, "client_name": "sta0"}
2026-06-25 16:48:47,547 - METRIC - INFO - {"loss": 0.0809580385684967, "accuracy": 0.9747899174690247, "energy_consumption": null, "selected": false, "client_name": "sta6"}
2026-06-25 16:48:47,552 - METRIC - INFO - {"loss": 0.09681044518947601, "accuracy": 0.9768907427787781, "energy_consumption": null, "selected": false, "client_name": "sta7"}
2026-06-25 16:48:47,582 - METRIC - INFO - {"loss": 0.10762698948383331, "accuracy": 0.9628851413726807, "energy_consumption": null, "selected": false, "client_name": "sta10"}
2026-06-25 16:48:47,584 - METRIC - INFO - {"loss": 0.11377913504838943, "accuracy": 0.9649859666824341, "energy_consumption": null, "selected": false, "client_name": "sta8"}
2026-06-25 16:48:47,595 - METRIC - INFO - {"loss": 0.09856689721345901, "accuracy": 0.970588207244873, "energy_consumption": null, "selected": false, "client_name": "sta9"}
2026-06-25 16:48:47,626 - METRIC - INFO - {"loss": 0.10811784118413925, "accuracy": 0.9656862616539001, "energy_consumption": null, "selected": false, "client_name": "sta2"}
2026-06-25 16:48:47,633 - METRIC - INFO - {"loss": 0.11362230032682419, "accuracy": 0.9670868515968323, "energy_consumption": null, "selected": false, "client_name": "sta4"}
2026-06-25 16:48:47,636 - METRIC - INFO - {"loss": 0.10447466373443604, "accuracy": 0.9663865566253662, "energy_consumption": null, "selected": false, "client_name": "sta1"}
2026-06-25 16:48:47,644 - METRIC - INFO - {"loss": 0.10162951052188873, "accuracy": 0.970588207244873, "energy_consumption": null, "selected": false, "client_name": "sta5"}
2026-06-25 16:48:47,647 - METRIC - INFO - {"loss": 0.08517075330018997, "accuracy": 0.9747899174690247, "energy_consumption": null, "selected": false, "client_name": "sta3"}
2026-06-25 16:48:48,070 - METRIC - INFO - mean_accuracy: 0.9694423133676703

2026-06-25 16:48:48,070 - METRIC - INFO - round: 18
2026-06-25 16:48:48,070 - METRIC - INFO - n_selected: 11
2026-06-25 16:48:48,070 - METRIC - INFO - {"selected_trainers": ["sta0", "sta1", "sta10", "sta2", "sta3", "sta4", "sta5", "sta6", "sta7", "sta8", "sta9"]}
2026-06-25 16:48:54,312 - EXECUT - INFO - received weights from trainer sta3!
2026-06-25 16:48:54,331 - EXECUT - INFO - received weights from trainer sta4!
2026-06-25 16:48:54,351 - EXECUT - INFO - received weights from trainer sta1!
2026-06-25 16:48:54,375 - EXECUT - INFO - received weights from trainer sta5!
2026-06-25 16:48:54,394 - EXECUT - INFO - received weights from trainer sta0!
2026-06-25 16:48:54,413 - EXECUT - INFO - received weights from trainer sta6!
2026-06-25 16:48:54,433 - EXECUT - INFO - received weights from trainer sta7!
2026-06-25 16:48:54,452 - EXECUT - INFO - received weights from trainer sta2!
2026-06-25 16:48:55,533 - EXECUT - INFO - received weights from trainer sta9!
2026-06-25 16:48:55,565 - EXECUT - INFO - received weights from trainer sta8!
2026-06-25 16:48:55,587 - EXECUT - INFO - received weights from trainer sta10!
2026-06-25 16:48:56,464 - EXECUT - INFO - sent aggregated weights to trainers!
2026-06-25 16:48:56,863 - METRIC - INFO - {"loss": 0.09930069744586945, "accuracy": 0.970588207244873, "energy_consumption": null, "selected": false, "client_name": "sta0"}
2026-06-25 16:48:56,884 - METRIC - INFO - {"loss": 0.08190134912729263, "accuracy": 0.9740896224975586, "energy_consumption": null, "selected": false, "client_name": "sta3"}
2026-06-25 16:48:56,885 - METRIC - INFO - {"loss": 0.09946940839290619, "accuracy": 0.9691876769065857, "energy_consumption": null, "selected": false, "client_name": "sta1"}
2026-06-25 16:48:56,896 - METRIC - INFO - {"loss": 0.10224506258964539, "accuracy": 0.9684873819351196, "energy_consumption": null, "selected": false, "client_name": "sta2"}
2026-06-25 16:48:56,922 - METRIC - INFO - {"loss": 0.10847540199756622, "accuracy": 0.9670868515968323, "energy_consumption": null, "selected": false, "client_name": "sta4"}
2026-06-25 16:48:56,954 - METRIC - INFO - {"loss": 0.09507781267166138, "accuracy": 0.9733893275260925, "energy_consumption": null, "selected": false, "client_name": "sta5"}
2026-06-25 16:48:56,972 - METRIC - INFO - {"loss": 0.09135772287845612, "accuracy": 0.976190447807312, "energy_consumption": null, "selected": false, "client_name": "sta7"}
2026-06-25 16:48:56,972 - METRIC - INFO - {"loss": 0.0758090391755104, "accuracy": 0.976190447807312, "energy_consumption": null, "selected": false, "client_name": "sta6"}
2026-06-25 16:48:56,981 - METRIC - INFO - {"loss": 0.10680948197841644, "accuracy": 0.9663865566253662, "energy_consumption": null, "selected": false, "client_name": "sta8"}
2026-06-25 16:48:56,987 - METRIC - INFO - {"loss": 0.09464974701404572, "accuracy": 0.9712885022163391, "energy_consumption": null, "selected": false, "client_name": "sta9"}
2026-06-25 16:48:56,998 - METRIC - INFO - {"loss": 0.10281737148761749, "accuracy": 0.9649859666824341, "energy_consumption": null, "selected": false, "client_name": "sta10"}
2026-06-25 16:48:57,466 - METRIC - INFO - mean_accuracy: 0.9707155444405295

2026-06-25 16:48:57,466 - METRIC - INFO - round: 19
2026-06-25 16:48:57,466 - METRIC - INFO - n_selected: 11
2026-06-25 16:48:57,466 - METRIC - INFO - {"selected_trainers": ["sta0", "sta1", "sta10", "sta2", "sta3", "sta4", "sta5", "sta6", "sta7", "sta8", "sta9"]}
2026-06-25 16:49:03,701 - EXECUT - INFO - received weights from trainer sta4!
2026-06-25 16:49:03,740 - EXECUT - INFO - received weights from trainer sta6!
2026-06-25 16:49:03,760 - EXECUT - INFO - received weights from trainer sta2!
2026-06-25 16:49:03,784 - EXECUT - INFO - received weights from trainer sta1!
2026-06-25 16:49:03,803 - EXECUT - INFO - received weights from trainer sta5!
2026-06-25 16:49:03,822 - EXECUT - INFO - received weights from trainer sta7!
2026-06-25 16:49:03,842 - EXECUT - INFO - received weights from trainer sta0!
2026-06-25 16:49:03,861 - EXECUT - INFO - received weights from trainer sta3!
2026-06-25 16:49:04,946 - EXECUT - INFO - received weights from trainer sta10!
2026-06-25 16:49:04,974 - EXECUT - INFO - received weights from trainer sta8!
2026-06-25 16:49:04,996 - EXECUT - INFO - received weights from trainer sta9!
2026-06-25 16:49:05,860 - EXECUT - INFO - sent aggregated weights to trainers!
2026-06-25 16:49:06,257 - METRIC - INFO - {"loss": 0.09867502003908157, "accuracy": 0.9712885022163391, "energy_consumption": null, "selected": false, "client_name": "sta2"}
2026-06-25 16:49:06,295 - METRIC - INFO - {"loss": 0.07633879035711288, "accuracy": 0.9740896224975586, "energy_consumption": null, "selected": false, "client_name": "sta3"}
2026-06-25 16:49:06,296 - METRIC - INFO - {"loss": 0.093309685587883, "accuracy": 0.9719887971878052, "energy_consumption": null, "selected": false, "client_name": "sta1"}
2026-06-25 16:49:06,298 - METRIC - INFO - {"loss": 0.07287005335092545, "accuracy": 0.9775910377502441, "energy_consumption": null, "selected": false, "client_name": "sta6"}
2026-06-25 16:49:06,306 - METRIC - INFO - {"loss": 0.10130912810564041, "accuracy": 0.9691876769065857, "energy_consumption": null, "selected": false, "client_name": "sta4"}
2026-06-25 16:49:06,323 - METRIC - INFO - {"loss": 0.08855343610048294, "accuracy": 0.9747899174690247, "energy_consumption": null, "selected": false, "client_name": "sta5"}
2026-06-25 16:49:06,331 - METRIC - INFO - {"loss": 0.08824001997709274, "accuracy": 0.9754902124404907, "energy_consumption": null, "selected": false, "client_name": "sta7"}
2026-06-25 16:49:06,352 - METRIC - INFO - {"loss": 0.09360002726316452, "accuracy": 0.9754902124404907, "energy_consumption": null, "selected": false, "client_name": "sta0"}
2026-06-25 16:49:06,355 - METRIC - INFO - {"loss": 0.09985388070344925, "accuracy": 0.9656862616539001, "energy_consumption": null, "selected": false, "client_name": "sta8"}
2026-06-25 16:49:06,358 - METRIC - INFO - {"loss": 0.08956198394298553, "accuracy": 0.9740896224975586, "energy_consumption": null, "selected": false, "client_name": "sta9"}
2026-06-25 16:49:06,373 - METRIC - INFO - {"loss": 0.09771545976400375, "accuracy": 0.9670868515968323, "energy_consumption": null, "selected": false, "client_name": "sta10"}
2026-06-25 16:49:06,863 - METRIC - INFO - mean_accuracy: 0.9724344286051664

2026-06-25 16:49:06,863 - METRIC - INFO - round: 20
2026-06-25 16:49:06,863 - METRIC - INFO - n_selected: 11
2026-06-25 16:49:06,863 - METRIC - INFO - {"selected_trainers": ["sta0", "sta1", "sta10", "sta2", "sta3", "sta4", "sta5", "sta6", "sta7", "sta8", "sta9"]}
2026-06-25 16:49:12,813 - EXECUT - INFO - received weights from trainer sta1!
2026-06-25 16:49:12,840 - EXECUT - INFO - received weights from trainer sta4!
2026-06-25 16:49:12,864 - EXECUT - INFO - received weights from trainer sta0!
2026-06-25 16:49:12,890 - EXECUT - INFO - received weights from trainer sta5!
2026-06-25 16:49:12,908 - EXECUT - INFO - received weights from trainer sta7!
2026-06-25 16:49:12,927 - EXECUT - INFO - received weights from trainer sta3!
2026-06-25 16:49:12,945 - EXECUT - INFO - received weights from trainer sta2!
2026-06-25 16:49:12,964 - EXECUT - INFO - received weights from trainer sta6!
2026-06-25 16:49:13,858 - EXECUT - INFO - received weights from trainer sta10!
2026-06-25 16:49:13,877 - EXECUT - INFO - received weights from trainer sta9!
2026-06-25 16:49:13,922 - EXECUT - INFO - received weights from trainer sta8!
2026-06-25 16:49:15,261 - EXECUT - INFO - sent aggregated weights to trainers!
2026-06-25 16:49:15,647 - METRIC - INFO - {"loss": 0.09243489056825638, "accuracy": 0.9726890921592712, "energy_consumption": null, "selected": false, "client_name": "sta2"}
2026-06-25 16:49:15,654 - METRIC - INFO - {"loss": 0.0888439416885376, "accuracy": 0.976190447807312, "energy_consumption": null, "selected": false, "client_name": "sta0"}
2026-06-25 16:49:15,657 - METRIC - INFO - {"loss": 0.08848830312490463, "accuracy": 0.9740896224975586, "energy_consumption": null, "selected": false, "client_name": "sta1"}
2026-06-25 16:49:15,679 - METRIC - INFO - {"loss": 0.08541349321603775, "accuracy": 0.9768907427787781, "energy_consumption": null, "selected": false, "client_name": "sta5"}
2026-06-25 16:49:15,679 - METRIC - INFO - {"loss": 0.07466746866703033, "accuracy": 0.976190447807312, "energy_consumption": null, "selected": false, "client_name": "sta3"}
2026-06-25 16:49:15,688 - METRIC - INFO - {"loss": 0.08352041989564896, "accuracy": 0.9768907427787781, "energy_consumption": null, "selected": false, "client_name": "sta7"}
2026-06-25 16:49:15,697 - METRIC - INFO - {"loss": 0.09589172154664993, "accuracy": 0.9719887971878052, "energy_consumption": null, "selected": false, "client_name": "sta4"}
2026-06-25 16:49:15,725 - METRIC - INFO - {"loss": 0.09544369578361511, "accuracy": 0.9656862616539001, "energy_consumption": null, "selected": false, "client_name": "sta8"}
2026-06-25 16:49:15,726 - METRIC - INFO - {"loss": 0.06867261976003647, "accuracy": 0.9775910377502441, "energy_consumption": null, "selected": false, "client_name": "sta6"}
2026-06-25 16:49:15,746 - METRIC - INFO - {"loss": 0.08535609394311905, "accuracy": 0.9775910377502441, "energy_consumption": null, "selected": false, "client_name": "sta9"}
2026-06-25 16:49:15,751 - METRIC - INFO - {"loss": 0.09501965343952179, "accuracy": 0.9691876769065857, "energy_consumption": null, "selected": false, "client_name": "sta10"}
2026-06-25 16:49:16,263 - METRIC - INFO - mean_accuracy: 0.9740896279161627

2026-06-25 16:49:16,263 - METRIC - INFO - round: 21
2026-06-25 16:49:16,263 - METRIC - INFO - n_selected: 11
2026-06-25 16:49:16,263 - METRIC - INFO - {"selected_trainers": ["sta0", "sta1", "sta10", "sta2", "sta3", "sta4", "sta5", "sta6", "sta7", "sta8", "sta9"]}
2026-06-25 16:49:22,064 - EXECUT - INFO - received weights from trainer sta5!
2026-06-25 16:49:22,083 - EXECUT - INFO - received weights from trainer sta4!
2026-06-25 16:49:22,101 - EXECUT - INFO - received weights from trainer sta0!
2026-06-25 16:49:22,123 - EXECUT - INFO - received weights from trainer sta6!
2026-06-25 16:49:22,160 - EXECUT - INFO - received weights from trainer sta1!
2026-06-25 16:49:22,178 - EXECUT - INFO - received weights from trainer sta2!
2026-06-25 16:49:22,195 - EXECUT - INFO - received weights from trainer sta3!
2026-06-25 16:49:22,213 - EXECUT - INFO - received weights from trainer sta7!
2026-06-25 16:49:23,036 - EXECUT - INFO - received weights from trainer sta9!
2026-06-25 16:49:23,053 - EXECUT - INFO - received weights from trainer sta10!
2026-06-25 16:49:26,716 - EXECUT - INFO - received weights from trainer sta8!
2026-06-25 16:49:27,626 - EXECUT - INFO - sent aggregated weights to trainers!
2026-06-25 16:49:28,008 - METRIC - INFO - {"loss": 0.08324380218982697, "accuracy": 0.976190447807312, "energy_consumption": null, "selected": false, "client_name": "sta1"}
2026-06-25 16:49:28,026 - METRIC - INFO - {"loss": 0.06980537623167038, "accuracy": 0.9768907427787781, "energy_consumption": null, "selected": false, "client_name": "sta3"}
2026-06-25 16:49:28,027 - METRIC - INFO - {"loss": 0.08772681653499603, "accuracy": 0.9747899174690247, "energy_consumption": null, "selected": false, "client_name": "sta0"}
2026-06-25 16:49:28,031 - METRIC - INFO - {"loss": 0.08888082951307297, "accuracy": 0.9740896224975586, "energy_consumption": null, "selected": false, "client_name": "sta2"}
2026-06-25 16:49:28,056 - METRIC - INFO - {"loss": 0.08087630569934845, "accuracy": 0.9775910377502441, "energy_consumption": null, "selected": false, "client_name": "sta7"}
2026-06-25 16:49:28,061 - METRIC - INFO - {"loss": 0.09269018471240997, "accuracy": 0.9740896224975586, "energy_consumption": null, "selected": false, "client_name": "sta4"}
2026-06-25 16:49:28,062 - METRIC - INFO - {"loss": 0.08071177452802658, "accuracy": 0.9782913327217102, "energy_consumption": null, "selected": false, "client_name": "sta5"}
2026-06-25 16:49:28,073 - METRIC - INFO - {"loss": 0.06583963334560394, "accuracy": 0.9796918630599976, "energy_consumption": null, "selected": false, "client_name": "sta6"}
2026-06-25 16:49:28,098 - METRIC - INFO - {"loss": 0.09265132248401642, "accuracy": 0.9698879718780518, "energy_consumption": null, "selected": false, "client_name": "sta8"}
2026-06-25 16:49:28,102 - METRIC - INFO - {"loss": 0.08256997913122177, "accuracy": 0.9775910377502441, "energy_consumption": null, "selected": false, "client_name": "sta9"}
2026-06-25 16:49:28,104 - METRIC - INFO - {"loss": 0.08995602279901505, "accuracy": 0.9712885022163391, "energy_consumption": null, "selected": false, "client_name": "sta10"}
2026-06-25 16:49:28,629 - METRIC - INFO - mean_accuracy: 0.9754901907660745

2026-06-25 16:49:28,629 - METRIC - INFO - round: 22
2026-06-25 16:49:28,629 - METRIC - INFO - n_selected: 11
2026-06-25 16:49:28,629 - METRIC - INFO - {"selected_trainers": ["sta0", "sta1", "sta10", "sta2", "sta3", "sta4", "sta5", "sta6", "sta7", "sta8", "sta9"]}
2026-06-25 16:49:34,275 - EXECUT - INFO - received weights from trainer sta5!
2026-06-25 16:49:34,334 - EXECUT - INFO - received weights from trainer sta6!
2026-06-25 16:49:34,355 - EXECUT - INFO - received weights from trainer sta0!
2026-06-25 16:49:34,376 - EXECUT - INFO - received weights from trainer sta3!
2026-06-25 16:49:34,399 - EXECUT - INFO - received weights from trainer sta1!
2026-06-25 16:49:34,420 - EXECUT - INFO - received weights from trainer sta4!
2026-06-25 16:49:34,437 - EXECUT - INFO - received weights from trainer sta7!
2026-06-25 16:49:34,454 - EXECUT - INFO - received weights from trainer sta2!
2026-06-25 16:49:35,342 - EXECUT - INFO - received weights from trainer sta9!
2026-06-25 16:49:35,359 - EXECUT - INFO - received weights from trainer sta10!
2026-06-25 16:49:35,375 - EXECUT - INFO - received weights from trainer sta8!
2026-06-25 16:49:35,983 - EXECUT - INFO - sent aggregated weights to trainers!
2026-06-25 16:49:36,329 - METRIC - INFO - {"loss": 0.08144863694906235, "accuracy": 0.9768907427787781, "energy_consumption": null, "selected": false, "client_name": "sta0"}
2026-06-25 16:49:36,334 - METRIC - INFO - {"loss": 0.08775588870048523, "accuracy": 0.9733893275260925, "energy_consumption": null, "selected": false, "client_name": "sta2"}
2026-06-25 16:49:36,344 - METRIC - INFO - {"loss": 0.06620339304208755, "accuracy": 0.9803921580314636, "energy_consumption": null, "selected": false, "client_name": "sta3"}
2026-06-25 16:49:36,353 - METRIC - INFO - {"loss": 0.08781088143587112, "accuracy": 0.9733893275260925, "energy_consumption": null, "selected": false, "client_name": "sta4"}
2026-06-25 16:49:36,365 - METRIC - INFO - {"loss": 0.07850813120603561, "accuracy": 0.9768907427787781, "energy_consumption": null, "selected": false, "client_name": "sta1"}
2026-06-25 16:49:36,372 - METRIC - INFO - {"loss": 0.0773325115442276, "accuracy": 0.9775910377502441, "energy_consumption": null, "selected": false, "client_name": "sta5"}
2026-06-25 16:49:36,377 - METRIC - INFO - {"loss": 0.07594253122806549, "accuracy": 0.9768907427787781, "energy_consumption": null, "selected": false, "client_name": "sta7"}
2026-06-25 16:49:36,388 - METRIC - INFO - {"loss": 0.06432126462459564, "accuracy": 0.9810924530029297, "energy_consumption": null, "selected": false, "client_name": "sta6"}
2026-06-25 16:49:36,437 - METRIC - INFO - {"loss": 0.08826450258493423, "accuracy": 0.9712885022163391, "energy_consumption": null, "selected": false, "client_name": "sta8"}
2026-06-25 16:49:36,437 - METRIC - INFO - {"loss": 0.0864039957523346, "accuracy": 0.9719887971878052, "energy_consumption": null, "selected": false, "client_name": "sta10"}
2026-06-25 16:49:36,439 - METRIC - INFO - {"loss": 0.0799693614244461, "accuracy": 0.9775910377502441, "energy_consumption": null, "selected": false, "client_name": "sta9"}
2026-06-25 16:49:36,985 - METRIC - INFO - mean_accuracy: 0.9761268063025041

2026-06-25 16:49:36,985 - METRIC - INFO - round: 23
2026-06-25 16:49:36,985 - METRIC - INFO - n_selected: 11
2026-06-25 16:49:36,985 - METRIC - INFO - {"selected_trainers": ["sta0", "sta1", "sta10", "sta2", "sta3", "sta4", "sta5", "sta6", "sta7", "sta8", "sta9"]}
2026-06-25 16:49:42,407 - EXECUT - INFO - received weights from trainer sta4!
2026-06-25 16:49:42,430 - EXECUT - INFO - received weights from trainer sta0!
2026-06-25 16:49:42,471 - EXECUT - INFO - received weights from trainer sta2!
2026-06-25 16:49:42,488 - EXECUT - INFO - received weights from trainer sta3!
2026-06-25 16:49:42,508 - EXECUT - INFO - received weights from trainer sta6!
2026-06-25 16:49:42,524 - EXECUT - INFO - received weights from trainer sta7!
2026-06-25 16:49:42,541 - EXECUT - INFO - received weights from trainer sta1!
2026-06-25 16:49:43,315 - EXECUT - INFO - received weights from trainer sta8!
2026-06-25 16:49:43,331 - EXECUT - INFO - received weights from trainer sta9!
2026-06-25 16:49:43,371 - EXECUT - INFO - received weights from trainer sta10!
2026-06-25 16:49:47,437 - EXECUT - INFO - received weights from trainer sta5!
2026-06-25 16:49:48,323 - EXECUT - INFO - sent aggregated weights to trainers!
2026-06-25 16:49:48,674 - METRIC - INFO - {"loss": 0.0855063945055008, "accuracy": 0.9726890921592712, "energy_consumption": null, "selected": false, "client_name": "sta2"}
2026-06-25 16:49:48,679 - METRIC - INFO - {"loss": 0.07633355259895325, "accuracy": 0.9754902124404907, "energy_consumption": null, "selected": false, "client_name": "sta1"}
2026-06-25 16:49:48,692 - METRIC - INFO - {"loss": 0.06446821987628937, "accuracy": 0.9789915680885315, "energy_consumption": null, "selected": false, "client_name": "sta3"}
2026-06-25 16:49:48,694 - METRIC - INFO - {"loss": 0.07819128036499023, "accuracy": 0.9775910377502441, "energy_consumption": null, "selected": false, "client_name": "sta0"}
2026-06-25 16:49:48,708 - METRIC - INFO - {"loss": 0.07552629709243774, "accuracy": 0.9782913327217102, "energy_consumption": null, "selected": false, "client_name": "sta5"}
2026-06-25 16:49:48,715 - METRIC - INFO - {"loss": 0.06216301769018173, "accuracy": 0.981792688369751, "energy_consumption": null, "selected": false, "client_name": "sta6"}
2026-06-25 16:49:48,715 - METRIC - INFO - {"loss": 0.08641538769006729, "accuracy": 0.9733893275260925, "energy_consumption": null, "selected": false, "client_name": "sta4"}
2026-06-25 16:49:48,739 - METRIC - INFO - {"loss": 0.07399166375398636, "accuracy": 0.9789915680885315, "energy_consumption": null, "selected": false, "client_name": "sta7"}
2026-06-25 16:49:48,761 - METRIC - INFO - {"loss": 0.08711354434490204, "accuracy": 0.9726890921592712, "energy_consumption": null, "selected": false, "client_name": "sta8"}
2026-06-25 16:49:48,765 - METRIC - INFO - {"loss": 0.07609501481056213, "accuracy": 0.9789915680885315, "energy_consumption": null, "selected": false, "client_name": "sta9"}
2026-06-25 16:49:48,771 - METRIC - INFO - {"loss": 0.08592364937067032, "accuracy": 0.9740896224975586, "energy_consumption": null, "selected": false, "client_name": "sta10"}
2026-06-25 16:49:49,324 - METRIC - INFO - mean_accuracy: 0.9766361008990895

2026-06-25 16:49:49,325 - METRIC - INFO - round: 24
2026-06-25 16:49:49,325 - METRIC - INFO - n_selected: 11
2026-06-25 16:49:49,325 - METRIC - INFO - {"selected_trainers": ["sta0", "sta1", "sta10", "sta2", "sta3", "sta4", "sta5", "sta6", "sta7", "sta8", "sta9"]}
2026-06-25 16:49:54,718 - EXECUT - INFO - received weights from trainer sta3!
2026-06-25 16:49:54,738 - EXECUT - INFO - received weights from trainer sta4!
2026-06-25 16:49:54,758 - EXECUT - INFO - received weights from trainer sta5!
2026-06-25 16:49:54,777 - EXECUT - INFO - received weights from trainer sta7!
2026-06-25 16:49:54,800 - EXECUT - INFO - received weights from trainer sta6!
2026-06-25 16:49:54,819 - EXECUT - INFO - received weights from trainer sta0!
2026-06-25 16:49:54,835 - EXECUT - INFO - received weights from trainer sta1!
2026-06-25 16:49:54,850 - EXECUT - INFO - received weights from trainer sta2!
2026-06-25 16:49:55,622 - EXECUT - INFO - received weights from trainer sta8!
2026-06-25 16:49:55,637 - EXECUT - INFO - received weights from trainer sta9!
2026-06-25 16:49:55,652 - EXECUT - INFO - received weights from trainer sta10!
2026-06-25 16:49:56,666 - EXECUT - INFO - sent aggregated weights to trainers!
2026-06-25 16:49:56,995 - METRIC - INFO - {"loss": 0.07743026316165924, "accuracy": 0.9796918630599976, "energy_consumption": null, "selected": false, "client_name": "sta0"}
2026-06-25 16:49:57,042 - METRIC - INFO - {"loss": 0.08085256069898605, "accuracy": 0.9740896224975586, "energy_consumption": null, "selected": false, "client_name": "sta2"}
2026-06-25 16:49:57,056 - METRIC - INFO - {"loss": 0.07246129959821701, "accuracy": 0.9782913327217102, "energy_consumption": null, "selected": false, "client_name": "sta7"}
2026-06-25 16:49:57,056 - METRIC - INFO - {"loss": 0.07295167446136475, "accuracy": 0.9782913327217102, "energy_consumption": null, "selected": false, "client_name": "sta1"}
2026-06-25 16:49:57,065 - METRIC - INFO - {"loss": 0.06094950810074806, "accuracy": 0.9810924530029297, "energy_consumption": null, "selected": false, "client_name": "sta3"}
2026-06-25 16:49:57,081 - METRIC - INFO - {"loss": 0.08099650591611862, "accuracy": 0.9754902124404907, "energy_consumption": null, "selected": false, "client_name": "sta4"}
2026-06-25 16:49:57,087 - METRIC - INFO - {"loss": 0.07246506959199905, "accuracy": 0.9789915680885315, "energy_consumption": null, "selected": false, "client_name": "sta5"}
2026-06-25 16:49:57,105 - METRIC - INFO - {"loss": 0.05873245745897293, "accuracy": 0.982492983341217, "energy_consumption": null, "selected": false, "client_name": "sta6"}
2026-06-25 16:49:57,114 - METRIC - INFO - {"loss": 0.07362271100282669, "accuracy": 0.9803921580314636, "energy_consumption": null, "selected": false, "client_name": "sta9"}
2026-06-25 16:49:57,116 - METRIC - INFO - {"loss": 0.08053745329380035, "accuracy": 0.9754902124404907, "energy_consumption": null, "selected": false, "client_name": "sta10"}
2026-06-25 16:49:57,117 - METRIC - INFO - {"loss": 0.0816277489066124, "accuracy": 0.9726890921592712, "energy_consumption": null, "selected": false, "client_name": "sta8"}
2026-06-25 16:49:57,669 - METRIC - INFO - mean_accuracy: 0.977909348227761

2026-06-25 16:49:57,669 - METRIC - INFO - round: 25
2026-06-25 16:49:57,669 - METRIC - INFO - n_selected: 11
2026-06-25 16:49:57,669 - METRIC - INFO - {"selected_trainers": ["sta0", "sta1", "sta10", "sta2", "sta3", "sta4", "sta5", "sta6", "sta7", "sta8", "sta9"]}
2026-06-25 16:50:03,094 - EXECUT - INFO - received weights from trainer sta4!
2026-06-25 16:50:03,113 - EXECUT - INFO - received weights from trainer sta6!
2026-06-25 16:50:03,131 - EXECUT - INFO - received weights from trainer sta1!
2026-06-25 16:50:03,149 - EXECUT - INFO - received weights from trainer sta5!
2026-06-25 16:50:03,171 - EXECUT - INFO - received weights from trainer sta3!
2026-06-25 16:50:03,188 - EXECUT - INFO - received weights from trainer sta2!
2026-06-25 16:50:03,204 - EXECUT - INFO - received weights from trainer sta7!
2026-06-25 16:50:03,220 - EXECUT - INFO - received weights from trainer sta0!
2026-06-25 16:50:03,985 - EXECUT - INFO - received weights from trainer sta8!
2026-06-25 16:50:04,001 - EXECUT - INFO - received weights from trainer sta9!
2026-06-25 16:50:04,016 - EXECUT - INFO - received weights from trainer sta10!
2026-06-25 16:50:05,000 - EXECUT - INFO - sent aggregated weights to trainers!
2026-06-25 16:50:05,333 - METRIC - INFO - {"loss": 0.07971881330013275, "accuracy": 0.9754902124404907, "energy_consumption": null, "selected": false, "client_name": "sta2"}
2026-06-25 16:50:05,338 - METRIC - INFO - {"loss": 0.07363124191761017, "accuracy": 0.9782913327217102, "energy_consumption": null, "selected": false, "client_name": "sta0"}
2026-06-25 16:50:05,362 - METRIC - INFO - {"loss": 0.06957753747701645, "accuracy": 0.9782913327217102, "energy_consumption": null, "selected": false, "client_name": "sta1"}
2026-06-25 16:50:05,370 - METRIC - INFO - {"loss": 0.05845174565911293, "accuracy": 0.9859943985939026, "energy_consumption": null, "selected": false, "client_name": "sta3"}
2026-06-25 16:50:05,375 - METRIC - INFO - {"loss": 0.06957598775625229, "accuracy": 0.981792688369751, "energy_consumption": null, "selected": false, "client_name": "sta5"}
2026-06-25 16:50:05,382 - METRIC - INFO - {"loss": 0.07934963703155518, "accuracy": 0.9754902124404907, "energy_consumption": null, "selected": false, "client_name": "sta4"}
2026-06-25 16:50:05,383 - METRIC - INFO - {"loss": 0.05678853765130043, "accuracy": 0.9838935732841492, "energy_consumption": null, "selected": false, "client_name": "sta6"}
2026-06-25 16:50:05,406 - METRIC - INFO - {"loss": 0.06892269104719162, "accuracy": 0.9775910377502441, "energy_consumption": null, "selected": false, "client_name": "sta7"}
2026-06-25 16:50:05,431 - METRIC - INFO - {"loss": 0.07896903902292252, "accuracy": 0.9733893275260925, "energy_consumption": null, "selected": false, "client_name": "sta8"}
2026-06-25 16:50:05,439 - METRIC - INFO - {"loss": 0.08059055358171463, "accuracy": 0.9747899174690247, "energy_consumption": null, "selected": false, "client_name": "sta10"}
2026-06-25 16:50:05,443 - METRIC - INFO - {"loss": 0.07100919634103775, "accuracy": 0.9796918630599976, "energy_consumption": null, "selected": false, "client_name": "sta9"}
2026-06-25 16:50:06,001 - METRIC - INFO - mean_accuracy: 0.9786096269434149

2026-06-25 16:50:06,001 - METRIC - INFO - round: 26
2026-06-25 16:50:06,001 - METRIC - INFO - n_selected: 11
2026-06-25 16:50:06,001 - METRIC - INFO - {"selected_trainers": ["sta0", "sta1", "sta10", "sta2", "sta3", "sta4", "sta5", "sta6", "sta7", "sta8", "sta9"]}
2026-06-25 16:50:11,285 - EXECUT - INFO - received weights from trainer sta0!
2026-06-25 16:50:11,349 - EXECUT - INFO - received weights from trainer sta4!
2026-06-25 16:50:11,365 - EXECUT - INFO - received weights from trainer sta1!
2026-06-25 16:50:11,381 - EXECUT - INFO - received weights from trainer sta7!
2026-06-25 16:50:11,399 - EXECUT - INFO - received weights from trainer sta3!
2026-06-25 16:50:11,415 - EXECUT - INFO - received weights from trainer sta6!
2026-06-25 16:50:11,430 - EXECUT - INFO - received weights from trainer sta5!
2026-06-25 16:50:11,445 - EXECUT - INFO - received weights from trainer sta2!
2026-06-25 16:50:12,183 - EXECUT - INFO - received weights from trainer sta9!
2026-06-25 16:50:12,210 - EXECUT - INFO - received weights from trainer sta10!
2026-06-25 16:50:12,232 - EXECUT - INFO - received weights from trainer sta8!
2026-06-25 16:50:13,334 - EXECUT - INFO - sent aggregated weights to trainers!
2026-06-25 16:50:13,689 - METRIC - INFO - {"loss": 0.07026127725839615, "accuracy": 0.9775910377502441, "energy_consumption": null, "selected": false, "client_name": "sta0"}
2026-06-25 16:50:13,713 - METRIC - INFO - {"loss": 0.0773434042930603, "accuracy": 0.976190447807312, "energy_consumption": null, "selected": false, "client_name": "sta2"}
2026-06-25 16:50:13,716 - METRIC - INFO - {"loss": 0.06654876470565796, "accuracy": 0.9796918630599976, "energy_consumption": null, "selected": false, "client_name": "sta1"}
2026-06-25 16:50:13,718 - METRIC - INFO - {"loss": 0.05463499575853348, "accuracy": 0.9845938086509705, "energy_consumption": null, "selected": false, "client_name": "sta6"}
2026-06-25 16:50:13,728 - METRIC - INFO - {"loss": 0.07626120746135712, "accuracy": 0.9754902124404907, "energy_consumption": null, "selected": false, "client_name": "sta4"}
2026-06-25 16:50:13,738 - METRIC - INFO - {"loss": 0.05602116510272026, "accuracy": 0.9852941036224365, "energy_consumption": null, "selected": false, "client_name": "sta3"}
2026-06-25 16:50:13,751 - METRIC - INFO - {"loss": 0.06827864795923233, "accuracy": 0.9810924530029297, "energy_consumption": null, "selected": false, "client_name": "sta5"}
2026-06-25 16:50:13,757 - METRIC - INFO - {"loss": 0.06747269630432129, "accuracy": 0.9796918630599976, "energy_consumption": null, "selected": false, "client_name": "sta7"}
2026-06-25 16:50:13,764 - METRIC - INFO - {"loss": 0.07602020353078842, "accuracy": 0.9733893275260925, "energy_consumption": null, "selected": false, "client_name": "sta8"}
2026-06-25 16:50:13,769 - METRIC - INFO - {"loss": 0.06936679780483246, "accuracy": 0.9803921580314636, "energy_consumption": null, "selected": false, "client_name": "sta9"}
2026-06-25 16:50:13,773 - METRIC - INFO - {"loss": 0.07621398568153381, "accuracy": 0.976190447807312, "energy_consumption": null, "selected": false, "client_name": "sta10"}
2026-06-25 16:50:14,336 - METRIC - INFO - mean_accuracy: 0.9790552475235679

2026-06-25 16:50:14,336 - METRIC - INFO - round: 27
2026-06-25 16:50:14,336 - METRIC - INFO - n_selected: 11
2026-06-25 16:50:14,336 - METRIC - INFO - {"selected_trainers": ["sta0", "sta1", "sta10", "sta2", "sta3", "sta4", "sta5", "sta6", "sta7", "sta8", "sta9"]}
2026-06-25 16:50:19,450 - EXECUT - INFO - received weights from trainer sta3!
2026-06-25 16:50:19,466 - EXECUT - INFO - received weights from trainer sta4!
2026-06-25 16:50:19,481 - EXECUT - INFO - received weights from trainer sta5!
2026-06-25 16:50:19,496 - EXECUT - INFO - received weights from trainer sta0!
2026-06-25 16:50:19,511 - EXECUT - INFO - received weights from trainer sta7!
2026-06-25 16:50:19,528 - EXECUT - INFO - received weights from trainer sta6!
2026-06-25 16:50:19,543 - EXECUT - INFO - received weights from trainer sta2!
2026-06-25 16:50:19,557 - EXECUT - INFO - received weights from trainer sta1!
2026-06-25 16:50:20,184 - EXECUT - INFO - received weights from trainer sta10!
2026-06-25 16:50:20,199 - EXECUT - INFO - received weights from trainer sta8!
2026-06-25 16:50:20,213 - EXECUT - INFO - received weights from trainer sta9!
2026-06-25 16:50:20,631 - EXECUT - INFO - sent aggregated weights to trainers!
2026-06-25 16:50:20,981 - METRIC - INFO - {"loss": 0.06751742213964462, "accuracy": 0.9782913327217102, "energy_consumption": null, "selected": false, "client_name": "sta0"}
2026-06-25 16:50:20,983 - METRIC - INFO - {"loss": 0.05368856340646744, "accuracy": 0.9852941036224365, "energy_consumption": null, "selected": false, "client_name": "sta3"}
2026-06-25 16:50:20,986 - METRIC - INFO - {"loss": 0.07426058501005173, "accuracy": 0.976190447807312, "energy_consumption": null, "selected": false, "client_name": "sta2"}
2026-06-25 16:50:20,992 - METRIC - INFO - {"loss": 0.06518612056970596, "accuracy": 0.9810924530029297, "energy_consumption": null, "selected": false, "client_name": "sta5"}
2026-06-25 16:50:20,999 - METRIC - INFO - {"loss": 0.06447375565767288, "accuracy": 0.9796918630599976, "energy_consumption": null, "selected": false, "client_name": "sta1"}
2026-06-25 16:50:21,004 - METRIC - INFO - {"loss": 0.06537624448537827, "accuracy": 0.9796918630599976, "energy_consumption": null, "selected": false, "client_name": "sta7"}
2026-06-25 16:50:21,027 - METRIC - INFO - {"loss": 0.05198651924729347, "accuracy": 0.9845938086509705, "energy_consumption": null, "selected": false, "client_name": "sta6"}
2026-06-25 16:50:21,027 - METRIC - INFO - {"loss": 0.0748245120048523, "accuracy": 0.9754902124404907, "energy_consumption": null, "selected": false, "client_name": "sta4"}
2026-06-25 16:50:21,041 - METRIC - INFO - {"loss": 0.07472296059131622, "accuracy": 0.9754902124404907, "energy_consumption": null, "selected": false, "client_name": "sta8"}
2026-06-25 16:50:21,044 - METRIC - INFO - {"loss": 0.06695584207773209, "accuracy": 0.9810924530029297, "energy_consumption": null, "selected": false, "client_name": "sta9"}
2026-06-25 16:50:21,048 - METRIC - INFO - {"loss": 0.0737399235367775, "accuracy": 0.9754902124404907, "energy_consumption": null, "selected": false, "client_name": "sta10"}
2026-06-25 16:50:21,633 - METRIC - INFO - mean_accuracy: 0.9793099056590687

2026-06-25 16:50:21,633 - METRIC - INFO - round: 28
2026-06-25 16:50:21,633 - METRIC - INFO - n_selected: 11
2026-06-25 16:50:21,633 - METRIC - INFO - {"selected_trainers": ["sta0", "sta1", "sta10", "sta2", "sta3", "sta4", "sta5", "sta6", "sta7", "sta8", "sta9"]}
2026-06-25 16:50:26,701 - EXECUT - INFO - received weights from trainer sta0!
2026-06-25 16:50:26,719 - EXECUT - INFO - received weights from trainer sta5!
2026-06-25 16:50:26,734 - EXECUT - INFO - received weights from trainer sta3!
2026-06-25 16:50:26,748 - EXECUT - INFO - received weights from trainer sta4!
2026-06-25 16:50:26,763 - EXECUT - INFO - received weights from trainer sta6!
2026-06-25 16:50:26,780 - EXECUT - INFO - received weights from trainer sta2!
2026-06-25 16:50:26,794 - EXECUT - INFO - received weights from trainer sta1!
2026-06-25 16:50:26,808 - EXECUT - INFO - received weights from trainer sta7!
2026-06-25 16:50:27,511 - EXECUT - INFO - received weights from trainer sta9!
2026-06-25 16:50:27,525 - EXECUT - INFO - received weights from trainer sta10!
2026-06-25 16:50:27,539 - EXECUT - INFO - received weights from trainer sta8!
2026-06-25 16:50:27,920 - EXECUT - INFO - sent aggregated weights to trainers!
2026-06-25 16:50:28,240 - METRIC - INFO - {"loss": 0.07381457835435867, "accuracy": 0.9768907427787781, "energy_consumption": null, "selected": false, "client_name": "sta2"}
2026-06-25 16:50:28,245 - METRIC - INFO - {"loss": 0.06106848269701004, "accuracy": 0.9810924530029297, "energy_consumption": null, "selected": false, "client_name": "sta1"}
2026-06-25 16:50:28,246 - METRIC - INFO - {"loss": 0.05281847342848778, "accuracy": 0.9852941036224365, "energy_consumption": null, "selected": false, "client_name": "sta3"}
2026-06-25 16:50:28,248 - METRIC - INFO - {"loss": 0.06638281047344208, "accuracy": 0.981792688369751, "energy_consumption": null, "selected": false, "client_name": "sta0"}
2026-06-25 16:50:28,252 - METRIC - INFO - {"loss": 0.07244513183832169, "accuracy": 0.9754902124404907, "energy_consumption": null, "selected": false, "client_name": "sta4"}
2026-06-25 16:50:28,267 - METRIC - INFO - {"loss": 0.06445885449647903, "accuracy": 0.9796918630599976, "energy_consumption": null, "selected": false, "client_name": "sta5"}
2026-06-25 16:50:28,284 - METRIC - INFO - {"loss": 0.05071236193180084, "accuracy": 0.9845938086509705, "energy_consumption": null, "selected": false, "client_name": "sta6"}
2026-06-25 16:50:28,310 - METRIC - INFO - {"loss": 0.06207345426082611, "accuracy": 0.9803921580314636, "energy_consumption": null, "selected": false, "client_name": "sta7"}
2026-06-25 16:50:28,325 - METRIC - INFO - {"loss": 0.06744788587093353, "accuracy": 0.9796918630599976, "energy_consumption": null, "selected": false, "client_name": "sta9"}
2026-06-25 16:50:28,325 - METRIC - INFO - {"loss": 0.07300914078950882, "accuracy": 0.9754902124404907, "energy_consumption": null, "selected": false, "client_name": "sta8"}
2026-06-25 16:50:28,329 - METRIC - INFO - {"loss": 0.07304662466049194, "accuracy": 0.9768907427787781, "energy_consumption": null, "selected": false, "client_name": "sta10"}
2026-06-25 16:50:28,923 - METRIC - INFO - mean_accuracy: 0.9797555316578258

2026-06-25 16:50:28,923 - METRIC - INFO - round: 29
2026-06-25 16:50:28,923 - METRIC - INFO - n_selected: 11
2026-06-25 16:50:28,923 - METRIC - INFO - {"selected_trainers": ["sta0", "sta1", "sta10", "sta2", "sta3", "sta4", "sta5", "sta6", "sta7", "sta8", "sta9"]}
2026-06-25 16:50:33,832 - EXECUT - INFO - received weights from trainer sta5!
2026-06-25 16:50:33,849 - EXECUT - INFO - received weights from trainer sta4!
2026-06-25 16:50:33,864 - EXECUT - INFO - received weights from trainer sta0!
2026-06-25 16:50:33,878 - EXECUT - INFO - received weights from trainer sta7!
2026-06-25 16:50:33,892 - EXECUT - INFO - received weights from trainer sta3!
2026-06-25 16:50:33,909 - EXECUT - INFO - received weights from trainer sta6!
2026-06-25 16:50:33,923 - EXECUT - INFO - received weights from trainer sta1!
2026-06-25 16:50:33,937 - EXECUT - INFO - received weights from trainer sta2!
2026-06-25 16:50:34,495 - EXECUT - INFO - received weights from trainer sta8!
2026-06-25 16:50:34,523 - EXECUT - INFO - received weights from trainer sta9!
2026-06-25 16:50:34,551 - EXECUT - INFO - received weights from trainer sta10!
2026-06-25 16:50:35,217 - EXECUT - INFO - sent aggregated weights to trainers!
2026-06-25 16:50:35,537 - METRIC - INFO - {"loss": 0.06455987691879272, "accuracy": 0.981792688369751, "energy_consumption": null, "selected": false, "client_name": "sta0"}
2026-06-25 16:50:35,555 - METRIC - INFO - {"loss": 0.07325928658246994, "accuracy": 0.9768907427787781, "energy_consumption": null, "selected": false, "client_name": "sta2"}
2026-06-25 16:50:35,561 - METRIC - INFO - {"loss": 0.06036632880568504, "accuracy": 0.9810924530029297, "energy_consumption": null, "selected": false, "client_name": "sta1"}
2026-06-25 16:50:35,568 - METRIC - INFO - {"loss": 0.05140841007232666, "accuracy": 0.9866946935653687, "energy_consumption": null, "selected": false, "client_name": "sta3"}
2026-06-25 16:50:35,570 - METRIC - INFO - {"loss": 0.06130218878388405, "accuracy": 0.9810924530029297, "energy_consumption": null, "selected": false, "client_name": "sta7"}
2026-06-25 16:50:35,573 - METRIC - INFO - {"loss": 0.07051672786474228, "accuracy": 0.9747899174690247, "energy_consumption": null, "selected": false, "client_name": "sta4"}
2026-06-25 16:50:35,576 - METRIC - INFO - {"loss": 0.05068453773856163, "accuracy": 0.9852941036224365, "energy_consumption": null, "selected": false, "client_name": "sta6"}
2026-06-25 16:50:35,581 - METRIC - INFO - {"loss": 0.06207265332341194, "accuracy": 0.981792688369751, "energy_consumption": null, "selected": false, "client_name": "sta5"}
2026-06-25 16:50:35,609 - METRIC - INFO - {"loss": 0.06949076056480408, "accuracy": 0.9754902124404907, "energy_consumption": null, "selected": false, "client_name": "sta8"}
2026-06-25 16:50:35,617 - METRIC - INFO - {"loss": 0.06318142265081406, "accuracy": 0.981792688369751, "energy_consumption": null, "selected": false, "client_name": "sta9"}
2026-06-25 16:50:35,723 - METRIC - INFO - {"loss": 0.07117573916912079, "accuracy": 0.9768907427787781, "energy_consumption": null, "selected": false, "client_name": "sta10"}
2026-06-25 16:50:36,220 - METRIC - INFO - mean_accuracy: 0.9803284894336354

2026-06-25 16:50:36,220 - METRIC - INFO - round: 30
2026-06-25 16:50:36,220 - METRIC - INFO - n_selected: 11
2026-06-25 16:50:36,220 - METRIC - INFO - {"selected_trainers": ["sta0", "sta1", "sta10", "sta2", "sta3", "sta4", "sta5", "sta6", "sta7", "sta8", "sta9"]}
2026-06-25 16:50:41,087 - EXECUT - INFO - received weights from trainer sta4!
2026-06-25 16:50:41,142 - EXECUT - INFO - received weights from trainer sta1!
2026-06-25 16:50:41,157 - EXECUT - INFO - received weights from trainer sta0!
2026-06-25 16:50:41,171 - EXECUT - INFO - received weights from trainer sta6!
2026-06-25 16:50:41,185 - EXECUT - INFO - received weights from trainer sta7!
2026-06-25 16:50:41,202 - EXECUT - INFO - received weights from trainer sta5!
2026-06-25 16:50:41,216 - EXECUT - INFO - received weights from trainer sta3!
2026-06-25 16:50:41,230 - EXECUT - INFO - received weights from trainer sta2!
2026-06-25 16:50:41,808 - EXECUT - INFO - received weights from trainer sta10!
2026-06-25 16:50:41,822 - EXECUT - INFO - received weights from trainer sta9!
2026-06-25 16:50:41,835 - EXECUT - INFO - received weights from trainer sta8!
2026-06-25 16:50:42,509 - EXECUT - INFO - sent aggregated weights to trainers!
2026-06-25 16:50:42,917 - METRIC - INFO - {"loss": 0.06917399168014526, "accuracy": 0.9782913327217102, "energy_consumption": null, "selected": false, "client_name": "sta10"}
2026-06-25 16:50:42,960 - METRIC - INFO - {"loss": 0.061210744082927704, "accuracy": 0.981792688369751, "energy_consumption": null, "selected": false, "client_name": "sta0"}
2026-06-25 16:50:43,002 - METRIC - INFO - {"loss": 0.07009407877922058, "accuracy": 0.976190447807312, "energy_consumption": null, "selected": false, "client_name": "sta2"}
2026-06-25 16:50:43,012 - METRIC - INFO - {"loss": 0.057897958904504776, "accuracy": 0.981792688369751, "energy_consumption": null, "selected": false, "client_name": "sta1"}
2026-06-25 16:50:43,019 - METRIC - INFO - {"loss": 0.06883593648672104, "accuracy": 0.976190447807312, "energy_consumption": null, "selected": false, "client_name": "sta4"}
2026-06-25 16:50:43,024 - METRIC - INFO - {"loss": 0.050716791301965714, "accuracy": 0.9873949289321899, "energy_consumption": null, "selected": false, "client_name": "sta3"}
2026-06-25 16:50:43,030 - METRIC - INFO - {"loss": 0.061332084238529205, "accuracy": 0.9796918630599976, "energy_consumption": null, "selected": false, "client_name": "sta7"}
2026-06-25 16:50:43,041 - METRIC - INFO - {"loss": 0.04884515330195427, "accuracy": 0.9859943985939026, "energy_consumption": null, "selected": false, "client_name": "sta6"}
2026-06-25 16:50:43,042 - METRIC - INFO - {"loss": 0.060445528477430344, "accuracy": 0.9810924530029297, "energy_consumption": null, "selected": false, "client_name": "sta5"}
2026-06-25 16:50:43,054 - METRIC - INFO - {"loss": 0.06925520300865173, "accuracy": 0.9754902124404907, "energy_consumption": null, "selected": false, "client_name": "sta8"}
2026-06-25 16:50:43,072 - METRIC - INFO - {"loss": 0.06375112384557724, "accuracy": 0.981792688369751, "energy_consumption": null, "selected": false, "client_name": "sta9"}
2026-06-25 16:50:43,512 - METRIC - INFO - mean_accuracy: 0.9805194681340997

2026-06-25 16:50:43,512 - METRIC - INFO - round: 31
2026-06-25 16:50:43,512 - METRIC - INFO - n_selected: 11
2026-06-25 16:50:43,512 - METRIC - INFO - {"selected_trainers": ["sta0", "sta1", "sta10", "sta2", "sta3", "sta4", "sta5", "sta6", "sta7", "sta8", "sta9"]}
2026-06-25 16:50:48,373 - EXECUT - INFO - received weights from trainer sta0!
2026-06-25 16:50:48,390 - EXECUT - INFO - received weights from trainer sta5!
2026-06-25 16:50:48,407 - EXECUT - INFO - received weights from trainer sta3!
2026-06-25 16:50:48,441 - EXECUT - INFO - received weights from trainer sta7!
2026-06-25 16:50:48,454 - EXECUT - INFO - received weights from trainer sta1!
2026-06-25 16:50:48,471 - EXECUT - INFO - received weights from trainer sta2!
2026-06-25 16:50:48,484 - EXECUT - INFO - received weights from trainer sta6!
2026-06-25 16:50:48,826 - EXECUT - INFO - received weights from trainer sta4!
2026-06-25 16:50:49,070 - EXECUT - INFO - received weights from trainer sta10!
2026-06-25 16:50:49,084 - EXECUT - INFO - received weights from trainer sta9!
2026-06-25 16:50:49,104 - EXECUT - INFO - received weights from trainer sta8!
2026-06-25 16:50:49,783 - EXECUT - INFO - sent aggregated weights to trainers!
2026-06-25 16:50:50,086 - METRIC - INFO - {"loss": 0.07011684775352478, "accuracy": 0.9775910377502441, "energy_consumption": null, "selected": false, "client_name": "sta2"}
2026-06-25 16:50:50,088 - METRIC - INFO - {"loss": 0.06080978363752365, "accuracy": 0.981792688369751, "energy_consumption": null, "selected": false, "client_name": "sta0"}
2026-06-25 16:50:50,102 - METRIC - INFO - {"loss": 0.05558979511260986, "accuracy": 0.981792688369751, "energy_consumption": null, "selected": false, "client_name": "sta1"}
2026-06-25 16:50:50,106 - METRIC - INFO - {"loss": 0.06723523885011673, "accuracy": 0.9782913327217102, "energy_consumption": null, "selected": false, "client_name": "sta4"}
2026-06-25 16:50:50,108 - METRIC - INFO - {"loss": 0.04924391210079193, "accuracy": 0.9866946935653687, "energy_consumption": null, "selected": false, "client_name": "sta3"}
2026-06-25 16:50:50,136 - METRIC - INFO - {"loss": 0.05870414525270462, "accuracy": 0.9859943985939026, "energy_consumption": null, "selected": false, "client_name": "sta5"}
2026-06-25 16:50:50,145 - METRIC - INFO - {"loss": 0.04882508143782616, "accuracy": 0.9831932783126831, "energy_consumption": null, "selected": false, "client_name": "sta6"}
2026-06-25 16:50:50,152 - METRIC - INFO - {"loss": 0.0594186931848526, "accuracy": 0.9810924530029297, "energy_consumption": null, "selected": false, "client_name": "sta7"}
2026-06-25 16:50:50,166 - METRIC - INFO - {"loss": 0.06780107319355011, "accuracy": 0.9747899174690247, "energy_consumption": null, "selected": false, "client_name": "sta8"}
2026-06-25 16:50:50,180 - METRIC - INFO - {"loss": 0.06070514768362045, "accuracy": 0.981792688369751, "energy_consumption": null, "selected": false, "client_name": "sta9"}
2026-06-25 16:50:50,190 - METRIC - INFO - {"loss": 0.0681011900305748, "accuracy": 0.9789915680885315, "energy_consumption": null, "selected": false, "client_name": "sta10"}
2026-06-25 16:50:50,786 - METRIC - INFO - mean_accuracy: 0.9810924313285134

2026-06-25 16:50:50,786 - METRIC - INFO - round: 32
2026-06-25 16:50:50,786 - METRIC - INFO - n_selected: 11
2026-06-25 16:50:50,786 - METRIC - INFO - {"selected_trainers": ["sta0", "sta1", "sta10", "sta2", "sta3", "sta4", "sta5", "sta6", "sta7", "sta8", "sta9"]}
2026-06-25 16:50:55,593 - EXECUT - INFO - received weights from trainer sta4!
2026-06-25 16:50:55,607 - EXECUT - INFO - received weights from trainer sta3!
2026-06-25 16:50:55,625 - EXECUT - INFO - received weights from trainer sta0!
2026-06-25 16:50:55,638 - EXECUT - INFO - received weights from trainer sta1!
2026-06-25 16:50:55,652 - EXECUT - INFO - received weights from trainer sta5!
2026-06-25 16:50:55,668 - EXECUT - INFO - received weights from trainer sta6!
2026-06-25 16:50:55,699 - EXECUT - INFO - received weights from trainer sta7!
2026-06-25 16:50:55,712 - EXECUT - INFO - received weights from trainer sta2!
2026-06-25 16:50:56,245 - EXECUT - INFO - received weights from trainer sta10!
2026-06-25 16:50:56,258 - EXECUT - INFO - received weights from trainer sta8!
2026-06-25 16:50:56,271 - EXECUT - INFO - received weights from trainer sta9!
2026-06-25 16:50:57,057 - EXECUT - INFO - sent aggregated weights to trainers!
2026-06-25 16:50:57,364 - METRIC - INFO - {"loss": 0.054699670523405075, "accuracy": 0.982492983341217, "energy_consumption": null, "selected": false, "client_name": "sta1"}
2026-06-25 16:50:57,365 - METRIC - INFO - {"loss": 0.04819402098655701, "accuracy": 0.9873949289321899, "energy_consumption": null, "selected": false, "client_name": "sta3"}
2026-06-25 16:50:57,373 - METRIC - INFO - {"loss": 0.059109557420015335, "accuracy": 0.9845938086509705, "energy_consumption": null, "selected": false, "client_name": "sta0"}
2026-06-25 16:50:57,387 - METRIC - INFO - {"loss": 0.07027518004179001, "accuracy": 0.9754902124404907, "energy_consumption": null, "selected": false, "client_name": "sta2"}
2026-06-25 16:50:57,404 - METRIC - INFO - {"loss": 0.06486797332763672, "accuracy": 0.9768907427787781, "energy_consumption": null, "selected": false, "client_name": "sta4"}
2026-06-25 16:50:57,422 - METRIC - INFO - {"loss": 0.05761224403977394, "accuracy": 0.9845938086509705, "energy_consumption": null, "selected": false, "client_name": "sta5"}
2026-06-25 16:50:57,434 - METRIC - INFO - {"loss": 0.046370696276426315, "accuracy": 0.9866946935653687, "energy_consumption": null, "selected": false, "client_name": "sta6"}
2026-06-25 16:50:57,441 - METRIC - INFO - {"loss": 0.05653771758079529, "accuracy": 0.9810924530029297, "energy_consumption": null, "selected": false, "client_name": "sta7"}
2026-06-25 16:50:57,444 - METRIC - INFO - {"loss": 0.058971107006073, "accuracy": 0.981792688369751, "energy_consumption": null, "selected": false, "client_name": "sta9"}
2026-06-25 16:50:57,446 - METRIC - INFO - {"loss": 0.0654512420296669, "accuracy": 0.976190447807312, "energy_consumption": null, "selected": false, "client_name": "sta8"}
2026-06-25 16:50:57,453 - METRIC - INFO - {"loss": 0.06674127280712128, "accuracy": 0.9775910377502441, "energy_consumption": null, "selected": false, "client_name": "sta10"}
2026-06-25 16:50:58,060 - METRIC - INFO - mean_accuracy: 0.981347073208202

2026-06-25 16:50:58,060 - METRIC - INFO - round: 33
2026-06-25 16:50:58,060 - METRIC - INFO - n_selected: 11
2026-06-25 16:50:58,060 - METRIC - INFO - {"selected_trainers": ["sta0", "sta1", "sta10", "sta2", "sta3", "sta4", "sta5", "sta6", "sta7", "sta8", "sta9"]}
2026-06-25 16:51:02,754 - EXECUT - INFO - received weights from trainer sta4!
2026-06-25 16:51:02,771 - EXECUT - INFO - received weights from trainer sta0!
2026-06-25 16:51:02,786 - EXECUT - INFO - received weights from trainer sta3!
2026-06-25 16:51:02,802 - EXECUT - INFO - received weights from trainer sta6!
2026-06-25 16:51:02,815 - EXECUT - INFO - received weights from trainer sta2!
2026-06-25 16:51:02,828 - EXECUT - INFO - received weights from trainer sta5!
2026-06-25 16:51:02,843 - EXECUT - INFO - received weights from trainer sta1!
2026-06-25 16:51:02,856 - EXECUT - INFO - received weights from trainer sta7!
2026-06-25 16:51:03,358 - EXECUT - INFO - received weights from trainer sta8!
2026-06-25 16:51:03,373 - EXECUT - INFO - received weights from trainer sta10!
2026-06-25 16:51:03,385 - EXECUT - INFO - received weights from trainer sta9!
2026-06-25 16:51:04,323 - EXECUT - INFO - sent aggregated weights to trainers!
2026-06-25 16:51:04,601 - METRIC - INFO - {"loss": 0.059070657938718796, "accuracy": 0.9838935732841492, "energy_consumption": null, "selected": false, "client_name": "sta0"}
2026-06-25 16:51:04,620 - METRIC - INFO - {"loss": 0.06899845600128174, "accuracy": 0.976190447807312, "energy_consumption": null, "selected": false, "client_name": "sta2"}
2026-06-25 16:51:04,627 - METRIC - INFO - {"loss": 0.04722651466727257, "accuracy": 0.9873949289321899, "energy_consumption": null, "selected": false, "client_name": "sta3"}
2026-06-25 16:51:04,634 - METRIC - INFO - {"loss": 0.06418175995349884, "accuracy": 0.9782913327217102, "energy_consumption": null, "selected": false, "client_name": "sta4"}
2026-06-25 16:51:04,636 - METRIC - INFO - {"loss": 0.05199703946709633, "accuracy": 0.9845938086509705, "energy_consumption": null, "selected": false, "client_name": "sta1"}
2026-06-25 16:51:04,641 - METRIC - INFO - {"loss": 0.04508351907134056, "accuracy": 0.9859943985939026, "energy_consumption": null, "selected": false, "client_name": "sta6"}
2026-06-25 16:51:04,645 - METRIC - INFO - {"loss": 0.05558354780077934, "accuracy": 0.9845938086509705, "energy_consumption": null, "selected": false, "client_name": "sta5"}
2026-06-25 16:51:04,652 - METRIC - INFO - {"loss": 0.055392127484083176, "accuracy": 0.9796918630599976, "energy_consumption": null, "selected": false, "client_name": "sta7"}
2026-06-25 16:51:04,672 - METRIC - INFO - {"loss": 0.0634293183684349, "accuracy": 0.9768907427787781, "energy_consumption": null, "selected": false, "client_name": "sta8"}
2026-06-25 16:51:04,687 - METRIC - INFO - {"loss": 0.059850264340639114, "accuracy": 0.9810924530029297, "energy_consumption": null, "selected": false, "client_name": "sta9"}
2026-06-25 16:51:04,699 - METRIC - INFO - {"loss": 0.06618079543113708, "accuracy": 0.9789915680885315, "energy_consumption": null, "selected": false, "client_name": "sta10"}
2026-06-25 16:51:05,324 - METRIC - INFO - mean_accuracy: 0.9816017205064947

2026-06-25 16:51:05,324 - METRIC - INFO - round: 34
2026-06-25 16:51:05,325 - METRIC - INFO - n_selected: 11
2026-06-25 16:51:05,325 - METRIC - INFO - {"selected_trainers": ["sta0", "sta1", "sta10", "sta2", "sta3", "sta4", "sta5", "sta6", "sta7", "sta8", "sta9"]}
2026-06-25 16:51:09,911 - EXECUT - INFO - received weights from trainer sta0!
2026-06-25 16:51:10,005 - EXECUT - INFO - received weights from trainer sta4!
2026-06-25 16:51:10,027 - EXECUT - INFO - received weights from trainer sta5!
2026-06-25 16:51:10,045 - EXECUT - INFO - received weights from trainer sta6!
2026-06-25 16:51:10,066 - EXECUT - INFO - received weights from trainer sta3!
2026-06-25 16:51:10,081 - EXECUT - INFO - received weights from trainer sta2!
2026-06-25 16:51:10,097 - EXECUT - INFO - received weights from trainer sta1!
2026-06-25 16:51:10,112 - EXECUT - INFO - received weights from trainer sta7!
2026-06-25 16:51:10,621 - EXECUT - INFO - received weights from trainer sta10!
2026-06-25 16:51:10,653 - EXECUT - INFO - received weights from trainer sta8!
2026-06-25 16:51:10,667 - EXECUT - INFO - received weights from trainer sta9!
2026-06-25 16:51:11,575 - EXECUT - INFO - sent aggregated weights to trainers!
2026-06-25 16:51:11,852 - METRIC - INFO - {"loss": 0.05625992640852928, "accuracy": 0.9859943985939026, "energy_consumption": null, "selected": false, "client_name": "sta0"}
2026-06-25 16:51:11,865 - METRIC - INFO - {"loss": 0.06568138301372528, "accuracy": 0.976190447807312, "energy_consumption": null, "selected": false, "client_name": "sta2"}
2026-06-25 16:51:11,889 - METRIC - INFO - {"loss": 0.0627521201968193, "accuracy": 0.9789915680885315, "energy_consumption": null, "selected": false, "client_name": "sta4"}
2026-06-25 16:51:11,891 - METRIC - INFO - {"loss": 0.051544591784477234, "accuracy": 0.9831932783126831, "energy_consumption": null, "selected": false, "client_name": "sta1"}
2026-06-25 16:51:11,892 - METRIC - INFO - {"loss": 0.054365143179893494, "accuracy": 0.9810924530029297, "energy_consumption": null, "selected": false, "client_name": "sta7"}
2026-06-25 16:51:11,896 - METRIC - INFO - {"loss": 0.05554957315325737, "accuracy": 0.9866946935653687, "energy_consumption": null, "selected": false, "client_name": "sta5"}
2026-06-25 16:51:11,905 - METRIC - INFO - {"loss": 0.04595223814249039, "accuracy": 0.9873949289321899, "energy_consumption": null, "selected": false, "client_name": "sta3"}
2026-06-25 16:51:11,910 - METRIC - INFO - {"loss": 0.044934142380952835, "accuracy": 0.9859943985939026, "energy_consumption": null, "selected": false, "client_name": "sta6"}
2026-06-25 16:51:11,929 - METRIC - INFO - {"loss": 0.062040168792009354, "accuracy": 0.9775910377502441, "energy_consumption": null, "selected": false, "client_name": "sta8"}
2026-06-25 16:51:11,945 - METRIC - INFO - {"loss": 0.056385338306427, "accuracy": 0.9838935732841492, "energy_consumption": null, "selected": false, "client_name": "sta9"}
2026-06-25 16:51:11,957 - METRIC - INFO - {"loss": 0.06501509249210358, "accuracy": 0.9789915680885315, "energy_consumption": null, "selected": false, "client_name": "sta10"}
2026-06-25 16:51:12,576 - METRIC - INFO - mean_accuracy: 0.9823656678199768

2026-06-25 16:51:12,576 - METRIC - INFO - round: 35
2026-06-25 16:51:12,576 - METRIC - INFO - n_selected: 11
2026-06-25 16:51:12,576 - METRIC - INFO - {"selected_trainers": ["sta0", "sta1", "sta10", "sta2", "sta3", "sta4", "sta5", "sta6", "sta7", "sta8", "sta9"]}
2026-06-25 16:51:17,150 - EXECUT - INFO - received weights from trainer sta3!
2026-06-25 16:51:17,166 - EXECUT - INFO - received weights from trainer sta5!
2026-06-25 16:51:17,179 - EXECUT - INFO - received weights from trainer sta4!
2026-06-25 16:51:17,191 - EXECUT - INFO - received weights from trainer sta0!
2026-06-25 16:51:17,204 - EXECUT - INFO - received weights from trainer sta6!
2026-06-25 16:51:17,216 - EXECUT - INFO - received weights from trainer sta7!
2026-06-25 16:51:17,236 - EXECUT - INFO - received weights from trainer sta1!
2026-06-25 16:51:17,737 - EXECUT - INFO - received weights from trainer sta8!
2026-06-25 16:51:17,749 - EXECUT - INFO - received weights from trainer sta10!
2026-06-25 16:51:17,792 - EXECUT - INFO - received weights from trainer sta9!
2026-06-25 16:51:17,849 - EXECUT - INFO - received weights from trainer sta2!
2026-06-25 16:51:18,824 - EXECUT - INFO - sent aggregated weights to trainers!
2026-06-25 16:51:19,106 - METRIC - INFO - {"loss": 0.06305914372205734, "accuracy": 0.9775910377502441, "energy_consumption": null, "selected": false, "client_name": "sta2"}
2026-06-25 16:51:19,113 - METRIC - INFO - {"loss": 0.05476934090256691, "accuracy": 0.9838935732841492, "energy_consumption": null, "selected": false, "client_name": "sta0"}
2026-06-25 16:51:19,133 - METRIC - INFO - {"loss": 0.050242938101291656, "accuracy": 0.9838935732841492, "energy_consumption": null, "selected": false, "client_name": "sta1"}
2026-06-25 16:51:19,141 - METRIC - INFO - {"loss": 0.04470982775092125, "accuracy": 0.9887955188751221, "energy_consumption": null, "selected": false, "client_name": "sta3"}
2026-06-25 16:51:19,142 - METRIC - INFO - {"loss": 0.05487849563360214, "accuracy": 0.9810924530029297, "energy_consumption": null, "selected": false, "client_name": "sta7"}
2026-06-25 16:51:19,150 - METRIC - INFO - {"loss": 0.06103930622339249, "accuracy": 0.9803921580314636, "energy_consumption": null, "selected": false, "client_name": "sta4"}
2026-06-25 16:51:19,165 - METRIC - INFO - {"loss": 0.05492883175611496, "accuracy": 0.9852941036224365, "energy_consumption": null, "selected": false, "client_name": "sta5"}
2026-06-25 16:51:19,167 - METRIC - INFO - {"loss": 0.04324324056506157, "accuracy": 0.9859943985939026, "energy_consumption": null, "selected": false, "client_name": "sta6"}
2026-06-25 16:51:19,176 - METRIC - INFO - {"loss": 0.06102992594242096, "accuracy": 0.9796918630599976, "energy_consumption": null, "selected": false, "client_name": "sta8"}
2026-06-25 16:51:19,189 - METRIC - INFO - {"loss": 0.055405694991350174, "accuracy": 0.9838935732841492, "energy_consumption": null, "selected": false, "client_name": "sta9"}
2026-06-25 16:51:19,201 - METRIC - INFO - {"loss": 0.06380226463079453, "accuracy": 0.9803921580314636, "energy_consumption": null, "selected": false, "client_name": "sta10"}
2026-06-25 16:51:19,827 - METRIC - INFO - mean_accuracy: 0.9828113100745461

2026-06-25 16:51:19,827 - METRIC - INFO - round: 36
2026-06-25 16:51:19,827 - METRIC - INFO - n_selected: 11
2026-06-25 16:51:19,827 - METRIC - INFO - {"selected_trainers": ["sta0", "sta1", "sta10", "sta2", "sta3", "sta4", "sta5", "sta6", "sta7", "sta8", "sta9"]}
2026-06-25 16:51:24,429 - EXECUT - INFO - received weights from trainer sta0!
2026-06-25 16:51:24,445 - EXECUT - INFO - received weights from trainer sta4!
2026-06-25 16:51:24,467 - EXECUT - INFO - received weights from trainer sta7!
2026-06-25 16:51:24,480 - EXECUT - INFO - received weights from trainer sta5!
2026-06-25 16:51:24,492 - EXECUT - INFO - received weights from trainer sta3!
2026-06-25 16:51:24,505 - EXECUT - INFO - received weights from trainer sta1!
2026-06-25 16:51:24,519 - EXECUT - INFO - received weights from trainer sta6!
2026-06-25 16:51:25,014 - EXECUT - INFO - received weights from trainer sta8!
2026-06-25 16:51:25,039 - EXECUT - INFO - received weights from trainer sta10!
2026-06-25 16:51:25,057 - EXECUT - INFO - received weights from trainer sta9!
2026-06-25 16:51:25,103 - EXECUT - INFO - received weights from trainer sta2!
2026-06-25 16:51:26,094 - EXECUT - INFO - sent aggregated weights to trainers!
2026-06-25 16:51:26,365 - METRIC - INFO - {"loss": 0.053030554205179214, "accuracy": 0.9845938086509705, "energy_consumption": null, "selected": false, "client_name": "sta0"}
2026-06-25 16:51:26,382 - METRIC - INFO - {"loss": 0.06414352357387543, "accuracy": 0.9775910377502441, "energy_consumption": null, "selected": false, "client_name": "sta2"}
2026-06-25 16:51:26,401 - METRIC - INFO - {"loss": 0.0548238679766655, "accuracy": 0.9845938086509705, "energy_consumption": null, "selected": false, "client_name": "sta5"}
2026-06-25 16:51:26,408 - METRIC - INFO - {"loss": 0.04387881979346275, "accuracy": 0.9887955188751221, "energy_consumption": null, "selected": false, "client_name": "sta3"}
2026-06-25 16:51:26,415 - METRIC - INFO - {"loss": 0.04932771623134613, "accuracy": 0.9838935732841492, "energy_consumption": null, "selected": false, "client_name": "sta1"}
2026-06-25 16:51:26,416 - METRIC - INFO - {"loss": 0.05216309055685997, "accuracy": 0.982492983341217, "energy_consumption": null, "selected": false, "client_name": "sta7"}
2026-06-25 16:51:26,418 - METRIC - INFO - {"loss": 0.06055178493261337, "accuracy": 0.982492983341217, "energy_consumption": null, "selected": false, "client_name": "sta4"}
2026-06-25 16:51:26,439 - METRIC - INFO - {"loss": 0.0459454171359539, "accuracy": 0.9852941036224365, "energy_consumption": null, "selected": false, "client_name": "sta6"}
2026-06-25 16:51:26,452 - METRIC - INFO - {"loss": 0.06012684106826782, "accuracy": 0.9796918630599976, "energy_consumption": null, "selected": false, "client_name": "sta8"}
2026-06-25 16:51:26,455 - METRIC - INFO - {"loss": 0.055212169885635376, "accuracy": 0.9831932783126831, "energy_consumption": null, "selected": false, "client_name": "sta9"}
2026-06-25 16:51:26,465 - METRIC - INFO - {"loss": 0.0633741170167923, "accuracy": 0.9803921580314636, "energy_consumption": null, "selected": false, "client_name": "sta10"}
2026-06-25 16:51:27,096 - METRIC - INFO - mean_accuracy: 0.9830022833564065

2026-06-25 16:51:27,096 - METRIC - INFO - round: 37
2026-06-25 16:51:27,096 - METRIC - INFO - n_selected: 11
2026-06-25 16:51:27,096 - METRIC - INFO - {"selected_trainers": ["sta0", "sta1", "sta10", "sta2", "sta3", "sta4", "sta5", "sta6", "sta7", "sta8", "sta9"]}
2026-06-25 16:51:31,615 - EXECUT - INFO - received weights from trainer sta0!
2026-06-25 16:51:31,652 - EXECUT - INFO - received weights from trainer sta1!
2026-06-25 16:51:31,665 - EXECUT - INFO - received weights from trainer sta6!
2026-06-25 16:51:31,677 - EXECUT - INFO - received weights from trainer sta5!
2026-06-25 16:51:31,689 - EXECUT - INFO - received weights from trainer sta4!
2026-06-25 16:51:31,701 - EXECUT - INFO - received weights from trainer sta3!
2026-06-25 16:51:31,715 - EXECUT - INFO - received weights from trainer sta7!
2026-06-25 16:51:31,726 - EXECUT - INFO - received weights from trainer sta2!
2026-06-25 16:51:32,218 - EXECUT - INFO - received weights from trainer sta10!
2026-06-25 16:51:32,229 - EXECUT - INFO - received weights from trainer sta9!
2026-06-25 16:51:32,240 - EXECUT - INFO - received weights from trainer sta8!
2026-06-25 16:51:33,352 - EXECUT - INFO - sent aggregated weights to trainers!
2026-06-25 16:51:33,622 - METRIC - INFO - {"loss": 0.05351472645998001, "accuracy": 0.9852941036224365, "energy_consumption": null, "selected": false, "client_name": "sta0"}
2026-06-25 16:51:33,642 - METRIC - INFO - {"loss": 0.04334592446684837, "accuracy": 0.988095223903656, "energy_consumption": null, "selected": false, "client_name": "sta3"}
2026-06-25 16:51:33,665 - METRIC - INFO - {"loss": 0.04813682660460472, "accuracy": 0.9852941036224365, "energy_consumption": null, "selected": false, "client_name": "sta1"}
2026-06-25 16:51:33,665 - METRIC - INFO - {"loss": 0.0624309778213501, "accuracy": 0.9782913327217102, "energy_consumption": null, "selected": false, "client_name": "sta2"}
2026-06-25 16:51:33,694 - METRIC - INFO - {"loss": 0.05846061930060387, "accuracy": 0.9810924530029297, "energy_consumption": null, "selected": false, "client_name": "sta4"}
2026-06-25 16:51:33,699 - METRIC - INFO - {"loss": 0.042400773614645004, "accuracy": 0.9873949289321899, "energy_consumption": null, "selected": false, "client_name": "sta6"}
2026-06-25 16:51:33,701 - METRIC - INFO - {"loss": 0.04999573901295662, "accuracy": 0.982492983341217, "energy_consumption": null, "selected": false, "client_name": "sta7"}
2026-06-25 16:51:33,704 - METRIC - INFO - {"loss": 0.06036129966378212, "accuracy": 0.9803921580314636, "energy_consumption": null, "selected": false, "client_name": "sta8"}
2026-06-25 16:51:33,705 - METRIC - INFO - {"loss": 0.052276916801929474, "accuracy": 0.9859943985939026, "energy_consumption": null, "selected": false, "client_name": "sta5"}
2026-06-25 16:51:33,712 - METRIC - INFO - {"loss": 0.052839238196611404, "accuracy": 0.9838935732841492, "energy_consumption": null, "selected": false, "client_name": "sta9"}
2026-06-25 16:51:33,725 - METRIC - INFO - {"loss": 0.06356415897607803, "accuracy": 0.9789915680885315, "energy_consumption": null, "selected": false, "client_name": "sta10"}
2026-06-25 16:51:34,353 - METRIC - INFO - mean_accuracy: 0.9833842570131476

2026-06-25 16:51:34,353 - METRIC - INFO - round: 38
2026-06-25 16:51:34,353 - METRIC - INFO - n_selected: 11
2026-06-25 16:51:34,353 - METRIC - INFO - {"selected_trainers": ["sta0", "sta1", "sta10", "sta2", "sta3", "sta4", "sta5", "sta6", "sta7", "sta8", "sta9"]}
2026-06-25 16:51:38,831 - EXECUT - INFO - received weights from trainer sta0!
2026-06-25 16:51:38,851 - EXECUT - INFO - received weights from trainer sta4!
2026-06-25 16:51:38,881 - EXECUT - INFO - received weights from trainer sta3!
2026-06-25 16:51:38,896 - EXECUT - INFO - received weights from trainer sta5!
2026-06-25 16:51:38,910 - EXECUT - INFO - received weights from trainer sta7!
2026-06-25 16:51:38,923 - EXECUT - INFO - received weights from trainer sta6!
2026-06-25 16:51:38,934 - EXECUT - INFO - received weights from trainer sta1!
2026-06-25 16:51:38,948 - EXECUT - INFO - received weights from trainer sta2!
2026-06-25 16:51:39,400 - EXECUT - INFO - received weights from trainer sta8!
2026-06-25 16:51:39,411 - EXECUT - INFO - received weights from trainer sta10!
2026-06-25 16:51:39,425 - EXECUT - INFO - received weights from trainer sta9!
2026-06-25 16:51:40,592 - EXECUT - INFO - sent aggregated weights to trainers!
2026-06-25 16:51:40,869 - METRIC - INFO - {"loss": 0.05127593129873276, "accuracy": 0.9852941036224365, "energy_consumption": null, "selected": false, "client_name": "sta0"}
2026-06-25 16:51:40,880 - METRIC - INFO - {"loss": 0.06458772718906403, "accuracy": 0.9782913327217102, "energy_consumption": null, "selected": false, "client_name": "sta2"}
2026-06-25 16:51:40,890 - METRIC - INFO - {"loss": 0.04763774573802948, "accuracy": 0.9852941036224365, "energy_consumption": null, "selected": false, "client_name": "sta1"}
2026-06-25 16:51:40,914 - METRIC - INFO - {"loss": 0.05818214640021324, "accuracy": 0.9810924530029297, "energy_consumption": null, "selected": false, "client_name": "sta4"}
2026-06-25 16:51:40,915 - METRIC - INFO - {"loss": 0.042367078363895416, "accuracy": 0.9894958138465881, "energy_consumption": null, "selected": false, "client_name": "sta3"}
2026-06-25 16:51:40,923 - METRIC - INFO - {"loss": 0.04139014706015587, "accuracy": 0.9873949289321899, "energy_consumption": null, "selected": false, "client_name": "sta6"}
2026-06-25 16:51:40,929 - METRIC - INFO - {"loss": 0.05204906687140465, "accuracy": 0.9859943985939026, "energy_consumption": null, "selected": false, "client_name": "sta5"}
2026-06-25 16:51:40,932 - METRIC - INFO - {"loss": 0.05241813883185387, "accuracy": 0.9831932783126831, "energy_consumption": null, "selected": false, "client_name": "sta7"}
2026-06-25 16:51:40,942 - METRIC - INFO - {"loss": 0.05926720052957535, "accuracy": 0.9803921580314636, "energy_consumption": null, "selected": false, "client_name": "sta8"}
2026-06-25 16:51:40,947 - METRIC - INFO - {"loss": 0.05214060842990875, "accuracy": 0.9845938086509705, "energy_consumption": null, "selected": false, "client_name": "sta9"}
2026-06-25 16:51:40,947 - METRIC - INFO - {"loss": 0.061208438128232956, "accuracy": 0.9803921580314636, "energy_consumption": null, "selected": false, "client_name": "sta10"}
2026-06-25 16:51:41,593 - METRIC - INFO - mean_accuracy: 0.9837662306698886

2026-06-25 16:51:41,593 - METRIC - INFO - round: 39
2026-06-25 16:51:41,593 - METRIC - INFO - n_selected: 11
2026-06-25 16:51:41,593 - METRIC - INFO - {"selected_trainers": ["sta0", "sta1", "sta10", "sta2", "sta3", "sta4", "sta5", "sta6", "sta7", "sta8", "sta9"]}
2026-06-25 16:51:45,998 - EXECUT - INFO - received weights from trainer sta1!
2026-06-25 16:51:46,025 - EXECUT - INFO - received weights from trainer sta0!
2026-06-25 16:51:46,042 - EXECUT - INFO - received weights from trainer sta4!
2026-06-25 16:51:46,054 - EXECUT - INFO - received weights from trainer sta5!
2026-06-25 16:51:46,066 - EXECUT - INFO - received weights from trainer sta7!
2026-06-25 16:51:46,077 - EXECUT - INFO - received weights from trainer sta3!
2026-06-25 16:51:46,088 - EXECUT - INFO - received weights from trainer sta2!
2026-06-25 16:51:46,101 - EXECUT - INFO - received weights from trainer sta6!
2026-06-25 16:51:46,526 - EXECUT - INFO - received weights from trainer sta9!
2026-06-25 16:51:46,541 - EXECUT - INFO - received weights from trainer sta8!
2026-06-25 16:51:46,552 - EXECUT - INFO - received weights from trainer sta10!
2026-06-25 16:51:46,825 - EXECUT - INFO - sent aggregated weights to trainers!
2026-06-25 16:51:47,088 - METRIC - INFO - {"loss": 0.05256633460521698, "accuracy": 0.9866946935653687, "energy_consumption": null, "selected": false, "client_name": "sta0"}
2026-06-25 16:51:47,090 - METRIC - INFO - {"loss": 0.0613863579928875, "accuracy": 0.9782913327217102, "energy_consumption": null, "selected": false, "client_name": "sta2"}
2026-06-25 16:51:47,108 - METRIC - INFO - {"loss": 0.05756561458110809, "accuracy": 0.9831932783126831, "energy_consumption": null, "selected": false, "client_name": "sta4"}
2026-06-25 16:51:47,115 - METRIC - INFO - {"loss": 0.046820372343063354, "accuracy": 0.9859943985939026, "energy_consumption": null, "selected": false, "client_name": "sta1"}
2026-06-25 16:51:47,128 - METRIC - INFO - {"loss": 0.04375890642404556, "accuracy": 0.9866946935653687, "energy_consumption": null, "selected": false, "client_name": "sta3"}
2026-06-25 16:51:47,151 - METRIC - INFO - {"loss": 0.05088087543845177, "accuracy": 0.9859943985939026, "energy_consumption": null, "selected": false, "client_name": "sta5"}
2026-06-25 16:51:47,152 - METRIC - INFO - {"loss": 0.04005992412567139, "accuracy": 0.9873949289321899, "energy_consumption": null, "selected": false, "client_name": "sta6"}
2026-06-25 16:51:47,158 - METRIC - INFO - {"loss": 0.048010990023612976, "accuracy": 0.9859943985939026, "energy_consumption": null, "selected": false, "client_name": "sta7"}
2026-06-25 16:51:47,165 - METRIC - INFO - {"loss": 0.05154583603143692, "accuracy": 0.9838935732841492, "energy_consumption": null, "selected": false, "client_name": "sta9"}
2026-06-25 16:51:47,166 - METRIC - INFO - {"loss": 0.05816555395722389, "accuracy": 0.9803921580314636, "energy_consumption": null, "selected": false, "client_name": "sta8"}
2026-06-25 16:51:47,174 - METRIC - INFO - {"loss": 0.061663031578063965, "accuracy": 0.9810924530029297, "energy_consumption": null, "selected": false, "client_name": "sta10"}
2026-06-25 16:51:47,827 - METRIC - INFO - mean_accuracy: 0.9841482097452338

2026-06-25 16:51:47,827 - METRIC - INFO - round: 40
2026-06-25 16:51:47,827 - METRIC - INFO - n_selected: 11
2026-06-25 16:51:47,827 - METRIC - INFO - {"selected_trainers": ["sta0", "sta1", "sta10", "sta2", "sta3", "sta4", "sta5", "sta6", "sta7", "sta8", "sta9"]}
2026-06-25 16:51:52,232 - EXECUT - INFO - received weights from trainer sta4!
2026-06-25 16:51:52,243 - EXECUT - INFO - received weights from trainer sta1!
2026-06-25 16:51:52,255 - EXECUT - INFO - received weights from trainer sta5!
2026-06-25 16:51:52,266 - EXECUT - INFO - received weights from trainer sta6!
2026-06-25 16:51:52,277 - EXECUT - INFO - received weights from trainer sta0!
2026-06-25 16:51:52,288 - EXECUT - INFO - received weights from trainer sta3!
2026-06-25 16:51:52,299 - EXECUT - INFO - received weights from trainer sta2!
2026-06-25 16:51:52,311 - EXECUT - INFO - received weights from trainer sta7!
2026-06-25 16:51:52,730 - EXECUT - INFO - received weights from trainer sta8!
2026-06-25 16:51:52,761 - EXECUT - INFO - received weights from trainer sta9!
2026-06-25 16:51:52,771 - EXECUT - INFO - received weights from trainer sta10!
2026-06-25 16:51:53,057 - EXECUT - INFO - sent aggregated weights to trainers!
2026-06-25 16:51:53,312 - METRIC - INFO - {"loss": 0.05076251178979874, "accuracy": 0.9859943985939026, "energy_consumption": null, "selected": false, "client_name": "sta0"}
2026-06-25 16:51:53,336 - METRIC - INFO - {"loss": 0.04111585393548012, "accuracy": 0.9887955188751221, "energy_consumption": null, "selected": false, "client_name": "sta3"}
2026-06-25 16:51:53,341 - METRIC - INFO - {"loss": 0.0559055469930172, "accuracy": 0.9845938086509705, "energy_consumption": null, "selected": false, "client_name": "sta4"}
2026-06-25 16:51:53,350 - METRIC - INFO - {"loss": 0.059565916657447815, "accuracy": 0.9775910377502441, "energy_consumption": null, "selected": false, "client_name": "sta2"}
2026-06-25 16:51:53,364 - METRIC - INFO - {"loss": 0.04607818275690079, "accuracy": 0.9852941036224365, "energy_consumption": null, "selected": false, "client_name": "sta1"}
2026-06-25 16:51:53,384 - METRIC - INFO - {"loss": 0.03978179395198822, "accuracy": 0.988095223903656, "energy_consumption": null, "selected": false, "client_name": "sta6"}
2026-06-25 16:51:53,386 - METRIC - INFO - {"loss": 0.04883193597197533, "accuracy": 0.982492983341217, "energy_consumption": null, "selected": false, "client_name": "sta7"}
2026-06-25 16:51:53,386 - METRIC - INFO - {"loss": 0.05079653486609459, "accuracy": 0.9866946935653687, "energy_consumption": null, "selected": false, "client_name": "sta5"}
2026-06-25 16:51:53,387 - METRIC - INFO - {"loss": 0.05982165038585663, "accuracy": 0.9803921580314636, "energy_consumption": null, "selected": false, "client_name": "sta8"}
2026-06-25 16:51:53,399 - METRIC - INFO - {"loss": 0.050804849714040756, "accuracy": 0.9831932783126831, "energy_consumption": null, "selected": false, "client_name": "sta9"}
2026-06-25 16:51:53,411 - METRIC - INFO - {"loss": 0.060485392808914185, "accuracy": 0.9810924530029297, "energy_consumption": null, "selected": false, "client_name": "sta10"}
2026-06-25 16:51:54,059 - METRIC - INFO - mean_accuracy: 0.9840208779681813

2026-06-25 16:51:54,061 - METRIC - INFO - stop_condition: rounds
