2026-06-25 16:52:17,076 - EXECUT - INFO - starting server...
2026-06-25 16:52:21,762 - EXECUT - INFO - trainer number sta0 just joined the pool
2026-06-25 16:52:21,803 - EXECUT - INFO - trainer number sta3 just joined the pool
2026-06-25 16:52:21,804 - EXECUT - INFO - trainer number sta2 just joined the pool
2026-06-25 16:52:21,804 - EXECUT - INFO - trainer number sta1 just joined the pool
2026-06-25 16:52:21,939 - EXECUT - INFO - trainer number sta5 just joined the pool
2026-06-25 16:52:21,980 - EXECUT - INFO - trainer number sta6 just joined the pool
2026-06-25 16:52:21,980 - EXECUT - INFO - trainer number sta7 just joined the pool
2026-06-25 16:52:21,980 - EXECUT - INFO - trainer number sta4 just joined the pool
2026-06-25 16:52:22,104 - EXECUT - INFO - trainer number sta8 just joined the pool
2026-06-25 16:52:22,178 - EXECUT - INFO - trainer number sta10 just joined the pool
2026-06-25 16:52:22,220 - EXECUT - INFO - trainer number sta9 just joined the pool
2026-06-25 16:52:23,086 - EXECUT - INFO - mensagem de data_sz recebida: 
 {'id': 'sta0', 'dataset_sz': 432851712}
2026-06-25 16:52:23,086 - EXECUT - INFO - mensagem de data_sz recebida: 
 {'id': 'sta1', 'dataset_sz': 432851712}
2026-06-25 16:52:23,127 - EXECUT - INFO - mensagem de data_sz recebida: 
 {'id': 'sta3', 'dataset_sz': 432851712}
2026-06-25 16:52:23,127 - EXECUT - INFO - mensagem de data_sz recebida: 
 {'id': 'sta2', 'dataset_sz': 432851712}
2026-06-25 16:52:23,127 - EXECUT - INFO - mensagem de data_sz recebida: 
 {'id': 'sta10', 'dataset_sz': 432851712}
2026-06-25 16:52:23,127 - EXECUT - INFO - mensagem de data_sz recebida: 
 {'id': 'sta4', 'dataset_sz': 432851712}
2026-06-25 16:52:23,127 - EXECUT - INFO - mensagem de data_sz recebida: 
 {'id': 'sta5', 'dataset_sz': 432851712}
2026-06-25 16:52:23,127 - EXECUT - INFO - mensagem de data_sz recebida: 
 {'id': 'sta8', 'dataset_sz': 432851712}
2026-06-25 16:52:23,127 - EXECUT - INFO - mensagem de data_sz recebida: 
 {'id': 'sta6', 'dataset_sz': 432851712}
2026-06-25 16:52:23,127 - EXECUT - INFO - mensagem de data_sz recebida: 
 {'id': 'sta7', 'dataset_sz': 432851712}
2026-06-25 16:52:23,127 - EXECUT - INFO - mensagem de data_sz recebida: 
 {'id': 'sta9', 'dataset_sz': 432851712}
2026-06-25 16:52:24,087 - METRIC - INFO - round: 1
2026-06-25 16:52:24,087 - METRIC - INFO - n_selected: 11
2026-06-25 16:52:24,087 - METRIC - INFO - {"selected_trainers": ["sta0", "sta1", "sta10", "sta2", "sta3", "sta4", "sta5", "sta6", "sta7", "sta8", "sta9"]}
2026-06-25 16:52:39,643 - EXECUT - INFO - received weights from trainer sta0!
2026-06-25 16:52:39,697 - EXECUT - INFO - received weights from trainer sta2!
2026-06-25 16:52:39,750 - EXECUT - INFO - received weights from trainer sta1!
2026-06-25 16:52:39,830 - EXECUT - INFO - received weights from trainer sta7!
2026-06-25 16:52:39,887 - EXECUT - INFO - received weights from trainer sta6!
2026-06-25 16:52:43,420 - EXECUT - INFO - received weights from trainer sta10!
2026-06-25 16:52:43,584 - EXECUT - INFO - received weights from trainer sta9!
2026-06-25 16:52:46,052 - EXECUT - INFO - received weights from trainer sta3!
2026-06-25 16:52:46,116 - EXECUT - INFO - received weights from trainer sta4!
2026-06-25 16:52:46,173 - EXECUT - INFO - received weights from trainer sta5!
2026-06-25 16:52:46,228 - EXECUT - INFO - received weights from trainer sta8!
2026-06-25 16:52:48,218 - EXECUT - INFO - sent aggregated weights to trainers!
2026-06-25 16:52:49,597 - METRIC - INFO - {"loss": 0.3618033826351166, "accuracy": 0.9054622054100037, "energy_consumption": null, "selected": false, "client_name": "sta0"}
2026-06-25 16:52:49,599 - METRIC - INFO - {"loss": 0.38513094186782837, "accuracy": 0.9033613204956055, "energy_consumption": null, "selected": false, "client_name": "sta2"}
2026-06-25 16:52:49,606 - METRIC - INFO - {"loss": 0.4134634733200073, "accuracy": 0.8781512379646301, "energy_consumption": null, "selected": false, "client_name": "sta3"}
2026-06-25 16:52:49,612 - METRIC - INFO - {"loss": 0.39015060663223267, "accuracy": 0.9026610851287842, "energy_consumption": null, "selected": false, "client_name": "sta7"}
2026-06-25 16:52:49,613 - METRIC - INFO - {"loss": 0.37509194016456604, "accuracy": 0.9026610851287842, "energy_consumption": null, "selected": false, "client_name": "sta6"}
2026-06-25 16:52:49,622 - METRIC - INFO - {"loss": 0.3811033368110657, "accuracy": 0.8921568393707275, "energy_consumption": null, "selected": false, "client_name": "sta4"}
2026-06-25 16:52:49,634 - METRIC - INFO - {"loss": 0.3500056862831116, "accuracy": 0.9033613204956055, "energy_consumption": null, "selected": false, "client_name": "sta5"}
2026-06-25 16:52:49,648 - METRIC - INFO - {"loss": 0.38758572936058044, "accuracy": 0.9026610851287842, "energy_consumption": null, "selected": false, "client_name": "sta1"}
2026-06-25 16:52:49,704 - METRIC - INFO - {"loss": 0.3956824541091919, "accuracy": 0.8893557190895081, "energy_consumption": null, "selected": false, "client_name": "sta10"}
2026-06-25 16:52:49,710 - METRIC - INFO - {"loss": 0.4041772782802582, "accuracy": 0.894957959651947, "energy_consumption": null, "selected": false, "client_name": "sta8"}
2026-06-25 16:52:49,737 - METRIC - INFO - {"loss": 0.38196972012519836, "accuracy": 0.900560200214386, "energy_consumption": null, "selected": false, "client_name": "sta9"}
2026-06-25 16:52:50,220 - METRIC - INFO - mean_accuracy: 0.8977590961889788

2026-06-25 16:52:50,220 - METRIC - INFO - round: 2
2026-06-25 16:52:50,220 - METRIC - INFO - n_selected: 11
2026-06-25 16:52:50,221 - METRIC - INFO - {"selected_trainers": ["sta0", "sta1", "sta10", "sta2", "sta3", "sta4", "sta5", "sta6", "sta7", "sta8", "sta9"]}
2026-06-25 16:53:04,667 - EXECUT - INFO - received weights from trainer sta5!
2026-06-25 16:53:04,721 - EXECUT - INFO - received weights from trainer sta3!
2026-06-25 16:53:04,804 - EXECUT - INFO - received weights from trainer sta7!
2026-06-25 16:53:11,070 - EXECUT - INFO - received weights from trainer sta0!
2026-06-25 16:53:11,118 - EXECUT - INFO - received weights from trainer sta6!
2026-06-25 16:53:11,166 - EXECUT - INFO - received weights from trainer sta4!
2026-06-25 16:53:11,214 - EXECUT - INFO - received weights from trainer sta10!
2026-06-25 16:53:11,262 - EXECUT - INFO - received weights from trainer sta1!
2026-06-25 16:53:11,310 - EXECUT - INFO - received weights from trainer sta8!
2026-06-25 16:53:11,358 - EXECUT - INFO - received weights from trainer sta9!
2026-06-25 16:53:11,405 - EXECUT - INFO - received weights from trainer sta2!
2026-06-25 16:53:13,308 - EXECUT - INFO - sent aggregated weights to trainers!
2026-06-25 16:53:14,364 - METRIC - INFO - {"loss": 2.269179582595825, "accuracy": 0.13935574889183044, "energy_consumption": null, "selected": false, "client_name": "sta1"}
2026-06-25 16:53:14,369 - METRIC - INFO - {"loss": 2.270998239517212, "accuracy": 0.3165266215801239, "energy_consumption": null, "selected": false, "client_name": "sta3"}
2026-06-25 16:53:14,378 - METRIC - INFO - {"loss": 2.270291805267334, "accuracy": 0.20658263564109802, "energy_consumption": null, "selected": false, "client_name": "sta2"}
2026-06-25 16:53:14,398 - METRIC - INFO - {"loss": 2.271402597427368, "accuracy": 0.3214285671710968, "energy_consumption": null, "selected": false, "client_name": "sta4"}
2026-06-25 16:53:14,400 - METRIC - INFO - {"loss": 2.270440101623535, "accuracy": 0.21148459613323212, "energy_consumption": null, "selected": false, "client_name": "sta7"}
2026-06-25 16:53:14,409 - METRIC - INFO - {"loss": 2.2718214988708496, "accuracy": 0.19607843458652496, "energy_consumption": null, "selected": false, "client_name": "sta6"}
2026-06-25 16:53:14,411 - METRIC - INFO - {"loss": 2.270320177078247, "accuracy": 0.30322128534317017, "energy_consumption": null, "selected": false, "client_name": "sta0"}
2026-06-25 16:53:14,460 - METRIC - INFO - {"loss": 2.271167755126953, "accuracy": 0.2093837559223175, "energy_consumption": null, "selected": false, "client_name": "sta10"}
2026-06-25 16:53:14,469 - METRIC - INFO - {"loss": 2.2694547176361084, "accuracy": 0.2521008551120758, "energy_consumption": null, "selected": false, "client_name": "sta8"}
2026-06-25 16:53:14,474 - METRIC - INFO - {"loss": 2.2709546089172363, "accuracy": 0.1120448186993599, "energy_consumption": null, "selected": false, "client_name": "sta5"}
2026-06-25 16:53:14,498 - METRIC - INFO - {"loss": 2.270664691925049, "accuracy": 0.14145658910274506, "energy_consumption": null, "selected": false, "client_name": "sta9"}
2026-06-25 16:53:15,311 - METRIC - INFO - mean_accuracy: 0.2190603552894159

2026-06-25 16:53:15,311 - METRIC - INFO - round: 3
2026-06-25 16:53:15,311 - METRIC - INFO - n_selected: 11
2026-06-25 16:53:15,311 - METRIC - INFO - {"selected_trainers": ["sta0", "sta1", "sta10", "sta2", "sta3", "sta4", "sta5", "sta6", "sta7", "sta8", "sta9"]}
2026-06-25 16:53:28,466 - EXECUT - INFO - received weights from trainer sta3!
2026-06-25 16:53:28,584 - EXECUT - INFO - received weights from trainer sta6!
2026-06-25 16:53:28,793 - EXECUT - INFO - received weights from trainer sta7!
2026-06-25 16:53:31,850 - EXECUT - INFO - received weights from trainer sta9!
2026-06-25 16:53:31,897 - EXECUT - INFO - received weights from trainer sta8!
2026-06-25 16:53:36,143 - EXECUT - INFO - received weights from trainer sta4!
2026-06-25 16:53:36,186 - EXECUT - INFO - received weights from trainer sta2!
2026-06-25 16:53:36,229 - EXECUT - INFO - received weights from trainer sta1!
2026-06-25 16:53:36,272 - EXECUT - INFO - received weights from trainer sta5!
2026-06-25 16:53:36,314 - EXECUT - INFO - received weights from trainer sta0!
2026-06-25 16:53:36,357 - EXECUT - INFO - received weights from trainer sta10!
2026-06-25 16:53:37,230 - EXECUT - INFO - sent aggregated weights to trainers!
2026-06-25 16:53:38,228 - METRIC - INFO - {"loss": 0.8636813759803772, "accuracy": 0.7661064267158508, "energy_consumption": null, "selected": false, "client_name": "sta1"}
2026-06-25 16:53:38,235 - METRIC - INFO - {"loss": 0.8512895703315735, "accuracy": 0.7717086672782898, "energy_consumption": null, "selected": false, "client_name": "sta2"}
2026-06-25 16:53:38,260 - METRIC - INFO - {"loss": 0.8429063558578491, "accuracy": 0.7857142686843872, "energy_consumption": null, "selected": false, "client_name": "sta4"}
2026-06-25 16:53:38,271 - METRIC - INFO - {"loss": 0.8510039448738098, "accuracy": 0.7654061913490295, "energy_consumption": null, "selected": false, "client_name": "sta6"}
2026-06-25 16:53:38,284 - METRIC - INFO - {"loss": 0.8586848974227905, "accuracy": 0.7507002949714661, "energy_consumption": null, "selected": false, "client_name": "sta3"}
2026-06-25 16:53:38,298 - METRIC - INFO - {"loss": 0.8544110059738159, "accuracy": 0.7836134433746338, "energy_consumption": null, "selected": false, "client_name": "sta7"}
2026-06-25 16:53:38,299 - METRIC - INFO - {"loss": 0.8499175310134888, "accuracy": 0.7710084319114685, "energy_consumption": null, "selected": false, "client_name": "sta0"}
2026-06-25 16:53:38,311 - METRIC - INFO - {"loss": 0.8334691524505615, "accuracy": 0.7703081369400024, "energy_consumption": null, "selected": false, "client_name": "sta5"}
2026-06-25 16:53:38,340 - METRIC - INFO - {"loss": 0.8606968522071838, "accuracy": 0.7598039507865906, "energy_consumption": null, "selected": false, "client_name": "sta10"}
2026-06-25 16:53:38,361 - METRIC - INFO - {"loss": 0.8733533620834351, "accuracy": 0.7717086672782898, "energy_consumption": null, "selected": false, "client_name": "sta8"}
2026-06-25 16:53:38,379 - METRIC - INFO - {"loss": 0.8385328650474548, "accuracy": 0.767507016658783, "energy_consumption": null, "selected": false, "client_name": "sta9"}
2026-06-25 16:53:39,232 - METRIC - INFO - mean_accuracy: 0.7694168632680719

2026-06-25 16:53:39,232 - METRIC - INFO - round: 4
2026-06-25 16:53:39,233 - METRIC - INFO - n_selected: 11
2026-06-25 16:53:39,233 - METRIC - INFO - {"selected_trainers": ["sta0", "sta1", "sta10", "sta2", "sta3", "sta4", "sta5", "sta6", "sta7", "sta8", "sta9"]}
2026-06-25 16:53:51,252 - EXECUT - INFO - received weights from trainer sta5!
2026-06-25 16:53:51,292 - EXECUT - INFO - received weights from trainer sta0!
2026-06-25 16:53:51,331 - EXECUT - INFO - received weights from trainer sta3!
2026-06-25 16:53:51,370 - EXECUT - INFO - received weights from trainer sta6!
2026-06-25 16:53:54,418 - EXECUT - INFO - received weights from trainer sta10!
2026-06-25 16:53:54,461 - EXECUT - INFO - received weights from trainer sta8!
2026-06-25 16:53:54,504 - EXECUT - INFO - received weights from trainer sta9!
2026-06-25 16:54:00,083 - EXECUT - INFO - received weights from trainer sta1!
2026-06-25 16:54:00,127 - EXECUT - INFO - received weights from trainer sta2!
2026-06-25 16:54:00,170 - EXECUT - INFO - received weights from trainer sta4!
2026-06-25 16:54:00,213 - EXECUT - INFO - received weights from trainer sta7!
2026-06-25 16:54:01,094 - EXECUT - INFO - sent aggregated weights to trainers!
2026-06-25 16:54:02,018 - METRIC - INFO - {"loss": 0.4309292733669281, "accuracy": 0.8935574293136597, "energy_consumption": null, "selected": false, "client_name": "sta0"}
2026-06-25 16:54:02,030 - METRIC - INFO - {"loss": 0.450576514005661, "accuracy": 0.8718487620353699, "energy_consumption": null, "selected": false, "client_name": "sta3"}
2026-06-25 16:54:02,090 - METRIC - INFO - {"loss": 0.4591272473335266, "accuracy": 0.8823529481887817, "energy_consumption": null, "selected": false, "client_name": "sta2"}
2026-06-25 16:54:02,112 - METRIC - INFO - {"loss": 0.4513057470321655, "accuracy": 0.8795518279075623, "energy_consumption": null, "selected": false, "client_name": "sta1"}
2026-06-25 16:54:02,138 - METRIC - INFO - {"loss": 0.43787243962287903, "accuracy": 0.8809523582458496, "energy_consumption": null, "selected": false, "client_name": "sta4"}
2026-06-25 16:54:02,142 - METRIC - INFO - {"loss": 0.44315865635871887, "accuracy": 0.8858543634414673, "energy_consumption": null, "selected": false, "client_name": "sta7"}
2026-06-25 16:54:02,183 - METRIC - INFO - {"loss": 0.42888402938842773, "accuracy": 0.8837534785270691, "energy_consumption": null, "selected": false, "client_name": "sta5"}
2026-06-25 16:54:02,219 - METRIC - INFO - {"loss": 0.4304071068763733, "accuracy": 0.8886554837226868, "energy_consumption": null, "selected": false, "client_name": "sta9"}
2026-06-25 16:54:02,225 - METRIC - INFO - {"loss": 0.43640029430389404, "accuracy": 0.8816526532173157, "energy_consumption": null, "selected": false, "client_name": "sta10"}
2026-06-25 16:54:02,244 - METRIC - INFO - {"loss": 0.47970524430274963, "accuracy": 0.8739495873451233, "energy_consumption": null, "selected": false, "client_name": "sta8"}
2026-06-25 16:54:02,286 - METRIC - INFO - {"loss": 0.43613940477371216, "accuracy": 0.8823529481887817, "energy_consumption": null, "selected": false, "client_name": "sta6"}
2026-06-25 16:54:03,096 - METRIC - INFO - mean_accuracy: 0.8822256218303334

2026-06-25 16:54:03,096 - METRIC - INFO - round: 5
2026-06-25 16:54:03,097 - METRIC - INFO - n_selected: 11
2026-06-25 16:54:03,097 - METRIC - INFO - {"selected_trainers": ["sta0", "sta1", "sta10", "sta2", "sta3", "sta4", "sta5", "sta6", "sta7", "sta8", "sta9"]}
2026-06-25 16:54:14,205 - EXECUT - INFO - received weights from trainer sta5!
2026-06-25 16:54:14,252 - EXECUT - INFO - received weights from trainer sta3!
2026-06-25 16:54:14,293 - EXECUT - INFO - received weights from trainer sta1!
2026-06-25 16:54:14,333 - EXECUT - INFO - received weights from trainer sta2!
2026-06-25 16:54:14,374 - EXECUT - INFO - received weights from trainer sta7!
2026-06-25 16:54:14,413 - EXECUT - INFO - received weights from trainer sta6!
2026-06-25 16:54:14,449 - EXECUT - INFO - received weights from trainer sta0!
2026-06-25 16:54:14,486 - EXECUT - INFO - received weights from trainer sta4!
2026-06-25 16:54:17,054 - EXECUT - INFO - received weights from trainer sta10!
2026-06-25 16:54:17,138 - EXECUT - INFO - received weights from trainer sta8!
2026-06-25 16:54:23,911 - EXECUT - INFO - received weights from trainer sta9!
2026-06-25 16:54:24,851 - EXECUT - INFO - sent aggregated weights to trainers!
2026-06-25 16:54:25,605 - METRIC - INFO - {"loss": 0.35039350390434265, "accuracy": 0.9040616154670715, "energy_consumption": null, "selected": false, "client_name": "sta1"}
2026-06-25 16:54:25,610 - METRIC - INFO - {"loss": 0.3480833172798157, "accuracy": 0.9019607901573181, "energy_consumption": null, "selected": false, "client_name": "sta3"}
2026-06-25 16:54:25,612 - METRIC - INFO - {"loss": 0.34869614243507385, "accuracy": 0.9075630307197571, "energy_consumption": null, "selected": false, "client_name": "sta2"}
2026-06-25 16:54:25,615 - METRIC - INFO - {"loss": 0.33824560046195984, "accuracy": 0.9026610851287842, "energy_consumption": null, "selected": false, "client_name": "sta4"}
2026-06-25 16:54:25,622 - METRIC - INFO - {"loss": 0.3456816077232361, "accuracy": 0.9033613204956055, "energy_consumption": null, "selected": false, "client_name": "sta7"}
2026-06-25 16:54:25,635 - METRIC - INFO - {"loss": 0.32087185978889465, "accuracy": 0.9103641510009766, "energy_consumption": null, "selected": false, "client_name": "sta5"}
2026-06-25 16:54:25,649 - METRIC - INFO - {"loss": 0.3340817987918854, "accuracy": 0.901260495185852, "energy_consumption": null, "selected": false, "client_name": "sta6"}
2026-06-25 16:54:25,722 - METRIC - INFO - {"loss": 0.3309062421321869, "accuracy": 0.906862735748291, "energy_consumption": null, "selected": false, "client_name": "sta10"}
2026-06-25 16:54:25,732 - METRIC - INFO - {"loss": 0.3260113298892975, "accuracy": 0.906862735748291, "energy_consumption": null, "selected": false, "client_name": "sta9"}
2026-06-25 16:54:25,739 - METRIC - INFO - {"loss": 0.37768837809562683, "accuracy": 0.900560200214386, "energy_consumption": null, "selected": false, "client_name": "sta8"}
2026-06-25 16:54:25,788 - METRIC - INFO - {"loss": 0.3263505697250366, "accuracy": 0.906162440776825, "energy_consumption": null, "selected": false, "client_name": "sta0"}
2026-06-25 16:54:25,853 - METRIC - INFO - mean_accuracy: 0.9046982364221052

2026-06-25 16:54:25,853 - METRIC - INFO - round: 6
2026-06-25 16:54:25,853 - METRIC - INFO - n_selected: 11
2026-06-25 16:54:25,853 - METRIC - INFO - {"selected_trainers": ["sta0", "sta1", "sta10", "sta2", "sta3", "sta4", "sta5", "sta6", "sta7", "sta8", "sta9"]}
2026-06-25 16:54:36,581 - EXECUT - INFO - received weights from trainer sta2!
2026-06-25 16:54:36,865 - EXECUT - INFO - received weights from trainer sta0!
2026-06-25 16:54:36,900 - EXECUT - INFO - received weights from trainer sta4!
2026-06-25 16:54:36,933 - EXECUT - INFO - received weights from trainer sta5!
2026-06-25 16:54:36,967 - EXECUT - INFO - received weights from trainer sta1!
2026-06-25 16:54:37,000 - EXECUT - INFO - received weights from trainer sta6!
2026-06-25 16:54:37,033 - EXECUT - INFO - received weights from trainer sta7!
2026-06-25 16:54:39,869 - EXECUT - INFO - received weights from trainer sta10!
2026-06-25 16:54:39,909 - EXECUT - INFO - received weights from trainer sta9!
2026-06-25 16:54:39,949 - EXECUT - INFO - received weights from trainer sta8!
2026-06-25 16:54:46,655 - EXECUT - INFO - received weights from trainer sta3!
2026-06-25 16:54:47,638 - EXECUT - INFO - sent aggregated weights to trainers!
2026-06-25 16:54:48,365 - METRIC - INFO - {"loss": 0.2894532084465027, "accuracy": 0.9166666865348816, "energy_consumption": null, "selected": false, "client_name": "sta4"}
2026-06-25 16:54:48,396 - METRIC - INFO - {"loss": 0.2674298882484436, "accuracy": 0.9222689270973206, "energy_consumption": null, "selected": false, "client_name": "sta5"}
2026-06-25 16:54:48,405 - METRIC - INFO - {"loss": 0.29570403695106506, "accuracy": 0.9138655662536621, "energy_consumption": null, "selected": false, "client_name": "sta3"}
2026-06-25 16:54:48,413 - METRIC - INFO - {"loss": 0.293797105550766, "accuracy": 0.918067216873169, "energy_consumption": null, "selected": false, "client_name": "sta7"}
2026-06-25 16:54:48,415 - METRIC - INFO - {"loss": 0.2953256070613861, "accuracy": 0.9110644459724426, "energy_consumption": null, "selected": false, "client_name": "sta2"}
2026-06-25 16:54:48,422 - METRIC - INFO - {"loss": 0.29400914907455444, "accuracy": 0.9201680421829224, "energy_consumption": null, "selected": false, "client_name": "sta1"}
2026-06-25 16:54:48,456 - METRIC - INFO - {"loss": 0.28500717878341675, "accuracy": 0.918067216873169, "energy_consumption": null, "selected": false, "client_name": "sta6"}
2026-06-25 16:54:48,526 - METRIC - INFO - {"loss": 0.27524909377098083, "accuracy": 0.918067216873169, "energy_consumption": null, "selected": false, "client_name": "sta0"}
2026-06-25 16:54:48,530 - METRIC - INFO - {"loss": 0.320683091878891, "accuracy": 0.9145658016204834, "energy_consumption": null, "selected": false, "client_name": "sta8"}
2026-06-25 16:54:48,539 - METRIC - INFO - {"loss": 0.27660131454467773, "accuracy": 0.918067216873169, "energy_consumption": null, "selected": false, "client_name": "sta10"}
2026-06-25 16:54:48,544 - METRIC - INFO - {"loss": 0.2725915014743805, "accuracy": 0.9201680421829224, "energy_consumption": null, "selected": false, "client_name": "sta9"}
2026-06-25 16:54:48,640 - METRIC - INFO - mean_accuracy: 0.9173669435761191

2026-06-25 16:54:48,640 - METRIC - INFO - round: 7
2026-06-25 16:54:48,640 - METRIC - INFO - n_selected: 11
2026-06-25 16:54:48,640 - METRIC - INFO - {"selected_trainers": ["sta0", "sta1", "sta10", "sta2", "sta3", "sta4", "sta5", "sta6", "sta7", "sta8", "sta9"]}
2026-06-25 16:54:58,219 - EXECUT - INFO - received weights from trainer sta1!
2026-06-25 16:54:58,301 - EXECUT - INFO - received weights from trainer sta5!
2026-06-25 16:54:58,336 - EXECUT - INFO - received weights from trainer sta2!
2026-06-25 16:54:58,371 - EXECUT - INFO - received weights from trainer sta3!
2026-06-25 16:54:58,406 - EXECUT - INFO - received weights from trainer sta6!
2026-06-25 16:54:58,440 - EXECUT - INFO - received weights from trainer sta4!
2026-06-25 16:54:58,474 - EXECUT - INFO - received weights from trainer sta7!
2026-06-25 16:54:58,505 - EXECUT - INFO - received weights from trainer sta0!
2026-06-25 16:55:00,547 - EXECUT - INFO - received weights from trainer sta8!
2026-06-25 16:55:00,581 - EXECUT - INFO - received weights from trainer sta10!
2026-06-25 16:55:09,437 - EXECUT - INFO - received weights from trainer sta9!
2026-06-25 16:55:10,289 - EXECUT - INFO - sent aggregated weights to trainers!
2026-06-25 16:55:10,942 - METRIC - INFO - {"loss": 0.25773975253105164, "accuracy": 0.9222689270973206, "energy_consumption": null, "selected": false, "client_name": "sta3"}
2026-06-25 16:55:10,947 - METRIC - INFO - {"loss": 0.24922293424606323, "accuracy": 0.9271708726882935, "energy_consumption": null, "selected": false, "client_name": "sta4"}
2026-06-25 16:55:10,970 - METRIC - INFO - {"loss": 0.2298327386379242, "accuracy": 0.9299719929695129, "energy_consumption": null, "selected": false, "client_name": "sta5"}
2026-06-25 16:55:10,970 - METRIC - INFO - {"loss": 0.24767141044139862, "accuracy": 0.92507004737854, "energy_consumption": null, "selected": false, "client_name": "sta6"}
2026-06-25 16:55:10,973 - METRIC - INFO - {"loss": 0.24030116200447083, "accuracy": 0.9278711676597595, "energy_consumption": null, "selected": false, "client_name": "sta0"}
2026-06-25 16:55:10,984 - METRIC - INFO - {"loss": 0.2551964223384857, "accuracy": 0.9264705777168274, "energy_consumption": null, "selected": false, "client_name": "sta7"}
2026-06-25 16:55:10,991 - METRIC - INFO - {"loss": 0.2551913261413574, "accuracy": 0.9264705777168274, "energy_consumption": null, "selected": false, "client_name": "sta1"}
2026-06-25 16:55:11,007 - METRIC - INFO - {"loss": 0.25445863604545593, "accuracy": 0.9215686321258545, "energy_consumption": null, "selected": false, "client_name": "sta2"}
2026-06-25 16:55:11,049 - METRIC - INFO - {"loss": 0.23707029223442078, "accuracy": 0.9320728182792664, "energy_consumption": null, "selected": false, "client_name": "sta10"}
2026-06-25 16:55:11,055 - METRIC - INFO - {"loss": 0.233760267496109, "accuracy": 0.936274528503418, "energy_consumption": null, "selected": false, "client_name": "sta9"}
2026-06-25 16:55:11,206 - METRIC - INFO - {"loss": 0.28153592348098755, "accuracy": 0.9208683371543884, "energy_consumption": null, "selected": false, "client_name": "sta8"}
2026-06-25 16:55:11,290 - METRIC - INFO - mean_accuracy: 0.9269162253900007

2026-06-25 16:55:11,290 - METRIC - INFO - round: 8
2026-06-25 16:55:11,290 - METRIC - INFO - n_selected: 11
2026-06-25 16:55:11,291 - METRIC - INFO - {"selected_trainers": ["sta0", "sta1", "sta10", "sta2", "sta3", "sta4", "sta5", "sta6", "sta7", "sta8", "sta9"]}
2026-06-25 16:55:20,876 - EXECUT - INFO - received weights from trainer sta1!
2026-06-25 16:55:20,958 - EXECUT - INFO - received weights from trainer sta5!
2026-06-25 16:55:20,989 - EXECUT - INFO - received weights from trainer sta2!
2026-06-25 16:55:21,020 - EXECUT - INFO - received weights from trainer sta4!
2026-06-25 16:55:21,062 - EXECUT - INFO - received weights from trainer sta6!
2026-06-25 16:55:21,114 - EXECUT - INFO - received weights from trainer sta3!
2026-06-25 16:55:21,804 - EXECUT - INFO - received weights from trainer sta7!
2026-06-25 16:55:21,839 - EXECUT - INFO - received weights from trainer sta0!
2026-06-25 16:55:23,179 - EXECUT - INFO - received weights from trainer sta10!
2026-06-25 16:55:23,236 - EXECUT - INFO - received weights from trainer sta8!
2026-06-25 16:55:23,270 - EXECUT - INFO - received weights from trainer sta9!
2026-06-25 16:55:23,920 - EXECUT - INFO - sent aggregated weights to trainers!
2026-06-25 16:55:24,559 - METRIC - INFO - {"loss": 0.20917697250843048, "accuracy": 0.9348739385604858, "energy_consumption": null, "selected": false, "client_name": "sta0"}
2026-06-25 16:55:24,572 - METRIC - INFO - {"loss": 0.22690477967262268, "accuracy": 0.9285714030265808, "energy_consumption": null, "selected": false, "client_name": "sta3"}
2026-06-25 16:55:24,587 - METRIC - INFO - {"loss": 0.22107407450675964, "accuracy": 0.930672287940979, "energy_consumption": null, "selected": false, "client_name": "sta2"}
2026-06-25 16:55:24,593 - METRIC - INFO - {"loss": 0.21936744451522827, "accuracy": 0.9320728182792664, "energy_consumption": null, "selected": false, "client_name": "sta4"}
2026-06-25 16:55:24,603 - METRIC - INFO - {"loss": 0.19914236664772034, "accuracy": 0.9446778893470764, "energy_consumption": null, "selected": false, "client_name": "sta5"}
2026-06-25 16:55:24,610 - METRIC - INFO - {"loss": 0.2241017371416092, "accuracy": 0.9383753538131714, "energy_consumption": null, "selected": false, "client_name": "sta7"}
2026-06-25 16:55:24,620 - METRIC - INFO - {"loss": 0.21777723729610443, "accuracy": 0.9327731132507324, "energy_consumption": null, "selected": false, "client_name": "sta6"}
2026-06-25 16:55:24,655 - METRIC - INFO - {"loss": 0.22014877200126648, "accuracy": 0.9348739385604858, "energy_consumption": null, "selected": false, "client_name": "sta1"}
2026-06-25 16:55:24,693 - METRIC - INFO - {"loss": 0.20374710857868195, "accuracy": 0.9404761791229248, "energy_consumption": null, "selected": false, "client_name": "sta9"}
2026-06-25 16:55:24,695 - METRIC - INFO - {"loss": 0.24597330391407013, "accuracy": 0.92507004737854, "energy_consumption": null, "selected": false, "client_name": "sta8"}
2026-06-25 16:55:24,698 - METRIC - INFO - {"loss": 0.20586834847927094, "accuracy": 0.9397758841514587, "energy_consumption": null, "selected": false, "client_name": "sta10"}
2026-06-25 16:55:24,922 - METRIC - INFO - mean_accuracy: 0.9347466230392456

2026-06-25 16:55:24,922 - METRIC - INFO - round: 9
2026-06-25 16:55:24,922 - METRIC - INFO - n_selected: 11
2026-06-25 16:55:24,922 - METRIC - INFO - {"selected_trainers": ["sta0", "sta1", "sta10", "sta2", "sta3", "sta4", "sta5", "sta6", "sta7", "sta8", "sta9"]}
2026-06-25 16:55:33,934 - EXECUT - INFO - received weights from trainer sta5!
2026-06-25 16:55:34,015 - EXECUT - INFO - received weights from trainer sta1!
2026-06-25 16:55:34,078 - EXECUT - INFO - received weights from trainer sta4!
2026-06-25 16:55:34,112 - EXECUT - INFO - received weights from trainer sta3!
2026-06-25 16:55:34,144 - EXECUT - INFO - received weights from trainer sta2!
2026-06-25 16:55:34,176 - EXECUT - INFO - received weights from trainer sta0!
2026-06-25 16:55:34,208 - EXECUT - INFO - received weights from trainer sta7!
2026-06-25 16:55:34,240 - EXECUT - INFO - received weights from trainer sta6!
2026-06-25 16:55:35,932 - EXECUT - INFO - received weights from trainer sta9!
2026-06-25 16:55:35,974 - EXECUT - INFO - received weights from trainer sta8!
2026-06-25 16:55:45,721 - EXECUT - INFO - received weights from trainer sta10!
2026-06-25 16:55:46,538 - EXECUT - INFO - sent aggregated weights to trainers!
2026-06-25 16:55:47,146 - METRIC - INFO - {"loss": 0.20106413960456848, "accuracy": 0.9348739385604858, "energy_consumption": null, "selected": false, "client_name": "sta3"}
2026-06-25 16:55:47,155 - METRIC - INFO - {"loss": 0.19199924170970917, "accuracy": 0.9341736435890198, "energy_consumption": null, "selected": false, "client_name": "sta2"}
2026-06-25 16:55:47,160 - METRIC - INFO - {"loss": 0.17364658415317535, "accuracy": 0.9523809552192688, "energy_consumption": null, "selected": false, "client_name": "sta5"}
2026-06-25 16:55:47,177 - METRIC - INFO - {"loss": 0.19258713722229004, "accuracy": 0.9390756487846375, "energy_consumption": null, "selected": false, "client_name": "sta4"}
2026-06-25 16:55:47,180 - METRIC - INFO - {"loss": 0.19873617589473724, "accuracy": 0.9453781247138977, "energy_consumption": null, "selected": false, "client_name": "sta7"}
2026-06-25 16:55:47,199 - METRIC - INFO - {"loss": 0.19393235445022583, "accuracy": 0.9439775943756104, "energy_consumption": null, "selected": false, "client_name": "sta6"}
2026-06-25 16:55:47,211 - METRIC - INFO - {"loss": 0.186590313911438, "accuracy": 0.9397758841514587, "energy_consumption": null, "selected": false, "client_name": "sta0"}
2026-06-25 16:55:47,239 - METRIC - INFO - {"loss": 0.17842377722263336, "accuracy": 0.9481792449951172, "energy_consumption": null, "selected": false, "client_name": "sta10"}
2026-06-25 16:55:47,246 - METRIC - INFO - {"loss": 0.1923176795244217, "accuracy": 0.9453781247138977, "energy_consumption": null, "selected": false, "client_name": "sta1"}
2026-06-25 16:55:47,249 - METRIC - INFO - {"loss": 0.1778329312801361, "accuracy": 0.9460784196853638, "energy_consumption": null, "selected": false, "client_name": "sta9"}
2026-06-25 16:55:47,257 - METRIC - INFO - {"loss": 0.21625789999961853, "accuracy": 0.9355742335319519, "energy_consumption": null, "selected": false, "client_name": "sta8"}
2026-06-25 16:55:47,539 - METRIC - INFO - mean_accuracy: 0.9422587102109735

2026-06-25 16:55:47,539 - METRIC - INFO - round: 10
2026-06-25 16:55:47,539 - METRIC - INFO - n_selected: 11
2026-06-25 16:55:47,540 - METRIC - INFO - {"selected_trainers": ["sta0", "sta1", "sta10", "sta2", "sta3", "sta4", "sta5", "sta6", "sta7", "sta8", "sta9"]}
2026-06-25 16:55:55,965 - EXECUT - INFO - received weights from trainer sta5!
2026-06-25 16:55:56,047 - EXECUT - INFO - received weights from trainer sta1!
2026-06-25 16:55:56,099 - EXECUT - INFO - received weights from trainer sta6!
2026-06-25 16:55:56,127 - EXECUT - INFO - received weights from trainer sta2!
2026-06-25 16:55:56,154 - EXECUT - INFO - received weights from trainer sta4!
2026-06-25 16:55:56,181 - EXECUT - INFO - received weights from trainer sta0!
2026-06-25 16:55:56,208 - EXECUT - INFO - received weights from trainer sta7!
2026-06-25 16:55:57,783 - EXECUT - INFO - received weights from trainer sta9!
2026-06-25 16:55:57,847 - EXECUT - INFO - received weights from trainer sta10!
2026-06-25 16:55:57,877 - EXECUT - INFO - received weights from trainer sta8!
2026-06-25 16:55:58,025 - EXECUT - INFO - received weights from trainer sta3!
2026-06-25 16:55:59,093 - EXECUT - INFO - sent aggregated weights to trainers!
2026-06-25 16:55:59,650 - METRIC - INFO - {"loss": 0.17971870303153992, "accuracy": 0.9390756487846375, "energy_consumption": null, "selected": false, "client_name": "sta3"}
2026-06-25 16:55:59,663 - METRIC - INFO - {"loss": 0.16473573446273804, "accuracy": 0.9453781247138977, "energy_consumption": null, "selected": false, "client_name": "sta0"}
2026-06-25 16:55:59,694 - METRIC - INFO - {"loss": 0.16899815201759338, "accuracy": 0.9418767690658569, "energy_consumption": null, "selected": false, "client_name": "sta2"}
2026-06-25 16:55:59,721 - METRIC - INFO - {"loss": 0.17078067362308502, "accuracy": 0.9453781247138977, "energy_consumption": null, "selected": false, "client_name": "sta4"}
2026-06-25 16:55:59,737 - METRIC - INFO - {"loss": 0.15256479382514954, "accuracy": 0.9544817805290222, "energy_consumption": null, "selected": false, "client_name": "sta5"}
2026-06-25 16:55:59,747 - METRIC - INFO - {"loss": 0.1714237928390503, "accuracy": 0.9488795399665833, "energy_consumption": null, "selected": false, "client_name": "sta6"}
2026-06-25 16:55:59,756 - METRIC - INFO - {"loss": 0.17761337757110596, "accuracy": 0.9488795399665833, "energy_consumption": null, "selected": false, "client_name": "sta7"}
2026-06-25 16:55:59,780 - METRIC - INFO - {"loss": 0.16923345625400543, "accuracy": 0.9509803652763367, "energy_consumption": null, "selected": false, "client_name": "sta1"}
2026-06-25 16:55:59,786 - METRIC - INFO - {"loss": 0.15661457180976868, "accuracy": 0.9572829008102417, "energy_consumption": null, "selected": false, "client_name": "sta10"}
2026-06-25 16:55:59,791 - METRIC - INFO - {"loss": 0.1569407433271408, "accuracy": 0.9502801299095154, "energy_consumption": null, "selected": false, "client_name": "sta9"}
2026-06-25 16:55:59,797 - METRIC - INFO - {"loss": 0.19137896597385406, "accuracy": 0.9425770044326782, "energy_consumption": null, "selected": false, "client_name": "sta8"}
2026-06-25 16:56:00,094 - METRIC - INFO - mean_accuracy: 0.9477336298335682

2026-06-25 16:56:00,094 - METRIC - INFO - round: 11
2026-06-25 16:56:00,095 - METRIC - INFO - n_selected: 11
2026-06-25 16:56:00,095 - METRIC - INFO - {"selected_trainers": ["sta0", "sta1", "sta10", "sta2", "sta3", "sta4", "sta5", "sta6", "sta7", "sta8", "sta9"]}
2026-06-25 16:56:08,084 - EXECUT - INFO - received weights from trainer sta6!
2026-06-25 16:56:08,110 - EXECUT - INFO - received weights from trainer sta1!
2026-06-25 16:56:08,142 - EXECUT - INFO - received weights from trainer sta5!
2026-06-25 16:56:08,168 - EXECUT - INFO - received weights from trainer sta4!
2026-06-25 16:56:08,194 - EXECUT - INFO - received weights from trainer sta7!
2026-06-25 16:56:08,220 - EXECUT - INFO - received weights from trainer sta2!
2026-06-25 16:56:08,245 - EXECUT - INFO - received weights from trainer sta3!
2026-06-25 16:56:09,677 - EXECUT - INFO - received weights from trainer sta9!
2026-06-25 16:56:09,708 - EXECUT - INFO - received weights from trainer sta8!
2026-06-25 16:56:09,775 - EXECUT - INFO - received weights from trainer sta10!
2026-06-25 16:56:10,589 - EXECUT - INFO - received weights from trainer sta0!
2026-06-25 16:56:11,625 - EXECUT - INFO - sent aggregated weights to trainers!
2026-06-25 16:56:12,167 - METRIC - INFO - {"loss": 0.1612672209739685, "accuracy": 0.9432772994041443, "energy_consumption": null, "selected": false, "client_name": "sta3"}
2026-06-25 16:56:12,206 - METRIC - INFO - {"loss": 0.15372221171855927, "accuracy": 0.9544817805290222, "energy_consumption": null, "selected": false, "client_name": "sta6"}
2026-06-25 16:56:12,222 - METRIC - INFO - {"loss": 0.15404784679412842, "accuracy": 0.9509803652763367, "energy_consumption": null, "selected": false, "client_name": "sta4"}
2026-06-25 16:56:12,222 - METRIC - INFO - {"loss": 0.15846242010593414, "accuracy": 0.9565826058387756, "energy_consumption": null, "selected": false, "client_name": "sta7"}
2026-06-25 16:56:12,238 - METRIC - INFO - {"loss": 0.1489768624305725, "accuracy": 0.9495798349380493, "energy_consumption": null, "selected": false, "client_name": "sta2"}
2026-06-25 16:56:12,240 - METRIC - INFO - {"loss": 0.1527199000120163, "accuracy": 0.9530812501907349, "energy_consumption": null, "selected": false, "client_name": "sta1"}
2026-06-25 16:56:12,244 - METRIC - INFO - {"loss": 0.13681599497795105, "accuracy": 0.9628851413726807, "energy_consumption": null, "selected": false, "client_name": "sta5"}
2026-06-25 16:56:12,253 - METRIC - INFO - {"loss": 0.14940419793128967, "accuracy": 0.9516806602478027, "energy_consumption": null, "selected": false, "client_name": "sta0"}
2026-06-25 16:56:12,280 - METRIC - INFO - {"loss": 0.14032717049121857, "accuracy": 0.9621848464012146, "energy_consumption": null, "selected": false, "client_name": "sta10"}
2026-06-25 16:56:12,287 - METRIC - INFO - {"loss": 0.1418873369693756, "accuracy": 0.9579831957817078, "energy_consumption": null, "selected": false, "client_name": "sta9"}
2026-06-25 16:56:12,299 - METRIC - INFO - {"loss": 0.1699274182319641, "accuracy": 0.9502801299095154, "energy_consumption": null, "selected": false, "client_name": "sta8"}
2026-06-25 16:56:12,626 - METRIC - INFO - mean_accuracy: 0.9539088281718168

2026-06-25 16:56:12,626 - METRIC - INFO - round: 12
2026-06-25 16:56:12,626 - METRIC - INFO - n_selected: 11
2026-06-25 16:56:12,626 - METRIC - INFO - {"selected_trainers": ["sta0", "sta1", "sta10", "sta2", "sta3", "sta4", "sta5", "sta6", "sta7", "sta8", "sta9"]}
2026-06-25 16:56:20,572 - EXECUT - INFO - received weights from trainer sta4!
2026-06-25 16:56:20,597 - EXECUT - INFO - received weights from trainer sta6!
2026-06-25 16:56:20,627 - EXECUT - INFO - received weights from trainer sta2!
2026-06-25 16:56:20,652 - EXECUT - INFO - received weights from trainer sta1!
2026-06-25 16:56:20,676 - EXECUT - INFO - received weights from trainer sta3!
2026-06-25 16:56:20,701 - EXECUT - INFO - received weights from trainer sta5!
2026-06-25 16:56:20,725 - EXECUT - INFO - received weights from trainer sta0!
2026-06-25 16:56:22,229 - EXECUT - INFO - received weights from trainer sta10!
2026-06-25 16:56:22,276 - EXECUT - INFO - received weights from trainer sta8!
2026-06-25 16:56:22,304 - EXECUT - INFO - received weights from trainer sta9!
2026-06-25 16:56:23,143 - EXECUT - INFO - received weights from trainer sta7!
2026-06-25 16:56:24,161 - EXECUT - INFO - sent aggregated weights to trainers!
2026-06-25 16:56:24,667 - METRIC - INFO - {"loss": 0.13296106457710266, "accuracy": 0.9551820755004883, "energy_consumption": null, "selected": false, "client_name": "sta0"}
2026-06-25 16:56:24,699 - METRIC - INFO - {"loss": 0.14657367765903473, "accuracy": 0.9474790096282959, "energy_consumption": null, "selected": false, "client_name": "sta3"}
2026-06-25 16:56:24,732 - METRIC - INFO - {"loss": 0.1387905478477478, "accuracy": 0.9551820755004883, "energy_consumption": null, "selected": false, "client_name": "sta4"}
2026-06-25 16:56:24,742 - METRIC - INFO - {"loss": 0.13174130022525787, "accuracy": 0.9586834907531738, "energy_consumption": null, "selected": false, "client_name": "sta2"}
2026-06-25 16:56:24,779 - METRIC - INFO - {"loss": 0.12365880608558655, "accuracy": 0.9670868515968323, "energy_consumption": null, "selected": false, "client_name": "sta5"}
2026-06-25 16:56:24,782 - METRIC - INFO - {"loss": 0.1400664746761322, "accuracy": 0.9600840210914612, "energy_consumption": null, "selected": false, "client_name": "sta6"}
2026-06-25 16:56:24,790 - METRIC - INFO - {"loss": 0.1429961770772934, "accuracy": 0.9621848464012146, "energy_consumption": null, "selected": false, "client_name": "sta7"}
2026-06-25 16:56:24,807 - METRIC - INFO - {"loss": 0.13548634946346283, "accuracy": 0.9586834907531738, "energy_consumption": null, "selected": false, "client_name": "sta1"}
2026-06-25 16:56:24,811 - METRIC - INFO - {"loss": 0.12665927410125732, "accuracy": 0.9621848464012146, "energy_consumption": null, "selected": false, "client_name": "sta10"}
2026-06-25 16:56:24,822 - METRIC - INFO - {"loss": 0.1275814324617386, "accuracy": 0.9621848464012146, "energy_consumption": null, "selected": false, "client_name": "sta9"}
2026-06-25 16:56:24,825 - METRIC - INFO - {"loss": 0.15293698012828827, "accuracy": 0.9537814855575562, "energy_consumption": null, "selected": false, "client_name": "sta8"}
2026-06-25 16:56:25,162 - METRIC - INFO - mean_accuracy: 0.9584288217804648

2026-06-25 16:56:25,162 - METRIC - INFO - round: 13
2026-06-25 16:56:25,162 - METRIC - INFO - n_selected: 11
2026-06-25 16:56:25,162 - METRIC - INFO - {"selected_trainers": ["sta0", "sta1", "sta10", "sta2", "sta3", "sta4", "sta5", "sta6", "sta7", "sta8", "sta9"]}
2026-06-25 16:56:33,102 - EXECUT - INFO - received weights from trainer sta3!
2026-06-25 16:56:33,126 - EXECUT - INFO - received weights from trainer sta2!
2026-06-25 16:56:33,186 - EXECUT - INFO - received weights from trainer sta6!
2026-06-25 16:56:33,211 - EXECUT - INFO - received weights from trainer sta1!
2026-06-25 16:56:33,236 - EXECUT - INFO - received weights from trainer sta4!
2026-06-25 16:56:33,260 - EXECUT - INFO - received weights from trainer sta7!
2026-06-25 16:56:33,285 - EXECUT - INFO - received weights from trainer sta0!
2026-06-25 16:56:34,854 - EXECUT - INFO - received weights from trainer sta10!
2026-06-25 16:56:34,883 - EXECUT - INFO - received weights from trainer sta8!
2026-06-25 16:56:34,907 - EXECUT - INFO - received weights from trainer sta9!
2026-06-25 16:56:35,704 - EXECUT - INFO - received weights from trainer sta5!
2026-06-25 16:56:36,655 - EXECUT - INFO - sent aggregated weights to trainers!
2026-06-25 16:56:37,175 - METRIC - INFO - {"loss": 0.1215459331870079, "accuracy": 0.9614846110343933, "energy_consumption": null, "selected": false, "client_name": "sta0"}
2026-06-25 16:56:37,191 - METRIC - INFO - {"loss": 0.1282704919576645, "accuracy": 0.9635854363441467, "energy_consumption": null, "selected": false, "client_name": "sta6"}
2026-06-25 16:56:37,196 - METRIC - INFO - {"loss": 0.13398434221744537, "accuracy": 0.9635854363441467, "energy_consumption": null, "selected": false, "client_name": "sta7"}
2026-06-25 16:56:37,197 - METRIC - INFO - {"loss": 0.13432608544826508, "accuracy": 0.9516806602478027, "energy_consumption": null, "selected": false, "client_name": "sta3"}
2026-06-25 16:56:37,198 - METRIC - INFO - {"loss": 0.11837881058454514, "accuracy": 0.9593837261199951, "energy_consumption": null, "selected": false, "client_name": "sta2"}
2026-06-25 16:56:37,200 - METRIC - INFO - {"loss": 0.11271415650844574, "accuracy": 0.970588207244873, "energy_consumption": null, "selected": false, "client_name": "sta5"}
2026-06-25 16:56:37,222 - METRIC - INFO - {"loss": 0.12727339565753937, "accuracy": 0.9593837261199951, "energy_consumption": null, "selected": false, "client_name": "sta4"}
2026-06-25 16:56:37,282 - METRIC - INFO - {"loss": 0.11634671688079834, "accuracy": 0.9677870869636536, "energy_consumption": null, "selected": false, "client_name": "sta10"}
2026-06-25 16:56:37,288 - METRIC - INFO - {"loss": 0.12646228075027466, "accuracy": 0.9593837261199951, "energy_consumption": null, "selected": false, "client_name": "sta1"}
2026-06-25 16:56:37,294 - METRIC - INFO - {"loss": 0.11576654016971588, "accuracy": 0.9628851413726807, "energy_consumption": null, "selected": false, "client_name": "sta9"}
2026-06-25 16:56:37,302 - METRIC - INFO - {"loss": 0.13973955810070038, "accuracy": 0.9600840210914612, "energy_consumption": null, "selected": false, "client_name": "sta8"}
2026-06-25 16:56:37,656 - METRIC - INFO - mean_accuracy: 0.9618028890002858

2026-06-25 16:56:37,657 - METRIC - INFO - round: 14
2026-06-25 16:56:37,657 - METRIC - INFO - n_selected: 11
2026-06-25 16:56:37,657 - METRIC - INFO - {"selected_trainers": ["sta0", "sta1", "sta10", "sta2", "sta3", "sta4", "sta5", "sta6", "sta7", "sta8", "sta9"]}
2026-06-25 16:56:44,845 - EXECUT - INFO - received weights from trainer sta4!
2026-06-25 16:56:44,872 - EXECUT - INFO - received weights from trainer sta1!
2026-06-25 16:56:44,904 - EXECUT - INFO - received weights from trainer sta5!
2026-06-25 16:56:44,929 - EXECUT - INFO - received weights from trainer sta3!
2026-06-25 16:56:44,955 - EXECUT - INFO - received weights from trainer sta0!
2026-06-25 16:56:44,980 - EXECUT - INFO - received weights from trainer sta2!
2026-06-25 16:56:45,003 - EXECUT - INFO - received weights from trainer sta6!
2026-06-25 16:56:46,304 - EXECUT - INFO - received weights from trainer sta8!
2026-06-25 16:56:46,329 - EXECUT - INFO - received weights from trainer sta9!
2026-06-25 16:56:48,158 - EXECUT - INFO - received weights from trainer sta10!
2026-06-25 16:56:48,183 - EXECUT - INFO - received weights from trainer sta7!
2026-06-25 16:56:49,125 - EXECUT - INFO - sent aggregated weights to trainers!
2026-06-25 16:56:49,615 - METRIC - INFO - {"loss": 0.12439004331827164, "accuracy": 0.9572829008102417, "energy_consumption": null, "selected": false, "client_name": "sta3"}
2026-06-25 16:56:49,623 - METRIC - INFO - {"loss": 0.10800062865018845, "accuracy": 0.9642857313156128, "energy_consumption": null, "selected": false, "client_name": "sta2"}
2026-06-25 16:56:49,628 - METRIC - INFO - {"loss": 0.10951722413301468, "accuracy": 0.9663865566253662, "energy_consumption": null, "selected": false, "client_name": "sta0"}
2026-06-25 16:56:49,641 - METRIC - INFO - {"loss": 0.1203915923833847, "accuracy": 0.9656862616539001, "energy_consumption": null, "selected": false, "client_name": "sta6"}
2026-06-25 16:56:49,665 - METRIC - INFO - {"loss": 0.11747799068689346, "accuracy": 0.9614846110343933, "energy_consumption": null, "selected": false, "client_name": "sta4"}
2026-06-25 16:56:49,667 - METRIC - INFO - {"loss": 0.1032540574669838, "accuracy": 0.9712885022163391, "energy_consumption": null, "selected": false, "client_name": "sta5"}
2026-06-25 16:56:49,688 - METRIC - INFO - {"loss": 0.11658331751823425, "accuracy": 0.9614846110343933, "energy_consumption": null, "selected": false, "client_name": "sta1"}
2026-06-25 16:56:49,691 - METRIC - INFO - {"loss": 0.12121342867612839, "accuracy": 0.9656862616539001, "energy_consumption": null, "selected": false, "client_name": "sta7"}
2026-06-25 16:56:49,713 - METRIC - INFO - {"loss": 0.1095137819647789, "accuracy": 0.9684873819351196, "energy_consumption": null, "selected": false, "client_name": "sta10"}
2026-06-25 16:56:49,719 - METRIC - INFO - {"loss": 0.10628760606050491, "accuracy": 0.9684873819351196, "energy_consumption": null, "selected": false, "client_name": "sta9"}
2026-06-25 16:56:49,736 - METRIC - INFO - {"loss": 0.12512774765491486, "accuracy": 0.9642857313156128, "energy_consumption": null, "selected": false, "client_name": "sta8"}
2026-06-25 16:56:50,126 - METRIC - INFO - mean_accuracy: 0.9649859937754545

2026-06-25 16:56:50,126 - METRIC - INFO - round: 15
2026-06-25 16:56:50,126 - METRIC - INFO - n_selected: 11
2026-06-25 16:56:50,126 - METRIC - INFO - {"selected_trainers": ["sta0", "sta1", "sta10", "sta2", "sta3", "sta4", "sta5", "sta6", "sta7", "sta8", "sta9"]}
2026-06-25 16:56:57,021 - EXECUT - INFO - received weights from trainer sta0!
2026-06-25 16:56:57,043 - EXECUT - INFO - received weights from trainer sta1!
2026-06-25 16:56:57,071 - EXECUT - INFO - received weights from trainer sta3!
2026-06-25 16:56:57,094 - EXECUT - INFO - received weights from trainer sta5!
2026-06-25 16:56:57,116 - EXECUT - INFO - received weights from trainer sta6!
2026-06-25 16:56:57,138 - EXECUT - INFO - received weights from trainer sta2!
2026-06-25 16:56:57,159 - EXECUT - INFO - received weights from trainer sta4!
2026-06-25 16:56:57,181 - EXECUT - INFO - received weights from trainer sta7!
2026-06-25 16:56:58,310 - EXECUT - INFO - received weights from trainer sta10!
2026-06-25 16:56:58,335 - EXECUT - INFO - received weights from trainer sta9!
2026-06-25 16:56:58,372 - EXECUT - INFO - received weights from trainer sta8!
2026-06-25 16:56:59,592 - EXECUT - INFO - sent aggregated weights to trainers!
2026-06-25 16:57:00,066 - METRIC - INFO - {"loss": 0.11607931554317474, "accuracy": 0.9593837261199951, "energy_consumption": null, "selected": false, "client_name": "sta3"}
2026-06-25 16:57:00,086 - METRIC - INFO - {"loss": 0.09834402054548264, "accuracy": 0.9656862616539001, "energy_consumption": null, "selected": false, "client_name": "sta2"}
2026-06-25 16:57:00,089 - METRIC - INFO - {"loss": 0.1093800961971283, "accuracy": 0.9663865566253662, "energy_consumption": null, "selected": false, "client_name": "sta4"}
2026-06-25 16:57:00,104 - METRIC - INFO - {"loss": 0.11281127482652664, "accuracy": 0.9649859666824341, "energy_consumption": null, "selected": false, "client_name": "sta7"}
2026-06-25 16:57:00,104 - METRIC - INFO - {"loss": 0.11264751851558685, "accuracy": 0.9684873819351196, "energy_consumption": null, "selected": false, "client_name": "sta6"}
2026-06-25 16:57:00,121 - METRIC - INFO - {"loss": 0.09623285382986069, "accuracy": 0.9733893275260925, "energy_consumption": null, "selected": false, "client_name": "sta5"}
2026-06-25 16:57:00,145 - METRIC - INFO - {"loss": 0.10579986870288849, "accuracy": 0.9677870869636536, "energy_consumption": null, "selected": false, "client_name": "sta1"}
2026-06-25 16:57:00,146 - METRIC - INFO - {"loss": 0.1031547337770462, "accuracy": 0.9677870869636536, "energy_consumption": null, "selected": false, "client_name": "sta0"}
2026-06-25 16:57:00,161 - METRIC - INFO - {"loss": 0.1013069599866867, "accuracy": 0.9719887971878052, "energy_consumption": null, "selected": false, "client_name": "sta10"}
2026-06-25 16:57:00,167 - METRIC - INFO - {"loss": 0.09871787577867508, "accuracy": 0.970588207244873, "energy_consumption": null, "selected": false, "client_name": "sta9"}
2026-06-25 16:57:00,188 - METRIC - INFO - {"loss": 0.11386701464653015, "accuracy": 0.9670868515968323, "energy_consumption": null, "selected": false, "client_name": "sta8"}
2026-06-25 16:57:00,593 - METRIC - INFO - mean_accuracy: 0.9675961136817932

2026-06-25 16:57:00,593 - METRIC - INFO - round: 16
2026-06-25 16:57:00,593 - METRIC - INFO - n_selected: 11
2026-06-25 16:57:00,593 - METRIC - INFO - {"selected_trainers": ["sta0", "sta1", "sta10", "sta2", "sta3", "sta4", "sta5", "sta6", "sta7", "sta8", "sta9"]}
2026-06-25 16:57:07,381 - EXECUT - INFO - received weights from trainer sta5!
2026-06-25 16:57:07,414 - EXECUT - INFO - received weights from trainer sta1!
2026-06-25 16:57:07,447 - EXECUT - INFO - received weights from trainer sta4!
2026-06-25 16:57:07,478 - EXECUT - INFO - received weights from trainer sta7!
2026-06-25 16:57:07,499 - EXECUT - INFO - received weights from trainer sta2!
2026-06-25 16:57:07,520 - EXECUT - INFO - received weights from trainer sta6!
2026-06-25 16:57:07,541 - EXECUT - INFO - received weights from trainer sta0!
2026-06-25 16:57:07,561 - EXECUT - INFO - received weights from trainer sta3!
2026-06-25 16:57:08,823 - EXECUT - INFO - received weights from trainer sta9!
2026-06-25 16:57:08,850 - EXECUT - INFO - received weights from trainer sta8!
2026-06-25 16:57:08,874 - EXECUT - INFO - received weights from trainer sta10!
2026-06-25 16:57:10,024 - EXECUT - INFO - sent aggregated weights to trainers!
2026-06-25 16:57:10,462 - METRIC - INFO - {"loss": 0.09626296907663345, "accuracy": 0.9726890921592712, "energy_consumption": null, "selected": false, "client_name": "sta0"}
2026-06-25 16:57:10,494 - METRIC - INFO - {"loss": 0.08961914479732513, "accuracy": 0.9726890921592712, "energy_consumption": null, "selected": false, "client_name": "sta2"}
2026-06-25 16:57:10,497 - METRIC - INFO - {"loss": 0.10780732333660126, "accuracy": 0.9607843160629272, "energy_consumption": null, "selected": false, "client_name": "sta3"}
2026-06-25 16:57:10,500 - METRIC - INFO - {"loss": 0.10285123437643051, "accuracy": 0.9670868515968323, "energy_consumption": null, "selected": false, "client_name": "sta4"}
2026-06-25 16:57:10,551 - METRIC - INFO - {"loss": 0.09952478855848312, "accuracy": 0.9691876769065857, "energy_consumption": null, "selected": false, "client_name": "sta1"}
2026-06-25 16:57:10,573 - METRIC - INFO - {"loss": 0.0887322798371315, "accuracy": 0.976190447807312, "energy_consumption": null, "selected": false, "client_name": "sta5"}
2026-06-25 16:57:10,595 - METRIC - INFO - {"loss": 0.09320779889822006, "accuracy": 0.9740896224975586, "energy_consumption": null, "selected": false, "client_name": "sta10"}
2026-06-25 16:57:10,699 - METRIC - INFO - {"loss": 0.10440071672201157, "accuracy": 0.9712885022163391, "energy_consumption": null, "selected": false, "client_name": "sta6"}
2026-06-25 16:57:10,704 - METRIC - INFO - {"loss": 0.10602153837680817, "accuracy": 0.9656862616539001, "energy_consumption": null, "selected": false, "client_name": "sta7"}
2026-06-25 16:57:10,731 - METRIC - INFO - {"loss": 0.09252820909023285, "accuracy": 0.9726890921592712, "energy_consumption": null, "selected": false, "client_name": "sta9"}
2026-06-25 16:57:10,733 - METRIC - INFO - {"loss": 0.10597877949476242, "accuracy": 0.9663865566253662, "energy_consumption": null, "selected": false, "client_name": "sta8"}
2026-06-25 16:57:11,026 - METRIC - INFO - mean_accuracy: 0.9698879556222395

2026-06-25 16:57:11,026 - METRIC - INFO - round: 17
2026-06-25 16:57:11,026 - METRIC - INFO - n_selected: 11
2026-06-25 16:57:11,026 - METRIC - INFO - {"selected_trainers": ["sta0", "sta1", "sta10", "sta2", "sta3", "sta4", "sta5", "sta6", "sta7", "sta8", "sta9"]}
2026-06-25 16:57:17,333 - EXECUT - INFO - received weights from trainer sta5!
2026-06-25 16:57:17,369 - EXECUT - INFO - received weights from trainer sta1!
2026-06-25 16:57:17,389 - EXECUT - INFO - received weights from trainer sta4!
2026-06-25 16:57:17,415 - EXECUT - INFO - received weights from trainer sta2!
2026-06-25 16:57:17,435 - EXECUT - INFO - received weights from trainer sta6!
2026-06-25 16:57:17,456 - EXECUT - INFO - received weights from trainer sta3!
2026-06-25 16:57:17,476 - EXECUT - INFO - received weights from trainer sta0!
2026-06-25 16:57:17,495 - EXECUT - INFO - received weights from trainer sta7!
2026-06-25 16:57:18,487 - EXECUT - INFO - received weights from trainer sta10!
2026-06-25 16:57:18,551 - EXECUT - INFO - received weights from trainer sta9!
2026-06-25 16:57:21,498 - EXECUT - INFO - received weights from trainer sta8!
2026-06-25 16:57:22,426 - EXECUT - INFO - sent aggregated weights to trainers!
2026-06-25 16:57:22,930 - METRIC - INFO - {"loss": 0.09756989777088165, "accuracy": 0.9719887971878052, "energy_consumption": null, "selected": false, "client_name": "sta6"}
2026-06-25 16:57:22,939 - METRIC - INFO - {"loss": 0.09004305303096771, "accuracy": 0.9719887971878052, "energy_consumption": null, "selected": false, "client_name": "sta0"}
2026-06-25 16:57:22,947 - METRIC - INFO - {"loss": 0.09978991746902466, "accuracy": 0.9698879718780518, "energy_consumption": null, "selected": false, "client_name": "sta7"}
2026-06-25 16:57:22,964 - METRIC - INFO - {"loss": 0.08602970838546753, "accuracy": 0.9733893275260925, "energy_consumption": null, "selected": false, "client_name": "sta9"}
2026-06-25 16:57:22,974 - METRIC - INFO - {"loss": 0.09727656841278076, "accuracy": 0.9712885022163391, "energy_consumption": null, "selected": false, "client_name": "sta8"}
2026-06-25 16:57:22,977 - METRIC - INFO - {"loss": 0.1004219502210617, "accuracy": 0.9635854363441467, "energy_consumption": null, "selected": false, "client_name": "sta3"}
2026-06-25 16:57:22,989 - METRIC - INFO - {"loss": 0.08344897627830505, "accuracy": 0.9726890921592712, "energy_consumption": null, "selected": false, "client_name": "sta2"}
2026-06-25 16:57:23,018 - METRIC - INFO - {"loss": 0.09664712846279144, "accuracy": 0.970588207244873, "energy_consumption": null, "selected": false, "client_name": "sta4"}
2026-06-25 16:57:23,030 - METRIC - INFO - {"loss": 0.09490612149238586, "accuracy": 0.9712885022163391, "energy_consumption": null, "selected": false, "client_name": "sta1"}
2026-06-25 16:57:23,057 - METRIC - INFO - {"loss": 0.08325391262769699, "accuracy": 0.9747899174690247, "energy_consumption": null, "selected": false, "client_name": "sta5"}
2026-06-25 16:57:23,075 - METRIC - INFO - {"loss": 0.08922787010669708, "accuracy": 0.9754902124404907, "energy_consumption": null, "selected": false, "client_name": "sta10"}
2026-06-25 16:57:23,429 - METRIC - INFO - mean_accuracy: 0.97154316035184

2026-06-25 16:57:23,429 - METRIC - INFO - round: 18
2026-06-25 16:57:23,429 - METRIC - INFO - n_selected: 11
2026-06-25 16:57:23,429 - METRIC - INFO - {"selected_trainers": ["sta0", "sta1", "sta10", "sta2", "sta3", "sta4", "sta5", "sta6", "sta7", "sta8", "sta9"]}
2026-06-25 16:57:29,596 - EXECUT - INFO - received weights from trainer sta0!
2026-06-25 16:57:29,732 - EXECUT - INFO - received weights from trainer sta7!
2026-06-25 16:57:29,784 - EXECUT - INFO - received weights from trainer sta3!
2026-06-25 16:57:29,807 - EXECUT - INFO - received weights from trainer sta4!
2026-06-25 16:57:29,827 - EXECUT - INFO - received weights from trainer sta5!
2026-06-25 16:57:29,846 - EXECUT - INFO - received weights from trainer sta6!
2026-06-25 16:57:30,971 - EXECUT - INFO - received weights from trainer sta9!
2026-06-25 16:57:30,995 - EXECUT - INFO - received weights from trainer sta8!
2026-06-25 16:57:33,932 - EXECUT - INFO - received weights from trainer sta1!
2026-06-25 16:57:33,951 - EXECUT - INFO - received weights from trainer sta10!
2026-06-25 16:57:33,969 - EXECUT - INFO - received weights from trainer sta2!
2026-06-25 16:57:34,826 - EXECUT - INFO - sent aggregated weights to trainers!
2026-06-25 16:57:35,269 - METRIC - INFO - {"loss": 0.0916772335767746, "accuracy": 0.9719887971878052, "energy_consumption": null, "selected": false, "client_name": "sta4"}
2026-06-25 16:57:35,277 - METRIC - INFO - {"loss": 0.08811673521995544, "accuracy": 0.9747899174690247, "energy_consumption": null, "selected": false, "client_name": "sta1"}
2026-06-25 16:57:35,282 - METRIC - INFO - {"loss": 0.09240809082984924, "accuracy": 0.9733893275260925, "energy_consumption": null, "selected": false, "client_name": "sta6"}
2026-06-25 16:57:35,283 - METRIC - INFO - {"loss": 0.07833165675401688, "accuracy": 0.9768907427787781, "energy_consumption": null, "selected": false, "client_name": "sta2"}
2026-06-25 16:57:35,287 - METRIC - INFO - {"loss": 0.0934590995311737, "accuracy": 0.9719887971878052, "energy_consumption": null, "selected": false, "client_name": "sta7"}
2026-06-25 16:57:35,295 - METRIC - INFO - {"loss": 0.09390680491924286, "accuracy": 0.9663865566253662, "energy_consumption": null, "selected": false, "client_name": "sta3"}
2026-06-25 16:57:35,296 - METRIC - INFO - {"loss": 0.07769598066806793, "accuracy": 0.9768907427787781, "energy_consumption": null, "selected": false, "client_name": "sta5"}
2026-06-25 16:57:35,334 - METRIC - INFO - {"loss": 0.08640102297067642, "accuracy": 0.976190447807312, "energy_consumption": null, "selected": false, "client_name": "sta0"}
2026-06-25 16:57:35,357 - METRIC - INFO - {"loss": 0.08454537391662598, "accuracy": 0.9768907427787781, "energy_consumption": null, "selected": false, "client_name": "sta10"}
2026-06-25 16:57:35,357 - METRIC - INFO - {"loss": 0.081480473279953, "accuracy": 0.9747899174690247, "energy_consumption": null, "selected": false, "client_name": "sta9"}
2026-06-25 16:57:35,366 - METRIC - INFO - {"loss": 0.09407767653465271, "accuracy": 0.970588207244873, "energy_consumption": null, "selected": false, "client_name": "sta8"}
2026-06-25 16:57:35,829 - METRIC - INFO - mean_accuracy: 0.9737076542594216

2026-06-25 16:57:35,829 - METRIC - INFO - round: 19
2026-06-25 16:57:35,829 - METRIC - INFO - n_selected: 11
2026-06-25 16:57:35,829 - METRIC - INFO - {"selected_trainers": ["sta0", "sta1", "sta10", "sta2", "sta3", "sta4", "sta5", "sta6", "sta7", "sta8", "sta9"]}
2026-06-25 16:57:42,043 - EXECUT - INFO - received weights from trainer sta5!
2026-06-25 16:57:42,101 - EXECUT - INFO - received weights from trainer sta0!
2026-06-25 16:57:42,126 - EXECUT - INFO - received weights from trainer sta7!
2026-06-25 16:57:42,153 - EXECUT - INFO - received weights from trainer sta3!
2026-06-25 16:57:42,175 - EXECUT - INFO - received weights from trainer sta4!
2026-06-25 16:57:42,197 - EXECUT - INFO - received weights from trainer sta1!
2026-06-25 16:57:42,220 - EXECUT - INFO - received weights from trainer sta2!
2026-06-25 16:57:43,316 - EXECUT - INFO - received weights from trainer sta10!
2026-06-25 16:57:43,338 - EXECUT - INFO - received weights from trainer sta8!
2026-06-25 16:57:43,361 - EXECUT - INFO - received weights from trainer sta9!
2026-06-25 16:57:46,265 - EXECUT - INFO - received weights from trainer sta6!
2026-06-25 16:57:47,211 - EXECUT - INFO - sent aggregated weights to trainers!
2026-06-25 16:57:47,629 - METRIC - INFO - {"loss": 0.07328841090202332, "accuracy": 0.976190447807312, "energy_consumption": null, "selected": false, "client_name": "sta2"}
2026-06-25 16:57:47,637 - METRIC - INFO - {"loss": 0.08676470816135406, "accuracy": 0.9733893275260925, "energy_consumption": null, "selected": false, "client_name": "sta4"}
2026-06-25 16:57:47,649 - METRIC - INFO - {"loss": 0.08900615572929382, "accuracy": 0.976190447807312, "energy_consumption": null, "selected": false, "client_name": "sta6"}
2026-06-25 16:57:47,658 - METRIC - INFO - {"loss": 0.09012678265571594, "accuracy": 0.9677870869636536, "energy_consumption": null, "selected": false, "client_name": "sta3"}
2026-06-25 16:57:47,674 - METRIC - INFO - {"loss": 0.08375188708305359, "accuracy": 0.976190447807312, "energy_consumption": null, "selected": false, "client_name": "sta1"}
2026-06-25 16:57:47,689 - METRIC - INFO - {"loss": 0.0743643119931221, "accuracy": 0.9754902124404907, "energy_consumption": null, "selected": false, "client_name": "sta5"}
2026-06-25 16:57:47,701 - METRIC - INFO - {"loss": 0.08719886094331741, "accuracy": 0.9712885022163391, "energy_consumption": null, "selected": false, "client_name": "sta7"}
2026-06-25 16:57:47,717 - METRIC - INFO - {"loss": 0.08231521397829056, "accuracy": 0.9740896224975586, "energy_consumption": null, "selected": false, "client_name": "sta0"}
2026-06-25 16:57:47,722 - METRIC - INFO - {"loss": 0.08192084729671478, "accuracy": 0.9768907427787781, "energy_consumption": null, "selected": false, "client_name": "sta10"}
2026-06-25 16:57:47,731 - METRIC - INFO - {"loss": 0.07841062545776367, "accuracy": 0.976190447807312, "energy_consumption": null, "selected": false, "client_name": "sta9"}
2026-06-25 16:57:47,739 - METRIC - INFO - {"loss": 0.08552466332912445, "accuracy": 0.976190447807312, "energy_consumption": null, "selected": false, "client_name": "sta8"}
2026-06-25 16:57:48,212 - METRIC - INFO - mean_accuracy: 0.9745352484963157

2026-06-25 16:57:48,213 - METRIC - INFO - round: 20
2026-06-25 16:57:48,213 - METRIC - INFO - n_selected: 11
2026-06-25 16:57:48,213 - METRIC - INFO - {"selected_trainers": ["sta0", "sta1", "sta10", "sta2", "sta3", "sta4", "sta5", "sta6", "sta7", "sta8", "sta9"]}
2026-06-25 16:57:54,125 - EXECUT - INFO - received weights from trainer sta4!
2026-06-25 16:57:54,144 - EXECUT - INFO - received weights from trainer sta6!
2026-06-25 16:57:54,166 - EXECUT - INFO - received weights from trainer sta5!
2026-06-25 16:57:54,189 - EXECUT - INFO - received weights from trainer sta3!
2026-06-25 16:57:54,207 - EXECUT - INFO - received weights from trainer sta1!
2026-06-25 16:57:54,225 - EXECUT - INFO - received weights from trainer sta2!
2026-06-25 16:57:54,243 - EXECUT - INFO - received weights from trainer sta7!
2026-06-25 16:57:54,261 - EXECUT - INFO - received weights from trainer sta0!
2026-06-25 16:57:55,150 - EXECUT - INFO - received weights from trainer sta10!
2026-06-25 16:57:55,180 - EXECUT - INFO - received weights from trainer sta9!
2026-06-25 16:57:55,200 - EXECUT - INFO - received weights from trainer sta8!
2026-06-25 16:57:55,598 - EXECUT - INFO - sent aggregated weights to trainers!
2026-06-25 16:57:55,981 - METRIC - INFO - {"loss": 0.07851436734199524, "accuracy": 0.976190447807312, "energy_consumption": null, "selected": false, "client_name": "sta0"}
2026-06-25 16:57:55,999 - METRIC - INFO - {"loss": 0.08572324365377426, "accuracy": 0.9684873819351196, "energy_consumption": null, "selected": false, "client_name": "sta3"}
2026-06-25 16:57:56,006 - METRIC - INFO - {"loss": 0.08278758823871613, "accuracy": 0.9740896224975586, "energy_consumption": null, "selected": false, "client_name": "sta4"}
2026-06-25 16:57:56,009 - METRIC - INFO - {"loss": 0.07966437190771103, "accuracy": 0.976190447807312, "energy_consumption": null, "selected": false, "client_name": "sta1"}
2026-06-25 16:57:56,026 - METRIC - INFO - {"loss": 0.06926964223384857, "accuracy": 0.9775910377502441, "energy_consumption": null, "selected": false, "client_name": "sta2"}
2026-06-25 16:57:56,028 - METRIC - INFO - {"loss": 0.08498845249414444, "accuracy": 0.9789915680885315, "energy_consumption": null, "selected": false, "client_name": "sta6"}
2026-06-25 16:57:56,036 - METRIC - INFO - {"loss": 0.0828462764620781, "accuracy": 0.9733893275260925, "energy_consumption": null, "selected": false, "client_name": "sta7"}
2026-06-25 16:57:56,040 - METRIC - INFO - {"loss": 0.0713382288813591, "accuracy": 0.9782913327217102, "energy_consumption": null, "selected": false, "client_name": "sta5"}
2026-06-25 16:57:56,073 - METRIC - INFO - {"loss": 0.07972081005573273, "accuracy": 0.9768907427787781, "energy_consumption": null, "selected": false, "client_name": "sta10"}
2026-06-25 16:57:56,079 - METRIC - INFO - {"loss": 0.07346932590007782, "accuracy": 0.9789915680885315, "energy_consumption": null, "selected": false, "client_name": "sta9"}
2026-06-25 16:57:56,089 - METRIC - INFO - {"loss": 0.08196212351322174, "accuracy": 0.9768907427787781, "energy_consumption": null, "selected": false, "client_name": "sta8"}
2026-06-25 16:57:56,600 - METRIC - INFO - mean_accuracy: 0.9759994745254517

2026-06-25 16:57:56,600 - METRIC - INFO - round: 21
2026-06-25 16:57:56,601 - METRIC - INFO - n_selected: 11
2026-06-25 16:57:56,601 - METRIC - INFO - {"selected_trainers": ["sta0", "sta1", "sta10", "sta2", "sta3", "sta4", "sta5", "sta6", "sta7", "sta8", "sta9"]}
2026-06-25 16:58:02,350 - EXECUT - INFO - received weights from trainer sta4!
2026-06-25 16:58:02,368 - EXECUT - INFO - received weights from trainer sta5!
2026-06-25 16:58:02,386 - EXECUT - INFO - received weights from trainer sta3!
2026-06-25 16:58:02,408 - EXECUT - INFO - received weights from trainer sta6!
2026-06-25 16:58:02,445 - EXECUT - INFO - received weights from trainer sta0!
2026-06-25 16:58:02,463 - EXECUT - INFO - received weights from trainer sta1!
2026-06-25 16:58:02,481 - EXECUT - INFO - received weights from trainer sta7!
2026-06-25 16:58:02,498 - EXECUT - INFO - received weights from trainer sta2!
2026-06-25 16:58:03,299 - EXECUT - INFO - received weights from trainer sta10!
2026-06-25 16:58:03,345 - EXECUT - INFO - received weights from trainer sta9!
2026-06-25 16:58:03,388 - EXECUT - INFO - received weights from trainer sta8!
2026-06-25 16:58:03,962 - EXECUT - INFO - sent aggregated weights to trainers!
2026-06-25 16:58:04,329 - METRIC - INFO - {"loss": 0.0740644708275795, "accuracy": 0.9775910377502441, "energy_consumption": null, "selected": false, "client_name": "sta0"}
2026-06-25 16:58:04,368 - METRIC - INFO - {"loss": 0.07639003545045853, "accuracy": 0.9782913327217102, "energy_consumption": null, "selected": false, "client_name": "sta1"}
2026-06-25 16:58:04,374 - METRIC - INFO - {"loss": 0.08028806000947952, "accuracy": 0.970588207244873, "energy_consumption": null, "selected": false, "client_name": "sta3"}
2026-06-25 16:58:04,374 - METRIC - INFO - {"loss": 0.06640642136335373, "accuracy": 0.9782913327217102, "energy_consumption": null, "selected": false, "client_name": "sta5"}
2026-06-25 16:58:04,378 - METRIC - INFO - {"loss": 0.065961554646492, "accuracy": 0.9803921580314636, "energy_consumption": null, "selected": false, "client_name": "sta2"}
2026-06-25 16:58:04,392 - METRIC - INFO - {"loss": 0.07909727841615677, "accuracy": 0.976190447807312, "energy_consumption": null, "selected": false, "client_name": "sta4"}
2026-06-25 16:58:04,419 - METRIC - INFO - {"loss": 0.08104517310857773, "accuracy": 0.9782913327217102, "energy_consumption": null, "selected": false, "client_name": "sta6"}
2026-06-25 16:58:04,420 - METRIC - INFO - {"loss": 0.08014092594385147, "accuracy": 0.9726890921592712, "energy_consumption": null, "selected": false, "client_name": "sta7"}
2026-06-25 16:58:04,435 - METRIC - INFO - {"loss": 0.07133141905069351, "accuracy": 0.9782913327217102, "energy_consumption": null, "selected": false, "client_name": "sta9"}
2026-06-25 16:58:04,437 - METRIC - INFO - {"loss": 0.07555393129587173, "accuracy": 0.9782913327217102, "energy_consumption": null, "selected": false, "client_name": "sta10"}
2026-06-25 16:58:04,449 - METRIC - INFO - {"loss": 0.07760082185268402, "accuracy": 0.9782913327217102, "energy_consumption": null, "selected": false, "client_name": "sta8"}
2026-06-25 16:58:04,963 - METRIC - INFO - mean_accuracy: 0.9770180853930387

2026-06-25 16:58:04,963 - METRIC - INFO - round: 22
2026-06-25 16:58:04,963 - METRIC - INFO - n_selected: 11
2026-06-25 16:58:04,963 - METRIC - INFO - {"selected_trainers": ["sta0", "sta1", "sta10", "sta2", "sta3", "sta4", "sta5", "sta6", "sta7", "sta8", "sta9"]}
2026-06-25 16:58:10,630 - EXECUT - INFO - received weights from trainer sta5!
2026-06-25 16:58:10,648 - EXECUT - INFO - received weights from trainer sta1!
2026-06-25 16:58:10,684 - EXECUT - INFO - received weights from trainer sta2!
2026-06-25 16:58:10,704 - EXECUT - INFO - received weights from trainer sta0!
2026-06-25 16:58:10,728 - EXECUT - INFO - received weights from trainer sta4!
2026-06-25 16:58:10,747 - EXECUT - INFO - received weights from trainer sta7!
2026-06-25 16:58:10,767 - EXECUT - INFO - received weights from trainer sta3!
2026-06-25 16:58:10,785 - EXECUT - INFO - received weights from trainer sta6!
2026-06-25 16:58:11,670 - EXECUT - INFO - received weights from trainer sta10!
2026-06-25 16:58:11,687 - EXECUT - INFO - received weights from trainer sta9!
2026-06-25 16:58:11,704 - EXECUT - INFO - received weights from trainer sta8!
2026-06-25 16:58:12,327 - EXECUT - INFO - sent aggregated weights to trainers!
2026-06-25 16:58:12,708 - METRIC - INFO - {"loss": 0.07675054669380188, "accuracy": 0.9740896224975586, "energy_consumption": null, "selected": false, "client_name": "sta3"}
2026-06-25 16:58:12,720 - METRIC - INFO - {"loss": 0.07607642561197281, "accuracy": 0.9768907427787781, "energy_consumption": null, "selected": false, "client_name": "sta4"}
2026-06-25 16:58:12,729 - METRIC - INFO - {"loss": 0.07250899821519852, "accuracy": 0.9789915680885315, "energy_consumption": null, "selected": false, "client_name": "sta1"}
2026-06-25 16:58:12,731 - METRIC - INFO - {"loss": 0.06225472688674927, "accuracy": 0.982492983341217, "energy_consumption": null, "selected": false, "client_name": "sta2"}
2026-06-25 16:58:12,746 - METRIC - INFO - {"loss": 0.07675068080425262, "accuracy": 0.976190447807312, "energy_consumption": null, "selected": false, "client_name": "sta7"}
2026-06-25 16:58:12,772 - METRIC - INFO - {"loss": 0.0639861449599266, "accuracy": 0.9789915680885315, "energy_consumption": null, "selected": false, "client_name": "sta5"}
2026-06-25 16:58:12,776 - METRIC - INFO - {"loss": 0.07899484038352966, "accuracy": 0.9803921580314636, "energy_consumption": null, "selected": false, "client_name": "sta6"}
2026-06-25 16:58:12,790 - METRIC - INFO - {"loss": 0.07164286077022552, "accuracy": 0.9782913327217102, "energy_consumption": null, "selected": false, "client_name": "sta0"}
2026-06-25 16:58:12,800 - METRIC - INFO - {"loss": 0.07257118821144104, "accuracy": 0.9810924530029297, "energy_consumption": null, "selected": false, "client_name": "sta10"}
2026-06-25 16:58:12,806 - METRIC - INFO - {"loss": 0.06884706020355225, "accuracy": 0.982492983341217, "energy_consumption": null, "selected": false, "client_name": "sta9"}
2026-06-25 16:58:12,815 - METRIC - INFO - {"loss": 0.07586131989955902, "accuracy": 0.9747899174690247, "energy_consumption": null, "selected": false, "client_name": "sta8"}
2026-06-25 16:58:13,330 - METRIC - INFO - mean_accuracy: 0.9786096161062067

2026-06-25 16:58:13,330 - METRIC - INFO - round: 23
2026-06-25 16:58:13,330 - METRIC - INFO - n_selected: 11
2026-06-25 16:58:13,330 - METRIC - INFO - {"selected_trainers": ["sta0", "sta1", "sta10", "sta2", "sta3", "sta4", "sta5", "sta6", "sta7", "sta8", "sta9"]}
2026-06-25 16:58:18,791 - EXECUT - INFO - received weights from trainer sta3!
2026-06-25 16:58:18,808 - EXECUT - INFO - received weights from trainer sta4!
2026-06-25 16:58:18,825 - EXECUT - INFO - received weights from trainer sta1!
2026-06-25 16:58:18,842 - EXECUT - INFO - received weights from trainer sta2!
2026-06-25 16:58:18,862 - EXECUT - INFO - received weights from trainer sta5!
2026-06-25 16:58:18,878 - EXECUT - INFO - received weights from trainer sta0!
2026-06-25 16:58:18,894 - EXECUT - INFO - received weights from trainer sta7!
2026-06-25 16:58:19,623 - EXECUT - INFO - received weights from trainer sta10!
2026-06-25 16:58:19,660 - EXECUT - INFO - received weights from trainer sta9!
2026-06-25 16:58:19,678 - EXECUT - INFO - received weights from trainer sta8!
2026-06-25 16:58:23,749 - EXECUT - INFO - received weights from trainer sta6!
2026-06-25 16:58:24,667 - EXECUT - INFO - sent aggregated weights to trainers!
2026-06-25 16:58:25,021 - METRIC - INFO - {"loss": 0.07017304748296738, "accuracy": 0.9803921580314636, "energy_consumption": null, "selected": false, "client_name": "sta0"}
2026-06-25 16:58:25,062 - METRIC - INFO - {"loss": 0.07402855157852173, "accuracy": 0.9754902124404907, "energy_consumption": null, "selected": false, "client_name": "sta3"}
2026-06-25 16:58:25,062 - METRIC - INFO - {"loss": 0.07012304663658142, "accuracy": 0.9782913327217102, "energy_consumption": null, "selected": false, "client_name": "sta1"}
2026-06-25 16:58:25,062 - METRIC - INFO - {"loss": 0.060761287808418274, "accuracy": 0.9810924530029297, "energy_consumption": null, "selected": false, "client_name": "sta2"}
2026-06-25 16:58:25,063 - METRIC - INFO - {"loss": 0.05948536470532417, "accuracy": 0.9810924530029297, "energy_consumption": null, "selected": false, "client_name": "sta5"}
2026-06-25 16:58:25,063 - METRIC - INFO - {"loss": 0.07540437579154968, "accuracy": 0.9796918630599976, "energy_consumption": null, "selected": false, "client_name": "sta6"}
2026-06-25 16:58:25,067 - METRIC - INFO - {"loss": 0.07327941805124283, "accuracy": 0.9775910377502441, "energy_consumption": null, "selected": false, "client_name": "sta4"}
2026-06-25 16:58:25,086 - METRIC - INFO - {"loss": 0.07207508385181427, "accuracy": 0.9768907427787781, "energy_consumption": null, "selected": false, "client_name": "sta7"}
2026-06-25 16:58:25,106 - METRIC - INFO - {"loss": 0.07047519832849503, "accuracy": 0.9810924530029297, "energy_consumption": null, "selected": false, "client_name": "sta10"}
2026-06-25 16:58:25,113 - METRIC - INFO - {"loss": 0.06517107039690018, "accuracy": 0.982492983341217, "energy_consumption": null, "selected": false, "client_name": "sta9"}
2026-06-25 16:58:25,116 - METRIC - INFO - {"loss": 0.06919434666633606, "accuracy": 0.9796918630599976, "energy_consumption": null, "selected": false, "client_name": "sta8"}
2026-06-25 16:58:25,669 - METRIC - INFO - mean_accuracy: 0.9794372320175171

2026-06-25 16:58:25,669 - METRIC - INFO - round: 24
2026-06-25 16:58:25,669 - METRIC - INFO - n_selected: 11
2026-06-25 16:58:25,669 - METRIC - INFO - {"selected_trainers": ["sta0", "sta1", "sta10", "sta2", "sta3", "sta4", "sta5", "sta6", "sta7", "sta8", "sta9"]}
2026-06-25 16:58:31,027 - EXECUT - INFO - received weights from trainer sta0!
2026-06-25 16:58:31,111 - EXECUT - INFO - received weights from trainer sta1!
2026-06-25 16:58:31,154 - EXECUT - INFO - received weights from trainer sta2!
2026-06-25 16:58:31,173 - EXECUT - INFO - received weights from trainer sta5!
2026-06-25 16:58:31,195 - EXECUT - INFO - received weights from trainer sta6!
2026-06-25 16:58:31,213 - EXECUT - INFO - received weights from trainer sta7!
2026-06-25 16:58:31,232 - EXECUT - INFO - received weights from trainer sta4!
2026-06-25 16:58:31,995 - EXECUT - INFO - received weights from trainer sta10!
2026-06-25 16:58:32,011 - EXECUT - INFO - received weights from trainer sta9!
2026-06-25 16:58:32,056 - EXECUT - INFO - received weights from trainer sta8!
2026-06-25 16:58:36,151 - EXECUT - INFO - received weights from trainer sta3!
2026-06-25 16:58:36,999 - EXECUT - INFO - sent aggregated weights to trainers!
2026-06-25 16:58:37,364 - METRIC - INFO - {"loss": 0.06732313334941864, "accuracy": 0.9796918630599976, "energy_consumption": null, "selected": false, "client_name": "sta1"}
2026-06-25 16:58:37,368 - METRIC - INFO - {"loss": 0.06994454562664032, "accuracy": 0.9796918630599976, "energy_consumption": null, "selected": false, "client_name": "sta4"}
2026-06-25 16:58:37,368 - METRIC - INFO - {"loss": 0.07215994596481323, "accuracy": 0.9747899174690247, "energy_consumption": null, "selected": false, "client_name": "sta3"}
2026-06-25 16:58:37,391 - METRIC - INFO - {"loss": 0.07254544645547867, "accuracy": 0.9803921580314636, "energy_consumption": null, "selected": false, "client_name": "sta6"}
2026-06-25 16:58:37,397 - METRIC - INFO - {"loss": 0.06935111433267593, "accuracy": 0.9754902124404907, "energy_consumption": null, "selected": false, "client_name": "sta7"}
2026-06-25 16:58:37,410 - METRIC - INFO - {"loss": 0.0598285086452961, "accuracy": 0.981792688369751, "energy_consumption": null, "selected": false, "client_name": "sta2"}
2026-06-25 16:58:37,415 - METRIC - INFO - {"loss": 0.05748709663748741, "accuracy": 0.981792688369751, "energy_consumption": null, "selected": false, "client_name": "sta5"}
2026-06-25 16:58:37,438 - METRIC - INFO - {"loss": 0.06539791077375412, "accuracy": 0.9803921580314636, "energy_consumption": null, "selected": false, "client_name": "sta0"}
2026-06-25 16:58:37,439 - METRIC - INFO - {"loss": 0.06870461255311966, "accuracy": 0.9810924530029297, "energy_consumption": null, "selected": false, "client_name": "sta10"}
2026-06-25 16:58:37,449 - METRIC - INFO - {"loss": 0.06341974437236786, "accuracy": 0.982492983341217, "energy_consumption": null, "selected": false, "client_name": "sta9"}
2026-06-25 16:58:37,462 - METRIC - INFO - {"loss": 0.06919358670711517, "accuracy": 0.9775910377502441, "energy_consumption": null, "selected": false, "client_name": "sta8"}
2026-06-25 16:58:38,001 - METRIC - INFO - mean_accuracy: 0.9795645475387573

2026-06-25 16:58:38,002 - METRIC - INFO - round: 25
2026-06-25 16:58:38,002 - METRIC - INFO - n_selected: 11
2026-06-25 16:58:38,002 - METRIC - INFO - {"selected_trainers": ["sta0", "sta1", "sta10", "sta2", "sta3", "sta4", "sta5", "sta6", "sta7", "sta8", "sta9"]}
2026-06-25 16:58:43,430 - EXECUT - INFO - received weights from trainer sta3!
2026-06-25 16:58:43,455 - EXECUT - INFO - received weights from trainer sta1!
2026-06-25 16:58:43,475 - EXECUT - INFO - received weights from trainer sta5!
2026-06-25 16:58:43,494 - EXECUT - INFO - received weights from trainer sta7!
2026-06-25 16:58:43,515 - EXECUT - INFO - received weights from trainer sta4!
2026-06-25 16:58:43,531 - EXECUT - INFO - received weights from trainer sta6!
2026-06-25 16:58:43,547 - EXECUT - INFO - received weights from trainer sta0!
2026-06-25 16:58:43,562 - EXECUT - INFO - received weights from trainer sta2!
2026-06-25 16:58:44,291 - EXECUT - INFO - received weights from trainer sta10!
2026-06-25 16:58:44,307 - EXECUT - INFO - received weights from trainer sta9!
2026-06-25 16:58:44,341 - EXECUT - INFO - received weights from trainer sta8!
2026-06-25 16:58:45,329 - EXECUT - INFO - sent aggregated weights to trainers!
2026-06-25 16:58:45,667 - METRIC - INFO - {"loss": 0.0665871649980545, "accuracy": 0.9796918630599976, "energy_consumption": null, "selected": false, "client_name": "sta0"}
2026-06-25 16:58:45,678 - METRIC - INFO - {"loss": 0.06451068073511124, "accuracy": 0.9810924530029297, "energy_consumption": null, "selected": false, "client_name": "sta1"}
2026-06-25 16:58:45,688 - METRIC - INFO - {"loss": 0.06890807300806046, "accuracy": 0.9754902124404907, "energy_consumption": null, "selected": false, "client_name": "sta3"}
2026-06-25 16:58:45,705 - METRIC - INFO - {"loss": 0.05550292134284973, "accuracy": 0.9831932783126831, "energy_consumption": null, "selected": false, "client_name": "sta2"}
2026-06-25 16:58:45,705 - METRIC - INFO - {"loss": 0.056415408849716187, "accuracy": 0.9796918630599976, "energy_consumption": null, "selected": false, "client_name": "sta5"}
2026-06-25 16:58:45,712 - METRIC - INFO - {"loss": 0.06742428243160248, "accuracy": 0.9803921580314636, "energy_consumption": null, "selected": false, "client_name": "sta4"}
2026-06-25 16:58:45,713 - METRIC - INFO - {"loss": 0.06513325124979019, "accuracy": 0.9796918630599976, "energy_consumption": null, "selected": false, "client_name": "sta7"}
2026-06-25 16:58:45,715 - METRIC - INFO - {"loss": 0.0697459727525711, "accuracy": 0.9803921580314636, "energy_consumption": null, "selected": false, "client_name": "sta6"}
2026-06-25 16:58:45,763 - METRIC - INFO - {"loss": 0.06739906221628189, "accuracy": 0.9803921580314636, "energy_consumption": null, "selected": false, "client_name": "sta10"}
2026-06-25 16:58:45,767 - METRIC - INFO - {"loss": 0.061389483511447906, "accuracy": 0.9845938086509705, "energy_consumption": null, "selected": false, "client_name": "sta9"}
2026-06-25 16:58:45,773 - METRIC - INFO - {"loss": 0.0643228143453598, "accuracy": 0.981792688369751, "energy_consumption": null, "selected": false, "client_name": "sta8"}
2026-06-25 16:58:46,330 - METRIC - INFO - mean_accuracy: 0.9805831367319281

2026-06-25 16:58:46,330 - METRIC - INFO - round: 26
2026-06-25 16:58:46,330 - METRIC - INFO - n_selected: 11
2026-06-25 16:58:46,330 - METRIC - INFO - {"selected_trainers": ["sta0", "sta1", "sta10", "sta2", "sta3", "sta4", "sta5", "sta6", "sta7", "sta8", "sta9"]}
2026-06-25 16:58:51,650 - EXECUT - INFO - received weights from trainer sta3!
2026-06-25 16:58:51,666 - EXECUT - INFO - received weights from trainer sta7!
2026-06-25 16:58:51,682 - EXECUT - INFO - received weights from trainer sta6!
2026-06-25 16:58:51,697 - EXECUT - INFO - received weights from trainer sta5!
2026-06-25 16:58:51,716 - EXECUT - INFO - received weights from trainer sta4!
2026-06-25 16:58:51,731 - EXECUT - INFO - received weights from trainer sta0!
2026-06-25 16:58:51,747 - EXECUT - INFO - received weights from trainer sta1!
2026-06-25 16:58:51,762 - EXECUT - INFO - received weights from trainer sta2!
2026-06-25 16:58:52,464 - EXECUT - INFO - received weights from trainer sta10!
2026-06-25 16:58:52,534 - EXECUT - INFO - received weights from trainer sta8!
2026-06-25 16:58:56,778 - EXECUT - INFO - received weights from trainer sta9!
2026-06-25 16:58:57,682 - EXECUT - INFO - sent aggregated weights to trainers!
2026-06-25 16:58:58,021 - METRIC - INFO - {"loss": 0.06770114600658417, "accuracy": 0.9789915680885315, "energy_consumption": null, "selected": false, "client_name": "sta3"}
2026-06-25 16:58:58,061 - METRIC - INFO - {"loss": 0.06245242804288864, "accuracy": 0.9810924530029297, "energy_consumption": null, "selected": false, "client_name": "sta1"}
2026-06-25 16:58:58,065 - METRIC - INFO - {"loss": 0.05411515757441521, "accuracy": 0.9859943985939026, "energy_consumption": null, "selected": false, "client_name": "sta2"}
2026-06-25 16:58:58,082 - METRIC - INFO - {"loss": 0.06687045097351074, "accuracy": 0.9796918630599976, "energy_consumption": null, "selected": false, "client_name": "sta4"}
2026-06-25 16:58:58,096 - METRIC - INFO - {"loss": 0.055427875369787216, "accuracy": 0.9810924530029297, "energy_consumption": null, "selected": false, "client_name": "sta5"}
2026-06-25 16:58:58,103 - METRIC - INFO - {"loss": 0.06801019608974457, "accuracy": 0.981792688369751, "energy_consumption": null, "selected": false, "client_name": "sta6"}
2026-06-25 16:58:58,114 - METRIC - INFO - {"loss": 0.06332351267337799, "accuracy": 0.9810924530029297, "energy_consumption": null, "selected": false, "client_name": "sta0"}
2026-06-25 16:58:58,114 - METRIC - INFO - {"loss": 0.06595123559236526, "accuracy": 0.9789915680885315, "energy_consumption": null, "selected": false, "client_name": "sta7"}
2026-06-25 16:58:58,117 - METRIC - INFO - {"loss": 0.06504201143980026, "accuracy": 0.9803921580314636, "energy_consumption": null, "selected": false, "client_name": "sta10"}
2026-06-25 16:58:58,123 - METRIC - INFO - {"loss": 0.05929414927959442, "accuracy": 0.9838935732841492, "energy_consumption": null, "selected": false, "client_name": "sta9"}
2026-06-25 16:58:58,127 - METRIC - INFO - {"loss": 0.06176326051354408, "accuracy": 0.9810924530029297, "energy_consumption": null, "selected": false, "client_name": "sta8"}
2026-06-25 16:58:58,685 - METRIC - INFO - mean_accuracy: 0.9812834208661859

2026-06-25 16:58:58,685 - METRIC - INFO - round: 27
2026-06-25 16:58:58,685 - METRIC - INFO - n_selected: 11
2026-06-25 16:58:58,685 - METRIC - INFO - {"selected_trainers": ["sta0", "sta1", "sta10", "sta2", "sta3", "sta4", "sta5", "sta6", "sta7", "sta8", "sta9"]}
2026-06-25 16:59:03,774 - EXECUT - INFO - received weights from trainer sta6!
2026-06-25 16:59:03,796 - EXECUT - INFO - received weights from trainer sta0!
2026-06-25 16:59:03,819 - EXECUT - INFO - received weights from trainer sta1!
2026-06-25 16:59:03,834 - EXECUT - INFO - received weights from trainer sta7!
2026-06-25 16:59:03,849 - EXECUT - INFO - received weights from trainer sta2!
2026-06-25 16:59:03,866 - EXECUT - INFO - received weights from trainer sta5!
2026-06-25 16:59:03,976 - EXECUT - INFO - received weights from trainer sta3!
2026-06-25 16:59:03,999 - EXECUT - INFO - received weights from trainer sta4!
2026-06-25 16:59:04,524 - EXECUT - INFO - received weights from trainer sta9!
2026-06-25 16:59:04,540 - EXECUT - INFO - received weights from trainer sta8!
2026-06-25 16:59:04,556 - EXECUT - INFO - received weights from trainer sta10!
2026-06-25 16:59:04,985 - EXECUT - INFO - sent aggregated weights to trainers!
2026-06-25 16:59:05,325 - METRIC - INFO - {"loss": 0.06459544599056244, "accuracy": 0.9789915680885315, "energy_consumption": null, "selected": false, "client_name": "sta3"}
2026-06-25 16:59:05,329 - METRIC - INFO - {"loss": 0.05222313106060028, "accuracy": 0.9845938086509705, "energy_consumption": null, "selected": false, "client_name": "sta2"}
2026-06-25 16:59:05,330 - METRIC - INFO - {"loss": 0.060685787349939346, "accuracy": 0.9831932783126831, "energy_consumption": null, "selected": false, "client_name": "sta1"}
2026-06-25 16:59:05,342 - METRIC - INFO - {"loss": 0.05242413282394409, "accuracy": 0.9838935732841492, "energy_consumption": null, "selected": false, "client_name": "sta5"}
2026-06-25 16:59:05,363 - METRIC - INFO - {"loss": 0.06424644589424133, "accuracy": 0.9796918630599976, "energy_consumption": null, "selected": false, "client_name": "sta4"}
2026-06-25 16:59:05,391 - METRIC - INFO - {"loss": 0.06634771078824997, "accuracy": 0.9810924530029297, "energy_consumption": null, "selected": false, "client_name": "sta6"}
2026-06-25 16:59:05,391 - METRIC - INFO - {"loss": 0.06329832226037979, "accuracy": 0.9789915680885315, "energy_consumption": null, "selected": false, "client_name": "sta7"}
2026-06-25 16:59:05,392 - METRIC - INFO - {"loss": 0.061637431383132935, "accuracy": 0.9810924530029297, "energy_consumption": null, "selected": false, "client_name": "sta0"}
2026-06-25 16:59:05,403 - METRIC - INFO - {"loss": 0.06336327642202377, "accuracy": 0.9796918630599976, "energy_consumption": null, "selected": false, "client_name": "sta10"}
2026-06-25 16:59:05,411 - METRIC - INFO - {"loss": 0.05785165727138519, "accuracy": 0.9852941036224365, "energy_consumption": null, "selected": false, "client_name": "sta9"}
2026-06-25 16:59:05,421 - METRIC - INFO - {"loss": 0.06049862131476402, "accuracy": 0.9775910377502441, "energy_consumption": null, "selected": false, "client_name": "sta8"}
2026-06-25 16:59:05,988 - METRIC - INFO - mean_accuracy: 0.9812834154475819

2026-06-25 16:59:05,988 - METRIC - INFO - round: 28
2026-06-25 16:59:05,988 - METRIC - INFO - n_selected: 11
2026-06-25 16:59:05,988 - METRIC - INFO - {"selected_trainers": ["sta0", "sta1", "sta10", "sta2", "sta3", "sta4", "sta5", "sta6", "sta7", "sta8", "sta9"]}
2026-06-25 16:59:11,039 - EXECUT - INFO - received weights from trainer sta5!
2026-06-25 16:59:11,058 - EXECUT - INFO - received weights from trainer sta4!
2026-06-25 16:59:11,076 - EXECUT - INFO - received weights from trainer sta0!
2026-06-25 16:59:11,093 - EXECUT - INFO - received weights from trainer sta3!
2026-06-25 16:59:11,108 - EXECUT - INFO - received weights from trainer sta6!
2026-06-25 16:59:11,125 - EXECUT - INFO - received weights from trainer sta7!
2026-06-25 16:59:11,139 - EXECUT - INFO - received weights from trainer sta1!
2026-06-25 16:59:11,153 - EXECUT - INFO - received weights from trainer sta2!
2026-06-25 16:59:11,838 - EXECUT - INFO - received weights from trainer sta8!
2026-06-25 16:59:11,852 - EXECUT - INFO - received weights from trainer sta10!
2026-06-25 16:59:11,866 - EXECUT - INFO - received weights from trainer sta9!
2026-06-25 16:59:12,282 - EXECUT - INFO - sent aggregated weights to trainers!
2026-06-25 16:59:12,598 - METRIC - INFO - {"loss": 0.05999813601374626, "accuracy": 0.981792688369751, "energy_consumption": null, "selected": false, "client_name": "sta0"}
2026-06-25 16:59:12,626 - METRIC - INFO - {"loss": 0.049610961228609085, "accuracy": 0.982492983341217, "energy_consumption": null, "selected": false, "client_name": "sta5"}
2026-06-25 16:59:12,627 - METRIC - INFO - {"loss": 0.06500765681266785, "accuracy": 0.976190447807312, "energy_consumption": null, "selected": false, "client_name": "sta3"}
2026-06-25 16:59:12,646 - METRIC - INFO - {"loss": 0.05990463122725487, "accuracy": 0.982492983341217, "energy_consumption": null, "selected": false, "client_name": "sta1"}
2026-06-25 16:59:12,650 - METRIC - INFO - {"loss": 0.050375647842884064, "accuracy": 0.9838935732841492, "energy_consumption": null, "selected": false, "client_name": "sta2"}
2026-06-25 16:59:12,653 - METRIC - INFO - {"loss": 0.06148311495780945, "accuracy": 0.9796918630599976, "energy_consumption": null, "selected": false, "client_name": "sta4"}
2026-06-25 16:59:12,674 - METRIC - INFO - {"loss": 0.06433472037315369, "accuracy": 0.981792688369751, "energy_consumption": null, "selected": false, "client_name": "sta6"}
2026-06-25 16:59:12,677 - METRIC - INFO - {"loss": 0.060519639402627945, "accuracy": 0.9796918630599976, "energy_consumption": null, "selected": false, "client_name": "sta7"}
2026-06-25 16:59:12,698 - METRIC - INFO - {"loss": 0.06191899627447128, "accuracy": 0.9796918630599976, "energy_consumption": null, "selected": false, "client_name": "sta10"}
2026-06-25 16:59:12,703 - METRIC - INFO - {"loss": 0.05624719709157944, "accuracy": 0.9838935732841492, "energy_consumption": null, "selected": false, "client_name": "sta9"}
2026-06-25 16:59:12,704 - METRIC - INFO - {"loss": 0.05802183225750923, "accuracy": 0.982492983341217, "energy_consumption": null, "selected": false, "client_name": "sta8"}
2026-06-25 16:59:13,283 - METRIC - INFO - mean_accuracy: 0.9812834100289778

2026-06-25 16:59:13,283 - METRIC - INFO - round: 29
2026-06-25 16:59:13,283 - METRIC - INFO - n_selected: 11
2026-06-25 16:59:13,283 - METRIC - INFO - {"selected_trainers": ["sta0", "sta1", "sta10", "sta2", "sta3", "sta4", "sta5", "sta6", "sta7", "sta8", "sta9"]}
2026-06-25 16:59:18,176 - EXECUT - INFO - received weights from trainer sta3!
2026-06-25 16:59:18,212 - EXECUT - INFO - received weights from trainer sta4!
2026-06-25 16:59:18,226 - EXECUT - INFO - received weights from trainer sta0!
2026-06-25 16:59:18,240 - EXECUT - INFO - received weights from trainer sta5!
2026-06-25 16:59:18,254 - EXECUT - INFO - received weights from trainer sta6!
2026-06-25 16:59:18,271 - EXECUT - INFO - received weights from trainer sta1!
2026-06-25 16:59:18,285 - EXECUT - INFO - received weights from trainer sta7!
2026-06-25 16:59:18,299 - EXECUT - INFO - received weights from trainer sta2!
2026-06-25 16:59:18,876 - EXECUT - INFO - received weights from trainer sta8!
2026-06-25 16:59:18,889 - EXECUT - INFO - received weights from trainer sta9!
2026-06-25 16:59:23,714 - EXECUT - INFO - received weights from trainer sta10!
2026-06-25 16:59:24,574 - EXECUT - INFO - sent aggregated weights to trainers!
2026-06-25 16:59:24,896 - METRIC - INFO - {"loss": 0.06287553161382675, "accuracy": 0.9789915680885315, "energy_consumption": null, "selected": false, "client_name": "sta3"}
2026-06-25 16:59:24,902 - METRIC - INFO - {"loss": 0.05120849609375, "accuracy": 0.9866946935653687, "energy_consumption": null, "selected": false, "client_name": "sta2"}
2026-06-25 16:59:24,912 - METRIC - INFO - {"loss": 0.04999424144625664, "accuracy": 0.982492983341217, "energy_consumption": null, "selected": false, "client_name": "sta5"}
2026-06-25 16:59:24,913 - METRIC - INFO - {"loss": 0.057592909783124924, "accuracy": 0.981792688369751, "energy_consumption": null, "selected": false, "client_name": "sta1"}
2026-06-25 16:59:24,934 - METRIC - INFO - {"loss": 0.060601018369197845, "accuracy": 0.981792688369751, "energy_consumption": null, "selected": false, "client_name": "sta4"}
2026-06-25 16:59:24,958 - METRIC - INFO - {"loss": 0.06439434736967087, "accuracy": 0.9796918630599976, "energy_consumption": null, "selected": false, "client_name": "sta6"}
2026-06-25 16:59:24,963 - METRIC - INFO - {"loss": 0.057565491646528244, "accuracy": 0.9789915680885315, "energy_consumption": null, "selected": false, "client_name": "sta7"}
2026-06-25 16:59:24,965 - METRIC - INFO - {"loss": 0.05765330418944359, "accuracy": 0.9803921580314636, "energy_consumption": null, "selected": false, "client_name": "sta0"}
2026-06-25 16:59:24,974 - METRIC - INFO - {"loss": 0.05504469946026802, "accuracy": 0.9831932783126831, "energy_consumption": null, "selected": false, "client_name": "sta9"}
2026-06-25 16:59:24,975 - METRIC - INFO - {"loss": 0.05966579169034958, "accuracy": 0.9803921580314636, "energy_consumption": null, "selected": false, "client_name": "sta10"}
2026-06-25 16:59:24,984 - METRIC - INFO - {"loss": 0.05620459467172623, "accuracy": 0.982492983341217, "energy_consumption": null, "selected": false, "client_name": "sta8"}
2026-06-25 16:59:25,576 - METRIC - INFO - mean_accuracy: 0.9815380573272705

2026-06-25 16:59:25,576 - METRIC - INFO - round: 30
2026-06-25 16:59:25,576 - METRIC - INFO - n_selected: 11
2026-06-25 16:59:25,576 - METRIC - INFO - {"selected_trainers": ["sta0", "sta1", "sta10", "sta2", "sta3", "sta4", "sta5", "sta6", "sta7", "sta8", "sta9"]}
2026-06-25 16:59:30,446 - EXECUT - INFO - received weights from trainer sta0!
2026-06-25 16:59:30,526 - EXECUT - INFO - received weights from trainer sta3!
2026-06-25 16:59:30,540 - EXECUT - INFO - received weights from trainer sta4!
2026-06-25 16:59:30,555 - EXECUT - INFO - received weights from trainer sta6!
2026-06-25 16:59:30,569 - EXECUT - INFO - received weights from trainer sta7!
2026-06-25 16:59:30,586 - EXECUT - INFO - received weights from trainer sta1!
2026-06-25 16:59:30,599 - EXECUT - INFO - received weights from trainer sta5!
2026-06-25 16:59:30,613 - EXECUT - INFO - received weights from trainer sta2!
2026-06-25 16:59:31,168 - EXECUT - INFO - received weights from trainer sta10!
2026-06-25 16:59:31,188 - EXECUT - INFO - received weights from trainer sta9!
2026-06-25 16:59:31,216 - EXECUT - INFO - received weights from trainer sta8!
2026-06-25 16:59:31,877 - EXECUT - INFO - sent aggregated weights to trainers!
2026-06-25 16:59:32,399 - METRIC - INFO - {"loss": 0.060266170650720596, "accuracy": 0.9789915680885315, "energy_consumption": null, "selected": false, "client_name": "sta3"}
2026-06-25 16:59:32,411 - METRIC - INFO - {"loss": 0.05594734475016594, "accuracy": 0.9838935732841492, "energy_consumption": null, "selected": false, "client_name": "sta1"}
2026-06-25 16:59:32,419 - METRIC - INFO - {"loss": 0.04738848656415939, "accuracy": 0.9852941036224365, "energy_consumption": null, "selected": false, "client_name": "sta2"}
2026-06-25 16:59:32,443 - METRIC - INFO - {"loss": 0.057821597903966904, "accuracy": 0.9831932783126831, "energy_consumption": null, "selected": false, "client_name": "sta4"}
2026-06-25 16:59:32,449 - METRIC - INFO - {"loss": 0.048588305711746216, "accuracy": 0.9838935732841492, "energy_consumption": null, "selected": false, "client_name": "sta5"}
2026-06-25 16:59:32,457 - METRIC - INFO - {"loss": 0.05826747417449951, "accuracy": 0.9796918630599976, "energy_consumption": null, "selected": false, "client_name": "sta10"}
2026-06-25 16:59:32,457 - METRIC - INFO - {"loss": 0.05377189815044403, "accuracy": 0.9845938086509705, "energy_consumption": null, "selected": false, "client_name": "sta9"}
2026-06-25 16:59:32,458 - METRIC - INFO - {"loss": 0.06151843070983887, "accuracy": 0.9831932783126831, "energy_consumption": null, "selected": false, "client_name": "sta6"}
2026-06-25 16:59:32,459 - METRIC - INFO - {"loss": 0.05745190009474754, "accuracy": 0.9810924530029297, "energy_consumption": null, "selected": false, "client_name": "sta7"}
2026-06-25 16:59:32,461 - METRIC - INFO - {"loss": 0.05460551008582115, "accuracy": 0.9810924530029297, "energy_consumption": null, "selected": false, "client_name": "sta0"}
2026-06-25 16:59:32,517 - METRIC - INFO - {"loss": 0.05290916562080383, "accuracy": 0.9845938086509705, "energy_consumption": null, "selected": false, "client_name": "sta8"}
2026-06-25 16:59:32,880 - METRIC - INFO - mean_accuracy: 0.9826839782974937

2026-06-25 16:59:32,880 - METRIC - INFO - round: 31
2026-06-25 16:59:32,880 - METRIC - INFO - n_selected: 11
2026-06-25 16:59:32,880 - METRIC - INFO - {"selected_trainers": ["sta0", "sta1", "sta10", "sta2", "sta3", "sta4", "sta5", "sta6", "sta7", "sta8", "sta9"]}
2026-06-25 16:59:37,743 - EXECUT - INFO - received weights from trainer sta6!
2026-06-25 16:59:37,761 - EXECUT - INFO - received weights from trainer sta3!
2026-06-25 16:59:37,778 - EXECUT - INFO - received weights from trainer sta4!
2026-06-25 16:59:37,795 - EXECUT - INFO - received weights from trainer sta1!
2026-06-25 16:59:37,812 - EXECUT - INFO - received weights from trainer sta7!
2026-06-25 16:59:37,830 - EXECUT - INFO - received weights from trainer sta5!
2026-06-25 16:59:37,845 - EXECUT - INFO - received weights from trainer sta0!
2026-06-25 16:59:37,859 - EXECUT - INFO - received weights from trainer sta2!
2026-06-25 16:59:38,409 - EXECUT - INFO - received weights from trainer sta8!
2026-06-25 16:59:38,426 - EXECUT - INFO - received weights from trainer sta10!
2026-06-25 16:59:38,455 - EXECUT - INFO - received weights from trainer sta9!
2026-06-25 16:59:39,145 - EXECUT - INFO - sent aggregated weights to trainers!
2026-06-25 16:59:39,451 - METRIC - INFO - {"loss": 0.05356414616107941, "accuracy": 0.9810924530029297, "energy_consumption": null, "selected": false, "client_name": "sta0"}
2026-06-25 16:59:39,463 - METRIC - INFO - {"loss": 0.05560518056154251, "accuracy": 0.9831932783126831, "energy_consumption": null, "selected": false, "client_name": "sta1"}
2026-06-25 16:59:39,474 - METRIC - INFO - {"loss": 0.056969255208969116, "accuracy": 0.9838935732841492, "energy_consumption": null, "selected": false, "client_name": "sta4"}
2026-06-25 16:59:39,480 - METRIC - INFO - {"loss": 0.046385735273361206, "accuracy": 0.9866946935653687, "energy_consumption": null, "selected": false, "client_name": "sta2"}
2026-06-25 16:59:39,481 - METRIC - INFO - {"loss": 0.05924087017774582, "accuracy": 0.9796918630599976, "energy_consumption": null, "selected": false, "client_name": "sta3"}
2026-06-25 16:59:39,515 - METRIC - INFO - {"loss": 0.04755421727895737, "accuracy": 0.9838935732841492, "energy_consumption": null, "selected": false, "client_name": "sta5"}
2026-06-25 16:59:39,521 - METRIC - INFO - {"loss": 0.060117460787296295, "accuracy": 0.982492983341217, "energy_consumption": null, "selected": false, "client_name": "sta6"}
2026-06-25 16:59:39,527 - METRIC - INFO - {"loss": 0.0558035671710968, "accuracy": 0.9796918630599976, "energy_consumption": null, "selected": false, "client_name": "sta7"}
2026-06-25 16:59:39,541 - METRIC - INFO - {"loss": 0.05255100131034851, "accuracy": 0.9838935732841492, "energy_consumption": null, "selected": false, "client_name": "sta9"}
2026-06-25 16:59:39,541 - METRIC - INFO - {"loss": 0.052965376526117325, "accuracy": 0.982492983341217, "energy_consumption": null, "selected": false, "client_name": "sta8"}
2026-06-25 16:59:39,541 - METRIC - INFO - {"loss": 0.058377716690301895, "accuracy": 0.9803921580314636, "energy_consumption": null, "selected": false, "client_name": "sta10"}
2026-06-25 16:59:40,148 - METRIC - INFO - mean_accuracy: 0.9824929995970293

2026-06-25 16:59:40,148 - METRIC - INFO - round: 32
2026-06-25 16:59:40,148 - METRIC - INFO - n_selected: 11
2026-06-25 16:59:40,148 - METRIC - INFO - {"selected_trainers": ["sta0", "sta1", "sta10", "sta2", "sta3", "sta4", "sta5", "sta6", "sta7", "sta8", "sta9"]}
2026-06-25 16:59:44,985 - EXECUT - INFO - received weights from trainer sta0!
2026-06-25 16:59:44,999 - EXECUT - INFO - received weights from trainer sta6!
2026-06-25 16:59:45,012 - EXECUT - INFO - received weights from trainer sta4!
2026-06-25 16:59:45,026 - EXECUT - INFO - received weights from trainer sta5!
2026-06-25 16:59:45,039 - EXECUT - INFO - received weights from trainer sta3!
2026-06-25 16:59:45,055 - EXECUT - INFO - received weights from trainer sta7!
2026-06-25 16:59:45,086 - EXECUT - INFO - received weights from trainer sta1!
2026-06-25 16:59:45,099 - EXECUT - INFO - received weights from trainer sta2!
2026-06-25 16:59:45,628 - EXECUT - INFO - received weights from trainer sta10!
2026-06-25 16:59:45,640 - EXECUT - INFO - received weights from trainer sta8!
2026-06-25 16:59:45,655 - EXECUT - INFO - received weights from trainer sta9!
2026-06-25 16:59:46,422 - EXECUT - INFO - sent aggregated weights to trainers!
2026-06-25 16:59:46,709 - METRIC - INFO - {"loss": 0.05286208540201187, "accuracy": 0.982492983341217, "energy_consumption": null, "selected": false, "client_name": "sta0"}
2026-06-25 16:59:46,742 - METRIC - INFO - {"loss": 0.044055093079805374, "accuracy": 0.9838935732841492, "energy_consumption": null, "selected": false, "client_name": "sta5"}
2026-06-25 16:59:46,743 - METRIC - INFO - {"loss": 0.04463256523013115, "accuracy": 0.9866946935653687, "energy_consumption": null, "selected": false, "client_name": "sta2"}
2026-06-25 16:59:46,752 - METRIC - INFO - {"loss": 0.056252412497997284, "accuracy": 0.982492983341217, "energy_consumption": null, "selected": false, "client_name": "sta3"}
2026-06-25 16:59:46,756 - METRIC - INFO - {"loss": 0.05371706560254097, "accuracy": 0.982492983341217, "energy_consumption": null, "selected": false, "client_name": "sta1"}
2026-06-25 16:59:46,756 - METRIC - INFO - {"loss": 0.057834941893815994, "accuracy": 0.982492983341217, "energy_consumption": null, "selected": false, "client_name": "sta6"}
2026-06-25 16:59:46,766 - METRIC - INFO - {"loss": 0.055085234344005585, "accuracy": 0.9831932783126831, "energy_consumption": null, "selected": false, "client_name": "sta4"}
2026-06-25 16:59:46,782 - METRIC - INFO - {"loss": 0.05373426899313927, "accuracy": 0.982492983341217, "energy_consumption": null, "selected": false, "client_name": "sta7"}
2026-06-25 16:59:46,802 - METRIC - INFO - {"loss": 0.056357819586992264, "accuracy": 0.9803921580314636, "energy_consumption": null, "selected": false, "client_name": "sta10"}
2026-06-25 16:59:46,804 - METRIC - INFO - {"loss": 0.05171538144350052, "accuracy": 0.9845938086509705, "energy_consumption": null, "selected": false, "client_name": "sta9"}
2026-06-25 16:59:46,814 - METRIC - INFO - {"loss": 0.050445836037397385, "accuracy": 0.9845938086509705, "energy_consumption": null, "selected": false, "client_name": "sta8"}
2026-06-25 16:59:47,423 - METRIC - INFO - mean_accuracy: 0.9832569306546991

2026-06-25 16:59:47,423 - METRIC - INFO - round: 33
2026-06-25 16:59:47,423 - METRIC - INFO - n_selected: 11
2026-06-25 16:59:47,423 - METRIC - INFO - {"selected_trainers": ["sta0", "sta1", "sta10", "sta2", "sta3", "sta4", "sta5", "sta6", "sta7", "sta8", "sta9"]}
2026-06-25 16:59:52,103 - EXECUT - INFO - received weights from trainer sta4!
2026-06-25 16:59:52,121 - EXECUT - INFO - received weights from trainer sta7!
2026-06-25 16:59:52,137 - EXECUT - INFO - received weights from trainer sta3!
2026-06-25 16:59:52,153 - EXECUT - INFO - received weights from trainer sta1!
2026-06-25 16:59:52,168 - EXECUT - INFO - received weights from trainer sta6!
2026-06-25 16:59:52,183 - EXECUT - INFO - received weights from trainer sta5!
2026-06-25 16:59:52,201 - EXECUT - INFO - received weights from trainer sta0!
2026-06-25 16:59:52,221 - EXECUT - INFO - received weights from trainer sta2!
2026-06-25 16:59:52,681 - EXECUT - INFO - received weights from trainer sta10!
2026-06-25 16:59:52,704 - EXECUT - INFO - received weights from trainer sta9!
2026-06-25 16:59:52,752 - EXECUT - INFO - received weights from trainer sta8!
2026-06-25 16:59:53,687 - EXECUT - INFO - sent aggregated weights to trainers!
2026-06-25 16:59:53,974 - METRIC - INFO - {"loss": 0.05135650932788849, "accuracy": 0.982492983341217, "energy_consumption": null, "selected": false, "client_name": "sta0"}
2026-06-25 16:59:53,984 - METRIC - INFO - {"loss": 0.05324150621891022, "accuracy": 0.982492983341217, "energy_consumption": null, "selected": false, "client_name": "sta1"}
2026-06-25 16:59:53,987 - METRIC - INFO - {"loss": 0.044927436858415604, "accuracy": 0.9859943985939026, "energy_consumption": null, "selected": false, "client_name": "sta2"}
2026-06-25 16:59:53,989 - METRIC - INFO - {"loss": 0.05598331615328789, "accuracy": 0.9803921580314636, "energy_consumption": null, "selected": false, "client_name": "sta3"}
2026-06-25 16:59:54,008 - METRIC - INFO - {"loss": 0.0536457821726799, "accuracy": 0.9831932783126831, "energy_consumption": null, "selected": false, "client_name": "sta4"}
2026-06-25 16:59:54,009 - METRIC - INFO - {"loss": 0.057692840695381165, "accuracy": 0.9838935732841492, "energy_consumption": null, "selected": false, "client_name": "sta6"}
2026-06-25 16:59:54,010 - METRIC - INFO - {"loss": 0.04254334047436714, "accuracy": 0.9859943985939026, "energy_consumption": null, "selected": false, "client_name": "sta5"}
2026-06-25 16:59:54,015 - METRIC - INFO - {"loss": 0.05248594284057617, "accuracy": 0.982492983341217, "energy_consumption": null, "selected": false, "client_name": "sta7"}
2026-06-25 16:59:54,046 - METRIC - INFO - {"loss": 0.055170491337776184, "accuracy": 0.9796918630599976, "energy_consumption": null, "selected": false, "client_name": "sta10"}
2026-06-25 16:59:54,051 - METRIC - INFO - {"loss": 0.04953283816576004, "accuracy": 0.9845938086509705, "energy_consumption": null, "selected": false, "client_name": "sta8"}
2026-06-25 16:59:54,055 - METRIC - INFO - {"loss": 0.050212759524583817, "accuracy": 0.9831932783126831, "energy_consumption": null, "selected": false, "client_name": "sta9"}
2026-06-25 16:59:54,689 - METRIC - INFO - mean_accuracy: 0.9831296097148549

2026-06-25 16:59:54,689 - METRIC - INFO - round: 34
2026-06-25 16:59:54,689 - METRIC - INFO - n_selected: 11
2026-06-25 16:59:54,689 - METRIC - INFO - {"selected_trainers": ["sta0", "sta1", "sta10", "sta2", "sta3", "sta4", "sta5", "sta6", "sta7", "sta8", "sta9"]}
2026-06-25 16:59:59,393 - EXECUT - INFO - received weights from trainer sta6!
2026-06-25 16:59:59,410 - EXECUT - INFO - received weights from trainer sta4!
2026-06-25 16:59:59,423 - EXECUT - INFO - received weights from trainer sta7!
2026-06-25 16:59:59,436 - EXECUT - INFO - received weights from trainer sta5!
2026-06-25 16:59:59,449 - EXECUT - INFO - received weights from trainer sta1!
2026-06-25 16:59:59,462 - EXECUT - INFO - received weights from trainer sta0!
2026-06-25 16:59:59,477 - EXECUT - INFO - received weights from trainer sta2!
2026-06-25 16:59:59,621 - EXECUT - INFO - received weights from trainer sta3!
2026-06-25 16:59:59,960 - EXECUT - INFO - received weights from trainer sta10!
2026-06-25 17:00:00,029 - EXECUT - INFO - received weights from trainer sta9!
2026-06-25 17:00:00,041 - EXECUT - INFO - received weights from trainer sta8!
2026-06-25 17:00:00,944 - EXECUT - INFO - sent aggregated weights to trainers!
2026-06-25 17:00:01,254 - METRIC - INFO - {"loss": 0.05486270785331726, "accuracy": 0.9831932783126831, "energy_consumption": null, "selected": false, "client_name": "sta3"}
2026-06-25 17:00:01,272 - METRIC - INFO - {"loss": 0.04132336005568504, "accuracy": 0.9887955188751221, "energy_consumption": null, "selected": false, "client_name": "sta5"}
2026-06-25 17:00:01,272 - METRIC - INFO - {"loss": 0.05153855308890343, "accuracy": 0.9831932783126831, "energy_consumption": null, "selected": false, "client_name": "sta1"}
2026-06-25 17:00:01,273 - METRIC - INFO - {"loss": 0.050964199006557465, "accuracy": 0.9845938086509705, "energy_consumption": null, "selected": false, "client_name": "sta7"}
2026-06-25 17:00:01,297 - METRIC - INFO - {"loss": 0.05620866268873215, "accuracy": 0.981792688369751, "energy_consumption": null, "selected": false, "client_name": "sta6"}
2026-06-25 17:00:01,299 - METRIC - INFO - {"loss": 0.04389785975217819, "accuracy": 0.9859943985939026, "energy_consumption": null, "selected": false, "client_name": "sta2"}
2026-06-25 17:00:01,300 - METRIC - INFO - {"loss": 0.05279231071472168, "accuracy": 0.9838935732841492, "energy_consumption": null, "selected": false, "client_name": "sta4"}
2026-06-25 17:00:01,317 - METRIC - INFO - {"loss": 0.05127551034092903, "accuracy": 0.9838935732841492, "energy_consumption": null, "selected": false, "client_name": "sta0"}
2026-06-25 17:00:01,329 - METRIC - INFO - {"loss": 0.05441471189260483, "accuracy": 0.9796918630599976, "energy_consumption": null, "selected": false, "client_name": "sta10"}
2026-06-25 17:00:01,329 - METRIC - INFO - {"loss": 0.04973117262125015, "accuracy": 0.9845938086509705, "energy_consumption": null, "selected": false, "client_name": "sta9"}
2026-06-25 17:00:01,334 - METRIC - INFO - {"loss": 0.04844252020120621, "accuracy": 0.9859943985939026, "energy_consumption": null, "selected": false, "client_name": "sta8"}
2026-06-25 17:00:01,946 - METRIC - INFO - mean_accuracy: 0.9841481989080255

2026-06-25 17:00:01,946 - METRIC - INFO - round: 35
2026-06-25 17:00:01,946 - METRIC - INFO - n_selected: 11
2026-06-25 17:00:01,946 - METRIC - INFO - {"selected_trainers": ["sta0", "sta1", "sta10", "sta2", "sta3", "sta4", "sta5", "sta6", "sta7", "sta8", "sta9"]}
2026-06-25 17:00:06,544 - EXECUT - INFO - received weights from trainer sta4!
2026-06-25 17:00:06,571 - EXECUT - INFO - received weights from trainer sta3!
2026-06-25 17:00:06,587 - EXECUT - INFO - received weights from trainer sta7!
2026-06-25 17:00:06,602 - EXECUT - INFO - received weights from trainer sta1!
2026-06-25 17:00:06,616 - EXECUT - INFO - received weights from trainer sta6!
2026-06-25 17:00:06,630 - EXECUT - INFO - received weights from trainer sta2!
2026-06-25 17:00:07,094 - EXECUT - INFO - received weights from trainer sta10!
2026-06-25 17:00:07,110 - EXECUT - INFO - received weights from trainer sta8!
2026-06-25 17:00:07,133 - EXECUT - INFO - received weights from trainer sta9!
2026-06-25 17:00:07,218 - EXECUT - INFO - received weights from trainer sta0!
2026-06-25 17:00:07,249 - EXECUT - INFO - received weights from trainer sta5!
2026-06-25 17:00:08,186 - EXECUT - INFO - sent aggregated weights to trainers!
2026-06-25 17:00:08,466 - METRIC - INFO - {"loss": 0.05395893007516861, "accuracy": 0.9831932783126831, "energy_consumption": null, "selected": false, "client_name": "sta3"}
2026-06-25 17:00:08,493 - METRIC - INFO - {"loss": 0.05174444615840912, "accuracy": 0.9838935732841492, "energy_consumption": null, "selected": false, "client_name": "sta4"}
2026-06-25 17:00:08,502 - METRIC - INFO - {"loss": 0.04426371306180954, "accuracy": 0.9852941036224365, "energy_consumption": null, "selected": false, "client_name": "sta2"}
2026-06-25 17:00:08,503 - METRIC - INFO - {"loss": 0.05485892668366432, "accuracy": 0.9845938086509705, "energy_consumption": null, "selected": false, "client_name": "sta6"}
2026-06-25 17:00:08,530 - METRIC - INFO - {"loss": 0.0412241667509079, "accuracy": 0.9873949289321899, "energy_consumption": null, "selected": false, "client_name": "sta5"}
2026-06-25 17:00:08,545 - METRIC - INFO - {"loss": 0.04959160462021828, "accuracy": 0.9845938086509705, "energy_consumption": null, "selected": false, "client_name": "sta7"}
2026-06-25 17:00:08,545 - METRIC - INFO - {"loss": 0.049449387937784195, "accuracy": 0.9852941036224365, "energy_consumption": null, "selected": false, "client_name": "sta1"}
2026-06-25 17:00:08,555 - METRIC - INFO - {"loss": 0.05031334236264229, "accuracy": 0.9852941036224365, "energy_consumption": null, "selected": false, "client_name": "sta0"}
2026-06-25 17:00:08,559 - METRIC - INFO - {"loss": 0.052922267466783524, "accuracy": 0.9810924530029297, "energy_consumption": null, "selected": false, "client_name": "sta10"}
2026-06-25 17:00:08,561 - METRIC - INFO - {"loss": 0.04819145053625107, "accuracy": 0.9845938086509705, "energy_consumption": null, "selected": false, "client_name": "sta8"}
2026-06-25 17:00:08,562 - METRIC - INFO - {"loss": 0.04864121973514557, "accuracy": 0.9852941036224365, "energy_consumption": null, "selected": false, "client_name": "sta9"}
2026-06-25 17:00:09,189 - METRIC - INFO - mean_accuracy: 0.9845938249067827

2026-06-25 17:00:09,189 - METRIC - INFO - round: 36
2026-06-25 17:00:09,189 - METRIC - INFO - n_selected: 11
2026-06-25 17:00:09,189 - METRIC - INFO - {"selected_trainers": ["sta0", "sta1", "sta10", "sta2", "sta3", "sta4", "sta5", "sta6", "sta7", "sta8", "sta9"]}
2026-06-25 17:00:13,789 - EXECUT - INFO - received weights from trainer sta0!
2026-06-25 17:00:13,802 - EXECUT - INFO - received weights from trainer sta3!
2026-06-25 17:00:13,815 - EXECUT - INFO - received weights from trainer sta4!
2026-06-25 17:00:13,828 - EXECUT - INFO - received weights from trainer sta6!
2026-06-25 17:00:13,840 - EXECUT - INFO - received weights from trainer sta5!
2026-06-25 17:00:13,852 - EXECUT - INFO - received weights from trainer sta7!
2026-06-25 17:00:13,867 - EXECUT - INFO - received weights from trainer sta1!
2026-06-25 17:00:13,879 - EXECUT - INFO - received weights from trainer sta2!
2026-06-25 17:00:14,348 - EXECUT - INFO - received weights from trainer sta10!
2026-06-25 17:00:14,378 - EXECUT - INFO - received weights from trainer sta8!
2026-06-25 17:00:14,493 - EXECUT - INFO - received weights from trainer sta9!
2026-06-25 17:00:15,437 - EXECUT - INFO - sent aggregated weights to trainers!
2026-06-25 17:00:15,710 - METRIC - INFO - {"loss": 0.04813234880566597, "accuracy": 0.981792688369751, "energy_consumption": null, "selected": false, "client_name": "sta0"}
2026-06-25 17:00:15,730 - METRIC - INFO - {"loss": 0.05329934135079384, "accuracy": 0.9810924530029297, "energy_consumption": null, "selected": false, "client_name": "sta3"}
2026-06-25 17:00:15,751 - METRIC - INFO - {"loss": 0.0535619780421257, "accuracy": 0.981792688369751, "energy_consumption": null, "selected": false, "client_name": "sta6"}
2026-06-25 17:00:15,753 - METRIC - INFO - {"loss": 0.04127845913171768, "accuracy": 0.9866946935653687, "energy_consumption": null, "selected": false, "client_name": "sta2"}
2026-06-25 17:00:15,765 - METRIC - INFO - {"loss": 0.051950931549072266, "accuracy": 0.9845938086509705, "energy_consumption": null, "selected": false, "client_name": "sta4"}
2026-06-25 17:00:15,788 - METRIC - INFO - {"loss": 0.04122549295425415, "accuracy": 0.9873949289321899, "energy_consumption": null, "selected": false, "client_name": "sta5"}
2026-06-25 17:00:15,793 - METRIC - INFO - {"loss": 0.04891882464289665, "accuracy": 0.982492983341217, "energy_consumption": null, "selected": false, "client_name": "sta1"}
2026-06-25 17:00:15,793 - METRIC - INFO - {"loss": 0.04811539500951767, "accuracy": 0.9838935732841492, "energy_consumption": null, "selected": false, "client_name": "sta7"}
2026-06-25 17:00:15,799 - METRIC - INFO - {"loss": 0.04624874144792557, "accuracy": 0.9859943985939026, "energy_consumption": null, "selected": false, "client_name": "sta8"}
2026-06-25 17:00:15,807 - METRIC - INFO - {"loss": 0.0517217293381691, "accuracy": 0.981792688369751, "energy_consumption": null, "selected": false, "client_name": "sta10"}
2026-06-25 17:00:15,809 - METRIC - INFO - {"loss": 0.04858998581767082, "accuracy": 0.9852941036224365, "energy_consumption": null, "selected": false, "client_name": "sta9"}
2026-06-25 17:00:16,440 - METRIC - INFO - mean_accuracy: 0.9838935461911288

2026-06-25 17:00:16,440 - METRIC - INFO - round: 37
2026-06-25 17:00:16,440 - METRIC - INFO - n_selected: 11
2026-06-25 17:00:16,440 - METRIC - INFO - {"selected_trainers": ["sta0", "sta1", "sta10", "sta2", "sta3", "sta4", "sta5", "sta6", "sta7", "sta8", "sta9"]}
2026-06-25 17:00:20,997 - EXECUT - INFO - received weights from trainer sta3!
2026-06-25 17:00:21,011 - EXECUT - INFO - received weights from trainer sta7!
2026-06-25 17:00:21,023 - EXECUT - INFO - received weights from trainer sta4!
2026-06-25 17:00:21,036 - EXECUT - INFO - received weights from trainer sta1!
2026-06-25 17:00:21,048 - EXECUT - INFO - received weights from trainer sta0!
2026-06-25 17:00:21,060 - EXECUT - INFO - received weights from trainer sta5!
2026-06-25 17:00:21,075 - EXECUT - INFO - received weights from trainer sta6!
2026-06-25 17:00:21,091 - EXECUT - INFO - received weights from trainer sta2!
2026-06-25 17:00:21,564 - EXECUT - INFO - received weights from trainer sta10!
2026-06-25 17:00:21,576 - EXECUT - INFO - received weights from trainer sta8!
2026-06-25 17:00:21,587 - EXECUT - INFO - received weights from trainer sta9!
2026-06-25 17:00:22,688 - EXECUT - INFO - sent aggregated weights to trainers!
2026-06-25 17:00:22,961 - METRIC - INFO - {"loss": 0.048050232231616974, "accuracy": 0.982492983341217, "energy_consumption": null, "selected": false, "client_name": "sta0"}
2026-06-25 17:00:22,985 - METRIC - INFO - {"loss": 0.05017266795039177, "accuracy": 0.9845938086509705, "energy_consumption": null, "selected": false, "client_name": "sta4"}
2026-06-25 17:00:22,985 - METRIC - INFO - {"loss": 0.048217110335826874, "accuracy": 0.9845938086509705, "energy_consumption": null, "selected": false, "client_name": "sta1"}
2026-06-25 17:00:22,989 - METRIC - INFO - {"loss": 0.0419258177280426, "accuracy": 0.9859943985939026, "energy_consumption": null, "selected": false, "client_name": "sta2"}
2026-06-25 17:00:23,020 - METRIC - INFO - {"loss": 0.04130815342068672, "accuracy": 0.9852941036224365, "energy_consumption": null, "selected": false, "client_name": "sta5"}
2026-06-25 17:00:23,026 - METRIC - INFO - {"loss": 0.04681506007909775, "accuracy": 0.9831932783126831, "energy_consumption": null, "selected": false, "client_name": "sta7"}
2026-06-25 17:00:23,028 - METRIC - INFO - {"loss": 0.053047068417072296, "accuracy": 0.9838935732841492, "energy_consumption": null, "selected": false, "client_name": "sta6"}
2026-06-25 17:00:23,042 - METRIC - INFO - {"loss": 0.05310757830739021, "accuracy": 0.981792688369751, "energy_consumption": null, "selected": false, "client_name": "sta3"}
2026-06-25 17:00:23,050 - METRIC - INFO - {"loss": 0.04737241566181183, "accuracy": 0.9852941036224365, "energy_consumption": null, "selected": false, "client_name": "sta9"}
2026-06-25 17:00:23,051 - METRIC - INFO - {"loss": 0.046125929802656174, "accuracy": 0.9852941036224365, "energy_consumption": null, "selected": false, "client_name": "sta8"}
2026-06-25 17:00:23,056 - METRIC - INFO - {"loss": 0.050630729645490646, "accuracy": 0.9796918630599976, "energy_consumption": null, "selected": false, "client_name": "sta10"}
2026-06-25 17:00:23,690 - METRIC - INFO - mean_accuracy: 0.9838298830119047

2026-06-25 17:00:23,690 - METRIC - INFO - round: 38
2026-06-25 17:00:23,690 - METRIC - INFO - n_selected: 11
2026-06-25 17:00:23,690 - METRIC - INFO - {"selected_trainers": ["sta0", "sta1", "sta10", "sta2", "sta3", "sta4", "sta5", "sta6", "sta7", "sta8", "sta9"]}
2026-06-25 17:00:28,116 - EXECUT - INFO - received weights from trainer sta0!
2026-06-25 17:00:28,266 - EXECUT - INFO - received weights from trainer sta3!
2026-06-25 17:00:28,278 - EXECUT - INFO - received weights from trainer sta5!
2026-06-25 17:00:28,289 - EXECUT - INFO - received weights from trainer sta4!
2026-06-25 17:00:28,301 - EXECUT - INFO - received weights from trainer sta7!
2026-06-25 17:00:28,312 - EXECUT - INFO - received weights from trainer sta1!
2026-06-25 17:00:28,324 - EXECUT - INFO - received weights from trainer sta6!
2026-06-25 17:00:28,337 - EXECUT - INFO - received weights from trainer sta2!
2026-06-25 17:00:28,736 - EXECUT - INFO - received weights from trainer sta10!
2026-06-25 17:00:28,757 - EXECUT - INFO - received weights from trainer sta8!
2026-06-25 17:00:28,816 - EXECUT - INFO - received weights from trainer sta9!
2026-06-25 17:00:29,921 - EXECUT - INFO - sent aggregated weights to trainers!
2026-06-25 17:00:30,179 - METRIC - INFO - {"loss": 0.04777802899479866, "accuracy": 0.9859943985939026, "energy_consumption": null, "selected": false, "client_name": "sta0"}
2026-06-25 17:00:30,201 - METRIC - INFO - {"loss": 0.05175713822245598, "accuracy": 0.9831932783126831, "energy_consumption": null, "selected": false, "client_name": "sta3"}
2026-06-25 17:00:30,202 - METRIC - INFO - {"loss": 0.048441287130117416, "accuracy": 0.9845938086509705, "energy_consumption": null, "selected": false, "client_name": "sta1"}
2026-06-25 17:00:30,217 - METRIC - INFO - {"loss": 0.0398852601647377, "accuracy": 0.9866946935653687, "energy_consumption": null, "selected": false, "client_name": "sta2"}
2026-06-25 17:00:30,222 - METRIC - INFO - {"loss": 0.05212009698152542, "accuracy": 0.9845938086509705, "energy_consumption": null, "selected": false, "client_name": "sta6"}
2026-06-25 17:00:30,244 - METRIC - INFO - {"loss": 0.049407340586185455, "accuracy": 0.9852941036224365, "energy_consumption": null, "selected": false, "client_name": "sta4"}
2026-06-25 17:00:30,246 - METRIC - INFO - {"loss": 0.04155054688453674, "accuracy": 0.9866946935653687, "energy_consumption": null, "selected": false, "client_name": "sta5"}
2026-06-25 17:00:30,263 - METRIC - INFO - {"loss": 0.04795203357934952, "accuracy": 0.981792688369751, "energy_consumption": null, "selected": false, "client_name": "sta7"}
2026-06-25 17:00:30,272 - METRIC - INFO - {"loss": 0.045082833617925644, "accuracy": 0.9866946935653687, "energy_consumption": null, "selected": false, "client_name": "sta8"}
2026-06-25 17:00:30,275 - METRIC - INFO - {"loss": 0.05093376338481903, "accuracy": 0.9796918630599976, "energy_consumption": null, "selected": false, "client_name": "sta10"}
2026-06-25 17:00:30,279 - METRIC - INFO - {"loss": 0.04752296954393387, "accuracy": 0.9838935732841492, "energy_consumption": null, "selected": false, "client_name": "sta9"}
2026-06-25 17:00:30,923 - METRIC - INFO - mean_accuracy: 0.9844665093855425

2026-06-25 17:00:30,923 - METRIC - INFO - round: 39
2026-06-25 17:00:30,923 - METRIC - INFO - n_selected: 11
2026-06-25 17:00:30,923 - METRIC - INFO - {"selected_trainers": ["sta0", "sta1", "sta10", "sta2", "sta3", "sta4", "sta5", "sta6", "sta7", "sta8", "sta9"]}
2026-06-25 17:00:35,362 - EXECUT - INFO - received weights from trainer sta3!
2026-06-25 17:00:35,403 - EXECUT - INFO - received weights from trainer sta1!
2026-06-25 17:00:35,415 - EXECUT - INFO - received weights from trainer sta4!
2026-06-25 17:00:35,427 - EXECUT - INFO - received weights from trainer sta5!
2026-06-25 17:00:35,439 - EXECUT - INFO - received weights from trainer sta6!
2026-06-25 17:00:35,450 - EXECUT - INFO - received weights from trainer sta7!
2026-06-25 17:00:35,461 - EXECUT - INFO - received weights from trainer sta0!
2026-06-25 17:00:35,475 - EXECUT - INFO - received weights from trainer sta2!
2026-06-25 17:00:35,860 - EXECUT - INFO - received weights from trainer sta9!
2026-06-25 17:00:35,871 - EXECUT - INFO - received weights from trainer sta10!
2026-06-25 17:00:35,894 - EXECUT - INFO - received weights from trainer sta8!
2026-06-25 17:00:36,165 - EXECUT - INFO - sent aggregated weights to trainers!
2026-06-25 17:00:36,429 - METRIC - INFO - {"loss": 0.050737712532281876, "accuracy": 0.9845938086509705, "energy_consumption": null, "selected": false, "client_name": "sta3"}
2026-06-25 17:00:36,441 - METRIC - INFO - {"loss": 0.04075399041175842, "accuracy": 0.9852941036224365, "energy_consumption": null, "selected": false, "client_name": "sta2"}
2026-06-25 17:00:36,452 - METRIC - INFO - {"loss": 0.03768350929021835, "accuracy": 0.988095223903656, "energy_consumption": null, "selected": false, "client_name": "sta5"}
2026-06-25 17:00:36,461 - METRIC - INFO - {"loss": 0.05231017246842384, "accuracy": 0.9852941036224365, "energy_consumption": null, "selected": false, "client_name": "sta6"}
2026-06-25 17:00:36,469 - METRIC - INFO - {"loss": 0.048074737191200256, "accuracy": 0.9838935732841492, "energy_consumption": null, "selected": false, "client_name": "sta4"}
2026-06-25 17:00:36,494 - METRIC - INFO - {"loss": 0.045861583203077316, "accuracy": 0.9845938086509705, "energy_consumption": null, "selected": false, "client_name": "sta7"}
2026-06-25 17:00:36,500 - METRIC - INFO - {"loss": 0.047035057097673416, "accuracy": 0.9838935732841492, "energy_consumption": null, "selected": false, "client_name": "sta1"}
2026-06-25 17:00:36,502 - METRIC - INFO - {"loss": 0.04617101699113846, "accuracy": 0.9845938086509705, "energy_consumption": null, "selected": false, "client_name": "sta0"}
2026-06-25 17:00:36,514 - METRIC - INFO - {"loss": 0.04604606702923775, "accuracy": 0.9859943985939026, "energy_consumption": null, "selected": false, "client_name": "sta9"}
2026-06-25 17:00:36,515 - METRIC - INFO - {"loss": 0.04902554303407669, "accuracy": 0.9803921580314636, "energy_consumption": null, "selected": false, "client_name": "sta10"}
2026-06-25 17:00:36,515 - METRIC - INFO - {"loss": 0.04396260529756546, "accuracy": 0.9873949289321899, "energy_consumption": null, "selected": false, "client_name": "sta8"}
2026-06-25 17:00:37,167 - METRIC - INFO - mean_accuracy: 0.9849121353842996

2026-06-25 17:00:37,167 - METRIC - INFO - round: 40
2026-06-25 17:00:37,167 - METRIC - INFO - n_selected: 11
2026-06-25 17:00:37,167 - METRIC - INFO - {"selected_trainers": ["sta0", "sta1", "sta10", "sta2", "sta3", "sta4", "sta5", "sta6", "sta7", "sta8", "sta9"]}
2026-06-25 17:00:41,550 - EXECUT - INFO - received weights from trainer sta4!
2026-06-25 17:00:41,564 - EXECUT - INFO - received weights from trainer sta0!
2026-06-25 17:00:41,579 - EXECUT - INFO - received weights from trainer sta3!
2026-06-25 17:00:41,592 - EXECUT - INFO - received weights from trainer sta7!
2026-06-25 17:00:41,603 - EXECUT - INFO - received weights from trainer sta5!
2026-06-25 17:00:41,614 - EXECUT - INFO - received weights from trainer sta6!
2026-06-25 17:00:41,625 - EXECUT - INFO - received weights from trainer sta1!
2026-06-25 17:00:41,660 - EXECUT - INFO - received weights from trainer sta2!
2026-06-25 17:00:42,074 - EXECUT - INFO - received weights from trainer sta10!
2026-06-25 17:00:42,085 - EXECUT - INFO - received weights from trainer sta9!
2026-06-25 17:00:42,095 - EXECUT - INFO - received weights from trainer sta8!
2026-06-25 17:00:42,386 - EXECUT - INFO - sent aggregated weights to trainers!
2026-06-25 17:00:42,660 - METRIC - INFO - {"loss": 0.04525481164455414, "accuracy": 0.9845938086509705, "energy_consumption": null, "selected": false, "client_name": "sta0"}
2026-06-25 17:00:42,664 - METRIC - INFO - {"loss": 0.050103046000003815, "accuracy": 0.981792688369751, "energy_consumption": null, "selected": false, "client_name": "sta3"}
2026-06-25 17:00:42,680 - METRIC - INFO - {"loss": 0.03848452866077423, "accuracy": 0.9866946935653687, "energy_consumption": null, "selected": false, "client_name": "sta5"}
2026-06-25 17:00:42,682 - METRIC - INFO - {"loss": 0.04554086551070213, "accuracy": 0.9838935732841492, "energy_consumption": null, "selected": false, "client_name": "sta7"}
2026-06-25 17:00:42,690 - METRIC - INFO - {"loss": 0.038550883531570435, "accuracy": 0.9866946935653687, "energy_consumption": null, "selected": false, "client_name": "sta2"}
2026-06-25 17:00:42,694 - METRIC - INFO - {"loss": 0.04778863489627838, "accuracy": 0.9845938086509705, "energy_consumption": null, "selected": false, "client_name": "sta4"}
2026-06-25 17:00:42,699 - METRIC - INFO - {"loss": 0.0505533292889595, "accuracy": 0.9831932783126831, "energy_consumption": null, "selected": false, "client_name": "sta6"}
2026-06-25 17:00:42,718 - METRIC - INFO - {"loss": 0.04300783574581146, "accuracy": 0.9866946935653687, "energy_consumption": null, "selected": false, "client_name": "sta8"}
2026-06-25 17:00:42,724 - METRIC - INFO - {"loss": 0.04588978365063667, "accuracy": 0.9852941036224365, "energy_consumption": null, "selected": false, "client_name": "sta9"}
2026-06-25 17:00:42,728 - METRIC - INFO - {"loss": 0.048294030129909515, "accuracy": 0.981792688369751, "energy_consumption": null, "selected": false, "client_name": "sta10"}
2026-06-25 17:00:42,729 - METRIC - INFO - {"loss": 0.048009321093559265, "accuracy": 0.9859943985939026, "energy_consumption": null, "selected": false, "client_name": "sta1"}
2026-06-25 17:00:43,387 - METRIC - INFO - mean_accuracy: 0.984657493504611

2026-06-25 17:00:43,390 - METRIC - INFO - stop_condition: rounds
