2026-06-25 17:09:27,828 - EXECUT - INFO - starting server...
2026-06-25 17:09:32,492 - EXECUT - INFO - trainer number sta0 just joined the pool
2026-06-25 17:09:32,533 - EXECUT - INFO - trainer number sta1 just joined the pool
2026-06-25 17:09:32,635 - EXECUT - INFO - trainer number sta3 just joined the pool
2026-06-25 17:09:32,677 - EXECUT - INFO - trainer number sta2 just joined the pool
2026-06-25 17:09:32,677 - EXECUT - INFO - trainer number sta7 just joined the pool
2026-06-25 17:09:32,678 - EXECUT - INFO - trainer number sta6 just joined the pool
2026-06-25 17:09:32,711 - EXECUT - INFO - trainer number sta5 just joined the pool
2026-06-25 17:09:32,752 - EXECUT - INFO - trainer number sta4 just joined the pool
2026-06-25 17:09:32,974 - EXECUT - INFO - trainer number sta10 just joined the pool
2026-06-25 17:09:33,016 - EXECUT - INFO - trainer number sta8 just joined the pool
2026-06-25 17:09:33,016 - EXECUT - INFO - trainer number sta9 just joined the pool
2026-06-25 17:09:33,837 - EXECUT - INFO - mensagem de data_sz recebida: 
 {'id': 'sta0', 'dataset_sz': 432851712}
2026-06-25 17:09:33,837 - EXECUT - INFO - mensagem de data_sz recebida: 
 {'id': 'sta1', 'dataset_sz': 432851712}
2026-06-25 17:09:33,878 - EXECUT - INFO - mensagem de data_sz recebida: 
 {'id': 'sta2', 'dataset_sz': 432851712}
2026-06-25 17:09:33,878 - EXECUT - INFO - mensagem de data_sz recebida: 
 {'id': 'sta3', 'dataset_sz': 432851712}
2026-06-25 17:09:33,878 - EXECUT - INFO - mensagem de data_sz recebida: 
 {'id': 'sta10', 'dataset_sz': 432851712}
2026-06-25 17:09:33,878 - EXECUT - INFO - mensagem de data_sz recebida: 
 {'id': 'sta4', 'dataset_sz': 432851712}
2026-06-25 17:09:33,878 - EXECUT - INFO - mensagem de data_sz recebida: 
 {'id': 'sta5', 'dataset_sz': 432851712}
2026-06-25 17:09:33,878 - EXECUT - INFO - mensagem de data_sz recebida: 
 {'id': 'sta6', 'dataset_sz': 432851712}
2026-06-25 17:09:33,878 - EXECUT - INFO - mensagem de data_sz recebida: 
 {'id': 'sta7', 'dataset_sz': 432851712}
2026-06-25 17:09:33,878 - EXECUT - INFO - mensagem de data_sz recebida: 
 {'id': 'sta8', 'dataset_sz': 432851712}
2026-06-25 17:09:33,878 - EXECUT - INFO - mensagem de data_sz recebida: 
 {'id': 'sta9', 'dataset_sz': 432851712}
2026-06-25 17:09:34,837 - METRIC - INFO - round: 1
2026-06-25 17:09:34,837 - METRIC - INFO - n_selected: 11
2026-06-25 17:09:34,837 - METRIC - INFO - {"selected_trainers": ["sta0", "sta1", "sta10", "sta2", "sta3", "sta4", "sta5", "sta6", "sta7", "sta8", "sta9"]}
2026-06-25 17:09:50,529 - EXECUT - INFO - received weights from trainer sta7!
2026-06-25 17:09:50,665 - EXECUT - INFO - received weights from trainer sta1!
2026-06-25 17:09:56,783 - EXECUT - INFO - received weights from trainer sta0!
2026-06-25 17:09:56,838 - EXECUT - INFO - received weights from trainer sta4!
2026-06-25 17:09:56,894 - EXECUT - INFO - received weights from trainer sta5!
2026-06-25 17:09:56,949 - EXECUT - INFO - received weights from trainer sta6!
2026-06-25 17:09:57,004 - EXECUT - INFO - received weights from trainer sta2!
2026-06-25 17:09:57,050 - EXECUT - INFO - received weights from trainer sta3!
2026-06-25 17:09:57,097 - EXECUT - INFO - received weights from trainer sta8!
2026-06-25 17:09:57,143 - EXECUT - INFO - received weights from trainer sta10!
2026-06-25 17:09:57,192 - EXECUT - INFO - received weights from trainer sta9!
2026-06-25 17:09:58,940 - EXECUT - INFO - sent aggregated weights to trainers!
2026-06-25 17:10:00,316 - METRIC - INFO - {"loss": 0.3946542739868164, "accuracy": 0.8935574293136597, "energy_consumption": null, "selected": false, "client_name": "sta6"}
2026-06-25 17:10:00,317 - METRIC - INFO - {"loss": 0.3708108067512512, "accuracy": 0.9103641510009766, "energy_consumption": null, "selected": false, "client_name": "sta0"}
2026-06-25 17:10:00,323 - METRIC - INFO - {"loss": 0.41710174083709717, "accuracy": 0.8956582546234131, "energy_consumption": null, "selected": false, "client_name": "sta4"}
2026-06-25 17:10:00,328 - METRIC - INFO - {"loss": 0.38716477155685425, "accuracy": 0.9040616154670715, "energy_consumption": null, "selected": false, "client_name": "sta1"}
2026-06-25 17:10:00,348 - METRIC - INFO - {"loss": 0.39902758598327637, "accuracy": 0.8886554837226868, "energy_consumption": null, "selected": false, "client_name": "sta3"}
2026-06-25 17:10:00,361 - METRIC - INFO - {"loss": 0.3870624005794525, "accuracy": 0.8956582546234131, "energy_consumption": null, "selected": false, "client_name": "sta7"}
2026-06-25 17:10:00,395 - METRIC - INFO - {"loss": 0.38952210545539856, "accuracy": 0.9019607901573181, "energy_consumption": null, "selected": false, "client_name": "sta5"}
2026-06-25 17:10:00,410 - METRIC - INFO - {"loss": 0.37068045139312744, "accuracy": 0.8984593749046326, "energy_consumption": null, "selected": false, "client_name": "sta8"}
2026-06-25 17:10:00,413 - METRIC - INFO - {"loss": 0.38510861992836, "accuracy": 0.8956582546234131, "energy_consumption": null, "selected": false, "client_name": "sta10"}
2026-06-25 17:10:00,413 - METRIC - INFO - {"loss": 0.3857032358646393, "accuracy": 0.8914566040039062, "energy_consumption": null, "selected": false, "client_name": "sta9"}
2026-06-25 17:10:00,435 - METRIC - INFO - {"loss": 0.4153969883918762, "accuracy": 0.8935574293136597, "energy_consumption": null, "selected": false, "client_name": "sta2"}
2026-06-25 17:10:00,943 - METRIC - INFO - mean_accuracy: 0.8971861492503773

2026-06-25 17:10:00,943 - METRIC - INFO - round: 2
2026-06-25 17:10:00,943 - METRIC - INFO - n_selected: 11
2026-06-25 17:10:00,943 - METRIC - INFO - {"selected_trainers": ["sta0", "sta1", "sta10", "sta2", "sta3", "sta4", "sta5", "sta6", "sta7", "sta8", "sta9"]}
2026-06-25 17:10:15,488 - EXECUT - INFO - received weights from trainer sta4!
2026-06-25 17:10:15,543 - EXECUT - INFO - received weights from trainer sta2!
2026-06-25 17:10:15,596 - EXECUT - INFO - received weights from trainer sta7!
2026-06-25 17:10:19,057 - EXECUT - INFO - received weights from trainer sta9!
2026-06-25 17:10:19,110 - EXECUT - INFO - received weights from trainer sta10!
2026-06-25 17:10:19,163 - EXECUT - INFO - received weights from trainer sta8!
2026-06-25 17:10:21,837 - EXECUT - INFO - received weights from trainer sta0!
2026-06-25 17:10:21,886 - EXECUT - INFO - received weights from trainer sta6!
2026-06-25 17:10:21,933 - EXECUT - INFO - received weights from trainer sta5!
2026-06-25 17:10:21,981 - EXECUT - INFO - received weights from trainer sta3!
2026-06-25 17:10:22,029 - EXECUT - INFO - received weights from trainer sta1!
2026-06-25 17:10:23,055 - EXECUT - INFO - sent aggregated weights to trainers!
2026-06-25 17:10:24,099 - METRIC - INFO - {"loss": 1.887434720993042, "accuracy": 0.6001400351524353, "energy_consumption": null, "selected": false, "client_name": "sta5"}
2026-06-25 17:10:24,149 - METRIC - INFO - {"loss": 1.8414782285690308, "accuracy": 0.5588235259056091, "energy_consumption": null, "selected": false, "client_name": "sta3"}
2026-06-25 17:10:24,186 - METRIC - INFO - {"loss": 1.8946316242218018, "accuracy": 0.5805321931838989, "energy_consumption": null, "selected": false, "client_name": "sta1"}
2026-06-25 17:10:24,269 - METRIC - INFO - {"loss": 1.8860969543457031, "accuracy": 0.5910364389419556, "energy_consumption": null, "selected": false, "client_name": "sta2"}
2026-06-25 17:10:24,277 - METRIC - INFO - {"loss": 1.8712600469589233, "accuracy": 0.5448179244995117, "energy_consumption": null, "selected": false, "client_name": "sta4"}
2026-06-25 17:10:24,288 - METRIC - INFO - {"loss": 1.8748321533203125, "accuracy": 0.5665265917778015, "energy_consumption": null, "selected": false, "client_name": "sta6"}
2026-06-25 17:10:24,295 - METRIC - INFO - {"loss": 1.8849525451660156, "accuracy": 0.5686274766921997, "energy_consumption": null, "selected": false, "client_name": "sta0"}
2026-06-25 17:10:24,298 - METRIC - INFO - {"loss": 1.909283995628357, "accuracy": 0.5882353186607361, "energy_consumption": null, "selected": false, "client_name": "sta7"}
2026-06-25 17:10:24,354 - METRIC - INFO - {"loss": 1.8719260692596436, "accuracy": 0.5469187498092651, "energy_consumption": null, "selected": false, "client_name": "sta10"}
2026-06-25 17:10:24,391 - METRIC - INFO - {"loss": 1.841975212097168, "accuracy": 0.5518207550048828, "energy_consumption": null, "selected": false, "client_name": "sta8"}
2026-06-25 17:10:24,429 - METRIC - INFO - {"loss": 1.848488211631775, "accuracy": 0.5371148586273193, "energy_consumption": null, "selected": false, "client_name": "sta9"}
2026-06-25 17:10:25,057 - METRIC - INFO - mean_accuracy: 0.5667812607505105

2026-06-25 17:10:25,057 - METRIC - INFO - round: 3
2026-06-25 17:10:25,057 - METRIC - INFO - n_selected: 11
2026-06-25 17:10:25,058 - METRIC - INFO - {"selected_trainers": ["sta0", "sta1", "sta10", "sta2", "sta3", "sta4", "sta5", "sta6", "sta7", "sta8", "sta9"]}
2026-06-25 17:10:38,276 - EXECUT - INFO - received weights from trainer sta1!
2026-06-25 17:10:38,319 - EXECUT - INFO - received weights from trainer sta0!
2026-06-25 17:10:38,499 - EXECUT - INFO - received weights from trainer sta7!
2026-06-25 17:10:41,679 - EXECUT - INFO - received weights from trainer sta8!
2026-06-25 17:10:45,894 - EXECUT - INFO - received weights from trainer sta2!
2026-06-25 17:10:45,942 - EXECUT - INFO - received weights from trainer sta6!
2026-06-25 17:10:45,990 - EXECUT - INFO - received weights from trainer sta5!
2026-06-25 17:10:46,038 - EXECUT - INFO - received weights from trainer sta4!
2026-06-25 17:10:46,086 - EXECUT - INFO - received weights from trainer sta3!
2026-06-25 17:10:46,131 - EXECUT - INFO - received weights from trainer sta10!
2026-06-25 17:10:46,174 - EXECUT - INFO - received weights from trainer sta9!
2026-06-25 17:10:48,001 - EXECUT - INFO - sent aggregated weights to trainers!
2026-06-25 17:10:48,896 - METRIC - INFO - {"loss": 0.5996605753898621, "accuracy": 0.8340336084365845, "energy_consumption": null, "selected": false, "client_name": "sta1"}
2026-06-25 17:10:48,927 - METRIC - INFO - {"loss": 0.6094974279403687, "accuracy": 0.8410364389419556, "energy_consumption": null, "selected": false, "client_name": "sta0"}
2026-06-25 17:10:48,941 - METRIC - INFO - {"loss": 0.624813973903656, "accuracy": 0.8270308375358582, "energy_consumption": null, "selected": false, "client_name": "sta2"}
2026-06-25 17:10:48,962 - METRIC - INFO - {"loss": 0.6481959223747253, "accuracy": 0.8025209903717041, "energy_consumption": null, "selected": false, "client_name": "sta4"}
2026-06-25 17:10:48,965 - METRIC - INFO - {"loss": 0.6009131669998169, "accuracy": 0.8354341983795166, "energy_consumption": null, "selected": false, "client_name": "sta5"}
2026-06-25 17:10:48,970 - METRIC - INFO - {"loss": 0.6400713324546814, "accuracy": 0.8207283020019531, "energy_consumption": null, "selected": false, "client_name": "sta3"}
2026-06-25 17:10:49,038 - METRIC - INFO - {"loss": 0.6141711473464966, "accuracy": 0.83753502368927, "energy_consumption": null, "selected": false, "client_name": "sta6"}
2026-06-25 17:10:49,078 - METRIC - INFO - {"loss": 0.6052172780036926, "accuracy": 0.8340336084365845, "energy_consumption": null, "selected": false, "client_name": "sta7"}
2026-06-25 17:10:49,096 - METRIC - INFO - {"loss": 0.5931879878044128, "accuracy": 0.8340336084365845, "energy_consumption": null, "selected": false, "client_name": "sta8"}
2026-06-25 17:10:49,105 - METRIC - INFO - {"loss": 0.6230537295341492, "accuracy": 0.8347339034080505, "energy_consumption": null, "selected": false, "client_name": "sta10"}
2026-06-25 17:10:49,107 - METRIC - INFO - {"loss": 0.5982151627540588, "accuracy": 0.8445377945899963, "energy_consumption": null, "selected": false, "client_name": "sta9"}
2026-06-25 17:10:50,003 - METRIC - INFO - mean_accuracy: 0.8314234831116416

2026-06-25 17:10:50,004 - METRIC - INFO - round: 4
2026-06-25 17:10:50,004 - METRIC - INFO - n_selected: 11
2026-06-25 17:10:50,004 - METRIC - INFO - {"selected_trainers": ["sta0", "sta1", "sta10", "sta2", "sta3", "sta4", "sta5", "sta6", "sta7", "sta8", "sta9"]}
2026-06-25 17:11:02,188 - EXECUT - INFO - received weights from trainer sta0!
2026-06-25 17:11:02,254 - EXECUT - INFO - received weights from trainer sta2!
2026-06-25 17:11:02,293 - EXECUT - INFO - received weights from trainer sta4!
2026-06-25 17:11:02,376 - EXECUT - INFO - received weights from trainer sta1!
2026-06-25 17:11:02,420 - EXECUT - INFO - received weights from trainer sta7!
2026-06-25 17:11:05,375 - EXECUT - INFO - received weights from trainer sta9!
2026-06-25 17:11:05,511 - EXECUT - INFO - received weights from trainer sta10!
2026-06-25 17:11:10,843 - EXECUT - INFO - received weights from trainer sta3!
2026-06-25 17:11:10,887 - EXECUT - INFO - received weights from trainer sta6!
2026-06-25 17:11:10,930 - EXECUT - INFO - received weights from trainer sta5!
2026-06-25 17:11:10,973 - EXECUT - INFO - received weights from trainer sta8!
2026-06-25 17:11:11,890 - EXECUT - INFO - sent aggregated weights to trainers!
2026-06-25 17:11:12,852 - METRIC - INFO - {"loss": 0.39735206961631775, "accuracy": 0.8907563090324402, "energy_consumption": null, "selected": false, "client_name": "sta0"}
2026-06-25 17:11:12,884 - METRIC - INFO - {"loss": 0.406971275806427, "accuracy": 0.8872548937797546, "energy_consumption": null, "selected": false, "client_name": "sta10"}
2026-06-25 17:11:12,922 - METRIC - INFO - {"loss": 0.39122188091278076, "accuracy": 0.8977590799331665, "energy_consumption": null, "selected": false, "client_name": "sta1"}
2026-06-25 17:11:12,945 - METRIC - INFO - {"loss": 0.43586501479148865, "accuracy": 0.8774510025978088, "energy_consumption": null, "selected": false, "client_name": "sta4"}
2026-06-25 17:11:12,966 - METRIC - INFO - {"loss": 0.4367806613445282, "accuracy": 0.8746498823165894, "energy_consumption": null, "selected": false, "client_name": "sta3"}
2026-06-25 17:11:12,971 - METRIC - INFO - {"loss": 0.42607125639915466, "accuracy": 0.8858543634414673, "energy_consumption": null, "selected": false, "client_name": "sta2"}
2026-06-25 17:11:12,975 - METRIC - INFO - {"loss": 0.42408859729766846, "accuracy": 0.8788515329360962, "energy_consumption": null, "selected": false, "client_name": "sta6"}
2026-06-25 17:11:12,978 - METRIC - INFO - {"loss": 0.40790268778800964, "accuracy": 0.8844537734985352, "energy_consumption": null, "selected": false, "client_name": "sta5"}
2026-06-25 17:11:13,036 - METRIC - INFO - {"loss": 0.40469804406166077, "accuracy": 0.8886554837226868, "energy_consumption": null, "selected": false, "client_name": "sta7"}
2026-06-25 17:11:13,049 - METRIC - INFO - {"loss": 0.39341285824775696, "accuracy": 0.8865545988082886, "energy_consumption": null, "selected": false, "client_name": "sta8"}
2026-06-25 17:11:13,054 - METRIC - INFO - {"loss": 0.3991159498691559, "accuracy": 0.8900560140609741, "energy_consumption": null, "selected": false, "client_name": "sta9"}
2026-06-25 17:11:13,891 - METRIC - INFO - mean_accuracy: 0.8856633576479825

2026-06-25 17:11:13,891 - METRIC - INFO - round: 5
2026-06-25 17:11:13,891 - METRIC - INFO - n_selected: 11
2026-06-25 17:11:13,891 - METRIC - INFO - {"selected_trainers": ["sta0", "sta1", "sta10", "sta2", "sta3", "sta4", "sta5", "sta6", "sta7", "sta8", "sta9"]}
2026-06-25 17:11:24,983 - EXECUT - INFO - received weights from trainer sta3!
2026-06-25 17:11:25,031 - EXECUT - INFO - received weights from trainer sta6!
2026-06-25 17:11:25,072 - EXECUT - INFO - received weights from trainer sta0!
2026-06-25 17:11:25,112 - EXECUT - INFO - received weights from trainer sta1!
2026-06-25 17:11:25,153 - EXECUT - INFO - received weights from trainer sta5!
2026-06-25 17:11:25,193 - EXECUT - INFO - received weights from trainer sta7!
2026-06-25 17:11:27,969 - EXECUT - INFO - received weights from trainer sta9!
2026-06-25 17:11:28,010 - EXECUT - INFO - received weights from trainer sta8!
2026-06-25 17:11:28,050 - EXECUT - INFO - received weights from trainer sta10!
2026-06-25 17:11:34,700 - EXECUT - INFO - received weights from trainer sta2!
2026-06-25 17:11:34,736 - EXECUT - INFO - received weights from trainer sta4!
2026-06-25 17:11:35,703 - EXECUT - INFO - sent aggregated weights to trainers!
2026-06-25 17:11:36,457 - METRIC - INFO - {"loss": 0.3118133246898651, "accuracy": 0.9208683371543884, "energy_consumption": null, "selected": false, "client_name": "sta1"}
2026-06-25 17:11:36,473 - METRIC - INFO - {"loss": 0.3220454156398773, "accuracy": 0.906862735748291, "energy_consumption": null, "selected": false, "client_name": "sta5"}
2026-06-25 17:11:36,505 - METRIC - INFO - {"loss": 0.3454012870788574, "accuracy": 0.9026610851287842, "energy_consumption": null, "selected": false, "client_name": "sta4"}
2026-06-25 17:11:36,520 - METRIC - INFO - {"loss": 0.3435042202472687, "accuracy": 0.8998599648475647, "energy_consumption": null, "selected": false, "client_name": "sta2"}
2026-06-25 17:11:36,520 - METRIC - INFO - {"loss": 0.3459263741970062, "accuracy": 0.9033613204956055, "energy_consumption": null, "selected": false, "client_name": "sta3"}
2026-06-25 17:11:36,531 - METRIC - INFO - {"loss": 0.337879478931427, "accuracy": 0.8991596698760986, "energy_consumption": null, "selected": false, "client_name": "sta6"}
2026-06-25 17:11:36,589 - METRIC - INFO - {"loss": 0.32843083143234253, "accuracy": 0.9117646813392639, "energy_consumption": null, "selected": false, "client_name": "sta7"}
2026-06-25 17:11:36,618 - METRIC - INFO - {"loss": 0.30812299251556396, "accuracy": 0.91246497631073, "energy_consumption": null, "selected": false, "client_name": "sta8"}
2026-06-25 17:11:36,649 - METRIC - INFO - {"loss": 0.3183183968067169, "accuracy": 0.9103641510009766, "energy_consumption": null, "selected": false, "client_name": "sta9"}
2026-06-25 17:11:36,710 - METRIC - INFO - {"loss": 0.3166625201702118, "accuracy": 0.9096638560295105, "energy_consumption": null, "selected": false, "client_name": "sta0"}
2026-06-25 17:11:36,783 - METRIC - INFO - {"loss": 0.32203209400177, "accuracy": 0.9082633256912231, "energy_consumption": null, "selected": false, "client_name": "sta10"}
2026-06-25 17:11:37,706 - METRIC - INFO - mean_accuracy: 0.9077540094202216

2026-06-25 17:11:37,706 - METRIC - INFO - round: 6
2026-06-25 17:11:37,706 - METRIC - INFO - n_selected: 11
2026-06-25 17:11:37,707 - METRIC - INFO - {"selected_trainers": ["sta0", "sta1", "sta10", "sta2", "sta3", "sta4", "sta5", "sta6", "sta7", "sta8", "sta9"]}
2026-06-25 17:11:48,685 - EXECUT - INFO - received weights from trainer sta0!
2026-06-25 17:11:48,726 - EXECUT - INFO - received weights from trainer sta5!
2026-06-25 17:11:48,760 - EXECUT - INFO - received weights from trainer sta1!
2026-06-25 17:11:48,794 - EXECUT - INFO - received weights from trainer sta2!
2026-06-25 17:11:48,827 - EXECUT - INFO - received weights from trainer sta3!
2026-06-25 17:11:48,861 - EXECUT - INFO - received weights from trainer sta4!
2026-06-25 17:11:48,895 - EXECUT - INFO - received weights from trainer sta6!
2026-06-25 17:11:48,928 - EXECUT - INFO - received weights from trainer sta7!
2026-06-25 17:11:51,825 - EXECUT - INFO - received weights from trainer sta10!
2026-06-25 17:11:51,878 - EXECUT - INFO - received weights from trainer sta8!
2026-06-25 17:11:51,972 - EXECUT - INFO - received weights from trainer sta9!
2026-06-25 17:11:53,454 - EXECUT - INFO - sent aggregated weights to trainers!
2026-06-25 17:11:54,166 - METRIC - INFO - {"loss": 0.2712557315826416, "accuracy": 0.9173669219017029, "energy_consumption": null, "selected": false, "client_name": "sta5"}
2026-06-25 17:11:54,168 - METRIC - INFO - {"loss": 0.2901281714439392, "accuracy": 0.9138655662536621, "energy_consumption": null, "selected": false, "client_name": "sta4"}
2026-06-25 17:11:54,208 - METRIC - INFO - {"loss": 0.26392123103141785, "accuracy": 0.930672287940979, "energy_consumption": null, "selected": false, "client_name": "sta0"}
2026-06-25 17:11:54,219 - METRIC - INFO - {"loss": 0.2608228623867035, "accuracy": 0.9341736435890198, "energy_consumption": null, "selected": false, "client_name": "sta1"}
2026-06-25 17:11:54,248 - METRIC - INFO - {"loss": 0.288664847612381, "accuracy": 0.9166666865348816, "energy_consumption": null, "selected": false, "client_name": "sta2"}
2026-06-25 17:11:54,249 - METRIC - INFO - {"loss": 0.27783143520355225, "accuracy": 0.9222689270973206, "energy_consumption": null, "selected": false, "client_name": "sta7"}
2026-06-25 17:11:54,252 - METRIC - INFO - {"loss": 0.28927549719810486, "accuracy": 0.9173669219017029, "energy_consumption": null, "selected": false, "client_name": "sta3"}
2026-06-25 17:11:54,265 - METRIC - INFO - {"loss": 0.2772703766822815, "accuracy": 0.9166666865348816, "energy_consumption": null, "selected": false, "client_name": "sta6"}
2026-06-25 17:11:54,337 - METRIC - INFO - {"loss": 0.25578969717025757, "accuracy": 0.9271708726882935, "energy_consumption": null, "selected": false, "client_name": "sta8"}
2026-06-25 17:11:54,353 - METRIC - INFO - {"loss": 0.2636116147041321, "accuracy": 0.924369752407074, "energy_consumption": null, "selected": false, "client_name": "sta9"}
2026-06-25 17:11:54,356 - METRIC - INFO - {"loss": 0.2627739906311035, "accuracy": 0.924369752407074, "energy_consumption": null, "selected": false, "client_name": "sta10"}
2026-06-25 17:11:54,456 - METRIC - INFO - mean_accuracy: 0.9222689108415083

2026-06-25 17:11:54,456 - METRIC - INFO - round: 7
2026-06-25 17:11:54,456 - METRIC - INFO - n_selected: 11
2026-06-25 17:11:54,456 - METRIC - INFO - {"selected_trainers": ["sta0", "sta1", "sta10", "sta2", "sta3", "sta4", "sta5", "sta6", "sta7", "sta8", "sta9"]}
2026-06-25 17:12:04,100 - EXECUT - INFO - received weights from trainer sta3!
2026-06-25 17:12:04,138 - EXECUT - INFO - received weights from trainer sta2!
2026-06-25 17:12:04,169 - EXECUT - INFO - received weights from trainer sta4!
2026-06-25 17:12:04,201 - EXECUT - INFO - received weights from trainer sta0!
2026-06-25 17:12:04,232 - EXECUT - INFO - received weights from trainer sta6!
2026-06-25 17:12:04,263 - EXECUT - INFO - received weights from trainer sta7!
2026-06-25 17:12:04,294 - EXECUT - INFO - received weights from trainer sta5!
2026-06-25 17:12:04,326 - EXECUT - INFO - received weights from trainer sta1!
2026-06-25 17:12:06,513 - EXECUT - INFO - received weights from trainer sta8!
2026-06-25 17:12:06,548 - EXECUT - INFO - received weights from trainer sta10!
2026-06-25 17:12:06,584 - EXECUT - INFO - received weights from trainer sta9!
2026-06-25 17:12:08,106 - EXECUT - INFO - sent aggregated weights to trainers!
2026-06-25 17:12:08,728 - METRIC - INFO - {"loss": 0.22729630768299103, "accuracy": 0.9376750588417053, "energy_consumption": null, "selected": false, "client_name": "sta0"}
2026-06-25 17:12:08,743 - METRIC - INFO - {"loss": 0.23407958447933197, "accuracy": 0.924369752407074, "energy_consumption": null, "selected": false, "client_name": "sta5"}
2026-06-25 17:12:08,743 - METRIC - INFO - {"loss": 0.22415676712989807, "accuracy": 0.9404761791229248, "energy_consumption": null, "selected": false, "client_name": "sta1"}
2026-06-25 17:12:08,772 - METRIC - INFO - {"loss": 0.24411383271217346, "accuracy": 0.930672287940979, "energy_consumption": null, "selected": false, "client_name": "sta2"}
2026-06-25 17:12:08,789 - METRIC - INFO - {"loss": 0.25106051564216614, "accuracy": 0.9327731132507324, "energy_consumption": null, "selected": false, "client_name": "sta4"}
2026-06-25 17:12:08,827 - METRIC - INFO - {"loss": 0.23298245668411255, "accuracy": 0.9320728182792664, "energy_consumption": null, "selected": false, "client_name": "sta6"}
2026-06-25 17:12:08,841 - METRIC - INFO - {"loss": 0.24772925674915314, "accuracy": 0.9285714030265808, "energy_consumption": null, "selected": false, "client_name": "sta3"}
2026-06-25 17:12:08,875 - METRIC - INFO - {"loss": 0.23879791796207428, "accuracy": 0.9313725233078003, "energy_consumption": null, "selected": false, "client_name": "sta7"}
2026-06-25 17:12:08,906 - METRIC - INFO - {"loss": 0.21845780313014984, "accuracy": 0.9369747638702393, "energy_consumption": null, "selected": false, "client_name": "sta8"}
2026-06-25 17:12:08,920 - METRIC - INFO - {"loss": 0.22434066236019135, "accuracy": 0.9341736435890198, "energy_consumption": null, "selected": false, "client_name": "sta10"}
2026-06-25 17:12:08,926 - METRIC - INFO - {"loss": 0.2266245186328888, "accuracy": 0.9334734082221985, "energy_consumption": null, "selected": false, "client_name": "sta9"}
2026-06-25 17:12:09,107 - METRIC - INFO - mean_accuracy: 0.9329640865325928

2026-06-25 17:12:09,107 - METRIC - INFO - round: 8
2026-06-25 17:12:09,108 - METRIC - INFO - n_selected: 11
2026-06-25 17:12:09,108 - METRIC - INFO - {"selected_trainers": ["sta0", "sta1", "sta10", "sta2", "sta3", "sta4", "sta5", "sta6", "sta7", "sta8", "sta9"]}
2026-06-25 17:12:18,753 - EXECUT - INFO - received weights from trainer sta6!
2026-06-25 17:12:18,791 - EXECUT - INFO - received weights from trainer sta2!
2026-06-25 17:12:18,822 - EXECUT - INFO - received weights from trainer sta4!
2026-06-25 17:12:18,854 - EXECUT - INFO - received weights from trainer sta3!
2026-06-25 17:12:18,884 - EXECUT - INFO - received weights from trainer sta1!
2026-06-25 17:12:18,915 - EXECUT - INFO - received weights from trainer sta7!
2026-06-25 17:12:18,946 - EXECUT - INFO - received weights from trainer sta0!
2026-06-25 17:12:18,977 - EXECUT - INFO - received weights from trainer sta5!
2026-06-25 17:12:21,129 - EXECUT - INFO - received weights from trainer sta10!
2026-06-25 17:12:21,160 - EXECUT - INFO - received weights from trainer sta8!
2026-06-25 17:12:21,190 - EXECUT - INFO - received weights from trainer sta9!
2026-06-25 17:12:22,757 - EXECUT - INFO - sent aggregated weights to trainers!
2026-06-25 17:12:23,400 - METRIC - INFO - {"loss": 0.20017118752002716, "accuracy": 0.9341736435890198, "energy_consumption": null, "selected": false, "client_name": "sta5"}
2026-06-25 17:12:23,423 - METRIC - INFO - {"loss": 0.19610707461833954, "accuracy": 0.9439775943756104, "energy_consumption": null, "selected": false, "client_name": "sta1"}
2026-06-25 17:12:23,425 - METRIC - INFO - {"loss": 0.20125825703144073, "accuracy": 0.9404761791229248, "energy_consumption": null, "selected": false, "client_name": "sta0"}
2026-06-25 17:12:23,453 - METRIC - INFO - {"loss": 0.2208273708820343, "accuracy": 0.9425770044326782, "energy_consumption": null, "selected": false, "client_name": "sta4"}
2026-06-25 17:12:23,463 - METRIC - INFO - {"loss": 0.21322448551654816, "accuracy": 0.9369747638702393, "energy_consumption": null, "selected": false, "client_name": "sta2"}
2026-06-25 17:12:23,474 - METRIC - INFO - {"loss": 0.20091593265533447, "accuracy": 0.9425770044326782, "energy_consumption": null, "selected": false, "client_name": "sta6"}
2026-06-25 17:12:23,494 - METRIC - INFO - {"loss": 0.21701297163963318, "accuracy": 0.9334734082221985, "energy_consumption": null, "selected": false, "client_name": "sta3"}
2026-06-25 17:12:23,516 - METRIC - INFO - {"loss": 0.19621163606643677, "accuracy": 0.9453781247138977, "energy_consumption": null, "selected": false, "client_name": "sta10"}
2026-06-25 17:12:23,522 - METRIC - INFO - {"loss": 0.21336132287979126, "accuracy": 0.936274528503418, "energy_consumption": null, "selected": false, "client_name": "sta7"}
2026-06-25 17:12:23,543 - METRIC - INFO - {"loss": 0.19166432321071625, "accuracy": 0.9439775943756104, "energy_consumption": null, "selected": false, "client_name": "sta8"}
2026-06-25 17:12:23,566 - METRIC - INFO - {"loss": 0.1976616084575653, "accuracy": 0.9390756487846375, "energy_consumption": null, "selected": false, "client_name": "sta9"}
2026-06-25 17:12:23,760 - METRIC - INFO - mean_accuracy: 0.9399032267657194

2026-06-25 17:12:23,760 - METRIC - INFO - round: 9
2026-06-25 17:12:23,760 - METRIC - INFO - n_selected: 11
2026-06-25 17:12:23,761 - METRIC - INFO - {"selected_trainers": ["sta0", "sta1", "sta10", "sta2", "sta3", "sta4", "sta5", "sta6", "sta7", "sta8", "sta9"]}
2026-06-25 17:12:32,819 - EXECUT - INFO - received weights from trainer sta2!
2026-06-25 17:12:32,856 - EXECUT - INFO - received weights from trainer sta3!
2026-06-25 17:12:32,885 - EXECUT - INFO - received weights from trainer sta6!
2026-06-25 17:12:32,915 - EXECUT - INFO - received weights from trainer sta0!
2026-06-25 17:12:32,956 - EXECUT - INFO - received weights from trainer sta5!
2026-06-25 17:12:32,985 - EXECUT - INFO - received weights from trainer sta1!
2026-06-25 17:12:33,014 - EXECUT - INFO - received weights from trainer sta7!
2026-06-25 17:12:34,298 - EXECUT - INFO - received weights from trainer sta4!
2026-06-25 17:12:34,970 - EXECUT - INFO - received weights from trainer sta10!
2026-06-25 17:12:35,002 - EXECUT - INFO - received weights from trainer sta8!
2026-06-25 17:12:35,068 - EXECUT - INFO - received weights from trainer sta9!
2026-06-25 17:12:36,369 - EXECUT - INFO - sent aggregated weights to trainers!
2026-06-25 17:12:36,959 - METRIC - INFO - {"loss": 0.17381249368190765, "accuracy": 0.9509803652763367, "energy_consumption": null, "selected": false, "client_name": "sta1"}
2026-06-25 17:12:36,967 - METRIC - INFO - {"loss": 0.19858098030090332, "accuracy": 0.9481792449951172, "energy_consumption": null, "selected": false, "client_name": "sta4"}
2026-06-25 17:12:36,981 - METRIC - INFO - {"loss": 0.1805039346218109, "accuracy": 0.9481792449951172, "energy_consumption": null, "selected": false, "client_name": "sta0"}
2026-06-25 17:12:36,999 - METRIC - INFO - {"loss": 0.17491374909877777, "accuracy": 0.9460784196853638, "energy_consumption": null, "selected": false, "client_name": "sta6"}
2026-06-25 17:12:37,001 - METRIC - INFO - {"loss": 0.18822121620178223, "accuracy": 0.9453781247138977, "energy_consumption": null, "selected": false, "client_name": "sta2"}
2026-06-25 17:12:37,004 - METRIC - INFO - {"loss": 0.17590536177158356, "accuracy": 0.9397758841514587, "energy_consumption": null, "selected": false, "client_name": "sta5"}
2026-06-25 17:12:37,024 - METRIC - INFO - {"loss": 0.1925046443939209, "accuracy": 0.9369747638702393, "energy_consumption": null, "selected": false, "client_name": "sta3"}
2026-06-25 17:12:37,076 - METRIC - INFO - {"loss": 0.18764765560626984, "accuracy": 0.9404761791229248, "energy_consumption": null, "selected": false, "client_name": "sta7"}
2026-06-25 17:12:37,091 - METRIC - INFO - {"loss": 0.17321175336837769, "accuracy": 0.9481792449951172, "energy_consumption": null, "selected": false, "client_name": "sta10"}
2026-06-25 17:12:37,105 - METRIC - INFO - {"loss": 0.17105437815189362, "accuracy": 0.9481792449951172, "energy_consumption": null, "selected": false, "client_name": "sta8"}
2026-06-25 17:12:37,111 - METRIC - INFO - {"loss": 0.1744159758090973, "accuracy": 0.9481792449951172, "energy_consumption": null, "selected": false, "client_name": "sta9"}
2026-06-25 17:12:37,370 - METRIC - INFO - mean_accuracy: 0.9455054510723461

2026-06-25 17:12:37,371 - METRIC - INFO - round: 10
2026-06-25 17:12:37,371 - METRIC - INFO - n_selected: 11
2026-06-25 17:12:37,371 - METRIC - INFO - {"selected_trainers": ["sta0", "sta1", "sta10", "sta2", "sta3", "sta4", "sta5", "sta6", "sta7", "sta8", "sta9"]}
2026-06-25 17:12:45,867 - EXECUT - INFO - received weights from trainer sta0!
2026-06-25 17:12:45,904 - EXECUT - INFO - received weights from trainer sta2!
2026-06-25 17:12:45,965 - EXECUT - INFO - received weights from trainer sta6!
2026-06-25 17:12:45,996 - EXECUT - INFO - received weights from trainer sta4!
2026-06-25 17:12:46,024 - EXECUT - INFO - received weights from trainer sta3!
2026-06-25 17:12:46,051 - EXECUT - INFO - received weights from trainer sta1!
2026-06-25 17:12:46,078 - EXECUT - INFO - received weights from trainer sta5!
2026-06-25 17:12:46,105 - EXECUT - INFO - received weights from trainer sta7!
2026-06-25 17:12:47,837 - EXECUT - INFO - received weights from trainer sta9!
2026-06-25 17:12:47,872 - EXECUT - INFO - received weights from trainer sta8!
2026-06-25 17:12:47,916 - EXECUT - INFO - received weights from trainer sta10!
2026-06-25 17:12:48,927 - EXECUT - INFO - sent aggregated weights to trainers!
2026-06-25 17:12:49,469 - METRIC - INFO - {"loss": 0.16241343319416046, "accuracy": 0.9495798349380493, "energy_consumption": null, "selected": false, "client_name": "sta0"}
2026-06-25 17:12:49,502 - METRIC - INFO - {"loss": 0.1555977761745453, "accuracy": 0.9544817805290222, "energy_consumption": null, "selected": false, "client_name": "sta1"}
2026-06-25 17:12:49,504 - METRIC - INFO - {"loss": 0.156028151512146, "accuracy": 0.9474790096282959, "energy_consumption": null, "selected": false, "client_name": "sta5"}
2026-06-25 17:12:49,519 - METRIC - INFO - {"loss": 0.16715209186077118, "accuracy": 0.9488795399665833, "energy_consumption": null, "selected": false, "client_name": "sta2"}
2026-06-25 17:12:49,527 - METRIC - INFO - {"loss": 0.1795317679643631, "accuracy": 0.9516806602478027, "energy_consumption": null, "selected": false, "client_name": "sta4"}
2026-06-25 17:12:49,553 - METRIC - INFO - {"loss": 0.15544509887695312, "accuracy": 0.9530812501907349, "energy_consumption": null, "selected": false, "client_name": "sta6"}
2026-06-25 17:12:49,564 - METRIC - INFO - {"loss": 0.17302744090557098, "accuracy": 0.9446778893470764, "energy_consumption": null, "selected": false, "client_name": "sta3"}
2026-06-25 17:12:49,569 - METRIC - INFO - {"loss": 0.17193754017353058, "accuracy": 0.9481792449951172, "energy_consumption": null, "selected": false, "client_name": "sta7"}
2026-06-25 17:12:49,601 - METRIC - INFO - {"loss": 0.1563630998134613, "accuracy": 0.9544817805290222, "energy_consumption": null, "selected": false, "client_name": "sta10"}
2026-06-25 17:12:49,632 - METRIC - INFO - {"loss": 0.15540671348571777, "accuracy": 0.9537814855575562, "energy_consumption": null, "selected": false, "client_name": "sta8"}
2026-06-25 17:12:49,644 - METRIC - INFO - {"loss": 0.15688972175121307, "accuracy": 0.9551820755004883, "energy_consumption": null, "selected": false, "client_name": "sta9"}
2026-06-25 17:12:49,928 - METRIC - INFO - mean_accuracy: 0.9510440501299772

2026-06-25 17:12:49,928 - METRIC - INFO - round: 11
2026-06-25 17:12:49,928 - METRIC - INFO - n_selected: 11
2026-06-25 17:12:49,928 - METRIC - INFO - {"selected_trainers": ["sta0", "sta1", "sta10", "sta2", "sta3", "sta4", "sta5", "sta6", "sta7", "sta8", "sta9"]}
2026-06-25 17:12:57,937 - EXECUT - INFO - received weights from trainer sta6!
2026-06-25 17:12:57,967 - EXECUT - INFO - received weights from trainer sta4!
2026-06-25 17:12:58,002 - EXECUT - INFO - received weights from trainer sta2!
2026-06-25 17:12:58,033 - EXECUT - INFO - received weights from trainer sta5!
2026-06-25 17:12:58,063 - EXECUT - INFO - received weights from trainer sta3!
2026-06-25 17:12:58,092 - EXECUT - INFO - received weights from trainer sta0!
2026-06-25 17:12:58,122 - EXECUT - INFO - received weights from trainer sta1!
2026-06-25 17:12:58,151 - EXECUT - INFO - received weights from trainer sta7!
2026-06-25 17:12:59,653 - EXECUT - INFO - received weights from trainer sta8!
2026-06-25 17:12:59,696 - EXECUT - INFO - received weights from trainer sta10!
2026-06-25 17:12:59,721 - EXECUT - INFO - received weights from trainer sta9!
2026-06-25 17:13:00,506 - EXECUT - INFO - sent aggregated weights to trainers!
2026-06-25 17:13:01,036 - METRIC - INFO - {"loss": 0.14029242098331451, "accuracy": 0.9579831957817078, "energy_consumption": null, "selected": false, "client_name": "sta1"}
2026-06-25 17:13:01,040 - METRIC - INFO - {"loss": 0.1501309722661972, "accuracy": 0.9523809552192688, "energy_consumption": null, "selected": false, "client_name": "sta0"}
2026-06-25 17:13:01,063 - METRIC - INFO - {"loss": 0.15085314214229584, "accuracy": 0.9530812501907349, "energy_consumption": null, "selected": false, "client_name": "sta2"}
2026-06-25 17:13:01,071 - METRIC - INFO - {"loss": 0.16230858862400055, "accuracy": 0.9544817805290222, "energy_consumption": null, "selected": false, "client_name": "sta4"}
2026-06-25 17:13:01,072 - METRIC - INFO - {"loss": 0.1402173787355423, "accuracy": 0.9495798349380493, "energy_consumption": null, "selected": false, "client_name": "sta5"}
2026-06-25 17:13:01,079 - METRIC - INFO - {"loss": 0.1423519402742386, "accuracy": 0.9558823704719543, "energy_consumption": null, "selected": false, "client_name": "sta6"}
2026-06-25 17:13:01,083 - METRIC - INFO - {"loss": 0.15628428757190704, "accuracy": 0.9495798349380493, "energy_consumption": null, "selected": false, "client_name": "sta3"}
2026-06-25 17:13:01,145 - METRIC - INFO - {"loss": 0.1409187912940979, "accuracy": 0.9544817805290222, "energy_consumption": null, "selected": false, "client_name": "sta10"}
2026-06-25 17:13:01,146 - METRIC - INFO - {"loss": 0.15477311611175537, "accuracy": 0.9516806602478027, "energy_consumption": null, "selected": false, "client_name": "sta7"}
2026-06-25 17:13:01,162 - METRIC - INFO - {"loss": 0.14274680614471436, "accuracy": 0.9621848464012146, "energy_consumption": null, "selected": false, "client_name": "sta9"}
2026-06-25 17:13:01,171 - METRIC - INFO - {"loss": 0.14044633507728577, "accuracy": 0.9579831957817078, "energy_consumption": null, "selected": false, "client_name": "sta8"}
2026-06-25 17:13:01,507 - METRIC - INFO - mean_accuracy: 0.9544817913662303

2026-06-25 17:13:01,508 - METRIC - INFO - round: 12
2026-06-25 17:13:01,508 - METRIC - INFO - n_selected: 11
2026-06-25 17:13:01,508 - METRIC - INFO - {"selected_trainers": ["sta0", "sta1", "sta10", "sta2", "sta3", "sta4", "sta5", "sta6", "sta7", "sta8", "sta9"]}
2026-06-25 17:13:09,336 - EXECUT - INFO - received weights from trainer sta5!
2026-06-25 17:13:09,437 - EXECUT - INFO - received weights from trainer sta6!
2026-06-25 17:13:09,527 - EXECUT - INFO - received weights from trainer sta4!
2026-06-25 17:13:09,552 - EXECUT - INFO - received weights from trainer sta3!
2026-06-25 17:13:09,577 - EXECUT - INFO - received weights from trainer sta1!
2026-06-25 17:13:09,602 - EXECUT - INFO - received weights from trainer sta0!
2026-06-25 17:13:09,626 - EXECUT - INFO - received weights from trainer sta2!
2026-06-25 17:13:09,685 - EXECUT - INFO - received weights from trainer sta7!
2026-06-25 17:13:11,239 - EXECUT - INFO - received weights from trainer sta8!
2026-06-25 17:13:11,305 - EXECUT - INFO - received weights from trainer sta9!
2026-06-25 17:13:11,330 - EXECUT - INFO - received weights from trainer sta10!
2026-06-25 17:13:12,015 - EXECUT - INFO - sent aggregated weights to trainers!
2026-06-25 17:13:12,510 - METRIC - INFO - {"loss": 0.13768687844276428, "accuracy": 0.9593837261199951, "energy_consumption": null, "selected": false, "client_name": "sta0"}
2026-06-25 17:13:12,512 - METRIC - INFO - {"loss": 0.12908366322517395, "accuracy": 0.9642857313156128, "energy_consumption": null, "selected": false, "client_name": "sta1"}
2026-06-25 17:13:12,536 - METRIC - INFO - {"loss": 0.1509345918893814, "accuracy": 0.9565826058387756, "energy_consumption": null, "selected": false, "client_name": "sta4"}
2026-06-25 17:13:12,549 - METRIC - INFO - {"loss": 0.1292029768228531, "accuracy": 0.9642857313156128, "energy_consumption": null, "selected": false, "client_name": "sta6"}
2026-06-25 17:13:12,562 - METRIC - INFO - {"loss": 0.14319729804992676, "accuracy": 0.9551820755004883, "energy_consumption": null, "selected": false, "client_name": "sta3"}
2026-06-25 17:13:12,570 - METRIC - INFO - {"loss": 0.127174511551857, "accuracy": 0.9586834907531738, "energy_consumption": null, "selected": false, "client_name": "sta5"}
2026-06-25 17:13:12,596 - METRIC - INFO - {"loss": 0.1369955837726593, "accuracy": 0.9558823704719543, "energy_consumption": null, "selected": false, "client_name": "sta2"}
2026-06-25 17:13:12,646 - METRIC - INFO - {"loss": 0.14402712881565094, "accuracy": 0.9551820755004883, "energy_consumption": null, "selected": false, "client_name": "sta7"}
2026-06-25 17:13:12,678 - METRIC - INFO - {"loss": 0.12858149409294128, "accuracy": 0.9607843160629272, "energy_consumption": null, "selected": false, "client_name": "sta10"}
2026-06-25 17:13:12,678 - METRIC - INFO - {"loss": 0.12927183508872986, "accuracy": 0.9642857313156128, "energy_consumption": null, "selected": false, "client_name": "sta8"}
2026-06-25 17:13:12,699 - METRIC - INFO - {"loss": 0.13049787282943726, "accuracy": 0.9656862616539001, "energy_consumption": null, "selected": false, "client_name": "sta9"}
2026-06-25 17:13:13,017 - METRIC - INFO - mean_accuracy: 0.9600203741680492

2026-06-25 17:13:13,017 - METRIC - INFO - round: 13
2026-06-25 17:13:13,017 - METRIC - INFO - n_selected: 11
2026-06-25 17:13:13,017 - METRIC - INFO - {"selected_trainers": ["sta0", "sta1", "sta10", "sta2", "sta3", "sta4", "sta5", "sta6", "sta7", "sta8", "sta9"]}
2026-06-25 17:13:20,878 - EXECUT - INFO - received weights from trainer sta5!
2026-06-25 17:13:20,908 - EXECUT - INFO - received weights from trainer sta1!
2026-06-25 17:13:21,022 - EXECUT - INFO - received weights from trainer sta4!
2026-06-25 17:13:21,047 - EXECUT - INFO - received weights from trainer sta0!
2026-06-25 17:13:21,072 - EXECUT - INFO - received weights from trainer sta2!
2026-06-25 17:13:21,096 - EXECUT - INFO - received weights from trainer sta3!
2026-06-25 17:13:21,121 - EXECUT - INFO - received weights from trainer sta6!
2026-06-25 17:13:21,231 - EXECUT - INFO - received weights from trainer sta7!
2026-06-25 17:13:22,761 - EXECUT - INFO - received weights from trainer sta9!
2026-06-25 17:13:22,790 - EXECUT - INFO - received weights from trainer sta8!
2026-06-25 17:13:22,818 - EXECUT - INFO - received weights from trainer sta10!
2026-06-25 17:13:23,533 - EXECUT - INFO - sent aggregated weights to trainers!
2026-06-25 17:13:24,048 - METRIC - INFO - {"loss": 0.12663014233112335, "accuracy": 0.9621848464012146, "energy_consumption": null, "selected": false, "client_name": "sta0"}
2026-06-25 17:13:24,051 - METRIC - INFO - {"loss": 0.11675138771533966, "accuracy": 0.9600840210914612, "energy_consumption": null, "selected": false, "client_name": "sta5"}
2026-06-25 17:13:24,057 - METRIC - INFO - {"loss": 0.1394343227148056, "accuracy": 0.9579831957817078, "energy_consumption": null, "selected": false, "client_name": "sta4"}
2026-06-25 17:13:24,080 - METRIC - INFO - {"loss": 0.11839316040277481, "accuracy": 0.9649859666824341, "energy_consumption": null, "selected": false, "client_name": "sta1"}
2026-06-25 17:13:24,091 - METRIC - INFO - {"loss": 0.13144128024578094, "accuracy": 0.9558823704719543, "energy_consumption": null, "selected": false, "client_name": "sta3"}
2026-06-25 17:13:24,110 - METRIC - INFO - {"loss": 0.13017012178897858, "accuracy": 0.9579831957817078, "energy_consumption": null, "selected": false, "client_name": "sta7"}
2026-06-25 17:13:24,121 - METRIC - INFO - {"loss": 0.1287001222372055, "accuracy": 0.9586834907531738, "energy_consumption": null, "selected": false, "client_name": "sta2"}
2026-06-25 17:13:24,121 - METRIC - INFO - {"loss": 0.12083011120557785, "accuracy": 0.9642857313156128, "energy_consumption": null, "selected": false, "client_name": "sta6"}
2026-06-25 17:13:24,162 - METRIC - INFO - {"loss": 0.12044856697320938, "accuracy": 0.9635854363441467, "energy_consumption": null, "selected": false, "client_name": "sta10"}
2026-06-25 17:13:24,185 - METRIC - INFO - {"loss": 0.12131079286336899, "accuracy": 0.9677870869636536, "energy_consumption": null, "selected": false, "client_name": "sta9"}
2026-06-25 17:13:24,196 - METRIC - INFO - {"loss": 0.11999455094337463, "accuracy": 0.9663865566253662, "energy_consumption": null, "selected": false, "client_name": "sta8"}
2026-06-25 17:13:24,534 - METRIC - INFO - mean_accuracy: 0.9618028998374939

2026-06-25 17:13:24,534 - METRIC - INFO - round: 14
2026-06-25 17:13:24,534 - METRIC - INFO - n_selected: 11
2026-06-25 17:13:24,534 - METRIC - INFO - {"selected_trainers": ["sta0", "sta1", "sta10", "sta2", "sta3", "sta4", "sta5", "sta6", "sta7", "sta8", "sta9"]}
2026-06-25 17:13:31,701 - EXECUT - INFO - received weights from trainer sta2!
2026-06-25 17:13:31,782 - EXECUT - INFO - received weights from trainer sta1!
2026-06-25 17:13:31,811 - EXECUT - INFO - received weights from trainer sta0!
2026-06-25 17:13:31,834 - EXECUT - INFO - received weights from trainer sta5!
2026-06-25 17:13:31,857 - EXECUT - INFO - received weights from trainer sta3!
2026-06-25 17:13:31,880 - EXECUT - INFO - received weights from trainer sta6!
2026-06-25 17:13:31,903 - EXECUT - INFO - received weights from trainer sta7!
2026-06-25 17:13:33,249 - EXECUT - INFO - received weights from trainer sta10!
2026-06-25 17:13:33,275 - EXECUT - INFO - received weights from trainer sta9!
2026-06-25 17:13:33,301 - EXECUT - INFO - received weights from trainer sta8!
2026-06-25 17:13:35,042 - EXECUT - INFO - received weights from trainer sta4!
2026-06-25 17:13:36,028 - EXECUT - INFO - sent aggregated weights to trainers!
2026-06-25 17:13:36,512 - METRIC - INFO - {"loss": 0.12016338109970093, "accuracy": 0.9642857313156128, "energy_consumption": null, "selected": false, "client_name": "sta0"}
2026-06-25 17:13:36,520 - METRIC - INFO - {"loss": 0.10859497636556625, "accuracy": 0.9607843160629272, "energy_consumption": null, "selected": false, "client_name": "sta5"}
2026-06-25 17:13:36,526 - METRIC - INFO - {"loss": 0.13143695890903473, "accuracy": 0.9600840210914612, "energy_consumption": null, "selected": false, "client_name": "sta4"}
2026-06-25 17:13:36,530 - METRIC - INFO - {"loss": 0.10964222252368927, "accuracy": 0.9698879718780518, "energy_consumption": null, "selected": false, "client_name": "sta1"}
2026-06-25 17:13:36,538 - METRIC - INFO - {"loss": 0.11898350715637207, "accuracy": 0.9628851413726807, "energy_consumption": null, "selected": false, "client_name": "sta2"}
2026-06-25 17:13:36,539 - METRIC - INFO - {"loss": 0.11172937601804733, "accuracy": 0.9663865566253662, "energy_consumption": null, "selected": false, "client_name": "sta6"}
2026-06-25 17:13:36,571 - METRIC - INFO - {"loss": 0.12043755501508713, "accuracy": 0.9572829008102417, "energy_consumption": null, "selected": false, "client_name": "sta3"}
2026-06-25 17:13:36,605 - METRIC - INFO - {"loss": 0.123395636677742, "accuracy": 0.9642857313156128, "energy_consumption": null, "selected": false, "client_name": "sta7"}
2026-06-25 17:13:36,613 - METRIC - INFO - {"loss": 0.11016318202018738, "accuracy": 0.9656862616539001, "energy_consumption": null, "selected": false, "client_name": "sta10"}
2026-06-25 17:13:36,627 - METRIC - INFO - {"loss": 0.11309071630239487, "accuracy": 0.9719887971878052, "energy_consumption": null, "selected": false, "client_name": "sta9"}
2026-06-25 17:13:36,632 - METRIC - INFO - {"loss": 0.1135927066206932, "accuracy": 0.9691876769065857, "energy_consumption": null, "selected": false, "client_name": "sta8"}
2026-06-25 17:13:37,030 - METRIC - INFO - mean_accuracy: 0.964795009656386

2026-06-25 17:13:37,030 - METRIC - INFO - round: 15
2026-06-25 17:13:37,030 - METRIC - INFO - n_selected: 11
2026-06-25 17:13:37,030 - METRIC - INFO - {"selected_trainers": ["sta0", "sta1", "sta10", "sta2", "sta3", "sta4", "sta5", "sta6", "sta7", "sta8", "sta9"]}
2026-06-25 17:13:43,804 - EXECUT - INFO - received weights from trainer sta0!
2026-06-25 17:13:43,907 - EXECUT - INFO - received weights from trainer sta2!
2026-06-25 17:13:43,935 - EXECUT - INFO - received weights from trainer sta4!
2026-06-25 17:13:43,981 - EXECUT - INFO - received weights from trainer sta1!
2026-06-25 17:13:44,003 - EXECUT - INFO - received weights from trainer sta5!
2026-06-25 17:13:44,025 - EXECUT - INFO - received weights from trainer sta6!
2026-06-25 17:13:44,063 - EXECUT - INFO - received weights from trainer sta7!
2026-06-25 17:13:45,352 - EXECUT - INFO - received weights from trainer sta8!
2026-06-25 17:13:45,376 - EXECUT - INFO - received weights from trainer sta10!
2026-06-25 17:13:45,401 - EXECUT - INFO - received weights from trainer sta9!
2026-06-25 17:13:47,560 - EXECUT - INFO - received weights from trainer sta3!
2026-06-25 17:13:48,500 - EXECUT - INFO - sent aggregated weights to trainers!
2026-06-25 17:13:48,963 - METRIC - INFO - {"loss": 0.10225086659193039, "accuracy": 0.9712885022163391, "energy_consumption": null, "selected": false, "client_name": "sta1"}
2026-06-25 17:13:48,972 - METRIC - INFO - {"loss": 0.11362407356500626, "accuracy": 0.9670868515968323, "energy_consumption": null, "selected": false, "client_name": "sta0"}
2026-06-25 17:13:48,980 - METRIC - INFO - {"loss": 0.10964198410511017, "accuracy": 0.9663865566253662, "energy_consumption": null, "selected": false, "client_name": "sta2"}
2026-06-25 17:13:48,985 - METRIC - INFO - {"loss": 0.10056649893522263, "accuracy": 0.9663865566253662, "energy_consumption": null, "selected": false, "client_name": "sta5"}
2026-06-25 17:13:48,999 - METRIC - INFO - {"loss": 0.10485503077507019, "accuracy": 0.9698879718780518, "energy_consumption": null, "selected": false, "client_name": "sta6"}
2026-06-25 17:13:49,005 - METRIC - INFO - {"loss": 0.12158215045928955, "accuracy": 0.9635854363441467, "energy_consumption": null, "selected": false, "client_name": "sta4"}
2026-06-25 17:13:49,028 - METRIC - INFO - {"loss": 0.11359597742557526, "accuracy": 0.9642857313156128, "energy_consumption": null, "selected": false, "client_name": "sta3"}
2026-06-25 17:13:49,038 - METRIC - INFO - {"loss": 0.11401534080505371, "accuracy": 0.9663865566253662, "energy_consumption": null, "selected": false, "client_name": "sta7"}
2026-06-25 17:13:49,051 - METRIC - INFO - {"loss": 0.10346605628728867, "accuracy": 0.9670868515968323, "energy_consumption": null, "selected": false, "client_name": "sta10"}
2026-06-25 17:13:49,063 - METRIC - INFO - {"loss": 0.10986928641796112, "accuracy": 0.9698879718780518, "energy_consumption": null, "selected": false, "client_name": "sta8"}
2026-06-25 17:13:49,077 - METRIC - INFO - {"loss": 0.10601400583982468, "accuracy": 0.9719887971878052, "energy_consumption": null, "selected": false, "client_name": "sta9"}
2026-06-25 17:13:49,503 - METRIC - INFO - mean_accuracy: 0.9676597985354337

2026-06-25 17:13:49,503 - METRIC - INFO - round: 16
2026-06-25 17:13:49,503 - METRIC - INFO - n_selected: 11
2026-06-25 17:13:49,503 - METRIC - INFO - {"selected_trainers": ["sta0", "sta1", "sta10", "sta2", "sta3", "sta4", "sta5", "sta6", "sta7", "sta8", "sta9"]}
2026-06-25 17:13:56,268 - EXECUT - INFO - received weights from trainer sta4!
2026-06-25 17:13:56,311 - EXECUT - INFO - received weights from trainer sta5!
2026-06-25 17:13:56,336 - EXECUT - INFO - received weights from trainer sta1!
2026-06-25 17:13:56,365 - EXECUT - INFO - received weights from trainer sta2!
2026-06-25 17:13:56,389 - EXECUT - INFO - received weights from trainer sta0!
2026-06-25 17:13:56,414 - EXECUT - INFO - received weights from trainer sta6!
2026-06-25 17:13:56,435 - EXECUT - INFO - received weights from trainer sta7!
2026-06-25 17:13:57,774 - EXECUT - INFO - received weights from trainer sta8!
2026-06-25 17:13:57,795 - EXECUT - INFO - received weights from trainer sta9!
2026-06-25 17:13:57,815 - EXECUT - INFO - received weights from trainer sta10!
2026-06-25 17:13:59,957 - EXECUT - INFO - received weights from trainer sta3!
2026-06-25 17:14:00,938 - EXECUT - INFO - sent aggregated weights to trainers!
2026-06-25 17:14:01,376 - METRIC - INFO - {"loss": 0.10781026631593704, "accuracy": 0.9670868515968323, "energy_consumption": null, "selected": false, "client_name": "sta0"}
2026-06-25 17:14:01,404 - METRIC - INFO - {"loss": 0.1132800355553627, "accuracy": 0.9677870869636536, "energy_consumption": null, "selected": false, "client_name": "sta4"}
2026-06-25 17:14:01,416 - METRIC - INFO - {"loss": 0.09421475231647491, "accuracy": 0.9726890921592712, "energy_consumption": null, "selected": false, "client_name": "sta1"}
2026-06-25 17:14:01,427 - METRIC - INFO - {"loss": 0.09502728283405304, "accuracy": 0.970588207244873, "energy_consumption": null, "selected": false, "client_name": "sta5"}
2026-06-25 17:14:01,462 - METRIC - INFO - {"loss": 0.10344959050416946, "accuracy": 0.9670868515968323, "energy_consumption": null, "selected": false, "client_name": "sta2"}
2026-06-25 17:14:01,481 - METRIC - INFO - {"loss": 0.1059836819767952, "accuracy": 0.9663865566253662, "energy_consumption": null, "selected": false, "client_name": "sta3"}
2026-06-25 17:14:01,594 - METRIC - INFO - {"loss": 0.09921281039714813, "accuracy": 0.9691876769065857, "energy_consumption": null, "selected": false, "client_name": "sta6"}
2026-06-25 17:14:01,632 - METRIC - INFO - {"loss": 0.1075415164232254, "accuracy": 0.9677870869636536, "energy_consumption": null, "selected": false, "client_name": "sta7"}
2026-06-25 17:14:01,633 - METRIC - INFO - {"loss": 0.09637824445962906, "accuracy": 0.9698879718780518, "energy_consumption": null, "selected": false, "client_name": "sta10"}
2026-06-25 17:14:01,634 - METRIC - INFO - {"loss": 0.10226142406463623, "accuracy": 0.9719887971878052, "energy_consumption": null, "selected": false, "client_name": "sta8"}
2026-06-25 17:14:01,648 - METRIC - INFO - {"loss": 0.10146445780992508, "accuracy": 0.976190447807312, "energy_consumption": null, "selected": false, "client_name": "sta9"}
2026-06-25 17:14:01,939 - METRIC - INFO - mean_accuracy: 0.969696966084567

2026-06-25 17:14:01,939 - METRIC - INFO - round: 17
2026-06-25 17:14:01,939 - METRIC - INFO - n_selected: 11
2026-06-25 17:14:01,939 - METRIC - INFO - {"selected_trainers": ["sta0", "sta1", "sta10", "sta2", "sta3", "sta4", "sta5", "sta6", "sta7", "sta8", "sta9"]}
2026-06-25 17:14:08,229 - EXECUT - INFO - received weights from trainer sta4!
2026-06-25 17:14:08,261 - EXECUT - INFO - received weights from trainer sta3!
2026-06-25 17:14:08,296 - EXECUT - INFO - received weights from trainer sta2!
2026-06-25 17:14:08,321 - EXECUT - INFO - received weights from trainer sta1!
2026-06-25 17:14:08,341 - EXECUT - INFO - received weights from trainer sta0!
2026-06-25 17:14:08,361 - EXECUT - INFO - received weights from trainer sta6!
2026-06-25 17:14:08,381 - EXECUT - INFO - received weights from trainer sta5!
2026-06-25 17:14:08,434 - EXECUT - INFO - received weights from trainer sta7!
2026-06-25 17:14:09,515 - EXECUT - INFO - received weights from trainer sta10!
2026-06-25 17:14:09,537 - EXECUT - INFO - received weights from trainer sta8!
2026-06-25 17:14:09,559 - EXECUT - INFO - received weights from trainer sta9!
2026-06-25 17:14:10,346 - EXECUT - INFO - sent aggregated weights to trainers!
2026-06-25 17:14:10,781 - METRIC - INFO - {"loss": 0.09960132837295532, "accuracy": 0.9691876769065857, "energy_consumption": null, "selected": false, "client_name": "sta0"}
2026-06-25 17:14:10,837 - METRIC - INFO - {"loss": 0.10592205822467804, "accuracy": 0.9691876769065857, "energy_consumption": null, "selected": false, "client_name": "sta7"}
2026-06-25 17:14:10,848 - METRIC - INFO - {"loss": 0.09463980048894882, "accuracy": 0.970588207244873, "energy_consumption": null, "selected": false, "client_name": "sta6"}
2026-06-25 17:14:10,877 - METRIC - INFO - {"loss": 0.09671720117330551, "accuracy": 0.9719887971878052, "energy_consumption": null, "selected": false, "client_name": "sta8"}
2026-06-25 17:14:10,878 - METRIC - INFO - {"loss": 0.09509330987930298, "accuracy": 0.9740896224975586, "energy_consumption": null, "selected": false, "client_name": "sta9"}
2026-06-25 17:14:10,902 - METRIC - INFO - {"loss": 0.0879412293434143, "accuracy": 0.9712885022163391, "energy_consumption": null, "selected": false, "client_name": "sta5"}
2026-06-25 17:14:10,912 - METRIC - INFO - {"loss": 0.09081445634365082, "accuracy": 0.9726890921592712, "energy_consumption": null, "selected": false, "client_name": "sta10"}
2026-06-25 17:14:10,923 - METRIC - INFO - {"loss": 0.08992075175046921, "accuracy": 0.9726890921592712, "energy_consumption": null, "selected": false, "client_name": "sta1"}
2026-06-25 17:14:10,938 - METRIC - INFO - {"loss": 0.10862840712070465, "accuracy": 0.9677870869636536, "energy_consumption": null, "selected": false, "client_name": "sta4"}
2026-06-25 17:14:10,960 - METRIC - INFO - {"loss": 0.09775184094905853, "accuracy": 0.9726890921592712, "energy_consumption": null, "selected": false, "client_name": "sta2"}
2026-06-25 17:14:10,972 - METRIC - INFO - {"loss": 0.09837568551301956, "accuracy": 0.9712885022163391, "energy_consumption": null, "selected": false, "client_name": "sta3"}
2026-06-25 17:14:11,349 - METRIC - INFO - mean_accuracy: 0.9712248498743231

2026-06-25 17:14:11,349 - METRIC - INFO - round: 18
2026-06-25 17:14:11,349 - METRIC - INFO - n_selected: 11
2026-06-25 17:14:11,349 - METRIC - INFO - {"selected_trainers": ["sta0", "sta1", "sta10", "sta2", "sta3", "sta4", "sta5", "sta6", "sta7", "sta8", "sta9"]}
2026-06-25 17:14:17,596 - EXECUT - INFO - received weights from trainer sta4!
2026-06-25 17:14:17,616 - EXECUT - INFO - received weights from trainer sta2!
2026-06-25 17:14:17,635 - EXECUT - INFO - received weights from trainer sta5!
2026-06-25 17:14:17,659 - EXECUT - INFO - received weights from trainer sta0!
2026-06-25 17:14:17,678 - EXECUT - INFO - received weights from trainer sta1!
2026-06-25 17:14:17,697 - EXECUT - INFO - received weights from trainer sta6!
2026-06-25 17:14:17,716 - EXECUT - INFO - received weights from trainer sta3!
2026-06-25 17:14:17,735 - EXECUT - INFO - received weights from trainer sta7!
2026-06-25 17:14:18,862 - EXECUT - INFO - received weights from trainer sta10!
2026-06-25 17:14:18,898 - EXECUT - INFO - received weights from trainer sta8!
2026-06-25 17:14:21,805 - EXECUT - INFO - received weights from trainer sta9!
2026-06-25 17:14:22,746 - EXECUT - INFO - sent aggregated weights to trainers!
2026-06-25 17:14:23,187 - METRIC - INFO - {"loss": 0.09390360116958618, "accuracy": 0.9719887971878052, "energy_consumption": null, "selected": false, "client_name": "sta0"}
2026-06-25 17:14:23,193 - METRIC - INFO - {"loss": 0.09276819974184036, "accuracy": 0.970588207244873, "energy_consumption": null, "selected": false, "client_name": "sta3"}
2026-06-25 17:14:23,203 - METRIC - INFO - {"loss": 0.08384890854358673, "accuracy": 0.9754902124404907, "energy_consumption": null, "selected": false, "client_name": "sta1"}
2026-06-25 17:14:23,206 - METRIC - INFO - {"loss": 0.08497657626867294, "accuracy": 0.9719887971878052, "energy_consumption": null, "selected": false, "client_name": "sta5"}
2026-06-25 17:14:23,212 - METRIC - INFO - {"loss": 0.10291199386119843, "accuracy": 0.970588207244873, "energy_consumption": null, "selected": false, "client_name": "sta4"}
2026-06-25 17:14:23,227 - METRIC - INFO - {"loss": 0.09171164035797119, "accuracy": 0.9698879718780518, "energy_consumption": null, "selected": false, "client_name": "sta2"}
2026-06-25 17:14:23,239 - METRIC - INFO - {"loss": 0.08808492124080658, "accuracy": 0.9719887971878052, "energy_consumption": null, "selected": false, "client_name": "sta6"}
2026-06-25 17:14:23,250 - METRIC - INFO - {"loss": 0.09597234427928925, "accuracy": 0.9733893275260925, "energy_consumption": null, "selected": false, "client_name": "sta7"}
2026-06-25 17:14:23,268 - METRIC - INFO - {"loss": 0.09359549731016159, "accuracy": 0.9726890921592712, "energy_consumption": null, "selected": false, "client_name": "sta8"}
2026-06-25 17:14:23,268 - METRIC - INFO - {"loss": 0.08840898424386978, "accuracy": 0.9719887971878052, "energy_consumption": null, "selected": false, "client_name": "sta10"}
2026-06-25 17:14:23,276 - METRIC - INFO - {"loss": 0.09039710462093353, "accuracy": 0.9754902124404907, "energy_consumption": null, "selected": false, "client_name": "sta9"}
2026-06-25 17:14:23,748 - METRIC - INFO - mean_accuracy: 0.9723707654259421

2026-06-25 17:14:23,749 - METRIC - INFO - round: 19
2026-06-25 17:14:23,749 - METRIC - INFO - n_selected: 11
2026-06-25 17:14:23,749 - METRIC - INFO - {"selected_trainers": ["sta0", "sta1", "sta10", "sta2", "sta3", "sta4", "sta5", "sta6", "sta7", "sta8", "sta9"]}
2026-06-25 17:14:29,952 - EXECUT - INFO - received weights from trainer sta2!
2026-06-25 17:14:29,972 - EXECUT - INFO - received weights from trainer sta5!
2026-06-25 17:14:29,997 - EXECUT - INFO - received weights from trainer sta4!
2026-06-25 17:14:30,046 - EXECUT - INFO - received weights from trainer sta0!
2026-06-25 17:14:30,069 - EXECUT - INFO - received weights from trainer sta3!
2026-06-25 17:14:30,092 - EXECUT - INFO - received weights from trainer sta6!
2026-06-25 17:14:30,114 - EXECUT - INFO - received weights from trainer sta1!
2026-06-25 17:14:30,137 - EXECUT - INFO - received weights from trainer sta7!
2026-06-25 17:14:31,315 - EXECUT - INFO - received weights from trainer sta10!
2026-06-25 17:14:31,342 - EXECUT - INFO - received weights from trainer sta9!
2026-06-25 17:14:31,372 - EXECUT - INFO - received weights from trainer sta8!
2026-06-25 17:14:32,144 - EXECUT - INFO - sent aggregated weights to trainers!
2026-06-25 17:14:32,604 - METRIC - INFO - {"loss": 0.08016389608383179, "accuracy": 0.9740896224975586, "energy_consumption": null, "selected": false, "client_name": "sta5"}
2026-06-25 17:14:32,610 - METRIC - INFO - {"loss": 0.07913312315940857, "accuracy": 0.976190447807312, "energy_consumption": null, "selected": false, "client_name": "sta1"}
2026-06-25 17:14:32,615 - METRIC - INFO - {"loss": 0.10038621723651886, "accuracy": 0.9698879718780518, "energy_consumption": null, "selected": false, "client_name": "sta4"}
2026-06-25 17:14:32,624 - METRIC - INFO - {"loss": 0.08861862123012543, "accuracy": 0.9733893275260925, "energy_consumption": null, "selected": false, "client_name": "sta2"}
2026-06-25 17:14:32,631 - METRIC - INFO - {"loss": 0.08583243191242218, "accuracy": 0.9726890921592712, "energy_consumption": null, "selected": false, "client_name": "sta6"}
2026-06-25 17:14:32,638 - METRIC - INFO - {"loss": 0.08662475645542145, "accuracy": 0.9726890921592712, "energy_consumption": null, "selected": false, "client_name": "sta3"}
2026-06-25 17:14:32,667 - METRIC - INFO - {"loss": 0.09234195202589035, "accuracy": 0.9740896224975586, "energy_consumption": null, "selected": false, "client_name": "sta7"}
2026-06-25 17:14:32,672 - METRIC - INFO - {"loss": 0.08927413076162338, "accuracy": 0.9733893275260925, "energy_consumption": null, "selected": false, "client_name": "sta8"}
2026-06-25 17:14:32,678 - METRIC - INFO - {"loss": 0.08232160657644272, "accuracy": 0.9733893275260925, "energy_consumption": null, "selected": false, "client_name": "sta10"}
2026-06-25 17:14:32,684 - METRIC - INFO - {"loss": 0.08715131133794785, "accuracy": 0.9782913327217102, "energy_consumption": null, "selected": false, "client_name": "sta9"}
2026-06-25 17:14:32,696 - METRIC - INFO - {"loss": 0.08942811191082001, "accuracy": 0.9726890921592712, "energy_consumption": null, "selected": false, "client_name": "sta0"}
2026-06-25 17:14:33,145 - METRIC - INFO - mean_accuracy: 0.9737076596780256

2026-06-25 17:14:33,145 - METRIC - INFO - round: 20
2026-06-25 17:14:33,145 - METRIC - INFO - n_selected: 11
2026-06-25 17:14:33,145 - METRIC - INFO - {"selected_trainers": ["sta0", "sta1", "sta10", "sta2", "sta3", "sta4", "sta5", "sta6", "sta7", "sta8", "sta9"]}
2026-06-25 17:14:39,003 - EXECUT - INFO - received weights from trainer sta0!
2026-06-25 17:14:39,071 - EXECUT - INFO - received weights from trainer sta2!
2026-06-25 17:14:39,114 - EXECUT - INFO - received weights from trainer sta6!
2026-06-25 17:14:39,139 - EXECUT - INFO - received weights from trainer sta3!
2026-06-25 17:14:39,159 - EXECUT - INFO - received weights from trainer sta1!
2026-06-25 17:14:39,180 - EXECUT - INFO - received weights from trainer sta5!
2026-06-25 17:14:39,199 - EXECUT - INFO - received weights from trainer sta4!
2026-06-25 17:14:39,218 - EXECUT - INFO - received weights from trainer sta7!
2026-06-25 17:14:40,237 - EXECUT - INFO - received weights from trainer sta9!
2026-06-25 17:14:40,255 - EXECUT - INFO - received weights from trainer sta10!
2026-06-25 17:14:40,272 - EXECUT - INFO - received weights from trainer sta8!
2026-06-25 17:14:41,523 - EXECUT - INFO - sent aggregated weights to trainers!
2026-06-25 17:14:41,917 - METRIC - INFO - {"loss": 0.08614910393953323, "accuracy": 0.9719887971878052, "energy_consumption": null, "selected": false, "client_name": "sta0"}
2026-06-25 17:14:41,933 - METRIC - INFO - {"loss": 0.074875108897686, "accuracy": 0.9747899174690247, "energy_consumption": null, "selected": false, "client_name": "sta5"}
2026-06-25 17:14:41,937 - METRIC - INFO - {"loss": 0.08254822343587875, "accuracy": 0.9740896224975586, "energy_consumption": null, "selected": false, "client_name": "sta3"}
2026-06-25 17:14:41,938 - METRIC - INFO - {"loss": 0.07622712105512619, "accuracy": 0.976190447807312, "energy_consumption": null, "selected": false, "client_name": "sta1"}
2026-06-25 17:14:41,951 - METRIC - INFO - {"loss": 0.09385649859905243, "accuracy": 0.9719887971878052, "energy_consumption": null, "selected": false, "client_name": "sta4"}
2026-06-25 17:14:41,965 - METRIC - INFO - {"loss": 0.08320501446723938, "accuracy": 0.9733893275260925, "energy_consumption": null, "selected": false, "client_name": "sta2"}
2026-06-25 17:14:41,970 - METRIC - INFO - {"loss": 0.0810965895652771, "accuracy": 0.9733893275260925, "energy_consumption": null, "selected": false, "client_name": "sta6"}
2026-06-25 17:14:41,978 - METRIC - INFO - {"loss": 0.08831264823675156, "accuracy": 0.9754902124404907, "energy_consumption": null, "selected": false, "client_name": "sta7"}
2026-06-25 17:14:42,000 - METRIC - INFO - {"loss": 0.07871884852647781, "accuracy": 0.9754902124404907, "energy_consumption": null, "selected": false, "client_name": "sta10"}
2026-06-25 17:14:42,007 - METRIC - INFO - {"loss": 0.08649364113807678, "accuracy": 0.9740896224975586, "energy_consumption": null, "selected": false, "client_name": "sta8"}
2026-06-25 17:14:42,013 - METRIC - INFO - {"loss": 0.08343633264303207, "accuracy": 0.9789915680885315, "energy_consumption": null, "selected": false, "client_name": "sta9"}
2026-06-25 17:14:42,525 - METRIC - INFO - mean_accuracy: 0.9745352593335238

2026-06-25 17:14:42,525 - METRIC - INFO - round: 21
2026-06-25 17:14:42,525 - METRIC - INFO - n_selected: 11
2026-06-25 17:14:42,525 - METRIC - INFO - {"selected_trainers": ["sta0", "sta1", "sta10", "sta2", "sta3", "sta4", "sta5", "sta6", "sta7", "sta8", "sta9"]}
2026-06-25 17:14:48,290 - EXECUT - INFO - received weights from trainer sta5!
2026-06-25 17:14:48,311 - EXECUT - INFO - received weights from trainer sta4!
2026-06-25 17:14:48,332 - EXECUT - INFO - received weights from trainer sta1!
2026-06-25 17:14:48,356 - EXECUT - INFO - received weights from trainer sta2!
2026-06-25 17:14:48,400 - EXECUT - INFO - received weights from trainer sta3!
2026-06-25 17:14:48,419 - EXECUT - INFO - received weights from trainer sta0!
2026-06-25 17:14:48,439 - EXECUT - INFO - received weights from trainer sta6!
2026-06-25 17:14:48,490 - EXECUT - INFO - received weights from trainer sta7!
2026-06-25 17:14:49,358 - EXECUT - INFO - received weights from trainer sta9!
2026-06-25 17:14:49,379 - EXECUT - INFO - received weights from trainer sta8!
2026-06-25 17:14:49,396 - EXECUT - INFO - received weights from trainer sta10!
2026-06-25 17:14:49,875 - EXECUT - INFO - sent aggregated weights to trainers!
2026-06-25 17:14:50,257 - METRIC - INFO - {"loss": 0.07343266159296036, "accuracy": 0.9740896224975586, "energy_consumption": null, "selected": false, "client_name": "sta5"}
2026-06-25 17:14:50,264 - METRIC - INFO - {"loss": 0.07152444869279861, "accuracy": 0.9768907427787781, "energy_consumption": null, "selected": false, "client_name": "sta1"}
2026-06-25 17:14:50,266 - METRIC - INFO - {"loss": 0.09008946269750595, "accuracy": 0.9754902124404907, "energy_consumption": null, "selected": false, "client_name": "sta4"}
2026-06-25 17:14:50,268 - METRIC - INFO - {"loss": 0.08077924698591232, "accuracy": 0.9733893275260925, "energy_consumption": null, "selected": false, "client_name": "sta0"}
2026-06-25 17:14:50,280 - METRIC - INFO - {"loss": 0.07961912453174591, "accuracy": 0.9747899174690247, "energy_consumption": null, "selected": false, "client_name": "sta3"}
2026-06-25 17:14:50,297 - METRIC - INFO - {"loss": 0.07754749804735184, "accuracy": 0.976190447807312, "energy_consumption": null, "selected": false, "client_name": "sta6"}
2026-06-25 17:14:50,312 - METRIC - INFO - {"loss": 0.08063661307096481, "accuracy": 0.9747899174690247, "energy_consumption": null, "selected": false, "client_name": "sta2"}
2026-06-25 17:14:50,336 - METRIC - INFO - {"loss": 0.07483071833848953, "accuracy": 0.976190447807312, "energy_consumption": null, "selected": false, "client_name": "sta10"}
2026-06-25 17:14:50,343 - METRIC - INFO - {"loss": 0.08558517694473267, "accuracy": 0.976190447807312, "energy_consumption": null, "selected": false, "client_name": "sta7"}
2026-06-25 17:14:50,350 - METRIC - INFO - {"loss": 0.07995476573705673, "accuracy": 0.9796918630599976, "energy_consumption": null, "selected": false, "client_name": "sta9"}
2026-06-25 17:14:50,353 - METRIC - INFO - {"loss": 0.08155757933855057, "accuracy": 0.9754902124404907, "energy_consumption": null, "selected": false, "client_name": "sta8"}
2026-06-25 17:14:50,878 - METRIC - INFO - mean_accuracy: 0.9757448326457631

2026-06-25 17:14:50,878 - METRIC - INFO - round: 22
2026-06-25 17:14:50,878 - METRIC - INFO - n_selected: 11
2026-06-25 17:14:50,878 - METRIC - INFO - {"selected_trainers": ["sta0", "sta1", "sta10", "sta2", "sta3", "sta4", "sta5", "sta6", "sta7", "sta8", "sta9"]}
2026-06-25 17:14:56,597 - EXECUT - INFO - received weights from trainer sta0!
2026-06-25 17:14:56,615 - EXECUT - INFO - received weights from trainer sta5!
2026-06-25 17:14:56,632 - EXECUT - INFO - received weights from trainer sta1!
2026-06-25 17:14:56,649 - EXECUT - INFO - received weights from trainer sta2!
2026-06-25 17:14:56,670 - EXECUT - INFO - received weights from trainer sta3!
2026-06-25 17:14:56,687 - EXECUT - INFO - received weights from trainer sta6!
2026-06-25 17:14:56,704 - EXECUT - INFO - received weights from trainer sta7!
2026-06-25 17:14:57,715 - EXECUT - INFO - received weights from trainer sta9!
2026-06-25 17:14:57,732 - EXECUT - INFO - received weights from trainer sta10!
2026-06-25 17:15:01,298 - EXECUT - INFO - received weights from trainer sta4!
2026-06-25 17:15:01,343 - EXECUT - INFO - received weights from trainer sta8!
2026-06-25 17:15:02,247 - EXECUT - INFO - sent aggregated weights to trainers!
2026-06-25 17:15:02,624 - METRIC - INFO - {"loss": 0.08751233667135239, "accuracy": 0.9754902124404907, "energy_consumption": null, "selected": false, "client_name": "sta4"}
2026-06-25 17:15:02,624 - METRIC - INFO - {"loss": 0.06855291873216629, "accuracy": 0.9789915680885315, "energy_consumption": null, "selected": false, "client_name": "sta1"}
2026-06-25 17:15:02,635 - METRIC - INFO - {"loss": 0.07853305339813232, "accuracy": 0.976190447807312, "energy_consumption": null, "selected": false, "client_name": "sta0"}
2026-06-25 17:15:02,636 - METRIC - INFO - {"loss": 0.07562616467475891, "accuracy": 0.9747899174690247, "energy_consumption": null, "selected": false, "client_name": "sta2"}
2026-06-25 17:15:02,641 - METRIC - INFO - {"loss": 0.06992551684379578, "accuracy": 0.9775910377502441, "energy_consumption": null, "selected": false, "client_name": "sta5"}
2026-06-25 17:15:02,663 - METRIC - INFO - {"loss": 0.07666515558958054, "accuracy": 0.9747899174690247, "energy_consumption": null, "selected": false, "client_name": "sta3"}
2026-06-25 17:15:02,671 - METRIC - INFO - {"loss": 0.07383126765489578, "accuracy": 0.9768907427787781, "energy_consumption": null, "selected": false, "client_name": "sta6"}
2026-06-25 17:15:02,705 - METRIC - INFO - {"loss": 0.0804947093129158, "accuracy": 0.9782913327217102, "energy_consumption": null, "selected": false, "client_name": "sta7"}
2026-06-25 17:15:02,710 - METRIC - INFO - {"loss": 0.0711241364479065, "accuracy": 0.9789915680885315, "energy_consumption": null, "selected": false, "client_name": "sta10"}
2026-06-25 17:15:02,721 - METRIC - INFO - {"loss": 0.08144525438547134, "accuracy": 0.976190447807312, "energy_consumption": null, "selected": false, "client_name": "sta8"}
2026-06-25 17:15:02,729 - METRIC - INFO - {"loss": 0.07739468663930893, "accuracy": 0.9810924530029297, "energy_consumption": null, "selected": false, "client_name": "sta9"}
2026-06-25 17:15:03,248 - METRIC - INFO - mean_accuracy: 0.977209058674899

2026-06-25 17:15:03,248 - METRIC - INFO - round: 23
2026-06-25 17:15:03,248 - METRIC - INFO - n_selected: 11
2026-06-25 17:15:03,248 - METRIC - INFO - {"selected_trainers": ["sta0", "sta1", "sta10", "sta2", "sta3", "sta4", "sta5", "sta6", "sta7", "sta8", "sta9"]}
2026-06-25 17:15:08,751 - EXECUT - INFO - received weights from trainer sta0!
2026-06-25 17:15:08,768 - EXECUT - INFO - received weights from trainer sta3!
2026-06-25 17:15:08,785 - EXECUT - INFO - received weights from trainer sta4!
2026-06-25 17:15:08,801 - EXECUT - INFO - received weights from trainer sta1!
2026-06-25 17:15:08,822 - EXECUT - INFO - received weights from trainer sta2!
2026-06-25 17:15:08,838 - EXECUT - INFO - received weights from trainer sta5!
2026-06-25 17:15:08,854 - EXECUT - INFO - received weights from trainer sta6!
2026-06-25 17:15:08,870 - EXECUT - INFO - received weights from trainer sta7!
2026-06-25 17:15:09,674 - EXECUT - INFO - received weights from trainer sta8!
2026-06-25 17:15:09,713 - EXECUT - INFO - received weights from trainer sta10!
2026-06-25 17:15:09,729 - EXECUT - INFO - received weights from trainer sta9!
2026-06-25 17:15:10,582 - EXECUT - INFO - sent aggregated weights to trainers!
2026-06-25 17:15:10,942 - METRIC - INFO - {"loss": 0.0664563998579979, "accuracy": 0.9789915680885315, "energy_consumption": null, "selected": false, "client_name": "sta1"}
2026-06-25 17:15:10,963 - METRIC - INFO - {"loss": 0.06595324724912643, "accuracy": 0.9789915680885315, "energy_consumption": null, "selected": false, "client_name": "sta5"}
2026-06-25 17:15:10,971 - METRIC - INFO - {"loss": 0.08713318407535553, "accuracy": 0.9719887971878052, "energy_consumption": null, "selected": false, "client_name": "sta4"}
2026-06-25 17:15:10,973 - METRIC - INFO - {"loss": 0.07125252485275269, "accuracy": 0.9768907427787781, "energy_consumption": null, "selected": false, "client_name": "sta6"}
2026-06-25 17:15:10,989 - METRIC - INFO - {"loss": 0.07490606606006622, "accuracy": 0.9733893275260925, "energy_consumption": null, "selected": false, "client_name": "sta0"}
2026-06-25 17:15:10,992 - METRIC - INFO - {"loss": 0.07499320060014725, "accuracy": 0.9733893275260925, "energy_consumption": null, "selected": false, "client_name": "sta2"}
2026-06-25 17:15:10,998 - METRIC - INFO - {"loss": 0.07312627881765366, "accuracy": 0.9768907427787781, "energy_consumption": null, "selected": false, "client_name": "sta3"}
2026-06-25 17:15:11,008 - METRIC - INFO - {"loss": 0.07909079641103745, "accuracy": 0.9782913327217102, "energy_consumption": null, "selected": false, "client_name": "sta7"}
2026-06-25 17:15:11,033 - METRIC - INFO - {"loss": 0.07570946961641312, "accuracy": 0.982492983341217, "energy_consumption": null, "selected": false, "client_name": "sta9"}
2026-06-25 17:15:11,035 - METRIC - INFO - {"loss": 0.0784478485584259, "accuracy": 0.9768907427787781, "energy_consumption": null, "selected": false, "client_name": "sta8"}
2026-06-25 17:15:11,042 - METRIC - INFO - {"loss": 0.06871120631694794, "accuracy": 0.9789915680885315, "energy_consumption": null, "selected": false, "client_name": "sta10"}
2026-06-25 17:15:11,584 - METRIC - INFO - mean_accuracy: 0.9770180637186224

2026-06-25 17:15:11,584 - METRIC - INFO - round: 24
2026-06-25 17:15:11,584 - METRIC - INFO - n_selected: 11
2026-06-25 17:15:11,585 - METRIC - INFO - {"selected_trainers": ["sta0", "sta1", "sta10", "sta2", "sta3", "sta4", "sta5", "sta6", "sta7", "sta8", "sta9"]}
2026-06-25 17:15:16,986 - EXECUT - INFO - received weights from trainer sta4!
2026-06-25 17:15:17,008 - EXECUT - INFO - received weights from trainer sta3!
2026-06-25 17:15:17,028 - EXECUT - INFO - received weights from trainer sta0!
2026-06-25 17:15:17,044 - EXECUT - INFO - received weights from trainer sta2!
2026-06-25 17:15:17,063 - EXECUT - INFO - received weights from trainer sta1!
2026-06-25 17:15:17,079 - EXECUT - INFO - received weights from trainer sta6!
2026-06-25 17:15:17,095 - EXECUT - INFO - received weights from trainer sta5!
2026-06-25 17:15:17,111 - EXECUT - INFO - received weights from trainer sta7!
2026-06-25 17:15:17,975 - EXECUT - INFO - received weights from trainer sta10!
2026-06-25 17:15:18,001 - EXECUT - INFO - received weights from trainer sta8!
2026-06-25 17:15:18,041 - EXECUT - INFO - received weights from trainer sta9!
2026-06-25 17:15:18,909 - EXECUT - INFO - sent aggregated weights to trainers!
2026-06-25 17:15:19,266 - METRIC - INFO - {"loss": 0.06394709646701813, "accuracy": 0.9796918630599976, "energy_consumption": null, "selected": false, "client_name": "sta1"}
2026-06-25 17:15:19,268 - METRIC - INFO - {"loss": 0.08244051039218903, "accuracy": 0.9747899174690247, "energy_consumption": null, "selected": false, "client_name": "sta4"}
2026-06-25 17:15:19,289 - METRIC - INFO - {"loss": 0.06359203904867172, "accuracy": 0.9789915680885315, "energy_consumption": null, "selected": false, "client_name": "sta5"}
2026-06-25 17:15:19,312 - METRIC - INFO - {"loss": 0.0697464644908905, "accuracy": 0.9782913327217102, "energy_consumption": null, "selected": false, "client_name": "sta3"}
2026-06-25 17:15:19,320 - METRIC - INFO - {"loss": 0.07210689783096313, "accuracy": 0.9747899174690247, "energy_consumption": null, "selected": false, "client_name": "sta2"}
2026-06-25 17:15:19,338 - METRIC - INFO - {"loss": 0.06951433420181274, "accuracy": 0.9782913327217102, "energy_consumption": null, "selected": false, "client_name": "sta6"}
2026-06-25 17:15:19,356 - METRIC - INFO - {"loss": 0.0753733366727829, "accuracy": 0.9782913327217102, "energy_consumption": null, "selected": false, "client_name": "sta7"}
2026-06-25 17:15:19,366 - METRIC - INFO - {"loss": 0.06531025469303131, "accuracy": 0.9796918630599976, "energy_consumption": null, "selected": false, "client_name": "sta10"}
2026-06-25 17:15:19,366 - METRIC - INFO - {"loss": 0.07284718006849289, "accuracy": 0.9768907427787781, "energy_consumption": null, "selected": false, "client_name": "sta0"}
2026-06-25 17:15:19,368 - METRIC - INFO - {"loss": 0.075499027967453, "accuracy": 0.9782913327217102, "energy_consumption": null, "selected": false, "client_name": "sta8"}
2026-06-25 17:15:19,378 - METRIC - INFO - {"loss": 0.07310666143894196, "accuracy": 0.982492983341217, "energy_consumption": null, "selected": false, "client_name": "sta9"}
2026-06-25 17:15:19,911 - METRIC - INFO - mean_accuracy: 0.9782276532866738

2026-06-25 17:15:19,911 - METRIC - INFO - round: 25
2026-06-25 17:15:19,911 - METRIC - INFO - n_selected: 11
2026-06-25 17:15:19,911 - METRIC - INFO - {"selected_trainers": ["sta0", "sta1", "sta10", "sta2", "sta3", "sta4", "sta5", "sta6", "sta7", "sta8", "sta9"]}
2026-06-25 17:15:25,370 - EXECUT - INFO - received weights from trainer sta5!
2026-06-25 17:15:25,394 - EXECUT - INFO - received weights from trainer sta1!
2026-06-25 17:15:25,410 - EXECUT - INFO - received weights from trainer sta2!
2026-06-25 17:15:25,426 - EXECUT - INFO - received weights from trainer sta0!
2026-06-25 17:15:25,445 - EXECUT - INFO - received weights from trainer sta4!
2026-06-25 17:15:25,461 - EXECUT - INFO - received weights from trainer sta3!
2026-06-25 17:15:25,477 - EXECUT - INFO - received weights from trainer sta6!
2026-06-25 17:15:25,493 - EXECUT - INFO - received weights from trainer sta7!
2026-06-25 17:15:26,336 - EXECUT - INFO - received weights from trainer sta10!
2026-06-25 17:15:26,374 - EXECUT - INFO - received weights from trainer sta8!
2026-06-25 17:15:26,390 - EXECUT - INFO - received weights from trainer sta9!
2026-06-25 17:15:27,239 - EXECUT - INFO - sent aggregated weights to trainers!
2026-06-25 17:15:27,589 - METRIC - INFO - {"loss": 0.062365368008613586, "accuracy": 0.981792688369751, "energy_consumption": null, "selected": false, "client_name": "sta5"}
2026-06-25 17:15:27,611 - METRIC - INFO - {"loss": 0.06154007092118263, "accuracy": 0.9803921580314636, "energy_consumption": null, "selected": false, "client_name": "sta1"}
2026-06-25 17:15:27,612 - METRIC - INFO - {"loss": 0.0795605331659317, "accuracy": 0.9775910377502441, "energy_consumption": null, "selected": false, "client_name": "sta4"}
2026-06-25 17:15:27,615 - METRIC - INFO - {"loss": 0.06898624449968338, "accuracy": 0.9782913327217102, "energy_consumption": null, "selected": false, "client_name": "sta0"}
2026-06-25 17:15:27,620 - METRIC - INFO - {"loss": 0.06603442877531052, "accuracy": 0.9810924530029297, "energy_consumption": null, "selected": false, "client_name": "sta6"}
2026-06-25 17:15:27,639 - METRIC - INFO - {"loss": 0.07002082467079163, "accuracy": 0.9782913327217102, "energy_consumption": null, "selected": false, "client_name": "sta2"}
2026-06-25 17:15:27,648 - METRIC - INFO - {"loss": 0.06747227907180786, "accuracy": 0.9796918630599976, "energy_consumption": null, "selected": false, "client_name": "sta3"}
2026-06-25 17:15:27,680 - METRIC - INFO - {"loss": 0.07335183769464493, "accuracy": 0.9789915680885315, "energy_consumption": null, "selected": false, "client_name": "sta8"}
2026-06-25 17:15:27,684 - METRIC - INFO - {"loss": 0.07270856201648712, "accuracy": 0.9803921580314636, "energy_consumption": null, "selected": false, "client_name": "sta7"}
2026-06-25 17:15:27,693 - METRIC - INFO - {"loss": 0.06392797082662582, "accuracy": 0.9803921580314636, "energy_consumption": null, "selected": false, "client_name": "sta10"}
2026-06-25 17:15:27,751 - METRIC - INFO - {"loss": 0.07122333347797394, "accuracy": 0.9831932783126831, "energy_consumption": null, "selected": false, "client_name": "sta9"}
2026-06-25 17:15:28,242 - METRIC - INFO - mean_accuracy: 0.9800101843747225

2026-06-25 17:15:28,242 - METRIC - INFO - round: 26
2026-06-25 17:15:28,242 - METRIC - INFO - n_selected: 11
2026-06-25 17:15:28,242 - METRIC - INFO - {"selected_trainers": ["sta0", "sta1", "sta10", "sta2", "sta3", "sta4", "sta5", "sta6", "sta7", "sta8", "sta9"]}
2026-06-25 17:15:33,522 - EXECUT - INFO - received weights from trainer sta2!
2026-06-25 17:15:33,558 - EXECUT - INFO - received weights from trainer sta1!
2026-06-25 17:15:33,589 - EXECUT - INFO - received weights from trainer sta5!
2026-06-25 17:15:33,605 - EXECUT - INFO - received weights from trainer sta0!
2026-06-25 17:15:33,624 - EXECUT - INFO - received weights from trainer sta3!
2026-06-25 17:15:33,639 - EXECUT - INFO - received weights from trainer sta4!
2026-06-25 17:15:33,654 - EXECUT - INFO - received weights from trainer sta6!
2026-06-25 17:15:33,670 - EXECUT - INFO - received weights from trainer sta7!
2026-06-25 17:15:34,495 - EXECUT - INFO - received weights from trainer sta8!
2026-06-25 17:15:34,510 - EXECUT - INFO - received weights from trainer sta9!
2026-06-25 17:15:34,524 - EXECUT - INFO - received weights from trainer sta10!
2026-06-25 17:15:35,574 - EXECUT - INFO - sent aggregated weights to trainers!
2026-06-25 17:15:35,916 - METRIC - INFO - {"loss": 0.07706817984580994, "accuracy": 0.9796918630599976, "energy_consumption": null, "selected": false, "client_name": "sta4"}
2026-06-25 17:15:35,937 - METRIC - INFO - {"loss": 0.06140594184398651, "accuracy": 0.981792688369751, "energy_consumption": null, "selected": false, "client_name": "sta5"}
2026-06-25 17:15:35,939 - METRIC - INFO - {"loss": 0.06462996453046799, "accuracy": 0.9803921580314636, "energy_consumption": null, "selected": false, "client_name": "sta6"}
2026-06-25 17:15:35,943 - METRIC - INFO - {"loss": 0.059945248067379, "accuracy": 0.982492983341217, "energy_consumption": null, "selected": false, "client_name": "sta1"}
2026-06-25 17:15:35,952 - METRIC - INFO - {"loss": 0.06791891157627106, "accuracy": 0.9775910377502441, "energy_consumption": null, "selected": false, "client_name": "sta0"}
2026-06-25 17:15:35,973 - METRIC - INFO - {"loss": 0.06860412657260895, "accuracy": 0.9782913327217102, "energy_consumption": null, "selected": false, "client_name": "sta2"}
2026-06-25 17:15:35,988 - METRIC - INFO - {"loss": 0.06634624302387238, "accuracy": 0.9789915680885315, "energy_consumption": null, "selected": false, "client_name": "sta3"}
2026-06-25 17:15:36,007 - METRIC - INFO - {"loss": 0.0698259025812149, "accuracy": 0.981792688369751, "energy_consumption": null, "selected": false, "client_name": "sta7"}
2026-06-25 17:15:36,014 - METRIC - INFO - {"loss": 0.07158106565475464, "accuracy": 0.9796918630599976, "energy_consumption": null, "selected": false, "client_name": "sta8"}
2026-06-25 17:15:36,020 - METRIC - INFO - {"loss": 0.06961651891469955, "accuracy": 0.982492983341217, "energy_consumption": null, "selected": false, "client_name": "sta9"}
2026-06-25 17:15:36,025 - METRIC - INFO - {"loss": 0.06174739450216293, "accuracy": 0.981792688369751, "energy_consumption": null, "selected": false, "client_name": "sta10"}
2026-06-25 17:15:36,577 - METRIC - INFO - mean_accuracy: 0.9804558049548756

2026-06-25 17:15:36,577 - METRIC - INFO - round: 27
2026-06-25 17:15:36,577 - METRIC - INFO - n_selected: 11
2026-06-25 17:15:36,577 - METRIC - INFO - {"selected_trainers": ["sta0", "sta1", "sta10", "sta2", "sta3", "sta4", "sta5", "sta6", "sta7", "sta8", "sta9"]}
2026-06-25 17:15:41,577 - EXECUT - INFO - received weights from trainer sta0!
2026-06-25 17:15:41,721 - EXECUT - INFO - received weights from trainer sta3!
2026-06-25 17:15:41,739 - EXECUT - INFO - received weights from trainer sta1!
2026-06-25 17:15:41,757 - EXECUT - INFO - received weights from trainer sta2!
2026-06-25 17:15:41,775 - EXECUT - INFO - received weights from trainer sta4!
2026-06-25 17:15:41,795 - EXECUT - INFO - received weights from trainer sta5!
2026-06-25 17:15:41,810 - EXECUT - INFO - received weights from trainer sta6!
2026-06-25 17:15:41,849 - EXECUT - INFO - received weights from trainer sta7!
2026-06-25 17:15:42,555 - EXECUT - INFO - received weights from trainer sta8!
2026-06-25 17:15:42,570 - EXECUT - INFO - received weights from trainer sta10!
2026-06-25 17:15:42,584 - EXECUT - INFO - received weights from trainer sta9!
2026-06-25 17:15:42,879 - EXECUT - INFO - sent aggregated weights to trainers!
2026-06-25 17:15:43,220 - METRIC - INFO - {"loss": 0.06028708443045616, "accuracy": 0.9803921580314636, "energy_consumption": null, "selected": false, "client_name": "sta5"}
2026-06-25 17:15:43,226 - METRIC - INFO - {"loss": 0.05855649709701538, "accuracy": 0.982492983341217, "energy_consumption": null, "selected": false, "client_name": "sta1"}
2026-06-25 17:15:43,226 - METRIC - INFO - {"loss": 0.06446432322263718, "accuracy": 0.9796918630599976, "energy_consumption": null, "selected": false, "client_name": "sta0"}
2026-06-25 17:15:43,229 - METRIC - INFO - {"loss": 0.06486691534519196, "accuracy": 0.9796918630599976, "energy_consumption": null, "selected": false, "client_name": "sta2"}
2026-06-25 17:15:43,231 - METRIC - INFO - {"loss": 0.06302656978368759, "accuracy": 0.9838935732841492, "energy_consumption": null, "selected": false, "client_name": "sta3"}
2026-06-25 17:15:43,244 - METRIC - INFO - {"loss": 0.0777650773525238, "accuracy": 0.9740896224975586, "energy_consumption": null, "selected": false, "client_name": "sta4"}
2026-06-25 17:15:43,274 - METRIC - INFO - {"loss": 0.061400752514600754, "accuracy": 0.9810924530029297, "energy_consumption": null, "selected": false, "client_name": "sta6"}
2026-06-25 17:15:43,296 - METRIC - INFO - {"loss": 0.07047467678785324, "accuracy": 0.9782913327217102, "energy_consumption": null, "selected": false, "client_name": "sta8"}
2026-06-25 17:15:43,297 - METRIC - INFO - {"loss": 0.06898970901966095, "accuracy": 0.981792688369751, "energy_consumption": null, "selected": false, "client_name": "sta7"}
2026-06-25 17:15:43,298 - METRIC - INFO - {"loss": 0.061218202114105225, "accuracy": 0.9782913327217102, "energy_consumption": null, "selected": false, "client_name": "sta10"}
2026-06-25 17:15:43,303 - METRIC - INFO - {"loss": 0.06957726180553436, "accuracy": 0.9831932783126831, "energy_consumption": null, "selected": false, "client_name": "sta9"}
2026-06-25 17:15:43,881 - METRIC - INFO - mean_accuracy: 0.9802648316730153

2026-06-25 17:15:43,881 - METRIC - INFO - round: 28
2026-06-25 17:15:43,881 - METRIC - INFO - n_selected: 11
2026-06-25 17:15:43,881 - METRIC - INFO - {"selected_trainers": ["sta0", "sta1", "sta10", "sta2", "sta3", "sta4", "sta5", "sta6", "sta7", "sta8", "sta9"]}
2026-06-25 17:15:48,956 - EXECUT - INFO - received weights from trainer sta5!
2026-06-25 17:15:48,982 - EXECUT - INFO - received weights from trainer sta4!
2026-06-25 17:15:49,002 - EXECUT - INFO - received weights from trainer sta0!
2026-06-25 17:15:49,022 - EXECUT - INFO - received weights from trainer sta3!
2026-06-25 17:15:49,041 - EXECUT - INFO - received weights from trainer sta1!
2026-06-25 17:15:49,060 - EXECUT - INFO - received weights from trainer sta6!
2026-06-25 17:15:49,075 - EXECUT - INFO - received weights from trainer sta2!
2026-06-25 17:15:49,128 - EXECUT - INFO - received weights from trainer sta7!
2026-06-25 17:15:49,835 - EXECUT - INFO - received weights from trainer sta10!
2026-06-25 17:15:49,849 - EXECUT - INFO - received weights from trainer sta9!
2026-06-25 17:15:49,863 - EXECUT - INFO - received weights from trainer sta8!
2026-06-25 17:15:50,164 - EXECUT - INFO - sent aggregated weights to trainers!
2026-06-25 17:15:50,480 - METRIC - INFO - {"loss": 0.05636104568839073, "accuracy": 0.982492983341217, "energy_consumption": null, "selected": false, "client_name": "sta1"}
2026-06-25 17:15:50,504 - METRIC - INFO - {"loss": 0.05702045559883118, "accuracy": 0.982492983341217, "energy_consumption": null, "selected": false, "client_name": "sta5"}
2026-06-25 17:15:50,506 - METRIC - INFO - {"loss": 0.061158664524555206, "accuracy": 0.982492983341217, "energy_consumption": null, "selected": false, "client_name": "sta3"}
2026-06-25 17:15:50,509 - METRIC - INFO - {"loss": 0.07455704361200333, "accuracy": 0.9789915680885315, "energy_consumption": null, "selected": false, "client_name": "sta4"}
2026-06-25 17:15:50,515 - METRIC - INFO - {"loss": 0.06571011245250702, "accuracy": 0.9775910377502441, "energy_consumption": null, "selected": false, "client_name": "sta2"}
2026-06-25 17:15:50,533 - METRIC - INFO - {"loss": 0.06089114770293236, "accuracy": 0.9803921580314636, "energy_consumption": null, "selected": false, "client_name": "sta6"}
2026-06-25 17:15:50,553 - METRIC - INFO - {"loss": 0.066119484603405, "accuracy": 0.981792688369751, "energy_consumption": null, "selected": false, "client_name": "sta7"}
2026-06-25 17:15:50,571 - METRIC - INFO - {"loss": 0.06305146962404251, "accuracy": 0.9803921580314636, "energy_consumption": null, "selected": false, "client_name": "sta0"}
2026-06-25 17:15:50,574 - METRIC - INFO - {"loss": 0.059533677995204926, "accuracy": 0.9810924530029297, "energy_consumption": null, "selected": false, "client_name": "sta10"}
2026-06-25 17:15:50,582 - METRIC - INFO - {"loss": 0.06824545562267303, "accuracy": 0.9803921580314636, "energy_consumption": null, "selected": false, "client_name": "sta8"}
2026-06-25 17:15:50,585 - METRIC - INFO - {"loss": 0.06590500473976135, "accuracy": 0.9831932783126831, "energy_consumption": null, "selected": false, "client_name": "sta9"}
2026-06-25 17:15:51,166 - METRIC - INFO - mean_accuracy: 0.9810287681492892

2026-06-25 17:15:51,167 - METRIC - INFO - round: 29
2026-06-25 17:15:51,167 - METRIC - INFO - n_selected: 11
2026-06-25 17:15:51,167 - METRIC - INFO - {"selected_trainers": ["sta0", "sta1", "sta10", "sta2", "sta3", "sta4", "sta5", "sta6", "sta7", "sta8", "sta9"]}
2026-06-25 17:15:56,096 - EXECUT - INFO - received weights from trainer sta2!
2026-06-25 17:15:56,115 - EXECUT - INFO - received weights from trainer sta0!
2026-06-25 17:15:56,133 - EXECUT - INFO - received weights from trainer sta5!
2026-06-25 17:15:56,147 - EXECUT - INFO - received weights from trainer sta3!
2026-06-25 17:15:56,161 - EXECUT - INFO - received weights from trainer sta1!
2026-06-25 17:15:56,178 - EXECUT - INFO - received weights from trainer sta6!
2026-06-25 17:15:56,192 - EXECUT - INFO - received weights from trainer sta4!
2026-06-25 17:15:56,206 - EXECUT - INFO - received weights from trainer sta7!
2026-06-25 17:15:56,865 - EXECUT - INFO - received weights from trainer sta8!
2026-06-25 17:15:56,878 - EXECUT - INFO - received weights from trainer sta9!
2026-06-25 17:16:01,608 - EXECUT - INFO - received weights from trainer sta10!
2026-06-25 17:16:02,451 - EXECUT - INFO - sent aggregated weights to trainers!
2026-06-25 17:16:02,766 - METRIC - INFO - {"loss": 0.05438372865319252, "accuracy": 0.9838935732841492, "energy_consumption": null, "selected": false, "client_name": "sta1"}
2026-06-25 17:16:02,784 - METRIC - INFO - {"loss": 0.05608959496021271, "accuracy": 0.982492983341217, "energy_consumption": null, "selected": false, "client_name": "sta5"}
2026-06-25 17:16:02,795 - METRIC - INFO - {"loss": 0.07294504344463348, "accuracy": 0.9789915680885315, "energy_consumption": null, "selected": false, "client_name": "sta4"}
2026-06-25 17:16:02,798 - METRIC - INFO - {"loss": 0.06120992824435234, "accuracy": 0.9796918630599976, "energy_consumption": null, "selected": false, "client_name": "sta0"}
2026-06-25 17:16:02,812 - METRIC - INFO - {"loss": 0.06361261755228043, "accuracy": 0.982492983341217, "energy_consumption": null, "selected": false, "client_name": "sta7"}
2026-06-25 17:16:02,814 - METRIC - INFO - {"loss": 0.05931777134537697, "accuracy": 0.982492983341217, "energy_consumption": null, "selected": false, "client_name": "sta3"}
2026-06-25 17:16:02,822 - METRIC - INFO - {"loss": 0.06276074051856995, "accuracy": 0.9803921580314636, "energy_consumption": null, "selected": false, "client_name": "sta2"}
2026-06-25 17:16:02,825 - METRIC - INFO - {"loss": 0.05944066122174263, "accuracy": 0.9831932783126831, "energy_consumption": null, "selected": false, "client_name": "sta6"}
2026-06-25 17:16:02,851 - METRIC - INFO - {"loss": 0.06780457496643066, "accuracy": 0.9775910377502441, "energy_consumption": null, "selected": false, "client_name": "sta8"}
2026-06-25 17:16:02,854 - METRIC - INFO - {"loss": 0.06564796715974808, "accuracy": 0.9831932783126831, "energy_consumption": null, "selected": false, "client_name": "sta9"}
2026-06-25 17:16:02,961 - METRIC - INFO - {"loss": 0.05806143581867218, "accuracy": 0.981792688369751, "energy_consumption": null, "selected": false, "client_name": "sta10"}
2026-06-25 17:16:03,453 - METRIC - INFO - mean_accuracy: 0.9814743995666504

2026-06-25 17:16:03,453 - METRIC - INFO - round: 30
2026-06-25 17:16:03,454 - METRIC - INFO - n_selected: 11
2026-06-25 17:16:03,454 - METRIC - INFO - {"selected_trainers": ["sta0", "sta1", "sta10", "sta2", "sta3", "sta4", "sta5", "sta6", "sta7", "sta8", "sta9"]}
2026-06-25 17:16:08,395 - EXECUT - INFO - received weights from trainer sta0!
2026-06-25 17:16:08,413 - EXECUT - INFO - received weights from trainer sta4!
2026-06-25 17:16:08,429 - EXECUT - INFO - received weights from trainer sta1!
2026-06-25 17:16:08,446 - EXECUT - INFO - received weights from trainer sta5!
2026-06-25 17:16:08,461 - EXECUT - INFO - received weights from trainer sta2!
2026-06-25 17:16:08,478 - EXECUT - INFO - received weights from trainer sta3!
2026-06-25 17:16:08,492 - EXECUT - INFO - received weights from trainer sta6!
2026-06-25 17:16:08,506 - EXECUT - INFO - received weights from trainer sta7!
2026-06-25 17:16:09,126 - EXECUT - INFO - received weights from trainer sta8!
2026-06-25 17:16:09,140 - EXECUT - INFO - received weights from trainer sta10!
2026-06-25 17:16:09,154 - EXECUT - INFO - received weights from trainer sta9!
2026-06-25 17:16:09,742 - EXECUT - INFO - sent aggregated weights to trainers!
2026-06-25 17:16:10,161 - METRIC - INFO - {"loss": 0.054143354296684265, "accuracy": 0.982492983341217, "energy_consumption": null, "selected": false, "client_name": "sta10"}
2026-06-25 17:16:10,218 - METRIC - INFO - {"loss": 0.0527297742664814, "accuracy": 0.9838935732841492, "energy_consumption": null, "selected": false, "client_name": "sta1"}
2026-06-25 17:16:10,220 - METRIC - INFO - {"loss": 0.05617648735642433, "accuracy": 0.982492983341217, "energy_consumption": null, "selected": false, "client_name": "sta5"}
2026-06-25 17:16:10,233 - METRIC - INFO - {"loss": 0.07212915271520615, "accuracy": 0.9782913327217102, "energy_consumption": null, "selected": false, "client_name": "sta4"}
2026-06-25 17:16:10,236 - METRIC - INFO - {"loss": 0.060024090111255646, "accuracy": 0.9796918630599976, "energy_consumption": null, "selected": false, "client_name": "sta0"}
2026-06-25 17:16:10,247 - METRIC - INFO - {"loss": 0.05735719949007034, "accuracy": 0.9845938086509705, "energy_consumption": null, "selected": false, "client_name": "sta3"}
2026-06-25 17:16:10,253 - METRIC - INFO - {"loss": 0.06319670379161835, "accuracy": 0.9789915680885315, "energy_consumption": null, "selected": false, "client_name": "sta2"}
2026-06-25 17:16:10,258 - METRIC - INFO - {"loss": 0.05784742534160614, "accuracy": 0.982492983341217, "energy_consumption": null, "selected": false, "client_name": "sta6"}
2026-06-25 17:16:10,270 - METRIC - INFO - {"loss": 0.061938751488924026, "accuracy": 0.9838935732841492, "energy_consumption": null, "selected": false, "client_name": "sta7"}
2026-06-25 17:16:10,279 - METRIC - INFO - {"loss": 0.06598127633333206, "accuracy": 0.9782913327217102, "energy_consumption": null, "selected": false, "client_name": "sta8"}
2026-06-25 17:16:10,282 - METRIC - INFO - {"loss": 0.063617043197155, "accuracy": 0.9838935732841492, "energy_consumption": null, "selected": false, "client_name": "sta9"}
2026-06-25 17:16:10,744 - METRIC - INFO - mean_accuracy: 0.9817290522835471

2026-06-25 17:16:10,744 - METRIC - INFO - round: 31
2026-06-25 17:16:10,744 - METRIC - INFO - n_selected: 11
2026-06-25 17:16:10,744 - METRIC - INFO - {"selected_trainers": ["sta0", "sta1", "sta10", "sta2", "sta3", "sta4", "sta5", "sta6", "sta7", "sta8", "sta9"]}
2026-06-25 17:16:15,619 - EXECUT - INFO - received weights from trainer sta4!
2026-06-25 17:16:15,637 - EXECUT - INFO - received weights from trainer sta5!
2026-06-25 17:16:15,654 - EXECUT - INFO - received weights from trainer sta1!
2026-06-25 17:16:15,671 - EXECUT - INFO - received weights from trainer sta2!
2026-06-25 17:16:15,687 - EXECUT - INFO - received weights from trainer sta3!
2026-06-25 17:16:15,704 - EXECUT - INFO - received weights from trainer sta0!
2026-06-25 17:16:15,718 - EXECUT - INFO - received weights from trainer sta6!
2026-06-25 17:16:15,732 - EXECUT - INFO - received weights from trainer sta7!
2026-06-25 17:16:16,416 - EXECUT - INFO - received weights from trainer sta8!
2026-06-25 17:16:16,429 - EXECUT - INFO - received weights from trainer sta10!
2026-06-25 17:16:16,442 - EXECUT - INFO - received weights from trainer sta9!
2026-06-25 17:16:17,011 - EXECUT - INFO - sent aggregated weights to trainers!
2026-06-25 17:16:17,321 - METRIC - INFO - {"loss": 0.06999814510345459, "accuracy": 0.9782913327217102, "energy_consumption": null, "selected": false, "client_name": "sta4"}
2026-06-25 17:16:17,325 - METRIC - INFO - {"loss": 0.052112482488155365, "accuracy": 0.982492983341217, "energy_consumption": null, "selected": false, "client_name": "sta1"}
2026-06-25 17:16:17,334 - METRIC - INFO - {"loss": 0.05174517259001732, "accuracy": 0.982492983341217, "energy_consumption": null, "selected": false, "client_name": "sta5"}
2026-06-25 17:16:17,361 - METRIC - INFO - {"loss": 0.05968375876545906, "accuracy": 0.9796918630599976, "energy_consumption": null, "selected": false, "client_name": "sta2"}
2026-06-25 17:16:17,366 - METRIC - INFO - {"loss": 0.05657699704170227, "accuracy": 0.982492983341217, "energy_consumption": null, "selected": false, "client_name": "sta3"}
2026-06-25 17:16:17,367 - METRIC - INFO - {"loss": 0.05708207190036774, "accuracy": 0.9810924530029297, "energy_consumption": null, "selected": false, "client_name": "sta6"}
2026-06-25 17:16:17,376 - METRIC - INFO - {"loss": 0.06478381156921387, "accuracy": 0.981792688369751, "energy_consumption": null, "selected": false, "client_name": "sta7"}
2026-06-25 17:16:17,383 - METRIC - INFO - {"loss": 0.059163209050893784, "accuracy": 0.9810924530029297, "energy_consumption": null, "selected": false, "client_name": "sta0"}
2026-06-25 17:16:17,410 - METRIC - INFO - {"loss": 0.06289085000753403, "accuracy": 0.9831932783126831, "energy_consumption": null, "selected": false, "client_name": "sta9"}
2026-06-25 17:16:17,411 - METRIC - INFO - {"loss": 0.06495727598667145, "accuracy": 0.9810924530029297, "energy_consumption": null, "selected": false, "client_name": "sta8"}
2026-06-25 17:16:17,424 - METRIC - INFO - {"loss": 0.0541384331882, "accuracy": 0.981792688369751, "energy_consumption": null, "selected": false, "client_name": "sta10"}
2026-06-25 17:16:18,014 - METRIC - INFO - mean_accuracy: 0.9814107418060303

2026-06-25 17:16:18,014 - METRIC - INFO - round: 32
2026-06-25 17:16:18,014 - METRIC - INFO - n_selected: 11
2026-06-25 17:16:18,014 - METRIC - INFO - {"selected_trainers": ["sta0", "sta1", "sta10", "sta2", "sta3", "sta4", "sta5", "sta6", "sta7", "sta8", "sta9"]}
2026-06-25 17:16:22,835 - EXECUT - INFO - received weights from trainer sta3!
2026-06-25 17:16:22,852 - EXECUT - INFO - received weights from trainer sta0!
2026-06-25 17:16:22,868 - EXECUT - INFO - received weights from trainer sta6!
2026-06-25 17:16:22,885 - EXECUT - INFO - received weights from trainer sta4!
2026-06-25 17:16:22,901 - EXECUT - INFO - received weights from trainer sta5!
2026-06-25 17:16:22,919 - EXECUT - INFO - received weights from trainer sta2!
2026-06-25 17:16:22,955 - EXECUT - INFO - received weights from trainer sta1!
2026-06-25 17:16:22,968 - EXECUT - INFO - received weights from trainer sta7!
2026-06-25 17:16:23,590 - EXECUT - INFO - received weights from trainer sta9!
2026-06-25 17:16:23,607 - EXECUT - INFO - received weights from trainer sta8!
2026-06-25 17:16:23,624 - EXECUT - INFO - received weights from trainer sta10!
2026-06-25 17:16:24,286 - EXECUT - INFO - sent aggregated weights to trainers!
2026-06-25 17:16:24,585 - METRIC - INFO - {"loss": 0.052384085953235626, "accuracy": 0.981792688369751, "energy_consumption": null, "selected": false, "client_name": "sta5"}
2026-06-25 17:16:24,597 - METRIC - INFO - {"loss": 0.05695215240120888, "accuracy": 0.9803921580314636, "energy_consumption": null, "selected": false, "client_name": "sta0"}
2026-06-25 17:16:24,607 - METRIC - INFO - {"loss": 0.056283753365278244, "accuracy": 0.981792688369751, "energy_consumption": null, "selected": false, "client_name": "sta3"}
2026-06-25 17:16:24,619 - METRIC - INFO - {"loss": 0.05261193588376045, "accuracy": 0.9838935732841492, "energy_consumption": null, "selected": false, "client_name": "sta1"}
2026-06-25 17:16:24,635 - METRIC - INFO - {"loss": 0.05939057469367981, "accuracy": 0.9803921580314636, "energy_consumption": null, "selected": false, "client_name": "sta2"}
2026-06-25 17:16:24,636 - METRIC - INFO - {"loss": 0.06976500153541565, "accuracy": 0.9789915680885315, "energy_consumption": null, "selected": false, "client_name": "sta4"}
2026-06-25 17:16:24,646 - METRIC - INFO - {"loss": 0.0547383688390255, "accuracy": 0.9810924530029297, "energy_consumption": null, "selected": false, "client_name": "sta6"}
2026-06-25 17:16:24,663 - METRIC - INFO - {"loss": 0.061002880334854126, "accuracy": 0.9831932783126831, "energy_consumption": null, "selected": false, "client_name": "sta7"}
2026-06-25 17:16:24,672 - METRIC - INFO - {"loss": 0.06340791285037994, "accuracy": 0.9803921580314636, "energy_consumption": null, "selected": false, "client_name": "sta8"}
2026-06-25 17:16:24,682 - METRIC - INFO - {"loss": 0.05077167972922325, "accuracy": 0.9852941036224365, "energy_consumption": null, "selected": false, "client_name": "sta10"}
2026-06-25 17:16:24,693 - METRIC - INFO - {"loss": 0.061321936547756195, "accuracy": 0.9831932783126831, "energy_consumption": null, "selected": false, "client_name": "sta9"}
2026-06-25 17:16:25,289 - METRIC - INFO - mean_accuracy: 0.9818563732233915

2026-06-25 17:16:25,289 - METRIC - INFO - round: 33
2026-06-25 17:16:25,289 - METRIC - INFO - n_selected: 11
2026-06-25 17:16:25,289 - METRIC - INFO - {"selected_trainers": ["sta0", "sta1", "sta10", "sta2", "sta3", "sta4", "sta5", "sta6", "sta7", "sta8", "sta9"]}
2026-06-25 17:16:29,972 - EXECUT - INFO - received weights from trainer sta0!
2026-06-25 17:16:29,996 - EXECUT - INFO - received weights from trainer sta5!
2026-06-25 17:16:30,012 - EXECUT - INFO - received weights from trainer sta6!
2026-06-25 17:16:30,026 - EXECUT - INFO - received weights from trainer sta3!
2026-06-25 17:16:30,039 - EXECUT - INFO - received weights from trainer sta1!
2026-06-25 17:16:30,052 - EXECUT - INFO - received weights from trainer sta4!
2026-06-25 17:16:30,068 - EXECUT - INFO - received weights from trainer sta2!
2026-06-25 17:16:30,117 - EXECUT - INFO - received weights from trainer sta7!
2026-06-25 17:16:30,664 - EXECUT - INFO - received weights from trainer sta8!
2026-06-25 17:16:30,696 - EXECUT - INFO - received weights from trainer sta9!
2026-06-25 17:16:35,723 - EXECUT - INFO - received weights from trainer sta10!
2026-06-25 17:16:36,548 - EXECUT - INFO - sent aggregated weights to trainers!
2026-06-25 17:16:36,840 - METRIC - INFO - {"loss": 0.04938460513949394, "accuracy": 0.9831932783126831, "energy_consumption": null, "selected": false, "client_name": "sta1"}
2026-06-25 17:16:36,847 - METRIC - INFO - {"loss": 0.05150243639945984, "accuracy": 0.982492983341217, "energy_consumption": null, "selected": false, "client_name": "sta5"}
2026-06-25 17:16:36,861 - METRIC - INFO - {"loss": 0.06702006608247757, "accuracy": 0.9789915680885315, "energy_consumption": null, "selected": false, "client_name": "sta4"}
2026-06-25 17:16:36,861 - METRIC - INFO - {"loss": 0.056328509002923965, "accuracy": 0.9810924530029297, "energy_consumption": null, "selected": false, "client_name": "sta0"}
2026-06-25 17:16:36,866 - METRIC - INFO - {"loss": 0.053971067070961, "accuracy": 0.982492983341217, "energy_consumption": null, "selected": false, "client_name": "sta6"}
2026-06-25 17:16:36,874 - METRIC - INFO - {"loss": 0.054242704063653946, "accuracy": 0.9845938086509705, "energy_consumption": null, "selected": false, "client_name": "sta3"}
2026-06-25 17:16:36,888 - METRIC - INFO - {"loss": 0.059446971863508224, "accuracy": 0.9803921580314636, "energy_consumption": null, "selected": false, "client_name": "sta2"}
2026-06-25 17:16:36,915 - METRIC - INFO - {"loss": 0.062416162341833115, "accuracy": 0.9789915680885315, "energy_consumption": null, "selected": false, "client_name": "sta8"}
2026-06-25 17:16:36,920 - METRIC - INFO - {"loss": 0.061390869319438934, "accuracy": 0.981792688369751, "energy_consumption": null, "selected": false, "client_name": "sta7"}
2026-06-25 17:16:36,932 - METRIC - INFO - {"loss": 0.05199367180466652, "accuracy": 0.981792688369751, "energy_consumption": null, "selected": false, "client_name": "sta10"}
2026-06-25 17:16:36,934 - METRIC - INFO - {"loss": 0.06004839390516281, "accuracy": 0.9831932783126831, "energy_consumption": null, "selected": false, "client_name": "sta9"}
2026-06-25 17:16:37,550 - METRIC - INFO - mean_accuracy: 0.981729041446339

2026-06-25 17:16:37,551 - METRIC - INFO - round: 34
2026-06-25 17:16:37,551 - METRIC - INFO - n_selected: 11
2026-06-25 17:16:37,551 - METRIC - INFO - {"selected_trainers": ["sta0", "sta1", "sta10", "sta2", "sta3", "sta4", "sta5", "sta6", "sta7", "sta8", "sta9"]}
2026-06-25 17:16:42,177 - EXECUT - INFO - received weights from trainer sta0!
2026-06-25 17:16:42,243 - EXECUT - INFO - received weights from trainer sta3!
2026-06-25 17:16:42,264 - EXECUT - INFO - received weights from trainer sta5!
2026-06-25 17:16:42,286 - EXECUT - INFO - received weights from trainer sta2!
2026-06-25 17:16:42,299 - EXECUT - INFO - received weights from trainer sta4!
2026-06-25 17:16:42,312 - EXECUT - INFO - received weights from trainer sta1!
2026-06-25 17:16:42,327 - EXECUT - INFO - received weights from trainer sta6!
2026-06-25 17:16:42,367 - EXECUT - INFO - received weights from trainer sta7!
2026-06-25 17:16:42,963 - EXECUT - INFO - received weights from trainer sta9!
2026-06-25 17:16:48,001 - EXECUT - INFO - received weights from trainer sta10!
2026-06-25 17:16:48,015 - EXECUT - INFO - received weights from trainer sta8!
2026-06-25 17:16:48,807 - EXECUT - INFO - sent aggregated weights to trainers!
2026-06-25 17:16:49,099 - METRIC - INFO - {"loss": 0.04910723865032196, "accuracy": 0.982492983341217, "energy_consumption": null, "selected": false, "client_name": "sta5"}
2026-06-25 17:16:49,117 - METRIC - INFO - {"loss": 0.05251749977469444, "accuracy": 0.982492983341217, "energy_consumption": null, "selected": false, "client_name": "sta6"}
2026-06-25 17:16:49,133 - METRIC - INFO - {"loss": 0.04947260022163391, "accuracy": 0.9831932783126831, "energy_consumption": null, "selected": false, "client_name": "sta1"}
2026-06-25 17:16:49,145 - METRIC - INFO - {"loss": 0.06553920358419418, "accuracy": 0.9803921580314636, "energy_consumption": null, "selected": false, "client_name": "sta4"}
2026-06-25 17:16:49,146 - METRIC - INFO - {"loss": 0.055996112525463104, "accuracy": 0.9810924530029297, "energy_consumption": null, "selected": false, "client_name": "sta0"}
2026-06-25 17:16:49,152 - METRIC - INFO - {"loss": 0.052149176597595215, "accuracy": 0.9852941036224365, "energy_consumption": null, "selected": false, "client_name": "sta3"}
2026-06-25 17:16:49,156 - METRIC - INFO - {"loss": 0.05857264623045921, "accuracy": 0.9810924530029297, "energy_consumption": null, "selected": false, "client_name": "sta2"}
2026-06-25 17:16:49,178 - METRIC - INFO - {"loss": 0.061551108956336975, "accuracy": 0.9789915680885315, "energy_consumption": null, "selected": false, "client_name": "sta8"}
2026-06-25 17:16:49,180 - METRIC - INFO - {"loss": 0.059521131217479706, "accuracy": 0.981792688369751, "energy_consumption": null, "selected": false, "client_name": "sta7"}
2026-06-25 17:16:49,198 - METRIC - INFO - {"loss": 0.050685226917266846, "accuracy": 0.982492983341217, "energy_consumption": null, "selected": false, "client_name": "sta10"}
2026-06-25 17:16:49,249 - METRIC - INFO - {"loss": 0.058933380991220474, "accuracy": 0.9838935732841492, "energy_consumption": null, "selected": false, "client_name": "sta9"}
2026-06-25 17:16:49,810 - METRIC - INFO - mean_accuracy: 0.9821110205216841

2026-06-25 17:16:49,810 - METRIC - INFO - round: 35
2026-06-25 17:16:49,810 - METRIC - INFO - n_selected: 11
2026-06-25 17:16:49,810 - METRIC - INFO - {"selected_trainers": ["sta0", "sta1", "sta10", "sta2", "sta3", "sta4", "sta5", "sta6", "sta7", "sta8", "sta9"]}
2026-06-25 17:16:54,432 - EXECUT - INFO - received weights from trainer sta2!
2026-06-25 17:16:54,444 - EXECUT - INFO - received weights from trainer sta0!
2026-06-25 17:16:54,457 - EXECUT - INFO - received weights from trainer sta3!
2026-06-25 17:16:54,469 - EXECUT - INFO - received weights from trainer sta6!
2026-06-25 17:16:54,481 - EXECUT - INFO - received weights from trainer sta5!
2026-06-25 17:16:54,493 - EXECUT - INFO - received weights from trainer sta1!
2026-06-25 17:16:54,516 - EXECUT - INFO - received weights from trainer sta7!
2026-06-25 17:16:55,065 - EXECUT - INFO - received weights from trainer sta10!
2026-06-25 17:16:55,077 - EXECUT - INFO - received weights from trainer sta9!
2026-06-25 17:16:55,089 - EXECUT - INFO - received weights from trainer sta8!
2026-06-25 17:16:55,108 - EXECUT - INFO - received weights from trainer sta4!
2026-06-25 17:16:56,072 - EXECUT - INFO - sent aggregated weights to trainers!
2026-06-25 17:16:56,360 - METRIC - INFO - {"loss": 0.06536036729812622, "accuracy": 0.9803921580314636, "energy_consumption": null, "selected": false, "client_name": "sta4"}
2026-06-25 17:16:56,378 - METRIC - INFO - {"loss": 0.057542022317647934, "accuracy": 0.9810924530029297, "energy_consumption": null, "selected": false, "client_name": "sta2"}
2026-06-25 17:16:56,382 - METRIC - INFO - {"loss": 0.048052363097667694, "accuracy": 0.9810924530029297, "energy_consumption": null, "selected": false, "client_name": "sta5"}
2026-06-25 17:16:56,385 - METRIC - INFO - {"loss": 0.05024397000670433, "accuracy": 0.982492983341217, "energy_consumption": null, "selected": false, "client_name": "sta6"}
2026-06-25 17:16:56,391 - METRIC - INFO - {"loss": 0.04815572500228882, "accuracy": 0.9845938086509705, "energy_consumption": null, "selected": false, "client_name": "sta1"}
2026-06-25 17:16:56,399 - METRIC - INFO - {"loss": 0.054120033979415894, "accuracy": 0.981792688369751, "energy_consumption": null, "selected": false, "client_name": "sta0"}
2026-06-25 17:16:56,410 - METRIC - INFO - {"loss": 0.05098232999444008, "accuracy": 0.9859943985939026, "energy_consumption": null, "selected": false, "client_name": "sta3"}
2026-06-25 17:16:56,416 - METRIC - INFO - {"loss": 0.056372955441474915, "accuracy": 0.9838935732841492, "energy_consumption": null, "selected": false, "client_name": "sta7"}
2026-06-25 17:16:56,434 - METRIC - INFO - {"loss": 0.05960480868816376, "accuracy": 0.9803921580314636, "energy_consumption": null, "selected": false, "client_name": "sta8"}
2026-06-25 17:16:56,444 - METRIC - INFO - {"loss": 0.05807042121887207, "accuracy": 0.9852941036224365, "energy_consumption": null, "selected": false, "client_name": "sta9"}
2026-06-25 17:16:56,450 - METRIC - INFO - {"loss": 0.0490359403192997, "accuracy": 0.9831932783126831, "energy_consumption": null, "selected": false, "client_name": "sta10"}
2026-06-25 17:16:57,074 - METRIC - INFO - mean_accuracy: 0.9827476414767179

2026-06-25 17:16:57,074 - METRIC - INFO - round: 36
2026-06-25 17:16:57,074 - METRIC - INFO - n_selected: 11
2026-06-25 17:16:57,074 - METRIC - INFO - {"selected_trainers": ["sta0", "sta1", "sta10", "sta2", "sta3", "sta4", "sta5", "sta6", "sta7", "sta8", "sta9"]}
2026-06-25 17:17:01,669 - EXECUT - INFO - received weights from trainer sta0!
2026-06-25 17:17:01,682 - EXECUT - INFO - received weights from trainer sta5!
2026-06-25 17:17:01,694 - EXECUT - INFO - received weights from trainer sta1!
2026-06-25 17:17:01,707 - EXECUT - INFO - received weights from trainer sta3!
2026-06-25 17:17:01,719 - EXECUT - INFO - received weights from trainer sta4!
2026-06-25 17:17:01,731 - EXECUT - INFO - received weights from trainer sta6!
2026-06-25 17:17:02,321 - EXECUT - INFO - received weights from trainer sta8!
2026-06-25 17:17:02,333 - EXECUT - INFO - received weights from trainer sta10!
2026-06-25 17:17:02,344 - EXECUT - INFO - received weights from trainer sta9!
2026-06-25 17:17:02,356 - EXECUT - INFO - received weights from trainer sta2!
2026-06-25 17:17:02,368 - EXECUT - INFO - received weights from trainer sta7!
2026-06-25 17:17:03,324 - EXECUT - INFO - sent aggregated weights to trainers!
2026-06-25 17:17:03,610 - METRIC - INFO - {"loss": 0.0479230098426342, "accuracy": 0.9852941036224365, "energy_consumption": null, "selected": false, "client_name": "sta1"}
2026-06-25 17:17:03,611 - METRIC - INFO - {"loss": 0.06395939737558365, "accuracy": 0.9810924530029297, "energy_consumption": null, "selected": false, "client_name": "sta4"}
2026-06-25 17:17:03,616 - METRIC - INFO - {"loss": 0.04734116420149803, "accuracy": 0.982492983341217, "energy_consumption": null, "selected": false, "client_name": "sta5"}
2026-06-25 17:17:03,618 - METRIC - INFO - {"loss": 0.05388111248612404, "accuracy": 0.982492983341217, "energy_consumption": null, "selected": false, "client_name": "sta0"}
2026-06-25 17:17:03,640 - METRIC - INFO - {"loss": 0.055314794182777405, "accuracy": 0.982492983341217, "energy_consumption": null, "selected": false, "client_name": "sta2"}
2026-06-25 17:17:03,649 - METRIC - INFO - {"loss": 0.049034491181373596, "accuracy": 0.9845938086509705, "energy_consumption": null, "selected": false, "client_name": "sta6"}
2026-06-25 17:17:03,651 - METRIC - INFO - {"loss": 0.04975735768675804, "accuracy": 0.9859943985939026, "energy_consumption": null, "selected": false, "client_name": "sta3"}
2026-06-25 17:17:03,677 - METRIC - INFO - {"loss": 0.057324059307575226, "accuracy": 0.982492983341217, "energy_consumption": null, "selected": false, "client_name": "sta7"}
2026-06-25 17:17:03,693 - METRIC - INFO - {"loss": 0.058461420238018036, "accuracy": 0.9838935732841492, "energy_consumption": null, "selected": false, "client_name": "sta9"}
2026-06-25 17:17:03,694 - METRIC - INFO - {"loss": 0.048971373587846756, "accuracy": 0.9831932783126831, "energy_consumption": null, "selected": false, "client_name": "sta10"}
2026-06-25 17:17:03,694 - METRIC - INFO - {"loss": 0.060780011117458344, "accuracy": 0.9810924530029297, "energy_consumption": null, "selected": false, "client_name": "sta8"}
2026-06-25 17:17:04,327 - METRIC - INFO - mean_accuracy: 0.983193272894079

2026-06-25 17:17:04,327 - METRIC - INFO - round: 37
2026-06-25 17:17:04,327 - METRIC - INFO - n_selected: 11
2026-06-25 17:17:04,327 - METRIC - INFO - {"selected_trainers": ["sta0", "sta1", "sta10", "sta2", "sta3", "sta4", "sta5", "sta6", "sta7", "sta8", "sta9"]}
2026-06-25 17:17:08,900 - EXECUT - INFO - received weights from trainer sta3!
2026-06-25 17:17:08,915 - EXECUT - INFO - received weights from trainer sta4!
2026-06-25 17:17:08,930 - EXECUT - INFO - received weights from trainer sta0!
2026-06-25 17:17:08,944 - EXECUT - INFO - received weights from trainer sta1!
2026-06-25 17:17:08,959 - EXECUT - INFO - received weights from trainer sta2!
2026-06-25 17:17:08,971 - EXECUT - INFO - received weights from trainer sta6!
2026-06-25 17:17:08,985 - EXECUT - INFO - received weights from trainer sta7!
2026-06-25 17:17:09,513 - EXECUT - INFO - received weights from trainer sta9!
2026-06-25 17:17:09,550 - EXECUT - INFO - received weights from trainer sta8!
2026-06-25 17:17:09,566 - EXECUT - INFO - received weights from trainer sta10!
2026-06-25 17:17:09,617 - EXECUT - INFO - received weights from trainer sta5!
2026-06-25 17:17:10,578 - EXECUT - INFO - sent aggregated weights to trainers!
2026-06-25 17:17:10,861 - METRIC - INFO - {"loss": 0.04844734072685242, "accuracy": 0.982492983341217, "energy_consumption": null, "selected": false, "client_name": "sta5"}
2026-06-25 17:17:10,864 - METRIC - INFO - {"loss": 0.04831146448850632, "accuracy": 0.9859943985939026, "energy_consumption": null, "selected": false, "client_name": "sta1"}
2026-06-25 17:17:10,866 - METRIC - INFO - {"loss": 0.06367255002260208, "accuracy": 0.9796918630599976, "energy_consumption": null, "selected": false, "client_name": "sta4"}
2026-06-25 17:17:10,877 - METRIC - INFO - {"loss": 0.052033331245183945, "accuracy": 0.981792688369751, "energy_consumption": null, "selected": false, "client_name": "sta0"}
2026-06-25 17:17:10,913 - METRIC - INFO - {"loss": 0.0502004474401474, "accuracy": 0.9831932783126831, "energy_consumption": null, "selected": false, "client_name": "sta6"}
2026-06-25 17:17:10,913 - METRIC - INFO - {"loss": 0.05074499547481537, "accuracy": 0.9845938086509705, "energy_consumption": null, "selected": false, "client_name": "sta3"}
2026-06-25 17:17:10,915 - METRIC - INFO - {"loss": 0.05756063386797905, "accuracy": 0.981792688369751, "energy_consumption": null, "selected": false, "client_name": "sta2"}
2026-06-25 17:17:10,932 - METRIC - INFO - {"loss": 0.05924192816019058, "accuracy": 0.9782913327217102, "energy_consumption": null, "selected": false, "client_name": "sta8"}
2026-06-25 17:17:10,933 - METRIC - INFO - {"loss": 0.05819375813007355, "accuracy": 0.9810924530029297, "energy_consumption": null, "selected": false, "client_name": "sta7"}
2026-06-25 17:17:10,935 - METRIC - INFO - {"loss": 0.05700505152344704, "accuracy": 0.9845938086509705, "energy_consumption": null, "selected": false, "client_name": "sta9"}
2026-06-25 17:17:10,956 - METRIC - INFO - {"loss": 0.04996218532323837, "accuracy": 0.9831932783126831, "energy_consumption": null, "selected": false, "client_name": "sta10"}
2026-06-25 17:17:11,581 - METRIC - INFO - mean_accuracy: 0.9824293255805969

2026-06-25 17:17:11,581 - METRIC - INFO - round: 38
2026-06-25 17:17:11,581 - METRIC - INFO - n_selected: 11
2026-06-25 17:17:11,581 - METRIC - INFO - {"selected_trainers": ["sta0", "sta1", "sta10", "sta2", "sta3", "sta4", "sta5", "sta6", "sta7", "sta8", "sta9"]}
2026-06-25 17:17:16,088 - EXECUT - INFO - received weights from trainer sta0!
2026-06-25 17:17:16,100 - EXECUT - INFO - received weights from trainer sta5!
2026-06-25 17:17:16,112 - EXECUT - INFO - received weights from trainer sta4!
2026-06-25 17:17:16,124 - EXECUT - INFO - received weights from trainer sta3!
2026-06-25 17:17:16,135 - EXECUT - INFO - received weights from trainer sta6!
2026-06-25 17:17:16,147 - EXECUT - INFO - received weights from trainer sta2!
2026-06-25 17:17:16,158 - EXECUT - INFO - received weights from trainer sta1!
2026-06-25 17:17:16,172 - EXECUT - INFO - received weights from trainer sta7!
2026-06-25 17:17:16,688 - EXECUT - INFO - received weights from trainer sta8!
2026-06-25 17:17:16,701 - EXECUT - INFO - received weights from trainer sta9!
2026-06-25 17:17:16,712 - EXECUT - INFO - received weights from trainer sta10!
2026-06-25 17:17:17,819 - EXECUT - INFO - sent aggregated weights to trainers!
2026-06-25 17:17:18,094 - METRIC - INFO - {"loss": 0.0464695580303669, "accuracy": 0.9838935732841492, "energy_consumption": null, "selected": false, "client_name": "sta5"}
2026-06-25 17:17:18,114 - METRIC - INFO - {"loss": 0.04790186509490013, "accuracy": 0.9859943985939026, "energy_consumption": null, "selected": false, "client_name": "sta3"}
2026-06-25 17:17:18,116 - METRIC - INFO - {"loss": 0.062134724110364914, "accuracy": 0.9810924530029297, "energy_consumption": null, "selected": false, "client_name": "sta4"}
2026-06-25 17:17:18,119 - METRIC - INFO - {"loss": 0.0515366829931736, "accuracy": 0.9831932783126831, "energy_consumption": null, "selected": false, "client_name": "sta0"}
2026-06-25 17:17:18,121 - METRIC - INFO - {"loss": 0.04661950469017029, "accuracy": 0.9859943985939026, "energy_consumption": null, "selected": false, "client_name": "sta1"}
2026-06-25 17:17:18,127 - METRIC - INFO - {"loss": 0.047547563910484314, "accuracy": 0.9838935732841492, "energy_consumption": null, "selected": false, "client_name": "sta6"}
2026-06-25 17:17:18,130 - METRIC - INFO - {"loss": 0.054314348846673965, "accuracy": 0.9810924530029297, "energy_consumption": null, "selected": false, "client_name": "sta2"}
2026-06-25 17:17:18,163 - METRIC - INFO - {"loss": 0.05879559367895126, "accuracy": 0.9796918630599976, "energy_consumption": null, "selected": false, "client_name": "sta8"}
2026-06-25 17:17:18,167 - METRIC - INFO - {"loss": 0.05383245274424553, "accuracy": 0.9838935732841492, "energy_consumption": null, "selected": false, "client_name": "sta7"}
2026-06-25 17:17:18,175 - METRIC - INFO - {"loss": 0.056065451353788376, "accuracy": 0.9838935732841492, "energy_consumption": null, "selected": false, "client_name": "sta9"}
2026-06-25 17:17:18,178 - METRIC - INFO - {"loss": 0.047241028398275375, "accuracy": 0.9831932783126831, "energy_consumption": null, "selected": false, "client_name": "sta10"}
2026-06-25 17:17:18,822 - METRIC - INFO - mean_accuracy: 0.9832569469105114

2026-06-25 17:17:18,822 - METRIC - INFO - round: 39
2026-06-25 17:17:18,822 - METRIC - INFO - n_selected: 11
2026-06-25 17:17:18,822 - METRIC - INFO - {"selected_trainers": ["sta0", "sta1", "sta10", "sta2", "sta3", "sta4", "sta5", "sta6", "sta7", "sta8", "sta9"]}
2026-06-25 17:17:23,224 - EXECUT - INFO - received weights from trainer sta0!
2026-06-25 17:17:23,241 - EXECUT - INFO - received weights from trainer sta3!
2026-06-25 17:17:23,259 - EXECUT - INFO - received weights from trainer sta1!
2026-06-25 17:17:23,273 - EXECUT - INFO - received weights from trainer sta2!
2026-06-25 17:17:23,287 - EXECUT - INFO - received weights from trainer sta5!
2026-06-25 17:17:23,298 - EXECUT - INFO - received weights from trainer sta4!
2026-06-25 17:17:23,319 - EXECUT - INFO - received weights from trainer sta7!
2026-06-25 17:17:23,333 - EXECUT - INFO - received weights from trainer sta6!
2026-06-25 17:17:23,787 - EXECUT - INFO - received weights from trainer sta10!
2026-06-25 17:17:23,811 - EXECUT - INFO - received weights from trainer sta8!
2026-06-25 17:17:23,824 - EXECUT - INFO - received weights from trainer sta9!
2026-06-25 17:17:24,057 - EXECUT - INFO - sent aggregated weights to trainers!
2026-06-25 17:17:24,331 - METRIC - INFO - {"loss": 0.04556664079427719, "accuracy": 0.982492983341217, "energy_consumption": null, "selected": false, "client_name": "sta5"}
2026-06-25 17:17:24,335 - METRIC - INFO - {"loss": 0.050905629992485046, "accuracy": 0.9831932783126831, "energy_consumption": null, "selected": false, "client_name": "sta0"}
2026-06-25 17:17:24,345 - METRIC - INFO - {"loss": 0.0615035779774189, "accuracy": 0.9796918630599976, "energy_consumption": null, "selected": false, "client_name": "sta4"}
2026-06-25 17:17:24,345 - METRIC - INFO - {"loss": 0.0453140027821064, "accuracy": 0.9859943985939026, "energy_consumption": null, "selected": false, "client_name": "sta1"}
2026-06-25 17:17:24,349 - METRIC - INFO - {"loss": 0.05245731770992279, "accuracy": 0.9845938086509705, "energy_consumption": null, "selected": false, "client_name": "sta2"}
2026-06-25 17:17:24,365 - METRIC - INFO - {"loss": 0.05165446177124977, "accuracy": 0.9838935732841492, "energy_consumption": null, "selected": false, "client_name": "sta7"}
2026-06-25 17:17:24,379 - METRIC - INFO - {"loss": 0.04751870781183243, "accuracy": 0.9866946935653687, "energy_consumption": null, "selected": false, "client_name": "sta3"}
2026-06-25 17:17:24,381 - METRIC - INFO - {"loss": 0.04817789047956467, "accuracy": 0.9838935732841492, "energy_consumption": null, "selected": false, "client_name": "sta6"}
2026-06-25 17:17:24,397 - METRIC - INFO - {"loss": 0.05567512288689613, "accuracy": 0.9852941036224365, "energy_consumption": null, "selected": false, "client_name": "sta9"}
2026-06-25 17:17:24,400 - METRIC - INFO - {"loss": 0.05623864009976387, "accuracy": 0.9789915680885315, "energy_consumption": null, "selected": false, "client_name": "sta8"}
2026-06-25 17:17:24,478 - METRIC - INFO - {"loss": 0.04571795463562012, "accuracy": 0.9838935732841492, "energy_consumption": null, "selected": false, "client_name": "sta10"}
2026-06-25 17:17:25,059 - METRIC - INFO - mean_accuracy: 0.9835115833715959

2026-06-25 17:17:25,059 - METRIC - INFO - round: 40
2026-06-25 17:17:25,059 - METRIC - INFO - n_selected: 11
2026-06-25 17:17:25,059 - METRIC - INFO - {"selected_trainers": ["sta0", "sta1", "sta10", "sta2", "sta3", "sta4", "sta5", "sta6", "sta7", "sta8", "sta9"]}
2026-06-25 17:17:29,443 - EXECUT - INFO - received weights from trainer sta5!
2026-06-25 17:17:29,457 - EXECUT - INFO - received weights from trainer sta0!
2026-06-25 17:17:29,471 - EXECUT - INFO - received weights from trainer sta1!
2026-06-25 17:17:29,491 - EXECUT - INFO - received weights from trainer sta2!
2026-06-25 17:17:29,516 - EXECUT - INFO - received weights from trainer sta7!
2026-06-25 17:17:29,529 - EXECUT - INFO - received weights from trainer sta6!
2026-06-25 17:17:29,542 - EXECUT - INFO - received weights from trainer sta4!
2026-06-25 17:17:30,019 - EXECUT - INFO - received weights from trainer sta9!
2026-06-25 17:17:30,031 - EXECUT - INFO - received weights from trainer sta10!
2026-06-25 17:17:30,044 - EXECUT - INFO - received weights from trainer sta8!
2026-06-25 17:17:30,316 - EXECUT - INFO - received weights from trainer sta3!
2026-06-25 17:17:31,277 - EXECUT - INFO - sent aggregated weights to trainers!
2026-06-25 17:17:31,559 - METRIC - INFO - {"loss": 0.04978387802839279, "accuracy": 0.9838935732841492, "energy_consumption": null, "selected": false, "client_name": "sta0"}
2026-06-25 17:17:31,559 - METRIC - INFO - {"loss": 0.04436194524168968, "accuracy": 0.9859943985939026, "energy_consumption": null, "selected": false, "client_name": "sta1"}
2026-06-25 17:17:31,563 - METRIC - INFO - {"loss": 0.04556092619895935, "accuracy": 0.982492983341217, "energy_consumption": null, "selected": false, "client_name": "sta5"}
2026-06-25 17:17:31,574 - METRIC - INFO - {"loss": 0.04712137207388878, "accuracy": 0.9852941036224365, "energy_consumption": null, "selected": false, "client_name": "sta3"}
2026-06-25 17:17:31,583 - METRIC - INFO - {"loss": 0.0616862028837204, "accuracy": 0.9796918630599976, "energy_consumption": null, "selected": false, "client_name": "sta4"}
2026-06-25 17:17:31,583 - METRIC - INFO - {"loss": 0.05362582206726074, "accuracy": 0.982492983341217, "energy_consumption": null, "selected": false, "client_name": "sta2"}
2026-06-25 17:17:31,587 - METRIC - INFO - {"loss": 0.0474567785859108, "accuracy": 0.9831932783126831, "energy_consumption": null, "selected": false, "client_name": "sta6"}
2026-06-25 17:17:31,588 - METRIC - INFO - {"loss": 0.051865462213754654, "accuracy": 0.9838935732841492, "energy_consumption": null, "selected": false, "client_name": "sta7"}
2026-06-25 17:17:31,615 - METRIC - INFO - {"loss": 0.05470772832632065, "accuracy": 0.9852941036224365, "energy_consumption": null, "selected": false, "client_name": "sta9"}
2026-06-25 17:17:31,616 - METRIC - INFO - {"loss": 0.056838251650333405, "accuracy": 0.9810924530029297, "energy_consumption": null, "selected": false, "client_name": "sta8"}
2026-06-25 17:17:31,623 - METRIC - INFO - {"loss": 0.045752111822366714, "accuracy": 0.9838935732841492, "energy_consumption": null, "selected": false, "client_name": "sta10"}
2026-06-25 17:17:32,279 - METRIC - INFO - mean_accuracy: 0.9833842624317516

2026-06-25 17:17:32,282 - METRIC - INFO - stop_condition: rounds
