2026-06-30 17:29:28,870 - EXECUT - INFO - starting server...
2026-06-30 17:29:33,635 - EXECUT - INFO - trainer number sta2 just joined the pool
2026-06-30 17:29:33,678 - EXECUT - INFO - trainer number sta3 just joined the pool
2026-06-30 17:29:33,678 - EXECUT - INFO - trainer number sta0 just joined the pool
2026-06-30 17:29:33,678 - EXECUT - INFO - trainer number sta1 just joined the pool
2026-06-30 17:29:33,792 - EXECUT - INFO - trainer number sta4 just joined the pool
2026-06-30 17:29:33,834 - EXECUT - INFO - trainer number sta7 just joined the pool
2026-06-30 17:29:33,876 - EXECUT - INFO - trainer number sta6 just joined the pool
2026-06-30 17:29:33,876 - EXECUT - INFO - trainer number sta5 just joined the pool
2026-06-30 17:29:34,037 - EXECUT - INFO - trainer number sta9 just joined the pool
2026-06-30 17:29:34,079 - EXECUT - INFO - trainer number sta8 just joined the pool
2026-06-30 17:29:34,147 - EXECUT - INFO - trainer number sta10 just joined the pool
2026-06-30 17:29:34,880 - EXECUT - INFO - mensagem de data_sz recebida: 
 {'id': 'sta0', 'dataset_sz': 432851712}
2026-06-30 17:29:34,880 - EXECUT - INFO - mensagem de data_sz recebida: 
 {'id': 'sta1', 'dataset_sz': 432851712}
2026-06-30 17:29:34,921 - EXECUT - INFO - mensagem de data_sz recebida: 
 {'id': 'sta2', 'dataset_sz': 432851712}
2026-06-30 17:29:34,921 - EXECUT - INFO - mensagem de data_sz recebida: 
 {'id': 'sta3', 'dataset_sz': 432851712}
2026-06-30 17:29:34,921 - EXECUT - INFO - mensagem de data_sz recebida: 
 {'id': 'sta4', 'dataset_sz': 432851712}
2026-06-30 17:29:34,921 - EXECUT - INFO - mensagem de data_sz recebida: 
 {'id': 'sta5', 'dataset_sz': 432851712}
2026-06-30 17:29:34,921 - EXECUT - INFO - mensagem de data_sz recebida: 
 {'id': 'sta7', 'dataset_sz': 432851712}
2026-06-30 17:29:34,921 - EXECUT - INFO - mensagem de data_sz recebida: 
 {'id': 'sta9', 'dataset_sz': 432851712}
2026-06-30 17:29:34,921 - EXECUT - INFO - mensagem de data_sz recebida: 
 {'id': 'sta8', 'dataset_sz': 432851712}
2026-06-30 17:29:34,921 - EXECUT - INFO - mensagem de data_sz recebida: 
 {'id': 'sta6', 'dataset_sz': 432851712}
2026-06-30 17:29:34,921 - EXECUT - INFO - mensagem de data_sz recebida: 
 {'id': 'sta10', 'dataset_sz': 432851712}
2026-06-30 17:29:35,880 - METRIC - INFO - round: 1
2026-06-30 17:29:35,880 - METRIC - INFO - n_selected: 11
2026-06-30 17:29:35,880 - METRIC - INFO - {"selected_trainers": ["sta0", "sta1", "sta10", "sta2", "sta3", "sta4", "sta5", "sta6", "sta7", "sta8", "sta9"]}
2026-06-30 17:29:52,471 - EXECUT - INFO - received weights from trainer sta4!
2026-06-30 17:29:52,526 - EXECUT - INFO - received weights from trainer sta5!
2026-06-30 17:29:52,637 - EXECUT - INFO - received weights from trainer sta6!
2026-06-30 17:29:52,688 - EXECUT - INFO - received weights from trainer sta7!
2026-06-30 17:29:55,374 - EXECUT - INFO - received weights from trainer sta10!
2026-06-30 17:29:55,517 - EXECUT - INFO - received weights from trainer sta9!
2026-06-30 17:29:57,800 - EXECUT - INFO - received weights from trainer sta0!
2026-06-30 17:29:57,854 - EXECUT - INFO - received weights from trainer sta3!
2026-06-30 17:29:57,908 - EXECUT - INFO - received weights from trainer sta2!
2026-06-30 17:29:57,962 - EXECUT - INFO - received weights from trainer sta1!
2026-06-30 17:29:58,016 - EXECUT - INFO - received weights from trainer sta8!
2026-06-30 17:30:00,018 - EXECUT - INFO - sent aggregated weights to trainers!
2026-06-30 17:30:01,386 - METRIC - INFO - {"loss": 0.36952513456344604, "accuracy": 0.8984593749046326, "energy_consumption": 4.399574526106924, "selected": false, "client_name": "sta2"}
2026-06-30 17:30:01,387 - METRIC - INFO - {"loss": 0.3800790011882782, "accuracy": 0.8977590799331665, "energy_consumption": 3.713462064612215, "selected": false, "client_name": "sta5"}
2026-06-30 17:30:01,402 - METRIC - INFO - {"loss": 0.41821208596229553, "accuracy": 0.8858543634414673, "energy_consumption": 4.994245774986483, "selected": false, "client_name": "sta0"}
2026-06-30 17:30:01,417 - METRIC - INFO - {"loss": 0.4169011116027832, "accuracy": 0.8977590799331665, "energy_consumption": 4.619367510579375, "selected": false, "client_name": "sta1"}
2026-06-30 17:30:01,437 - METRIC - INFO - {"loss": 0.35946282744407654, "accuracy": 0.9075630307197571, "energy_consumption": 3.445204823478974, "selected": false, "client_name": "sta4"}
2026-06-30 17:30:01,456 - METRIC - INFO - {"loss": 0.3947640657424927, "accuracy": 0.9040616154670715, "energy_consumption": 4.219563658478668, "selected": false, "client_name": "sta3"}
2026-06-30 17:30:01,464 - METRIC - INFO - {"loss": 0.3912604749202728, "accuracy": 0.906162440776825, "energy_consumption": 3.068137494219428, "selected": false, "client_name": "sta7"}
2026-06-30 17:30:01,471 - METRIC - INFO - {"loss": 0.4054926037788391, "accuracy": 0.9026610851287842, "energy_consumption": 3.6434331101483783, "selected": false, "client_name": "sta6"}
2026-06-30 17:30:01,520 - METRIC - INFO - {"loss": 0.36600732803344727, "accuracy": 0.8991596698760986, "energy_consumption": 3.430739427695963, "selected": false, "client_name": "sta8"}
2026-06-30 17:30:01,541 - METRIC - INFO - {"loss": 0.40279433131217957, "accuracy": 0.8900560140609741, "energy_consumption": 3.1489266440690127, "selected": false, "client_name": "sta9"}
2026-06-30 17:30:01,544 - METRIC - INFO - {"loss": 0.43390464782714844, "accuracy": 0.8788515329360962, "energy_consumption": 3.3731688410466862, "selected": false, "client_name": "sta10"}
2026-06-30 17:30:02,042 - METRIC - INFO - mean_accuracy: 0.8971224806525491

2026-06-30 17:30:02,042 - METRIC - INFO - round: 2
2026-06-30 17:30:02,042 - METRIC - INFO - n_selected: 11
2026-06-30 17:30:02,042 - METRIC - INFO - {"selected_trainers": ["sta0", "sta1", "sta10", "sta2", "sta3", "sta4", "sta5", "sta6", "sta7", "sta8", "sta9"]}
2026-06-30 17:30:17,544 - EXECUT - INFO - received weights from trainer sta6!
2026-06-30 17:30:17,619 - EXECUT - INFO - received weights from trainer sta4!
2026-06-30 17:30:17,684 - EXECUT - INFO - received weights from trainer sta2!
2026-06-30 17:30:17,732 - EXECUT - INFO - received weights from trainer sta3!
2026-06-30 17:30:22,943 - EXECUT - INFO - received weights from trainer sta0!
2026-06-30 17:30:22,992 - EXECUT - INFO - received weights from trainer sta5!
2026-06-30 17:30:23,040 - EXECUT - INFO - received weights from trainer sta7!
2026-06-30 17:30:23,087 - EXECUT - INFO - received weights from trainer sta8!
2026-06-30 17:30:23,136 - EXECUT - INFO - received weights from trainer sta10!
2026-06-30 17:30:23,183 - EXECUT - INFO - received weights from trainer sta9!
2026-06-30 17:30:23,231 - EXECUT - INFO - received weights from trainer sta1!
2026-06-30 17:30:25,143 - EXECUT - INFO - sent aggregated weights to trainers!
2026-06-30 17:30:26,424 - METRIC - INFO - {"loss": 2.22432804107666, "accuracy": 0.4075630307197571, "energy_consumption": 3.733406935159227, "selected": false, "client_name": "sta4"}
2026-06-30 17:30:26,480 - METRIC - INFO - {"loss": 2.2200498580932617, "accuracy": 0.4614845812320709, "energy_consumption": 4.817179378820586, "selected": false, "client_name": "sta2"}
2026-06-30 17:30:26,507 - METRIC - INFO - {"loss": 2.218064308166504, "accuracy": 0.4334733784198761, "energy_consumption": 5.190795670922696, "selected": false, "client_name": "sta0"}
2026-06-30 17:30:26,511 - METRIC - INFO - {"loss": 2.224717378616333, "accuracy": 0.5427170991897583, "energy_consumption": 3.3647139845844913, "selected": false, "client_name": "sta7"}
2026-06-30 17:30:26,515 - METRIC - INFO - {"loss": 2.2221202850341797, "accuracy": 0.5140056014060974, "energy_consumption": 3.940601832309841, "selected": false, "client_name": "sta6"}
2026-06-30 17:30:26,521 - METRIC - INFO - {"loss": 2.224449634552002, "accuracy": 0.4957983195781708, "energy_consumption": 4.0070427870350604, "selected": false, "client_name": "sta5"}
2026-06-30 17:30:26,531 - METRIC - INFO - {"loss": 2.2231838703155518, "accuracy": 0.49859943985939026, "energy_consumption": 3.569682784326843, "selected": false, "client_name": "sta10"}
2026-06-30 17:30:26,534 - METRIC - INFO - {"loss": 2.225823402404785, "accuracy": 0.6141456365585327, "energy_consumption": 3.7282426904477695, "selected": false, "client_name": "sta8"}
2026-06-30 17:30:26,550 - METRIC - INFO - {"loss": 2.221367359161377, "accuracy": 0.5161064267158508, "energy_consumption": 3.4410374954521523, "selected": false, "client_name": "sta9"}
2026-06-30 17:30:26,570 - METRIC - INFO - {"loss": 2.225216865539551, "accuracy": 0.5462185144424438, "energy_consumption": 4.626283489903349, "selected": false, "client_name": "sta3"}
2026-06-30 17:30:26,572 - METRIC - INFO - {"loss": 2.220623016357422, "accuracy": 0.45168066024780273, "energy_consumption": 5.003762853765772, "selected": false, "client_name": "sta1"}
2026-06-30 17:30:27,146 - METRIC - INFO - mean_accuracy: 0.49834478985179553

2026-06-30 17:30:27,146 - METRIC - INFO - round: 3
2026-06-30 17:30:27,146 - METRIC - INFO - n_selected: 11
2026-06-30 17:30:27,146 - METRIC - INFO - {"selected_trainers": ["sta0", "sta1", "sta10", "sta2", "sta3", "sta4", "sta5", "sta6", "sta7", "sta8", "sta9"]}
2026-06-30 17:30:41,162 - EXECUT - INFO - received weights from trainer sta3!
2026-06-30 17:30:41,307 - EXECUT - INFO - received weights from trainer sta5!
2026-06-30 17:30:41,384 - EXECUT - INFO - received weights from trainer sta2!
2026-06-30 17:30:47,979 - EXECUT - INFO - received weights from trainer sta4!
2026-06-30 17:30:48,028 - EXECUT - INFO - received weights from trainer sta7!
2026-06-30 17:30:48,077 - EXECUT - INFO - received weights from trainer sta8!
2026-06-30 17:30:48,125 - EXECUT - INFO - received weights from trainer sta9!
2026-06-30 17:30:48,174 - EXECUT - INFO - received weights from trainer sta1!
2026-06-30 17:30:48,222 - EXECUT - INFO - received weights from trainer sta6!
2026-06-30 17:30:48,269 - EXECUT - INFO - received weights from trainer sta10!
2026-06-30 17:30:48,313 - EXECUT - INFO - received weights from trainer sta0!
2026-06-30 17:30:50,102 - EXECUT - INFO - sent aggregated weights to trainers!
2026-06-30 17:30:51,027 - METRIC - INFO - {"loss": 0.7171849608421326, "accuracy": 0.819327712059021, "energy_consumption": 4.9352673399811815, "selected": false, "client_name": "sta3"}
2026-06-30 17:30:51,055 - METRIC - INFO - {"loss": 0.7463980913162231, "accuracy": 0.8053221106529236, "energy_consumption": 5.496720729106591, "selected": false, "client_name": "sta0"}
2026-06-30 17:30:51,111 - METRIC - INFO - {"loss": 0.7151731848716736, "accuracy": 0.8214285969734192, "energy_consumption": 3.665270498290183, "selected": false, "client_name": "sta7"}
2026-06-30 17:30:51,137 - METRIC - INFO - {"loss": 0.7172480821609497, "accuracy": 0.8102241158485413, "energy_consumption": 4.04280594179206, "selected": false, "client_name": "sta4"}
2026-06-30 17:30:51,189 - METRIC - INFO - {"loss": 0.693289041519165, "accuracy": 0.8347339034080505, "energy_consumption": 4.24274571478459, "selected": false, "client_name": "sta6"}
2026-06-30 17:30:51,192 - METRIC - INFO - {"loss": 0.7087398767471313, "accuracy": 0.8165265917778015, "energy_consumption": 4.313685634587593, "selected": false, "client_name": "sta5"}
2026-06-30 17:30:51,227 - METRIC - INFO - {"loss": 0.7382263541221619, "accuracy": 0.8102241158485413, "energy_consumption": 5.309950497284211, "selected": false, "client_name": "sta1"}
2026-06-30 17:30:51,241 - METRIC - INFO - {"loss": 0.699345052242279, "accuracy": 0.8228291273117065, "energy_consumption": 5.124097986272086, "selected": false, "client_name": "sta2"}
2026-06-30 17:30:51,277 - METRIC - INFO - {"loss": 0.7558869123458862, "accuracy": 0.7955182194709778, "energy_consumption": 3.8679072046216203, "selected": false, "client_name": "sta10"}
2026-06-30 17:30:51,281 - METRIC - INFO - {"loss": 0.6994832158088684, "accuracy": 0.831232488155365, "energy_consumption": 4.032939625623921, "selected": false, "client_name": "sta8"}
2026-06-30 17:30:51,304 - METRIC - INFO - {"loss": 0.722088634967804, "accuracy": 0.7983193397521973, "energy_consumption": 3.745679720703895, "selected": false, "client_name": "sta9"}
2026-06-30 17:30:52,104 - METRIC - INFO - mean_accuracy: 0.8150623928416859

2026-06-30 17:30:52,104 - METRIC - INFO - round: 4
2026-06-30 17:30:52,104 - METRIC - INFO - n_selected: 11
2026-06-30 17:30:52,104 - METRIC - INFO - {"selected_trainers": ["sta0", "sta1", "sta10", "sta2", "sta3", "sta4", "sta5", "sta6", "sta7", "sta8", "sta9"]}
2026-06-30 17:31:06,186 - EXECUT - INFO - received weights from trainer sta5!
2026-06-30 17:31:06,229 - EXECUT - INFO - received weights from trainer sta4!
2026-06-30 17:31:06,272 - EXECUT - INFO - received weights from trainer sta7!
2026-06-30 17:31:06,316 - EXECUT - INFO - received weights from trainer sta1!
2026-06-30 17:31:06,360 - EXECUT - INFO - received weights from trainer sta3!
2026-06-30 17:31:06,408 - EXECUT - INFO - received weights from trainer sta2!
2026-06-30 17:31:06,451 - EXECUT - INFO - received weights from trainer sta0!
2026-06-30 17:31:08,499 - EXECUT - INFO - received weights from trainer sta8!
2026-06-30 17:31:12,967 - EXECUT - INFO - received weights from trainer sta9!
2026-06-30 17:31:13,014 - EXECUT - INFO - received weights from trainer sta10!
2026-06-30 17:31:13,062 - EXECUT - INFO - received weights from trainer sta6!
2026-06-30 17:31:14,098 - EXECUT - INFO - sent aggregated weights to trainers!
2026-06-30 17:31:15,070 - METRIC - INFO - {"loss": 0.4660744071006775, "accuracy": 0.8606442809104919, "energy_consumption": 5.825345169602591, "selected": false, "client_name": "sta0"}
2026-06-30 17:31:15,231 - METRIC - INFO - {"loss": 0.45796728134155273, "accuracy": 0.8718487620353699, "energy_consumption": 5.6728139657847105, "selected": false, "client_name": "sta1"}
2026-06-30 17:31:15,244 - METRIC - INFO - {"loss": 0.4363657534122467, "accuracy": 0.8753501176834106, "energy_consumption": 4.3672015907370625, "selected": false, "client_name": "sta4"}
2026-06-30 17:31:15,265 - METRIC - INFO - {"loss": 0.480519562959671, "accuracy": 0.8613445162773132, "energy_consumption": 4.192800119233453, "selected": false, "client_name": "sta10"}
2026-06-30 17:31:15,347 - METRIC - INFO - {"loss": 0.40403667092323303, "accuracy": 0.8837534785270691, "energy_consumption": 5.453232389380586, "selected": false, "client_name": "sta2"}
2026-06-30 17:31:15,355 - METRIC - INFO - {"loss": 0.43810540437698364, "accuracy": 0.8809523582458496, "energy_consumption": 3.9925985036132507, "selected": false, "client_name": "sta7"}
2026-06-30 17:31:15,367 - METRIC - INFO - {"loss": 0.4363532066345215, "accuracy": 0.8830532431602478, "energy_consumption": 5.262751233201182, "selected": false, "client_name": "sta3"}
2026-06-30 17:31:15,421 - METRIC - INFO - {"loss": 0.42236506938934326, "accuracy": 0.8816526532173157, "energy_consumption": 4.64227242976836, "selected": false, "client_name": "sta5"}
2026-06-30 17:31:15,440 - METRIC - INFO - {"loss": 0.4024956226348877, "accuracy": 0.8977590799331665, "energy_consumption": 4.573219228503805, "selected": false, "client_name": "sta6"}
2026-06-30 17:31:15,443 - METRIC - INFO - {"loss": 0.43992891907691956, "accuracy": 0.8725489974021912, "energy_consumption": 3.960993993733809, "selected": false, "client_name": "sta9"}
2026-06-30 17:31:15,478 - METRIC - INFO - {"loss": 0.4058877229690552, "accuracy": 0.8886554837226868, "energy_consumption": 4.36350771771062, "selected": false, "client_name": "sta8"}
2026-06-30 17:31:16,102 - METRIC - INFO - mean_accuracy: 0.8779602701013739

2026-06-30 17:31:16,102 - METRIC - INFO - round: 5
2026-06-30 17:31:16,102 - METRIC - INFO - n_selected: 11
2026-06-30 17:31:16,102 - METRIC - INFO - {"selected_trainers": ["sta0", "sta1", "sta10", "sta2", "sta3", "sta4", "sta5", "sta6", "sta7", "sta8", "sta9"]}
2026-06-30 17:31:28,913 - EXECUT - INFO - received weights from trainer sta7!
2026-06-30 17:31:28,964 - EXECUT - INFO - received weights from trainer sta6!
2026-06-30 17:31:29,009 - EXECUT - INFO - received weights from trainer sta3!
2026-06-30 17:31:29,053 - EXECUT - INFO - received weights from trainer sta1!
2026-06-30 17:31:29,098 - EXECUT - INFO - received weights from trainer sta0!
2026-06-30 17:31:31,090 - EXECUT - INFO - received weights from trainer sta8!
2026-06-30 17:31:31,293 - EXECUT - INFO - received weights from trainer sta9!
2026-06-30 17:31:36,913 - EXECUT - INFO - received weights from trainer sta2!
2026-06-30 17:31:36,957 - EXECUT - INFO - received weights from trainer sta4!
2026-06-30 17:31:37,000 - EXECUT - INFO - received weights from trainer sta5!
2026-06-30 17:31:37,044 - EXECUT - INFO - received weights from trainer sta10!
2026-06-30 17:31:37,903 - EXECUT - INFO - sent aggregated weights to trainers!
2026-06-30 17:31:38,737 - METRIC - INFO - {"loss": 0.35276883840560913, "accuracy": 0.9047619104385376, "energy_consumption": 5.623111729649515, "selected": false, "client_name": "sta3"}
2026-06-30 17:31:38,770 - METRIC - INFO - {"loss": 0.3177468180656433, "accuracy": 0.9152660965919495, "energy_consumption": 4.915768845376638, "selected": false, "client_name": "sta6"}
2026-06-30 17:31:38,818 - METRIC - INFO - {"loss": 0.3509262800216675, "accuracy": 0.8998599648475647, "energy_consumption": 4.708258118158562, "selected": false, "client_name": "sta4"}
2026-06-30 17:31:38,835 - METRIC - INFO - {"loss": 0.3527029752731323, "accuracy": 0.9033613204956055, "energy_consumption": 4.332547226511528, "selected": false, "client_name": "sta7"}
2026-06-30 17:31:38,858 - METRIC - INFO - {"loss": 0.3391416370868683, "accuracy": 0.906862735748291, "energy_consumption": 5.032845377881693, "selected": false, "client_name": "sta5"}
2026-06-30 17:31:38,870 - METRIC - INFO - {"loss": 0.32045236229896545, "accuracy": 0.906162440776825, "energy_consumption": 5.795152066529086, "selected": false, "client_name": "sta2"}
2026-06-30 17:31:38,902 - METRIC - INFO - {"loss": 0.3720288872718811, "accuracy": 0.894957959651947, "energy_consumption": 6.160112255898277, "selected": false, "client_name": "sta0"}
2026-06-30 17:31:38,939 - METRIC - INFO - {"loss": 0.31795641779899597, "accuracy": 0.9096638560295105, "energy_consumption": 4.704116629007732, "selected": false, "client_name": "sta8"}
2026-06-30 17:31:38,942 - METRIC - INFO - {"loss": 0.36959442496299744, "accuracy": 0.8956582546234131, "energy_consumption": 5.998594005251924, "selected": false, "client_name": "sta1"}
2026-06-30 17:31:38,961 - METRIC - INFO - {"loss": 0.3487148880958557, "accuracy": 0.8984593749046326, "energy_consumption": 4.407187381353439, "selected": false, "client_name": "sta9"}
2026-06-30 17:31:39,095 - METRIC - INFO - {"loss": 0.38917234539985657, "accuracy": 0.8872548937797546, "energy_consumption": 4.53238484625368, "selected": false, "client_name": "sta10"}
2026-06-30 17:31:39,906 - METRIC - INFO - mean_accuracy: 0.9020244370807301

2026-06-30 17:31:39,906 - METRIC - INFO - round: 6
2026-06-30 17:31:39,906 - METRIC - INFO - n_selected: 11
2026-06-30 17:31:39,906 - METRIC - INFO - {"selected_trainers": ["sta0", "sta1", "sta10", "sta2", "sta3", "sta4", "sta5", "sta6", "sta7", "sta8", "sta9"]}
2026-06-30 17:31:52,714 - EXECUT - INFO - received weights from trainer sta4!
2026-06-30 17:31:52,798 - EXECUT - INFO - received weights from trainer sta3!
2026-06-30 17:31:52,842 - EXECUT - INFO - received weights from trainer sta7!
2026-06-30 17:31:52,950 - EXECUT - INFO - received weights from trainer sta2!
2026-06-30 17:31:54,997 - EXECUT - INFO - received weights from trainer sta8!
2026-06-30 17:31:55,041 - EXECUT - INFO - received weights from trainer sta10!
2026-06-30 17:31:55,153 - EXECUT - INFO - received weights from trainer sta9!
2026-06-30 17:32:00,719 - EXECUT - INFO - received weights from trainer sta0!
2026-06-30 17:32:00,758 - EXECUT - INFO - received weights from trainer sta1!
2026-06-30 17:32:00,797 - EXECUT - INFO - received weights from trainer sta6!
2026-06-30 17:32:00,836 - EXECUT - INFO - received weights from trainer sta5!
2026-06-30 17:32:01,779 - EXECUT - INFO - sent aggregated weights to trainers!
2026-06-30 17:32:02,556 - METRIC - INFO - {"loss": 0.30115988850593567, "accuracy": 0.913165271282196, "energy_consumption": 5.982731265257004, "selected": false, "client_name": "sta3"}
2026-06-30 17:32:02,606 - METRIC - INFO - {"loss": 0.2690519094467163, "accuracy": 0.9229691624641418, "energy_consumption": 5.280210535298472, "selected": false, "client_name": "sta6"}
2026-06-30 17:32:02,608 - METRIC - INFO - {"loss": 0.2955808937549591, "accuracy": 0.9166666865348816, "energy_consumption": 5.390781584856193, "selected": false, "client_name": "sta5"}
2026-06-30 17:32:02,624 - METRIC - INFO - {"loss": 0.305020272731781, "accuracy": 0.91246497631073, "energy_consumption": 4.693593182733028, "selected": false, "client_name": "sta7"}
2026-06-30 17:32:02,641 - METRIC - INFO - {"loss": 0.30097171664237976, "accuracy": 0.9152660965919495, "energy_consumption": 5.069607801240753, "selected": false, "client_name": "sta4"}
2026-06-30 17:32:02,641 - METRIC - INFO - {"loss": 0.31989115476608276, "accuracy": 0.906862735748291, "energy_consumption": 6.360490728368425, "selected": false, "client_name": "sta1"}
2026-06-30 17:32:02,661 - METRIC - INFO - {"loss": 0.3179169297218323, "accuracy": 0.9103641510009766, "energy_consumption": 6.51967433608511, "selected": false, "client_name": "sta0"}
2026-06-30 17:32:02,727 - METRIC - INFO - {"loss": 0.26485493779182434, "accuracy": 0.9278711676597595, "energy_consumption": 5.065941966571898, "selected": false, "client_name": "sta8"}
2026-06-30 17:32:02,739 - METRIC - INFO - {"loss": 0.29507920145988464, "accuracy": 0.9152660965919495, "energy_consumption": 4.769598010424772, "selected": false, "client_name": "sta9"}
2026-06-30 17:32:02,761 - METRIC - INFO - {"loss": 0.33505338430404663, "accuracy": 0.8998599648475647, "energy_consumption": 5.018898631544181, "selected": false, "client_name": "sta10"}
2026-06-30 17:32:02,827 - METRIC - INFO - {"loss": 0.27592897415161133, "accuracy": 0.9194678068161011, "energy_consumption": 6.144734047633024, "selected": false, "client_name": "sta2"}
2026-06-30 17:32:03,783 - METRIC - INFO - mean_accuracy: 0.9145658287135038

2026-06-30 17:32:03,783 - METRIC - INFO - round: 7
2026-06-30 17:32:03,783 - METRIC - INFO - n_selected: 11
2026-06-30 17:32:03,783 - METRIC - INFO - {"selected_trainers": ["sta0", "sta1", "sta10", "sta2", "sta3", "sta4", "sta5", "sta6", "sta7", "sta8", "sta9"]}
2026-06-30 17:32:15,562 - EXECUT - INFO - received weights from trainer sta3!
2026-06-30 17:32:15,605 - EXECUT - INFO - received weights from trainer sta7!
2026-06-30 17:32:15,643 - EXECUT - INFO - received weights from trainer sta2!
2026-06-30 17:32:15,722 - EXECUT - INFO - received weights from trainer sta0!
2026-06-30 17:32:15,762 - EXECUT - INFO - received weights from trainer sta6!
2026-06-30 17:32:17,691 - EXECUT - INFO - received weights from trainer sta10!
2026-06-30 17:32:17,732 - EXECUT - INFO - received weights from trainer sta8!
2026-06-30 17:32:17,772 - EXECUT - INFO - received weights from trainer sta9!
2026-06-30 17:32:24,566 - EXECUT - INFO - received weights from trainer sta4!
2026-06-30 17:32:24,603 - EXECUT - INFO - received weights from trainer sta1!
2026-06-30 17:32:24,639 - EXECUT - INFO - received weights from trainer sta5!
2026-06-30 17:32:25,532 - EXECUT - INFO - sent aggregated weights to trainers!
2026-06-30 17:32:26,274 - METRIC - INFO - {"loss": 0.26083889603614807, "accuracy": 0.9236694574356079, "energy_consumption": 6.485607999091381, "selected": false, "client_name": "sta3"}
2026-06-30 17:32:26,303 - METRIC - INFO - {"loss": 0.262842059135437, "accuracy": 0.9264705777168274, "energy_consumption": 5.443978974572587, "selected": false, "client_name": "sta4"}
2026-06-30 17:32:26,322 - METRIC - INFO - {"loss": 0.25902387499809265, "accuracy": 0.9229691624641418, "energy_consumption": 5.766666209290193, "selected": false, "client_name": "sta5"}
2026-06-30 17:32:26,324 - METRIC - INFO - {"loss": 0.27757924795150757, "accuracy": 0.9222689270973206, "energy_consumption": 6.856510014060757, "selected": false, "client_name": "sta1"}
2026-06-30 17:32:26,326 - METRIC - INFO - {"loss": 0.23288337886333466, "accuracy": 0.930672287940979, "energy_consumption": 5.656507294286804, "selected": false, "client_name": "sta6"}
2026-06-30 17:32:26,344 - METRIC - INFO - {"loss": 0.27625420689582825, "accuracy": 0.9264705777168274, "energy_consumption": 7.006009269777844, "selected": false, "client_name": "sta0"}
2026-06-30 17:32:26,376 - METRIC - INFO - {"loss": 0.26889920234680176, "accuracy": 0.9201680421829224, "energy_consumption": 5.066816861872693, "selected": false, "client_name": "sta7"}
2026-06-30 17:32:26,406 - METRIC - INFO - {"loss": 0.25054559111595154, "accuracy": 0.9264705777168274, "energy_consumption": 5.145945825421908, "selected": false, "client_name": "sta9"}
2026-06-30 17:32:26,407 - METRIC - INFO - {"loss": 0.2399088740348816, "accuracy": 0.9313725233078003, "energy_consumption": 6.649118778027793, "selected": false, "client_name": "sta2"}
2026-06-30 17:32:26,415 - METRIC - INFO - {"loss": 0.22505301237106323, "accuracy": 0.9376750588417053, "energy_consumption": 5.435689460456898, "selected": false, "client_name": "sta8"}
2026-06-30 17:32:26,435 - METRIC - INFO - {"loss": 0.2907819449901581, "accuracy": 0.9166666865348816, "energy_consumption": 5.381745461379654, "selected": false, "client_name": "sta10"}
2026-06-30 17:32:26,533 - METRIC - INFO - mean_accuracy: 0.925897625359622

2026-06-30 17:32:26,533 - METRIC - INFO - round: 8
2026-06-30 17:32:26,533 - METRIC - INFO - n_selected: 11
2026-06-30 17:32:26,533 - METRIC - INFO - {"selected_trainers": ["sta0", "sta1", "sta10", "sta2", "sta3", "sta4", "sta5", "sta6", "sta7", "sta8", "sta9"]}
2026-06-30 17:32:38,329 - EXECUT - INFO - received weights from trainer sta4!
2026-06-30 17:32:38,437 - EXECUT - INFO - received weights from trainer sta5!
2026-06-30 17:32:38,473 - EXECUT - INFO - received weights from trainer sta2!
2026-06-30 17:32:38,510 - EXECUT - INFO - received weights from trainer sta1!
2026-06-30 17:32:38,546 - EXECUT - INFO - received weights from trainer sta0!
2026-06-30 17:32:38,582 - EXECUT - INFO - received weights from trainer sta6!
2026-06-30 17:32:38,618 - EXECUT - INFO - received weights from trainer sta7!
2026-06-30 17:32:40,354 - EXECUT - INFO - received weights from trainer sta10!
2026-06-30 17:32:40,478 - EXECUT - INFO - received weights from trainer sta8!
2026-06-30 17:32:40,518 - EXECUT - INFO - received weights from trainer sta9!
2026-06-30 17:32:47,311 - EXECUT - INFO - received weights from trainer sta3!
2026-06-30 17:32:48,287 - EXECUT - INFO - sent aggregated weights to trainers!
2026-06-30 17:32:49,013 - METRIC - INFO - {"loss": 0.22546972334384918, "accuracy": 0.9369747638702393, "energy_consumption": 6.878413038586335, "selected": false, "client_name": "sta3"}
2026-06-30 17:32:49,026 - METRIC - INFO - {"loss": 0.20152676105499268, "accuracy": 0.9411764740943909, "energy_consumption": 6.046492582480458, "selected": false, "client_name": "sta6"}
2026-06-30 17:32:49,060 - METRIC - INFO - {"loss": 0.24366120994091034, "accuracy": 0.9264705777168274, "energy_consumption": 7.252548981461756, "selected": false, "client_name": "sta1"}
2026-06-30 17:32:49,061 - METRIC - INFO - {"loss": 0.24152235686779022, "accuracy": 0.9327731132507324, "energy_consumption": 7.3856597544422735, "selected": false, "client_name": "sta0"}
2026-06-30 17:32:49,104 - METRIC - INFO - {"loss": 0.24136747419834137, "accuracy": 0.9292716979980469, "energy_consumption": 5.445690539795359, "selected": false, "client_name": "sta7"}
2026-06-30 17:32:49,124 - METRIC - INFO - {"loss": 0.23105046153068542, "accuracy": 0.9341736435890198, "energy_consumption": 5.97352915551442, "selected": false, "client_name": "sta4"}
2026-06-30 17:32:49,135 - METRIC - INFO - {"loss": 0.20959654450416565, "accuracy": 0.9390756487846375, "energy_consumption": 7.049127279756517, "selected": false, "client_name": "sta2"}
2026-06-30 17:32:49,143 - METRIC - INFO - {"loss": 0.21618393063545227, "accuracy": 0.936274528503418, "energy_consumption": 5.541896884392408, "selected": false, "client_name": "sta9"}
2026-06-30 17:32:49,144 - METRIC - INFO - {"loss": 0.22797919809818268, "accuracy": 0.9285714030265808, "energy_consumption": 6.296512386985604, "selected": false, "client_name": "sta5"}
2026-06-30 17:32:49,163 - METRIC - INFO - {"loss": 0.19558143615722656, "accuracy": 0.9425770044326782, "energy_consumption": 5.832325592237065, "selected": false, "client_name": "sta8"}
2026-06-30 17:32:49,177 - METRIC - INFO - {"loss": 0.2534343898296356, "accuracy": 0.9257702827453613, "energy_consumption": 5.767212340358562, "selected": false, "client_name": "sta10"}
2026-06-30 17:32:49,290 - METRIC - INFO - mean_accuracy: 0.9339190125465393

2026-06-30 17:32:49,290 - METRIC - INFO - round: 9
2026-06-30 17:32:49,290 - METRIC - INFO - n_selected: 11
2026-06-30 17:32:49,290 - METRIC - INFO - {"selected_trainers": ["sta0", "sta1", "sta10", "sta2", "sta3", "sta4", "sta5", "sta6", "sta7", "sta8", "sta9"]}
2026-06-30 17:33:00,949 - EXECUT - INFO - received weights from trainer sta4!
2026-06-30 17:33:01,036 - EXECUT - INFO - received weights from trainer sta0!
2026-06-30 17:33:01,070 - EXECUT - INFO - received weights from trainer sta3!
2026-06-30 17:33:01,104 - EXECUT - INFO - received weights from trainer sta6!
2026-06-30 17:33:01,137 - EXECUT - INFO - received weights from trainer sta5!
2026-06-30 17:33:01,171 - EXECUT - INFO - received weights from trainer sta2!
2026-06-30 17:33:01,204 - EXECUT - INFO - received weights from trainer sta7!
2026-06-30 17:33:03,273 - EXECUT - INFO - received weights from trainer sta10!
2026-06-30 17:33:03,314 - EXECUT - INFO - received weights from trainer sta8!
2026-06-30 17:33:03,369 - EXECUT - INFO - received weights from trainer sta9!
2026-06-30 17:33:10,139 - EXECUT - INFO - received weights from trainer sta1!
2026-06-30 17:33:10,998 - EXECUT - INFO - sent aggregated weights to trainers!
2026-06-30 17:33:11,697 - METRIC - INFO - {"loss": 0.1995331197977066, "accuracy": 0.9418767690658569, "energy_consumption": 7.271981054408458, "selected": false, "client_name": "sta3"}
2026-06-30 17:33:11,753 - METRIC - INFO - {"loss": 0.17165671288967133, "accuracy": 0.9509803652763367, "energy_consumption": 6.575271077387377, "selected": false, "client_name": "sta6"}
2026-06-30 17:33:11,767 - METRIC - INFO - {"loss": 0.21294082701206207, "accuracy": 0.936274528503418, "energy_consumption": 5.9633213348062695, "selected": false, "client_name": "sta7"}
2026-06-30 17:33:11,780 - METRIC - INFO - {"loss": 0.2120727002620697, "accuracy": 0.9390756487846375, "energy_consumption": 7.6549461805814225, "selected": false, "client_name": "sta1"}
2026-06-30 17:33:11,780 - METRIC - INFO - {"loss": 0.2129257619380951, "accuracy": 0.9348739385604858, "energy_consumption": 7.784542465611785, "selected": false, "client_name": "sta0"}
2026-06-30 17:33:11,806 - METRIC - INFO - {"loss": 0.18409420549869537, "accuracy": 0.9439775943756104, "energy_consumption": 7.445919321824139, "selected": false, "client_name": "sta2"}
2026-06-30 17:33:11,808 - METRIC - INFO - {"loss": 0.20348379015922546, "accuracy": 0.9397758841514587, "energy_consumption": 6.698154009982156, "selected": false, "client_name": "sta5"}
2026-06-30 17:33:11,813 - METRIC - INFO - {"loss": 0.20300696790218353, "accuracy": 0.9390756487846375, "energy_consumption": 6.373723379823421, "selected": false, "client_name": "sta4"}
2026-06-30 17:33:11,885 - METRIC - INFO - {"loss": 0.18598264455795288, "accuracy": 0.9411764740943909, "energy_consumption": 5.942211822318489, "selected": false, "client_name": "sta9"}
2026-06-30 17:33:11,908 - METRIC - INFO - {"loss": 0.1689838171005249, "accuracy": 0.9474790096282959, "energy_consumption": 6.360947509232262, "selected": false, "client_name": "sta8"}
2026-06-30 17:33:11,923 - METRIC - INFO - {"loss": 0.2248837947845459, "accuracy": 0.9376750588417053, "energy_consumption": 6.166053621375934, "selected": false, "client_name": "sta10"}
2026-06-30 17:33:11,999 - METRIC - INFO - mean_accuracy: 0.9411128109151666

2026-06-30 17:33:11,999 - METRIC - INFO - round: 10
2026-06-30 17:33:11,999 - METRIC - INFO - n_selected: 11
2026-06-30 17:33:11,999 - METRIC - INFO - {"selected_trainers": ["sta0", "sta1", "sta10", "sta2", "sta3", "sta4", "sta5", "sta6", "sta7", "sta8", "sta9"]}
2026-06-30 17:33:22,168 - EXECUT - INFO - received weights from trainer sta6!
2026-06-30 17:33:22,220 - EXECUT - INFO - received weights from trainer sta3!
2026-06-30 17:33:22,333 - EXECUT - INFO - received weights from trainer sta7!
2026-06-30 17:33:22,365 - EXECUT - INFO - received weights from trainer sta5!
2026-06-30 17:33:22,396 - EXECUT - INFO - received weights from trainer sta0!
2026-06-30 17:33:22,428 - EXECUT - INFO - received weights from trainer sta1!
2026-06-30 17:33:22,459 - EXECUT - INFO - received weights from trainer sta2!
2026-06-30 17:33:22,517 - EXECUT - INFO - received weights from trainer sta4!
2026-06-30 17:33:24,016 - EXECUT - INFO - received weights from trainer sta8!
2026-06-30 17:33:24,057 - EXECUT - INFO - received weights from trainer sta10!
2026-06-30 17:33:24,112 - EXECUT - INFO - received weights from trainer sta9!
2026-06-30 17:33:25,627 - EXECUT - INFO - sent aggregated weights to trainers!
2026-06-30 17:33:26,285 - METRIC - INFO - {"loss": 0.18734437227249146, "accuracy": 0.9418767690658569, "energy_consumption": 8.068611756284184, "selected": false, "client_name": "sta0"}
2026-06-30 17:33:26,286 - METRIC - INFO - {"loss": 0.17469078302383423, "accuracy": 0.9481792449951172, "energy_consumption": 7.55531934941678, "selected": false, "client_name": "sta3"}
2026-06-30 17:33:26,333 - METRIC - INFO - {"loss": 0.18784759938716888, "accuracy": 0.9467787146568298, "energy_consumption": 7.94052567994332, "selected": false, "client_name": "sta1"}
2026-06-30 17:33:26,355 - METRIC - INFO - {"loss": 0.15225434303283691, "accuracy": 0.9530812501907349, "energy_consumption": 6.856308253860747, "selected": false, "client_name": "sta6"}
2026-06-30 17:33:26,355 - METRIC - INFO - {"loss": 0.18791340291500092, "accuracy": 0.9446778893470764, "energy_consumption": 6.249317310886288, "selected": false, "client_name": "sta7"}
2026-06-30 17:33:26,363 - METRIC - INFO - {"loss": 0.18272773921489716, "accuracy": 0.9474790096282959, "energy_consumption": 6.655170791049725, "selected": false, "client_name": "sta4"}
2026-06-30 17:33:26,370 - METRIC - INFO - {"loss": 0.16276417672634125, "accuracy": 0.9537814855575562, "energy_consumption": 7.731389884493613, "selected": false, "client_name": "sta2"}
2026-06-30 17:33:26,392 - METRIC - INFO - {"loss": 0.18158787488937378, "accuracy": 0.9474790096282959, "energy_consumption": 6.976540354101819, "selected": false, "client_name": "sta5"}
2026-06-30 17:33:26,393 - METRIC - INFO - {"loss": 0.16292458772659302, "accuracy": 0.9467787146568298, "energy_consumption": 6.352482012279898, "selected": false, "client_name": "sta9"}
2026-06-30 17:33:26,409 - METRIC - INFO - {"loss": 0.14844825863838196, "accuracy": 0.9544817805290222, "energy_consumption": 6.636121041989661, "selected": false, "client_name": "sta8"}
2026-06-30 17:33:26,445 - METRIC - INFO - {"loss": 0.20049570500850677, "accuracy": 0.9432772994041443, "energy_consumption": 6.586309077069243, "selected": false, "client_name": "sta10"}
2026-06-30 17:33:26,630 - METRIC - INFO - mean_accuracy: 0.9479882879690691

2026-06-30 17:33:26,630 - METRIC - INFO - round: 11
2026-06-30 17:33:26,630 - METRIC - INFO - n_selected: 11
2026-06-30 17:33:26,630 - METRIC - INFO - {"selected_trainers": ["sta0", "sta1", "sta10", "sta2", "sta3", "sta4", "sta5", "sta6", "sta7", "sta8", "sta9"]}
2026-06-30 17:33:36,882 - EXECUT - INFO - received weights from trainer sta6!
2026-06-30 17:33:36,914 - EXECUT - INFO - received weights from trainer sta7!
2026-06-30 17:33:36,952 - EXECUT - INFO - received weights from trainer sta4!
2026-06-30 17:33:36,986 - EXECUT - INFO - received weights from trainer sta0!
2026-06-30 17:33:37,020 - EXECUT - INFO - received weights from trainer sta2!
2026-06-30 17:33:37,053 - EXECUT - INFO - received weights from trainer sta1!
2026-06-30 17:33:37,084 - EXECUT - INFO - received weights from trainer sta3!
2026-06-30 17:33:37,147 - EXECUT - INFO - received weights from trainer sta5!
2026-06-30 17:33:38,668 - EXECUT - INFO - received weights from trainer sta10!
2026-06-30 17:33:38,703 - EXECUT - INFO - received weights from trainer sta9!
2026-06-30 17:33:38,738 - EXECUT - INFO - received weights from trainer sta8!
2026-06-30 17:33:40,289 - EXECUT - INFO - sent aggregated weights to trainers!
2026-06-30 17:33:40,934 - METRIC - INFO - {"loss": 0.15456202626228333, "accuracy": 0.9551820755004883, "energy_consumption": 7.8648970607371504, "selected": false, "client_name": "sta3"}
2026-06-30 17:33:40,943 - METRIC - INFO - {"loss": 0.16732680797576904, "accuracy": 0.9481792449951172, "energy_consumption": 8.536714048334334, "selected": false, "client_name": "sta0"}
2026-06-30 17:33:40,967 - METRIC - INFO - {"loss": 0.16822479665279388, "accuracy": 0.9537814855575562, "energy_consumption": 8.396812222378646, "selected": false, "client_name": "sta1"}
2026-06-30 17:33:41,011 - METRIC - INFO - {"loss": 0.13633941113948822, "accuracy": 0.9600840210914612, "energy_consumption": 7.16545498976445, "selected": false, "client_name": "sta6"}
2026-06-30 17:33:41,029 - METRIC - INFO - {"loss": 0.16484585404396057, "accuracy": 0.9495798349380493, "energy_consumption": 7.28076041041293, "selected": false, "client_name": "sta5"}
2026-06-30 17:33:41,031 - METRIC - INFO - {"loss": 0.1633240133523941, "accuracy": 0.9509803652763367, "energy_consumption": 6.9632940527923175, "selected": false, "client_name": "sta4"}
2026-06-30 17:33:41,044 - METRIC - INFO - {"loss": 0.17270489037036896, "accuracy": 0.9537814855575562, "energy_consumption": 6.554260607340222, "selected": false, "client_name": "sta7"}
2026-06-30 17:33:41,048 - METRIC - INFO - {"loss": 0.14908640086650848, "accuracy": 0.9579831957817078, "energy_consumption": 8.195793922555648, "selected": false, "client_name": "sta2"}
2026-06-30 17:33:41,075 - METRIC - INFO - {"loss": 0.14531579613685608, "accuracy": 0.9551820755004883, "energy_consumption": 6.660185826005124, "selected": false, "client_name": "sta9"}
2026-06-30 17:33:41,093 - METRIC - INFO - {"loss": 0.13112956285476685, "accuracy": 0.9586834907531738, "energy_consumption": 6.94272752298529, "selected": false, "client_name": "sta8"}
2026-06-30 17:33:41,100 - METRIC - INFO - {"loss": 0.18112488090991974, "accuracy": 0.9446778893470764, "energy_consumption": 6.900215790792297, "selected": false, "client_name": "sta10"}
2026-06-30 17:33:41,292 - METRIC - INFO - mean_accuracy: 0.9534631967544556

2026-06-30 17:33:41,292 - METRIC - INFO - round: 12
2026-06-30 17:33:41,292 - METRIC - INFO - n_selected: 11
2026-06-30 17:33:41,293 - METRIC - INFO - {"selected_trainers": ["sta0", "sta1", "sta10", "sta2", "sta3", "sta4", "sta5", "sta6", "sta7", "sta8", "sta9"]}
2026-06-30 17:33:50,987 - EXECUT - INFO - received weights from trainer sta5!
2026-06-30 17:33:51,016 - EXECUT - INFO - received weights from trainer sta4!
2026-06-30 17:33:51,051 - EXECUT - INFO - received weights from trainer sta7!
2026-06-30 17:33:51,080 - EXECUT - INFO - received weights from trainer sta3!
2026-06-30 17:33:51,109 - EXECUT - INFO - received weights from trainer sta0!
2026-06-30 17:33:51,138 - EXECUT - INFO - received weights from trainer sta1!
2026-06-30 17:33:51,167 - EXECUT - INFO - received weights from trainer sta2!
2026-06-30 17:33:51,196 - EXECUT - INFO - received weights from trainer sta6!
2026-06-30 17:33:52,574 - EXECUT - INFO - received weights from trainer sta10!
2026-06-30 17:33:52,646 - EXECUT - INFO - received weights from trainer sta9!
2026-06-30 17:33:52,678 - EXECUT - INFO - received weights from trainer sta8!
2026-06-30 17:33:53,872 - EXECUT - INFO - sent aggregated weights to trainers!
2026-06-30 17:33:54,486 - METRIC - INFO - {"loss": 0.1556202918291092, "accuracy": 0.9558823704719543, "energy_consumption": 8.710550918134185, "selected": false, "client_name": "sta1"}
2026-06-30 17:33:54,505 - METRIC - INFO - {"loss": 0.14038093388080597, "accuracy": 0.9614846110343933, "energy_consumption": 8.341156432163817, "selected": false, "client_name": "sta3"}
2026-06-30 17:33:54,545 - METRIC - INFO - {"loss": 0.12072701752185822, "accuracy": 0.9635854363441467, "energy_consumption": 7.483336651315166, "selected": false, "client_name": "sta6"}
2026-06-30 17:33:54,547 - METRIC - INFO - {"loss": 0.1570257991552353, "accuracy": 0.9572829008102417, "energy_consumption": 6.866379363571465, "selected": false, "client_name": "sta7"}
2026-06-30 17:33:54,553 - METRIC - INFO - {"loss": 0.15196798741817474, "accuracy": 0.9523809552192688, "energy_consumption": 8.856076491461845, "selected": false, "client_name": "sta0"}
2026-06-30 17:33:54,569 - METRIC - INFO - {"loss": 0.14775921404361725, "accuracy": 0.9523809552192688, "energy_consumption": 7.282595921694093, "selected": false, "client_name": "sta4"}
2026-06-30 17:33:54,573 - METRIC - INFO - {"loss": 0.1334870159626007, "accuracy": 0.9649859666824341, "energy_consumption": 8.512901525006324, "selected": false, "client_name": "sta2"}
2026-06-30 17:33:54,577 - METRIC - INFO - {"loss": 0.14875465631484985, "accuracy": 0.9551820755004883, "energy_consumption": 7.587890667910034, "selected": false, "client_name": "sta5"}
2026-06-30 17:33:54,606 - METRIC - INFO - {"loss": 0.13126760721206665, "accuracy": 0.9593837261199951, "energy_consumption": 6.978845486192351, "selected": false, "client_name": "sta9"}
2026-06-30 17:33:54,617 - METRIC - INFO - {"loss": 0.11869236081838608, "accuracy": 0.9614846110343933, "energy_consumption": 7.259872226728068, "selected": false, "client_name": "sta8"}
2026-06-30 17:33:54,628 - METRIC - INFO - {"loss": 0.16437429189682007, "accuracy": 0.9516806602478027, "energy_consumption": 7.221036899311844, "selected": false, "client_name": "sta10"}
2026-06-30 17:33:54,875 - METRIC - INFO - mean_accuracy: 0.9577922062440352

2026-06-30 17:33:54,875 - METRIC - INFO - round: 13
2026-06-30 17:33:54,875 - METRIC - INFO - n_selected: 11
2026-06-30 17:33:54,875 - METRIC - INFO - {"selected_trainers": ["sta0", "sta1", "sta10", "sta2", "sta3", "sta4", "sta5", "sta6", "sta7", "sta8", "sta9"]}
2026-06-30 17:34:04,481 - EXECUT - INFO - received weights from trainer sta7!
2026-06-30 17:34:04,519 - EXECUT - INFO - received weights from trainer sta2!
2026-06-30 17:34:04,555 - EXECUT - INFO - received weights from trainer sta3!
2026-06-30 17:34:04,584 - EXECUT - INFO - received weights from trainer sta1!
2026-06-30 17:34:04,614 - EXECUT - INFO - received weights from trainer sta6!
2026-06-30 17:34:04,643 - EXECUT - INFO - received weights from trainer sta5!
2026-06-30 17:34:04,672 - EXECUT - INFO - received weights from trainer sta4!
2026-06-30 17:34:04,707 - EXECUT - INFO - received weights from trainer sta0!
2026-06-30 17:34:06,227 - EXECUT - INFO - received weights from trainer sta8!
2026-06-30 17:34:06,260 - EXECUT - INFO - received weights from trainer sta9!
2026-06-30 17:34:06,292 - EXECUT - INFO - received weights from trainer sta10!
2026-06-30 17:34:07,465 - EXECUT - INFO - sent aggregated weights to trainers!
2026-06-30 17:34:08,073 - METRIC - INFO - {"loss": 0.1304706186056137, "accuracy": 0.9635854363441467, "energy_consumption": 8.669326514517529, "selected": false, "client_name": "sta3"}
2026-06-30 17:34:08,086 - METRIC - INFO - {"loss": 0.1422625482082367, "accuracy": 0.9593837261199951, "energy_consumption": 9.039714552299625, "selected": false, "client_name": "sta1"}
2026-06-30 17:34:08,100 - METRIC - INFO - {"loss": 0.13753889501094818, "accuracy": 0.9579831957817078, "energy_consumption": 9.190493988460199, "selected": false, "client_name": "sta0"}
2026-06-30 17:34:08,124 - METRIC - INFO - {"loss": 0.11098620295524597, "accuracy": 0.9670868515968323, "energy_consumption": 7.797682267627497, "selected": false, "client_name": "sta6"}
2026-06-30 17:34:08,151 - METRIC - INFO - {"loss": 0.13847602903842926, "accuracy": 0.9544817805290222, "energy_consumption": 7.785212186404075, "selected": false, "client_name": "sta4"}
2026-06-30 17:34:08,157 - METRIC - INFO - {"loss": 0.14586780965328217, "accuracy": 0.9607843160629272, "energy_consumption": 7.1982234363881314, "selected": false, "client_name": "sta7"}
2026-06-30 17:34:08,163 - METRIC - INFO - {"loss": 0.12022984027862549, "accuracy": 0.9649859666824341, "energy_consumption": 8.844892999574231, "selected": false, "client_name": "sta2"}
2026-06-30 17:34:08,171 - METRIC - INFO - {"loss": 0.13883431255817413, "accuracy": 0.9600840210914612, "energy_consumption": 8.086074710687654, "selected": false, "client_name": "sta5"}
2026-06-30 17:34:08,209 - METRIC - INFO - {"loss": 0.10741051286458969, "accuracy": 0.9649859666824341, "energy_consumption": 7.596936687224365, "selected": false, "client_name": "sta8"}
2026-06-30 17:34:08,211 - METRIC - INFO - {"loss": 0.12055695801973343, "accuracy": 0.9593837261199951, "energy_consumption": 7.314609263829388, "selected": false, "client_name": "sta9"}
2026-06-30 17:34:08,218 - METRIC - INFO - {"loss": 0.15091006457805634, "accuracy": 0.9502801299095154, "energy_consumption": 7.558469827195178, "selected": false, "client_name": "sta10"}
2026-06-30 17:34:08,466 - METRIC - INFO - mean_accuracy: 0.9602750106291338

2026-06-30 17:34:08,466 - METRIC - INFO - round: 14
2026-06-30 17:34:08,466 - METRIC - INFO - n_selected: 11
2026-06-30 17:34:08,466 - METRIC - INFO - {"selected_trainers": ["sta0", "sta1", "sta10", "sta2", "sta3", "sta4", "sta5", "sta6", "sta7", "sta8", "sta9"]}
2026-06-30 17:34:17,521 - EXECUT - INFO - received weights from trainer sta6!
2026-06-30 17:34:17,553 - EXECUT - INFO - received weights from trainer sta3!
2026-06-30 17:34:17,589 - EXECUT - INFO - received weights from trainer sta1!
2026-06-30 17:34:17,616 - EXECUT - INFO - received weights from trainer sta5!
2026-06-30 17:34:17,644 - EXECUT - INFO - received weights from trainer sta4!
2026-06-30 17:34:17,671 - EXECUT - INFO - received weights from trainer sta2!
2026-06-30 17:34:17,698 - EXECUT - INFO - received weights from trainer sta0!
2026-06-30 17:34:17,725 - EXECUT - INFO - received weights from trainer sta7!
2026-06-30 17:34:19,057 - EXECUT - INFO - received weights from trainer sta10!
2026-06-30 17:34:19,087 - EXECUT - INFO - received weights from trainer sta8!
2026-06-30 17:34:19,124 - EXECUT - INFO - received weights from trainer sta9!
2026-06-30 17:34:20,022 - EXECUT - INFO - sent aggregated weights to trainers!
2026-06-30 17:34:20,602 - METRIC - INFO - {"loss": 0.13449029624462128, "accuracy": 0.9628851413726807, "energy_consumption": 9.380208708004579, "selected": false, "client_name": "sta1"}
2026-06-30 17:34:20,606 - METRIC - INFO - {"loss": 0.12005647271871567, "accuracy": 0.9642857313156128, "energy_consumption": 9.004859766637347, "selected": false, "client_name": "sta3"}
2026-06-30 17:34:20,625 - METRIC - INFO - {"loss": 0.12800760567188263, "accuracy": 0.9628851413726807, "energy_consumption": 9.533453586326853, "selected": false, "client_name": "sta0"}
2026-06-30 17:34:20,648 - METRIC - INFO - {"loss": 0.10261271893978119, "accuracy": 0.9684873819351196, "energy_consumption": 8.300296437146452, "selected": false, "client_name": "sta6"}
2026-06-30 17:34:20,656 - METRIC - INFO - {"loss": 0.12746809422969818, "accuracy": 0.9593837261199951, "energy_consumption": 8.125905870628108, "selected": false, "client_name": "sta4"}
2026-06-30 17:34:20,669 - METRIC - INFO - {"loss": 0.13279004395008087, "accuracy": 0.9628851413726807, "energy_consumption": 7.535368895526794, "selected": false, "client_name": "sta7"}
2026-06-30 17:34:20,675 - METRIC - INFO - {"loss": 0.11167193949222565, "accuracy": 0.9663865566253662, "energy_consumption": 9.1823484030776, "selected": false, "client_name": "sta2"}
2026-06-30 17:34:20,680 - METRIC - INFO - {"loss": 0.12742970883846283, "accuracy": 0.9649859666824341, "energy_consumption": 8.425413486176318, "selected": false, "client_name": "sta5"}
2026-06-30 17:34:20,712 - METRIC - INFO - {"loss": 0.10856535285711288, "accuracy": 0.9649859666824341, "energy_consumption": 7.658648831496054, "selected": false, "client_name": "sta9"}
2026-06-30 17:34:20,722 - METRIC - INFO - {"loss": 0.141073077917099, "accuracy": 0.9586834907531738, "energy_consumption": 7.9033231181711034, "selected": false, "client_name": "sta10"}
2026-06-30 17:34:20,879 - METRIC - INFO - {"loss": 0.0999898687005043, "accuracy": 0.9712885022163391, "energy_consumption": 7.939608371126034, "selected": false, "client_name": "sta8"}
2026-06-30 17:34:21,024 - METRIC - INFO - mean_accuracy: 0.9642857042225924

2026-06-30 17:34:21,024 - METRIC - INFO - round: 15
2026-06-30 17:34:21,024 - METRIC - INFO - n_selected: 11
2026-06-30 17:34:21,024 - METRIC - INFO - {"selected_trainers": ["sta0", "sta1", "sta10", "sta2", "sta3", "sta4", "sta5", "sta6", "sta7", "sta8", "sta9"]}
2026-06-30 17:34:30,093 - EXECUT - INFO - received weights from trainer sta5!
2026-06-30 17:34:30,121 - EXECUT - INFO - received weights from trainer sta1!
2026-06-30 17:34:30,154 - EXECUT - INFO - received weights from trainer sta4!
2026-06-30 17:34:30,184 - EXECUT - INFO - received weights from trainer sta6!
2026-06-30 17:34:30,212 - EXECUT - INFO - received weights from trainer sta2!
2026-06-30 17:34:30,239 - EXECUT - INFO - received weights from trainer sta3!
2026-06-30 17:34:30,267 - EXECUT - INFO - received weights from trainer sta7!
2026-06-30 17:34:30,294 - EXECUT - INFO - received weights from trainer sta0!
2026-06-30 17:34:31,674 - EXECUT - INFO - received weights from trainer sta10!
2026-06-30 17:34:31,708 - EXECUT - INFO - received weights from trainer sta9!
2026-06-30 17:34:31,765 - EXECUT - INFO - received weights from trainer sta8!
2026-06-30 17:34:32,586 - EXECUT - INFO - sent aggregated weights to trainers!
2026-06-30 17:34:33,160 - METRIC - INFO - {"loss": 0.12674273550510406, "accuracy": 0.9635854363441467, "energy_consumption": 9.736652154456333, "selected": false, "client_name": "sta1"}
2026-06-30 17:34:33,170 - METRIC - INFO - {"loss": 0.1046159639954567, "accuracy": 0.9691876769065857, "energy_consumption": 9.533391512880687, "selected": false, "client_name": "sta2"}
2026-06-30 17:34:33,189 - METRIC - INFO - {"loss": 0.11051885038614273, "accuracy": 0.9677870869636536, "energy_consumption": 9.353824480564235, "selected": false, "client_name": "sta3"}
2026-06-30 17:34:33,189 - METRIC - INFO - {"loss": 0.11921481043100357, "accuracy": 0.9670868515968323, "energy_consumption": 9.891088062528706, "selected": false, "client_name": "sta0"}
2026-06-30 17:34:33,233 - METRIC - INFO - {"loss": 0.11928657442331314, "accuracy": 0.9684873819351196, "energy_consumption": 8.774865058750072, "selected": false, "client_name": "sta5"}
2026-06-30 17:34:33,234 - METRIC - INFO - {"loss": 0.09372201561927795, "accuracy": 0.970588207244873, "energy_consumption": 8.654496618034162, "selected": false, "client_name": "sta6"}
2026-06-30 17:34:33,242 - METRIC - INFO - {"loss": 0.11925595253705978, "accuracy": 0.9635854363441467, "energy_consumption": 8.473510201333404, "selected": false, "client_name": "sta4"}
2026-06-30 17:34:33,250 - METRIC - INFO - {"loss": 0.12598001956939697, "accuracy": 0.9677870869636536, "energy_consumption": 8.071857902090478, "selected": false, "client_name": "sta7"}
2026-06-30 17:34:33,262 - METRIC - INFO - {"loss": 0.10039999336004257, "accuracy": 0.9670868515968323, "energy_consumption": 8.014475335377, "selected": false, "client_name": "sta9"}
2026-06-30 17:34:33,278 - METRIC - INFO - {"loss": 0.13137246668338776, "accuracy": 0.9593837261199951, "energy_consumption": 8.262899079359991, "selected": false, "client_name": "sta10"}
2026-06-30 17:34:33,279 - METRIC - INFO - {"loss": 0.09276910871267319, "accuracy": 0.9719887971878052, "energy_consumption": 8.295188743853679, "selected": false, "client_name": "sta8"}
2026-06-30 17:34:33,589 - METRIC - INFO - mean_accuracy: 0.9669595035639676

2026-06-30 17:34:33,589 - METRIC - INFO - round: 16
2026-06-30 17:34:33,589 - METRIC - INFO - n_selected: 11
2026-06-30 17:34:33,589 - METRIC - INFO - {"selected_trainers": ["sta0", "sta1", "sta10", "sta2", "sta3", "sta4", "sta5", "sta6", "sta7", "sta8", "sta9"]}
2026-06-30 17:34:42,136 - EXECUT - INFO - received weights from trainer sta0!
2026-06-30 17:34:42,188 - EXECUT - INFO - received weights from trainer sta1!
2026-06-30 17:34:42,214 - EXECUT - INFO - received weights from trainer sta7!
2026-06-30 17:34:42,245 - EXECUT - INFO - received weights from trainer sta6!
2026-06-30 17:34:42,270 - EXECUT - INFO - received weights from trainer sta2!
2026-06-30 17:34:42,296 - EXECUT - INFO - received weights from trainer sta5!
2026-06-30 17:34:42,322 - EXECUT - INFO - received weights from trainer sta4!
2026-06-30 17:34:42,348 - EXECUT - INFO - received weights from trainer sta3!
2026-06-30 17:34:43,681 - EXECUT - INFO - received weights from trainer sta10!
2026-06-30 17:34:43,709 - EXECUT - INFO - received weights from trainer sta8!
2026-06-30 17:34:43,738 - EXECUT - INFO - received weights from trainer sta9!
2026-06-30 17:34:45,128 - EXECUT - INFO - sent aggregated weights to trainers!
2026-06-30 17:34:45,654 - METRIC - INFO - {"loss": 0.10429470241069794, "accuracy": 0.9684873819351196, "energy_consumption": 9.716148081154843, "selected": false, "client_name": "sta3"}
2026-06-30 17:34:45,670 - METRIC - INFO - {"loss": 0.11892867833375931, "accuracy": 0.9649859666824341, "energy_consumption": 10.103977480345222, "selected": false, "client_name": "sta1"}
2026-06-30 17:34:45,671 - METRIC - INFO - {"loss": 0.08874805271625519, "accuracy": 0.9698879718780518, "energy_consumption": 9.011054434323848, "selected": false, "client_name": "sta6"}
2026-06-30 17:34:45,687 - METRIC - INFO - {"loss": 0.11164649575948715, "accuracy": 0.9691876769065857, "energy_consumption": 10.256053198249075, "selected": false, "client_name": "sta0"}
2026-06-30 17:34:45,702 - METRIC - INFO - {"loss": 0.11107510328292847, "accuracy": 0.9677870869636536, "energy_consumption": 9.12964649066105, "selected": false, "client_name": "sta5"}
2026-06-30 17:34:45,714 - METRIC - INFO - {"loss": 0.12068186700344086, "accuracy": 0.9684873819351196, "energy_consumption": 8.436285687187695, "selected": false, "client_name": "sta7"}
2026-06-30 17:34:45,727 - METRIC - INFO - {"loss": 0.11221303790807724, "accuracy": 0.9635854363441467, "energy_consumption": 8.830079719177014, "selected": false, "client_name": "sta4"}
2026-06-30 17:34:45,773 - METRIC - INFO - {"loss": 0.09819193184375763, "accuracy": 0.9677870869636536, "energy_consumption": 9.877589128041716, "selected": false, "client_name": "sta2"}
2026-06-30 17:34:45,907 - METRIC - INFO - {"loss": 0.09346045553684235, "accuracy": 0.9698879718780518, "energy_consumption": 8.566717664598226, "selected": false, "client_name": "sta9"}
2026-06-30 17:34:45,911 - METRIC - INFO - {"loss": 0.08516992628574371, "accuracy": 0.9747899174690247, "energy_consumption": 8.839475392874974, "selected": false, "client_name": "sta8"}
2026-06-30 17:34:45,917 - METRIC - INFO - {"loss": 0.1241648718714714, "accuracy": 0.9628851413726807, "energy_consumption": 8.81566375289428, "selected": false, "client_name": "sta10"}
2026-06-30 17:34:46,131 - METRIC - INFO - mean_accuracy: 0.9679780927571383

2026-06-30 17:34:46,132 - METRIC - INFO - round: 17
2026-06-30 17:34:46,132 - METRIC - INFO - n_selected: 11
2026-06-30 17:34:46,132 - METRIC - INFO - {"selected_trainers": ["sta0", "sta1", "sta10", "sta2", "sta3", "sta4", "sta5", "sta6", "sta7", "sta8", "sta9"]}
2026-06-30 17:34:54,676 - EXECUT - INFO - received weights from trainer sta5!
2026-06-30 17:34:54,703 - EXECUT - INFO - received weights from trainer sta7!
2026-06-30 17:34:54,729 - EXECUT - INFO - received weights from trainer sta4!
2026-06-30 17:34:54,763 - EXECUT - INFO - received weights from trainer sta1!
2026-06-30 17:34:54,789 - EXECUT - INFO - received weights from trainer sta2!
2026-06-30 17:34:54,815 - EXECUT - INFO - received weights from trainer sta6!
2026-06-30 17:34:54,841 - EXECUT - INFO - received weights from trainer sta3!
2026-06-30 17:34:54,886 - EXECUT - INFO - received weights from trainer sta0!
2026-06-30 17:34:56,104 - EXECUT - INFO - received weights from trainer sta10!
2026-06-30 17:34:56,179 - EXECUT - INFO - received weights from trainer sta9!
2026-06-30 17:34:56,260 - EXECUT - INFO - received weights from trainer sta8!
2026-06-30 17:34:57,659 - EXECUT - INFO - sent aggregated weights to trainers!
2026-06-30 17:34:58,216 - METRIC - INFO - {"loss": 0.11138726025819778, "accuracy": 0.9677870869636536, "energy_consumption": 10.482537083820636, "selected": false, "client_name": "sta1"}
2026-06-30 17:34:58,219 - METRIC - INFO - {"loss": 0.10648922622203827, "accuracy": 0.9698879718780518, "energy_consumption": 10.817431370891931, "selected": false, "client_name": "sta0"}
2026-06-30 17:34:58,287 - METRIC - INFO - {"loss": 0.08762550354003906, "accuracy": 0.9733893275260925, "energy_consumption": 8.949776283709214, "selected": false, "client_name": "sta9"}
2026-06-30 17:34:58,299 - METRIC - INFO - {"loss": 0.08110866695642471, "accuracy": 0.976190447807312, "energy_consumption": 9.220225760873607, "selected": false, "client_name": "sta8"}
2026-06-30 17:34:58,308 - METRIC - INFO - {"loss": 0.11548324674367905, "accuracy": 0.9642857313156128, "energy_consumption": 9.195020837119243, "selected": false, "client_name": "sta10"}
2026-06-30 17:34:58,334 - METRIC - INFO - {"loss": 0.09795521944761276, "accuracy": 0.9691876769065857, "energy_consumption": 10.092744234371082, "selected": false, "client_name": "sta3"}
2026-06-30 17:34:58,346 - METRIC - INFO - {"loss": 0.0940966010093689, "accuracy": 0.9698879718780518, "energy_consumption": 10.233282005467641, "selected": false, "client_name": "sta2"}
2026-06-30 17:34:58,355 - METRIC - INFO - {"loss": 0.10622772574424744, "accuracy": 0.9663865566253662, "energy_consumption": 9.204890819841467, "selected": false, "client_name": "sta4"}
2026-06-30 17:34:58,358 - METRIC - INFO - {"loss": 0.08600994944572449, "accuracy": 0.9719887971878052, "energy_consumption": 9.382303729969674, "selected": false, "client_name": "sta6"}
2026-06-30 17:34:58,364 - METRIC - INFO - {"loss": 0.11157187819480896, "accuracy": 0.970588207244873, "energy_consumption": 8.81089591620446, "selected": false, "client_name": "sta7"}
2026-06-30 17:34:58,376 - METRIC - INFO - {"loss": 0.10638381540775299, "accuracy": 0.9684873819351196, "energy_consumption": 9.502046634024886, "selected": false, "client_name": "sta5"}
2026-06-30 17:34:58,662 - METRIC - INFO - mean_accuracy: 0.9698242870244113

2026-06-30 17:34:58,662 - METRIC - INFO - round: 18
2026-06-30 17:34:58,662 - METRIC - INFO - n_selected: 11
2026-06-30 17:34:58,662 - METRIC - INFO - {"selected_trainers": ["sta0", "sta1", "sta10", "sta2", "sta3", "sta4", "sta5", "sta6", "sta7", "sta8", "sta9"]}
2026-06-30 17:35:07,203 - EXECUT - INFO - received weights from trainer sta7!
2026-06-30 17:35:07,228 - EXECUT - INFO - received weights from trainer sta4!
2026-06-30 17:35:07,252 - EXECUT - INFO - received weights from trainer sta6!
2026-06-30 17:35:07,282 - EXECUT - INFO - received weights from trainer sta0!
2026-06-30 17:35:07,306 - EXECUT - INFO - received weights from trainer sta1!
2026-06-30 17:35:07,331 - EXECUT - INFO - received weights from trainer sta5!
2026-06-30 17:35:07,355 - EXECUT - INFO - received weights from trainer sta3!
2026-06-30 17:35:07,379 - EXECUT - INFO - received weights from trainer sta2!
2026-06-30 17:35:08,717 - EXECUT - INFO - received weights from trainer sta8!
2026-06-30 17:35:08,746 - EXECUT - INFO - received weights from trainer sta10!
2026-06-30 17:35:08,774 - EXECUT - INFO - received weights from trainer sta9!
2026-06-30 17:35:10,184 - EXECUT - INFO - sent aggregated weights to trainers!
2026-06-30 17:35:10,722 - METRIC - INFO - {"loss": 0.09827257692813873, "accuracy": 0.9712885022163391, "energy_consumption": 11.190089751886301, "selected": false, "client_name": "sta0"}
2026-06-30 17:35:10,740 - METRIC - INFO - {"loss": 0.10892132669687271, "accuracy": 0.9670868515968323, "energy_consumption": 11.055120349858964, "selected": false, "client_name": "sta1"}
2026-06-30 17:35:10,756 - METRIC - INFO - {"loss": 0.07975666970014572, "accuracy": 0.9712885022163391, "energy_consumption": 9.760567771777048, "selected": false, "client_name": "sta6"}
2026-06-30 17:35:10,770 - METRIC - INFO - {"loss": 0.09204502403736115, "accuracy": 0.9712885022163391, "energy_consumption": 10.68599184947252, "selected": false, "client_name": "sta3"}
2026-06-30 17:35:10,787 - METRIC - INFO - {"loss": 0.10092350095510483, "accuracy": 0.9684873819351196, "energy_consumption": 9.592543321204781, "selected": false, "client_name": "sta4"}
2026-06-30 17:35:10,795 - METRIC - INFO - {"loss": 0.08905176818370819, "accuracy": 0.9712885022163391, "energy_consumption": 10.815991964485008, "selected": false, "client_name": "sta2"}
2026-06-30 17:35:10,796 - METRIC - INFO - {"loss": 0.09975145757198334, "accuracy": 0.9712885022163391, "energy_consumption": 9.884791753028795, "selected": false, "client_name": "sta5"}
2026-06-30 17:35:10,809 - METRIC - INFO - {"loss": 0.10637446492910385, "accuracy": 0.9719887971878052, "energy_consumption": 9.193518696487702, "selected": false, "client_name": "sta7"}
2026-06-30 17:35:10,828 - METRIC - INFO - {"loss": 0.07677722722291946, "accuracy": 0.976190447807312, "energy_consumption": 9.599556429236367, "selected": false, "client_name": "sta8"}
2026-06-30 17:35:10,830 - METRIC - INFO - {"loss": 0.08270319551229477, "accuracy": 0.9768907427787781, "energy_consumption": 9.332965361629938, "selected": false, "client_name": "sta9"}
2026-06-30 17:35:10,839 - METRIC - INFO - {"loss": 0.10970439016819, "accuracy": 0.9663865566253662, "energy_consumption": 9.579698294215726, "selected": false, "client_name": "sta10"}
2026-06-30 17:35:11,187 - METRIC - INFO - mean_accuracy: 0.971224844455719

2026-06-30 17:35:11,187 - METRIC - INFO - round: 19
2026-06-30 17:35:11,187 - METRIC - INFO - n_selected: 11
2026-06-30 17:35:11,187 - METRIC - INFO - {"selected_trainers": ["sta0", "sta1", "sta10", "sta2", "sta3", "sta4", "sta5", "sta6", "sta7", "sta8", "sta9"]}
2026-06-30 17:35:19,700 - EXECUT - INFO - received weights from trainer sta3!
2026-06-30 17:35:19,725 - EXECUT - INFO - received weights from trainer sta0!
2026-06-30 17:35:19,750 - EXECUT - INFO - received weights from trainer sta7!
2026-06-30 17:35:19,779 - EXECUT - INFO - received weights from trainer sta6!
2026-06-30 17:35:19,803 - EXECUT - INFO - received weights from trainer sta4!
2026-06-30 17:35:19,828 - EXECUT - INFO - received weights from trainer sta2!
2026-06-30 17:35:19,852 - EXECUT - INFO - received weights from trainer sta1!
2026-06-30 17:35:19,876 - EXECUT - INFO - received weights from trainer sta5!
2026-06-30 17:35:21,193 - EXECUT - INFO - received weights from trainer sta8!
2026-06-30 17:35:21,229 - EXECUT - INFO - received weights from trainer sta10!
2026-06-30 17:35:21,291 - EXECUT - INFO - received weights from trainer sta9!
2026-06-30 17:35:22,679 - EXECUT - INFO - sent aggregated weights to trainers!
2026-06-30 17:35:23,206 - METRIC - INFO - {"loss": 0.08655054122209549, "accuracy": 0.9719887971878052, "energy_consumption": 11.081644025982579, "selected": false, "client_name": "sta3"}
2026-06-30 17:35:23,244 - METRIC - INFO - {"loss": 0.09821352362632751, "accuracy": 0.9684873819351196, "energy_consumption": 10.190320736016666, "selected": false, "client_name": "sta4"}
2026-06-30 17:35:23,254 - METRIC - INFO - {"loss": 0.09629955142736435, "accuracy": 0.9719887971878052, "energy_consumption": 10.482276516225848, "selected": false, "client_name": "sta5"}
2026-06-30 17:35:23,263 - METRIC - INFO - {"loss": 0.08761190623044968, "accuracy": 0.9712885022163391, "energy_consumption": 11.207738317530673, "selected": false, "client_name": "sta2"}
2026-06-30 17:35:23,266 - METRIC - INFO - {"loss": 0.09967993944883347, "accuracy": 0.9726890921592712, "energy_consumption": 9.594028928417407, "selected": false, "client_name": "sta7"}
2026-06-30 17:35:23,268 - METRIC - INFO - {"loss": 0.07463204115629196, "accuracy": 0.9733893275260925, "energy_consumption": 10.161005272674345, "selected": false, "client_name": "sta6"}
2026-06-30 17:35:23,332 - METRIC - INFO - {"loss": 0.10246847569942474, "accuracy": 0.9712885022163391, "energy_consumption": 11.444681998052584, "selected": false, "client_name": "sta1"}
2026-06-30 17:35:23,334 - METRIC - INFO - {"loss": 0.07986120879650116, "accuracy": 0.9775910377502441, "energy_consumption": 9.718051789444775, "selected": false, "client_name": "sta9"}
2026-06-30 17:35:23,346 - METRIC - INFO - {"loss": 0.07384198904037476, "accuracy": 0.9768907427787781, "energy_consumption": 9.991455093067849, "selected": false, "client_name": "sta8"}
2026-06-30 17:35:23,358 - METRIC - INFO - {"loss": 0.10475426912307739, "accuracy": 0.9670868515968323, "energy_consumption": 9.968246560248438, "selected": false, "client_name": "sta10"}
2026-06-30 17:35:23,373 - METRIC - INFO - {"loss": 0.09421435743570328, "accuracy": 0.970588207244873, "energy_consumption": 11.570435046724153, "selected": false, "client_name": "sta0"}
2026-06-30 17:35:23,680 - METRIC - INFO - mean_accuracy: 0.9721161127090454

2026-06-30 17:35:23,680 - METRIC - INFO - round: 20
2026-06-30 17:35:23,680 - METRIC - INFO - n_selected: 11
2026-06-30 17:35:23,680 - METRIC - INFO - {"selected_trainers": ["sta0", "sta1", "sta10", "sta2", "sta3", "sta4", "sta5", "sta6", "sta7", "sta8", "sta9"]}
2026-06-30 17:35:31,417 - EXECUT - INFO - received weights from trainer sta2!
2026-06-30 17:35:31,465 - EXECUT - INFO - received weights from trainer sta6!
2026-06-30 17:35:31,492 - EXECUT - INFO - received weights from trainer sta7!
2026-06-30 17:35:31,533 - EXECUT - INFO - received weights from trainer sta3!
2026-06-30 17:35:31,563 - EXECUT - INFO - received weights from trainer sta5!
2026-06-30 17:35:31,589 - EXECUT - INFO - received weights from trainer sta4!
2026-06-30 17:35:31,614 - EXECUT - INFO - received weights from trainer sta0!
2026-06-30 17:35:32,766 - EXECUT - INFO - received weights from trainer sta10!
2026-06-30 17:35:32,798 - EXECUT - INFO - received weights from trainer sta9!
2026-06-30 17:35:32,824 - EXECUT - INFO - received weights from trainer sta8!
2026-06-30 17:35:34,172 - EXECUT - INFO - received weights from trainer sta1!
2026-06-30 17:35:35,176 - EXECUT - INFO - sent aggregated weights to trainers!
2026-06-30 17:35:35,652 - METRIC - INFO - {"loss": 0.09951221197843552, "accuracy": 0.9712885022163391, "energy_consumption": 11.836782074408271, "selected": false, "client_name": "sta1"}
2026-06-30 17:35:35,658 - METRIC - INFO - {"loss": 0.07198802381753922, "accuracy": 0.9747899174690247, "energy_consumption": 10.763969731075356, "selected": false, "client_name": "sta6"}
2026-06-30 17:35:35,668 - METRIC - INFO - {"loss": 0.08214126527309418, "accuracy": 0.9733893275260925, "energy_consumption": 11.487754922985813, "selected": false, "client_name": "sta3"}
2026-06-30 17:35:35,690 - METRIC - INFO - {"loss": 0.09226483106613159, "accuracy": 0.9719887971878052, "energy_consumption": 10.887427367801088, "selected": false, "client_name": "sta5"}
2026-06-30 17:35:35,693 - METRIC - INFO - {"loss": 0.08868979662656784, "accuracy": 0.976190447807312, "energy_consumption": 11.961756336800597, "selected": false, "client_name": "sta0"}
2026-06-30 17:35:35,700 - METRIC - INFO - {"loss": 0.09221085906028748, "accuracy": 0.9691876769065857, "energy_consumption": 10.599176412547758, "selected": false, "client_name": "sta4"}
2026-06-30 17:35:35,709 - METRIC - INFO - {"loss": 0.09695939719676971, "accuracy": 0.9712885022163391, "energy_consumption": 10.19851390217004, "selected": false, "client_name": "sta7"}
2026-06-30 17:35:35,755 - METRIC - INFO - {"loss": 0.08325149118900299, "accuracy": 0.9726890921592712, "energy_consumption": 11.603187155039674, "selected": false, "client_name": "sta2"}
2026-06-30 17:35:35,761 - METRIC - INFO - {"loss": 0.07054854929447174, "accuracy": 0.9782913327217102, "energy_consumption": 10.600191404910033, "selected": false, "client_name": "sta8"}
2026-06-30 17:35:35,768 - METRIC - INFO - {"loss": 0.07543123513460159, "accuracy": 0.9789915680885315, "energy_consumption": 10.329239277767053, "selected": false, "client_name": "sta9"}
2026-06-30 17:35:35,784 - METRIC - INFO - {"loss": 0.10050112009048462, "accuracy": 0.9677870869636536, "energy_consumption": 10.358119899807665, "selected": false, "client_name": "sta10"}
2026-06-30 17:35:36,179 - METRIC - INFO - mean_accuracy: 0.9732620228420604

2026-06-30 17:35:36,179 - METRIC - INFO - round: 21
2026-06-30 17:35:36,179 - METRIC - INFO - n_selected: 11
2026-06-30 17:35:36,179 - METRIC - INFO - {"selected_trainers": ["sta0", "sta1", "sta10", "sta2", "sta3", "sta4", "sta5", "sta6", "sta7", "sta8", "sta9"]}
2026-06-30 17:35:43,599 - EXECUT - INFO - received weights from trainer sta5!
2026-06-30 17:35:43,626 - EXECUT - INFO - received weights from trainer sta0!
2026-06-30 17:35:43,648 - EXECUT - INFO - received weights from trainer sta1!
2026-06-30 17:35:43,696 - EXECUT - INFO - received weights from trainer sta7!
2026-06-30 17:35:43,770 - EXECUT - INFO - received weights from trainer sta2!
2026-06-30 17:35:43,792 - EXECUT - INFO - received weights from trainer sta6!
2026-06-30 17:35:43,814 - EXECUT - INFO - received weights from trainer sta3!
2026-06-30 17:35:43,836 - EXECUT - INFO - received weights from trainer sta4!
2026-06-30 17:35:44,870 - EXECUT - INFO - received weights from trainer sta8!
2026-06-30 17:35:44,906 - EXECUT - INFO - received weights from trainer sta9!
2026-06-30 17:35:44,987 - EXECUT - INFO - received weights from trainer sta10!
2026-06-30 17:35:45,616 - EXECUT - INFO - sent aggregated weights to trainers!
2026-06-30 17:35:46,066 - METRIC - INFO - {"loss": 0.08004862070083618, "accuracy": 0.9740896224975586, "energy_consumption": 12.021431529783637, "selected": false, "client_name": "sta2"}
2026-06-30 17:35:46,067 - METRIC - INFO - {"loss": 0.09619708359241486, "accuracy": 0.9747899174690247, "energy_consumption": 12.248701514206642, "selected": false, "client_name": "sta1"}
2026-06-30 17:35:46,074 - METRIC - INFO - {"loss": 0.07789643853902817, "accuracy": 0.9754902124404907, "energy_consumption": 11.917274502013242, "selected": false, "client_name": "sta3"}
2026-06-30 17:35:46,078 - METRIC - INFO - {"loss": 0.07131701707839966, "accuracy": 0.9768907427787781, "energy_consumption": 11.185889639470327, "selected": false, "client_name": "sta6"}
2026-06-30 17:35:46,094 - METRIC - INFO - {"loss": 0.08382123708724976, "accuracy": 0.9775910377502441, "energy_consumption": 12.387537764809856, "selected": false, "client_name": "sta0"}
2026-06-30 17:35:46,142 - METRIC - INFO - {"loss": 0.08790254592895508, "accuracy": 0.9733893275260925, "energy_consumption": 11.02988318872586, "selected": false, "client_name": "sta4"}
2026-06-30 17:35:46,150 - METRIC - INFO - {"loss": 0.09568674117326736, "accuracy": 0.9726890921592712, "energy_consumption": 10.610706647480178, "selected": false, "client_name": "sta7"}
2026-06-30 17:35:46,153 - METRIC - INFO - {"loss": 0.08972829580307007, "accuracy": 0.9733893275260925, "energy_consumption": 11.315474849372448, "selected": false, "client_name": "sta5"}
2026-06-30 17:35:46,172 - METRIC - INFO - {"loss": 0.06681983172893524, "accuracy": 0.9810924530029297, "energy_consumption": 11.033945190629867, "selected": false, "client_name": "sta8"}
2026-06-30 17:35:46,177 - METRIC - INFO - {"loss": 0.07189205288887024, "accuracy": 0.9789915680885315, "energy_consumption": 10.763425468663092, "selected": false, "client_name": "sta9"}
2026-06-30 17:35:46,192 - METRIC - INFO - {"loss": 0.09723959118127823, "accuracy": 0.9677870869636536, "energy_consumption": 10.78305779760498, "selected": false, "client_name": "sta10"}
2026-06-30 17:35:46,618 - METRIC - INFO - mean_accuracy: 0.9751082171093334

2026-06-30 17:35:46,618 - METRIC - INFO - round: 22
2026-06-30 17:35:46,618 - METRIC - INFO - n_selected: 11
2026-06-30 17:35:46,618 - METRIC - INFO - {"selected_trainers": ["sta0", "sta1", "sta10", "sta2", "sta3", "sta4", "sta5", "sta6", "sta7", "sta8", "sta9"]}
2026-06-30 17:35:54,019 - EXECUT - INFO - received weights from trainer sta4!
2026-06-30 17:35:54,064 - EXECUT - INFO - received weights from trainer sta2!
2026-06-30 17:35:54,115 - EXECUT - INFO - received weights from trainer sta6!
2026-06-30 17:35:54,138 - EXECUT - INFO - received weights from trainer sta7!
2026-06-30 17:35:54,164 - EXECUT - INFO - received weights from trainer sta1!
2026-06-30 17:35:54,186 - EXECUT - INFO - received weights from trainer sta5!
2026-06-30 17:35:54,208 - EXECUT - INFO - received weights from trainer sta0!
2026-06-30 17:35:55,314 - EXECUT - INFO - received weights from trainer sta10!
2026-06-30 17:35:55,338 - EXECUT - INFO - received weights from trainer sta8!
2026-06-30 17:35:55,362 - EXECUT - INFO - received weights from trainer sta9!
2026-06-30 17:35:57,105 - EXECUT - INFO - received weights from trainer sta3!
2026-06-30 17:35:58,068 - EXECUT - INFO - sent aggregated weights to trainers!
2026-06-30 17:35:58,518 - METRIC - INFO - {"loss": 0.09197232872247696, "accuracy": 0.9747899174690247, "energy_consumption": 12.943159725587236, "selected": false, "client_name": "sta1"}
2026-06-30 17:35:58,531 - METRIC - INFO - {"loss": 0.06664078682661057, "accuracy": 0.9775910377502441, "energy_consumption": 11.628486389941253, "selected": false, "client_name": "sta6"}
2026-06-30 17:35:58,552 - METRIC - INFO - {"loss": 0.08474035561084747, "accuracy": 0.9747899174690247, "energy_consumption": 11.478220375097417, "selected": false, "client_name": "sta4"}
2026-06-30 17:35:58,561 - METRIC - INFO - {"loss": 0.08166702836751938, "accuracy": 0.9747899174690247, "energy_consumption": 13.08239125967082, "selected": false, "client_name": "sta0"}
2026-06-30 17:35:58,565 - METRIC - INFO - {"loss": 0.07470030337572098, "accuracy": 0.976190447807312, "energy_consumption": 12.611656719852077, "selected": false, "client_name": "sta3"}
2026-06-30 17:35:58,596 - METRIC - INFO - {"loss": 0.0866147130727768, "accuracy": 0.9733893275260925, "energy_consumption": 11.770068389476041, "selected": false, "client_name": "sta5"}
2026-06-30 17:35:58,605 - METRIC - INFO - {"loss": 0.08996923267841339, "accuracy": 0.976190447807312, "energy_consumption": 11.053802466233474, "selected": false, "client_name": "sta7"}
2026-06-30 17:35:58,619 - METRIC - INFO - {"loss": 0.06979075819253922, "accuracy": 0.981792688369751, "energy_consumption": 11.20476074740896, "selected": false, "client_name": "sta9"}
2026-06-30 17:35:58,626 - METRIC - INFO - {"loss": 0.07949645817279816, "accuracy": 0.9726890921592712, "energy_consumption": 12.704894246337878, "selected": false, "client_name": "sta2"}
2026-06-30 17:35:58,626 - METRIC - INFO - {"loss": 0.06553981453180313, "accuracy": 0.9810924530029297, "energy_consumption": 11.481419925825099, "selected": false, "client_name": "sta8"}
2026-06-30 17:35:58,635 - METRIC - INFO - {"loss": 0.09149765223264694, "accuracy": 0.9712885022163391, "energy_consumption": 11.467067223010238, "selected": false, "client_name": "sta10"}
2026-06-30 17:35:59,069 - METRIC - INFO - mean_accuracy: 0.9758721590042114

2026-06-30 17:35:59,069 - METRIC - INFO - round: 23
2026-06-30 17:35:59,069 - METRIC - INFO - n_selected: 11
2026-06-30 17:35:59,069 - METRIC - INFO - {"selected_trainers": ["sta0", "sta1", "sta10", "sta2", "sta3", "sta4", "sta5", "sta6", "sta7", "sta8", "sta9"]}
2026-06-30 17:36:06,439 - EXECUT - INFO - received weights from trainer sta3!
2026-06-30 17:36:06,502 - EXECUT - INFO - received weights from trainer sta5!
2026-06-30 17:36:06,528 - EXECUT - INFO - received weights from trainer sta2!
2026-06-30 17:36:06,549 - EXECUT - INFO - received weights from trainer sta4!
2026-06-30 17:36:06,574 - EXECUT - INFO - received weights from trainer sta6!
2026-06-30 17:36:06,596 - EXECUT - INFO - received weights from trainer sta1!
2026-06-30 17:36:06,617 - EXECUT - INFO - received weights from trainer sta7!
2026-06-30 17:36:06,637 - EXECUT - INFO - received weights from trainer sta0!
2026-06-30 17:36:07,764 - EXECUT - INFO - received weights from trainer sta8!
2026-06-30 17:36:07,789 - EXECUT - INFO - received weights from trainer sta10!
2026-06-30 17:36:07,813 - EXECUT - INFO - received weights from trainer sta9!
2026-06-30 17:36:08,486 - EXECUT - INFO - sent aggregated weights to trainers!
2026-06-30 17:36:08,944 - METRIC - INFO - {"loss": 0.0787566602230072, "accuracy": 0.9789915680885315, "energy_consumption": 13.545025583656235, "selected": false, "client_name": "sta0"}
2026-06-30 17:36:08,951 - METRIC - INFO - {"loss": 0.07586752623319626, "accuracy": 0.9719887971878052, "energy_consumption": 13.168032719055502, "selected": false, "client_name": "sta2"}
2026-06-30 17:36:08,971 - METRIC - INFO - {"loss": 0.08321238309144974, "accuracy": 0.9719887971878052, "energy_consumption": 12.229027485111285, "selected": false, "client_name": "sta5"}
2026-06-30 17:36:08,986 - METRIC - INFO - {"loss": 0.08609966188669205, "accuracy": 0.9768907427787781, "energy_consumption": 11.513552755258363, "selected": false, "client_name": "sta7"}
2026-06-30 17:36:08,989 - METRIC - INFO - {"loss": 0.06573103368282318, "accuracy": 0.9768907427787781, "energy_consumption": 12.088177596036253, "selected": false, "client_name": "sta6"}
2026-06-30 17:36:08,990 - METRIC - INFO - {"loss": 0.08277266472578049, "accuracy": 0.9740896224975586, "energy_consumption": 11.933165078864377, "selected": false, "client_name": "sta4"}
2026-06-30 17:36:08,991 - METRIC - INFO - {"loss": 0.07240185886621475, "accuracy": 0.9775910377502441, "energy_consumption": 13.073909768478051, "selected": false, "client_name": "sta3"}
2026-06-30 17:36:09,007 - METRIC - INFO - {"loss": 0.08931130915880203, "accuracy": 0.9775910377502441, "energy_consumption": 13.41085816104324, "selected": false, "client_name": "sta1"}
2026-06-30 17:36:09,047 - METRIC - INFO - {"loss": 0.06791114062070847, "accuracy": 0.9803921580314636, "energy_consumption": 11.675301848228738, "selected": false, "client_name": "sta9"}
2026-06-30 17:36:09,052 - METRIC - INFO - {"loss": 0.08879957348108292, "accuracy": 0.9719887971878052, "energy_consumption": 11.931430931308146, "selected": false, "client_name": "sta10"}
2026-06-30 17:36:09,055 - METRIC - INFO - {"loss": 0.0630413293838501, "accuracy": 0.982492983341217, "energy_consumption": 11.947851838863766, "selected": false, "client_name": "sta8"}
2026-06-30 17:36:09,488 - METRIC - INFO - mean_accuracy: 0.976445116780021

2026-06-30 17:36:09,488 - METRIC - INFO - round: 24
2026-06-30 17:36:09,488 - METRIC - INFO - n_selected: 11
2026-06-30 17:36:09,488 - METRIC - INFO - {"selected_trainers": ["sta0", "sta1", "sta10", "sta2", "sta3", "sta4", "sta5", "sta6", "sta7", "sta8", "sta9"]}
2026-06-30 17:36:16,831 - EXECUT - INFO - received weights from trainer sta5!
2026-06-30 17:36:16,909 - EXECUT - INFO - received weights from trainer sta1!
2026-06-30 17:36:16,931 - EXECUT - INFO - received weights from trainer sta4!
2026-06-30 17:36:16,952 - EXECUT - INFO - received weights from trainer sta6!
2026-06-30 17:36:16,977 - EXECUT - INFO - received weights from trainer sta7!
2026-06-30 17:36:17,008 - EXECUT - INFO - received weights from trainer sta0!
2026-06-30 17:36:17,030 - EXECUT - INFO - received weights from trainer sta3!
2026-06-30 17:36:17,051 - EXECUT - INFO - received weights from trainer sta2!
2026-06-30 17:36:18,152 - EXECUT - INFO - received weights from trainer sta10!
2026-06-30 17:36:18,183 - EXECUT - INFO - received weights from trainer sta9!
2026-06-30 17:36:18,207 - EXECUT - INFO - received weights from trainer sta8!
2026-06-30 17:36:18,942 - EXECUT - INFO - sent aggregated weights to trainers!
2026-06-30 17:36:19,405 - METRIC - INFO - {"loss": 0.06211201846599579, "accuracy": 0.9775910377502441, "energy_consumption": 12.56901150564929, "selected": false, "client_name": "sta6"}
2026-06-30 17:36:19,438 - METRIC - INFO - {"loss": 0.08690478652715683, "accuracy": 0.9768907427787781, "energy_consumption": 13.889498605644919, "selected": false, "client_name": "sta1"}
2026-06-30 17:36:19,443 - METRIC - INFO - {"loss": 0.068925641477108, "accuracy": 0.9782913327217102, "energy_consumption": 13.54968085655216, "selected": false, "client_name": "sta3"}
2026-06-30 17:36:19,446 - METRIC - INFO - {"loss": 0.08471312373876572, "accuracy": 0.9775910377502441, "energy_consumption": 12.001231970842364, "selected": false, "client_name": "sta7"}
2026-06-30 17:36:19,451 - METRIC - INFO - {"loss": 0.07523452490568161, "accuracy": 0.9803921580314636, "energy_consumption": 14.002144100101338, "selected": false, "client_name": "sta0"}
2026-06-30 17:36:19,475 - METRIC - INFO - {"loss": 0.07417131215333939, "accuracy": 0.9733893275260925, "energy_consumption": 13.642949268158745, "selected": false, "client_name": "sta2"}
2026-06-30 17:36:19,480 - METRIC - INFO - {"loss": 0.07921738922595978, "accuracy": 0.9747899174690247, "energy_consumption": 12.400787028411175, "selected": false, "client_name": "sta4"}
2026-06-30 17:36:19,504 - METRIC - INFO - {"loss": 0.08161504566669464, "accuracy": 0.9747899174690247, "energy_consumption": 12.709517744002445, "selected": false, "client_name": "sta5"}
2026-06-30 17:36:19,528 - METRIC - INFO - {"loss": 0.06435845792293549, "accuracy": 0.982492983341217, "energy_consumption": 12.14805960833458, "selected": false, "client_name": "sta9"}
2026-06-30 17:36:19,530 - METRIC - INFO - {"loss": 0.060736387968063354, "accuracy": 0.9831932783126831, "energy_consumption": 12.425134591887767, "selected": false, "client_name": "sta8"}
2026-06-30 17:36:19,532 - METRIC - INFO - {"loss": 0.0862465351819992, "accuracy": 0.9747899174690247, "energy_consumption": 12.393267453454648, "selected": false, "client_name": "sta10"}
2026-06-30 17:36:19,945 - METRIC - INFO - mean_accuracy: 0.9776546955108643

2026-06-30 17:36:19,945 - METRIC - INFO - round: 25
2026-06-30 17:36:19,945 - METRIC - INFO - n_selected: 11
2026-06-30 17:36:19,945 - METRIC - INFO - {"selected_trainers": ["sta0", "sta1", "sta10", "sta2", "sta3", "sta4", "sta5", "sta6", "sta7", "sta8", "sta9"]}
2026-06-30 17:36:26,835 - EXECUT - INFO - received weights from trainer sta1!
2026-06-30 17:36:26,856 - EXECUT - INFO - received weights from trainer sta4!
2026-06-30 17:36:26,876 - EXECUT - INFO - received weights from trainer sta2!
2026-06-30 17:36:26,897 - EXECUT - INFO - received weights from trainer sta5!
2026-06-30 17:36:26,921 - EXECUT - INFO - received weights from trainer sta3!
2026-06-30 17:36:26,941 - EXECUT - INFO - received weights from trainer sta6!
2026-06-30 17:36:26,961 - EXECUT - INFO - received weights from trainer sta7!
2026-06-30 17:36:26,981 - EXECUT - INFO - received weights from trainer sta0!
2026-06-30 17:36:27,992 - EXECUT - INFO - received weights from trainer sta8!
2026-06-30 17:36:28,014 - EXECUT - INFO - received weights from trainer sta10!
2026-06-30 17:36:28,037 - EXECUT - INFO - received weights from trainer sta9!
2026-06-30 17:36:29,371 - EXECUT - INFO - sent aggregated weights to trainers!
2026-06-30 17:36:29,789 - METRIC - INFO - {"loss": 0.07346199452877045, "accuracy": 0.9747899174690247, "energy_consumption": 14.118048624391173, "selected": false, "client_name": "sta2"}
2026-06-30 17:36:29,807 - METRIC - INFO - {"loss": 0.06635308265686035, "accuracy": 0.9775910377502441, "energy_consumption": 14.020933264581494, "selected": false, "client_name": "sta3"}
2026-06-30 17:36:29,828 - METRIC - INFO - {"loss": 0.060083795338869095, "accuracy": 0.9803921580314636, "energy_consumption": 13.045623982762594, "selected": false, "client_name": "sta6"}
2026-06-30 17:36:29,829 - METRIC - INFO - {"loss": 0.07230924814939499, "accuracy": 0.9789915680885315, "energy_consumption": 14.495559733669339, "selected": false, "client_name": "sta0"}
2026-06-30 17:36:29,831 - METRIC - INFO - {"loss": 0.0824456661939621, "accuracy": 0.9775910377502441, "energy_consumption": 12.492444770059308, "selected": false, "client_name": "sta7"}
2026-06-30 17:36:29,832 - METRIC - INFO - {"loss": 0.07917974144220352, "accuracy": 0.9740896224975586, "energy_consumption": 13.117597404148064, "selected": false, "client_name": "sta4"}
2026-06-30 17:36:29,838 - METRIC - INFO - {"loss": 0.0787140354514122, "accuracy": 0.9775910377502441, "energy_consumption": 13.172025123345408, "selected": false, "client_name": "sta5"}
2026-06-30 17:36:29,854 - METRIC - INFO - {"loss": 0.0848507359623909, "accuracy": 0.9768907427787781, "energy_consumption": 14.374133472445116, "selected": false, "client_name": "sta1"}
2026-06-30 17:36:29,891 - METRIC - INFO - {"loss": 0.06362497061491013, "accuracy": 0.982492983341217, "energy_consumption": 12.63748200430258, "selected": false, "client_name": "sta9"}
2026-06-30 17:36:29,897 - METRIC - INFO - {"loss": 0.05862097069621086, "accuracy": 0.9866946935653687, "energy_consumption": 12.914691135759767, "selected": false, "client_name": "sta8"}
2026-06-30 17:36:29,898 - METRIC - INFO - {"loss": 0.08386392891407013, "accuracy": 0.9726890921592712, "energy_consumption": 12.881327584078647, "selected": false, "client_name": "sta10"}
2026-06-30 17:36:30,374 - METRIC - INFO - mean_accuracy: 0.9781639901074496

2026-06-30 17:36:30,374 - METRIC - INFO - round: 26
2026-06-30 17:36:30,374 - METRIC - INFO - n_selected: 11
2026-06-30 17:36:30,374 - METRIC - INFO - {"selected_trainers": ["sta0", "sta1", "sta10", "sta2", "sta3", "sta4", "sta5", "sta6", "sta7", "sta8", "sta9"]}
2026-06-30 17:36:37,272 - EXECUT - INFO - received weights from trainer sta5!
2026-06-30 17:36:37,300 - EXECUT - INFO - received weights from trainer sta1!
2026-06-30 17:36:37,329 - EXECUT - INFO - received weights from trainer sta7!
2026-06-30 17:36:37,350 - EXECUT - INFO - received weights from trainer sta2!
2026-06-30 17:36:37,374 - EXECUT - INFO - received weights from trainer sta6!
2026-06-30 17:36:37,394 - EXECUT - INFO - received weights from trainer sta0!
2026-06-30 17:36:37,414 - EXECUT - INFO - received weights from trainer sta3!
2026-06-30 17:36:37,434 - EXECUT - INFO - received weights from trainer sta4!
2026-06-30 17:36:38,385 - EXECUT - INFO - received weights from trainer sta10!
2026-06-30 17:36:38,424 - EXECUT - INFO - received weights from trainer sta9!
2026-06-30 17:36:38,446 - EXECUT - INFO - received weights from trainer sta8!
2026-06-30 17:36:39,831 - EXECUT - INFO - sent aggregated weights to trainers!
2026-06-30 17:36:40,235 - METRIC - INFO - {"loss": 0.07189707458019257, "accuracy": 0.976190447807312, "energy_consumption": 14.618457976732639, "selected": false, "client_name": "sta2"}
2026-06-30 17:36:40,238 - METRIC - INFO - {"loss": 0.06318677961826324, "accuracy": 0.9775910377502441, "energy_consumption": 14.518895767847642, "selected": false, "client_name": "sta3"}
2026-06-30 17:36:40,263 - METRIC - INFO - {"loss": 0.08214471489191055, "accuracy": 0.9775910377502441, "energy_consumption": 14.879167111711267, "selected": false, "client_name": "sta1"}
2026-06-30 17:36:40,269 - METRIC - INFO - {"loss": 0.07150498032569885, "accuracy": 0.9796918630599976, "energy_consumption": 14.977797112960895, "selected": false, "client_name": "sta0"}
2026-06-30 17:36:40,292 - METRIC - INFO - {"loss": 0.07840296626091003, "accuracy": 0.976190447807312, "energy_consumption": 13.00580123745199, "selected": false, "client_name": "sta7"}
2026-06-30 17:36:40,293 - METRIC - INFO - {"loss": 0.07724308222532272, "accuracy": 0.9775910377502441, "energy_consumption": 13.920767763483777, "selected": false, "client_name": "sta5"}
2026-06-30 17:36:40,299 - METRIC - INFO - {"loss": 0.057176996022462845, "accuracy": 0.9810924530029297, "energy_consumption": 13.800503989530515, "selected": false, "client_name": "sta6"}
2026-06-30 17:36:40,300 - METRIC - INFO - {"loss": 0.07552584260702133, "accuracy": 0.9768907427787781, "energy_consumption": 13.610966901176354, "selected": false, "client_name": "sta4"}
2026-06-30 17:36:40,348 - METRIC - INFO - {"loss": 0.061537254601716995, "accuracy": 0.982492983341217, "energy_consumption": 13.154471049533267, "selected": false, "client_name": "sta9"}
2026-06-30 17:36:40,357 - METRIC - INFO - {"loss": 0.058100104331970215, "accuracy": 0.9845938086509705, "energy_consumption": 13.436011694048211, "selected": false, "client_name": "sta8"}
2026-06-30 17:36:40,358 - METRIC - INFO - {"loss": 0.08096656203269958, "accuracy": 0.9754902124404907, "energy_consumption": 13.384378324671898, "selected": false, "client_name": "sta10"}
2026-06-30 17:36:40,832 - METRIC - INFO - mean_accuracy: 0.9786732792854309

2026-06-30 17:36:40,832 - METRIC - INFO - round: 27
2026-06-30 17:36:40,832 - METRIC - INFO - n_selected: 11
2026-06-30 17:36:40,832 - METRIC - INFO - {"selected_trainers": ["sta0", "sta1", "sta10", "sta2", "sta3", "sta4", "sta5", "sta6", "sta7", "sta8", "sta9"]}
2026-06-30 17:36:47,706 - EXECUT - INFO - received weights from trainer sta4!
2026-06-30 17:36:47,741 - EXECUT - INFO - received weights from trainer sta6!
2026-06-30 17:36:47,764 - EXECUT - INFO - received weights from trainer sta0!
2026-06-30 17:36:47,783 - EXECUT - INFO - received weights from trainer sta1!
2026-06-30 17:36:47,842 - EXECUT - INFO - received weights from trainer sta5!
2026-06-30 17:36:47,871 - EXECUT - INFO - received weights from trainer sta2!
2026-06-30 17:36:47,890 - EXECUT - INFO - received weights from trainer sta3!
2026-06-30 17:36:48,878 - EXECUT - INFO - received weights from trainer sta9!
2026-06-30 17:36:48,897 - EXECUT - INFO - received weights from trainer sta8!
2026-06-30 17:36:48,916 - EXECUT - INFO - received weights from trainer sta10!
2026-06-30 17:36:51,311 - EXECUT - INFO - received weights from trainer sta7!
2026-06-30 17:36:52,256 - EXECUT - INFO - sent aggregated weights to trainers!
2026-06-30 17:36:52,642 - METRIC - INFO - {"loss": 0.06164461374282837, "accuracy": 0.9796918630599976, "energy_consumption": 15.021909514330957, "selected": false, "client_name": "sta3"}
2026-06-30 17:36:52,668 - METRIC - INFO - {"loss": 0.07841932028532028, "accuracy": 0.9782913327217102, "energy_consumption": 15.65903309963137, "selected": false, "client_name": "sta1"}
2026-06-30 17:36:52,671 - METRIC - INFO - {"loss": 0.06970538198947906, "accuracy": 0.9796918630599976, "energy_consumption": 15.772778680656431, "selected": false, "client_name": "sta0"}
2026-06-30 17:36:52,673 - METRIC - INFO - {"loss": 0.07214241474866867, "accuracy": 0.9754902124404907, "energy_consumption": 15.396651116068448, "selected": false, "client_name": "sta2"}
2026-06-30 17:36:52,679 - METRIC - INFO - {"loss": 0.05504375323653221, "accuracy": 0.981792688369751, "energy_consumption": 14.33555360828333, "selected": false, "client_name": "sta6"}
2026-06-30 17:36:52,685 - METRIC - INFO - {"loss": 0.07187441736459732, "accuracy": 0.9782913327217102, "energy_consumption": 14.123701809116413, "selected": false, "client_name": "sta4"}
2026-06-30 17:36:52,689 - METRIC - INFO - {"loss": 0.07676848769187927, "accuracy": 0.9782913327217102, "energy_consumption": 13.809200604402427, "selected": false, "client_name": "sta7"}
2026-06-30 17:36:52,698 - METRIC - INFO - {"loss": 0.07646812498569489, "accuracy": 0.9775910377502441, "energy_consumption": 14.445464002104462, "selected": false, "client_name": "sta5"}
2026-06-30 17:36:52,761 - METRIC - INFO - {"loss": 0.05862066522240639, "accuracy": 0.9838935732841492, "energy_consumption": 13.963898489773081, "selected": false, "client_name": "sta9"}
2026-06-30 17:36:52,768 - METRIC - INFO - {"loss": 0.05720023065805435, "accuracy": 0.9852941036224365, "energy_consumption": 14.245360678668213, "selected": false, "client_name": "sta8"}
2026-06-30 17:36:52,775 - METRIC - INFO - {"loss": 0.07937657833099365, "accuracy": 0.9733893275260925, "energy_consumption": 14.18412221167399, "selected": false, "client_name": "sta10"}
2026-06-30 17:36:53,258 - METRIC - INFO - mean_accuracy: 0.9792462424798445

2026-06-30 17:36:53,258 - METRIC - INFO - round: 28
2026-06-30 17:36:53,258 - METRIC - INFO - n_selected: 11
2026-06-30 17:36:53,258 - METRIC - INFO - {"selected_trainers": ["sta0", "sta1", "sta10", "sta2", "sta3", "sta4", "sta5", "sta6", "sta7", "sta8", "sta9"]}
2026-06-30 17:37:00,043 - EXECUT - INFO - received weights from trainer sta1!
2026-06-30 17:37:00,109 - EXECUT - INFO - received weights from trainer sta4!
2026-06-30 17:37:00,129 - EXECUT - INFO - received weights from trainer sta2!
2026-06-30 17:37:00,149 - EXECUT - INFO - received weights from trainer sta6!
2026-06-30 17:37:00,168 - EXECUT - INFO - received weights from trainer sta0!
2026-06-30 17:37:00,194 - EXECUT - INFO - received weights from trainer sta7!
2026-06-30 17:37:01,302 - EXECUT - INFO - received weights from trainer sta10!
2026-06-30 17:37:01,360 - EXECUT - INFO - received weights from trainer sta9!
2026-06-30 17:37:01,379 - EXECUT - INFO - received weights from trainer sta8!
2026-06-30 17:37:03,698 - EXECUT - INFO - received weights from trainer sta3!
2026-06-30 17:37:03,742 - EXECUT - INFO - received weights from trainer sta5!
2026-06-30 17:37:04,673 - EXECUT - INFO - sent aggregated weights to trainers!
2026-06-30 17:37:05,082 - METRIC - INFO - {"loss": 0.06014571338891983, "accuracy": 0.9789915680885315, "energy_consumption": 15.80220896753203, "selected": false, "client_name": "sta3"}
2026-06-30 17:37:05,092 - METRIC - INFO - {"loss": 0.07916894555091858, "accuracy": 0.9782913327217102, "energy_consumption": 16.18608433470865, "selected": false, "client_name": "sta1"}
2026-06-30 17:37:05,106 - METRIC - INFO - {"loss": 0.05503649637103081, "accuracy": 0.982492983341217, "energy_consumption": 15.116827298551671, "selected": false, "client_name": "sta6"}
2026-06-30 17:37:05,109 - METRIC - INFO - {"loss": 0.07030289620161057, "accuracy": 0.9775910377502441, "energy_consumption": 14.910293071927201, "selected": false, "client_name": "sta4"}
2026-06-30 17:37:05,113 - METRIC - INFO - {"loss": 0.06898259371519089, "accuracy": 0.9775910377502441, "energy_consumption": 15.928756403425242, "selected": false, "client_name": "sta2"}
2026-06-30 17:37:05,136 - METRIC - INFO - {"loss": 0.06652190536260605, "accuracy": 0.9803921580314636, "energy_consumption": 16.294333732873678, "selected": false, "client_name": "sta0"}
2026-06-30 17:37:05,159 - METRIC - INFO - {"loss": 0.07463884353637695, "accuracy": 0.9796918630599976, "energy_consumption": 14.617864757377689, "selected": false, "client_name": "sta7"}
2026-06-30 17:37:05,168 - METRIC - INFO - {"loss": 0.07349298149347305, "accuracy": 0.9782913327217102, "energy_consumption": 15.214557833152965, "selected": false, "client_name": "sta5"}
2026-06-30 17:37:05,197 - METRIC - INFO - {"loss": 0.0586031898856163, "accuracy": 0.982492983341217, "energy_consumption": 14.746574922465737, "selected": false, "client_name": "sta9"}
2026-06-30 17:37:05,199 - METRIC - INFO - {"loss": 0.07658100128173828, "accuracy": 0.9775910377502441, "energy_consumption": 14.706779050158397, "selected": false, "client_name": "sta10"}
2026-06-30 17:37:05,204 - METRIC - INFO - {"loss": 0.05514195188879967, "accuracy": 0.9866946935653687, "energy_consumption": 15.037702142339125, "selected": false, "client_name": "sta8"}
2026-06-30 17:37:05,674 - METRIC - INFO - mean_accuracy: 0.9800101843747225

2026-06-30 17:37:05,674 - METRIC - INFO - round: 29
2026-06-30 17:37:05,674 - METRIC - INFO - n_selected: 11
2026-06-30 17:37:05,674 - METRIC - INFO - {"selected_trainers": ["sta0", "sta1", "sta10", "sta2", "sta3", "sta4", "sta5", "sta6", "sta7", "sta8", "sta9"]}
2026-06-30 17:37:12,186 - EXECUT - INFO - received weights from trainer sta6!
2026-06-30 17:37:12,206 - EXECUT - INFO - received weights from trainer sta3!
2026-06-30 17:37:12,227 - EXECUT - INFO - received weights from trainer sta5!
2026-06-30 17:37:12,246 - EXECUT - INFO - received weights from trainer sta4!
2026-06-30 17:37:12,265 - EXECUT - INFO - received weights from trainer sta7!
2026-06-30 17:37:12,292 - EXECUT - INFO - received weights from trainer sta1!
2026-06-30 17:37:12,311 - EXECUT - INFO - received weights from trainer sta0!
2026-06-30 17:37:12,329 - EXECUT - INFO - received weights from trainer sta2!
2026-06-30 17:37:13,195 - EXECUT - INFO - received weights from trainer sta8!
2026-06-30 17:37:13,215 - EXECUT - INFO - received weights from trainer sta10!
2026-06-30 17:37:13,273 - EXECUT - INFO - received weights from trainer sta9!
2026-06-30 17:37:14,050 - EXECUT - INFO - sent aggregated weights to trainers!
2026-06-30 17:37:14,436 - METRIC - INFO - {"loss": 0.06666883081197739, "accuracy": 0.9782913327217102, "energy_consumption": 16.470268951053388, "selected": false, "client_name": "sta2"}
2026-06-30 17:37:14,452 - METRIC - INFO - {"loss": 0.05882578343153, "accuracy": 0.9796918630599976, "energy_consumption": 16.337011915923586, "selected": false, "client_name": "sta3"}
2026-06-30 17:37:14,464 - METRIC - INFO - {"loss": 0.06366214156150818, "accuracy": 0.981792688369751, "energy_consumption": 16.81002114604709, "selected": false, "client_name": "sta0"}
2026-06-30 17:37:14,467 - METRIC - INFO - {"loss": 0.052766863256692886, "accuracy": 0.9810924530029297, "energy_consumption": 15.662717673367942, "selected": false, "client_name": "sta6"}
2026-06-30 17:37:14,471 - METRIC - INFO - {"loss": 0.06838876008987427, "accuracy": 0.9775910377502441, "energy_consumption": 15.444887749539108, "selected": false, "client_name": "sta4"}
2026-06-30 17:37:14,489 - METRIC - INFO - {"loss": 0.07703517377376556, "accuracy": 0.9789915680885315, "energy_consumption": 16.722591504239727, "selected": false, "client_name": "sta1"}
2026-06-30 17:37:14,491 - METRIC - INFO - {"loss": 0.07273110002279282, "accuracy": 0.9789915680885315, "energy_consumption": 15.753999802020966, "selected": false, "client_name": "sta5"}
2026-06-30 17:37:14,500 - METRIC - INFO - {"loss": 0.07295732200145721, "accuracy": 0.9782913327217102, "energy_consumption": 15.186529265174707, "selected": false, "client_name": "sta7"}
2026-06-30 17:37:14,543 - METRIC - INFO - {"loss": 0.05367429181933403, "accuracy": 0.9859943985939026, "energy_consumption": 15.598321300808866, "selected": false, "client_name": "sta8"}
2026-06-30 17:37:14,543 - METRIC - INFO - {"loss": 0.05685847997665405, "accuracy": 0.9838935732841492, "energy_consumption": 15.297300858868082, "selected": false, "client_name": "sta9"}
2026-06-30 17:37:14,663 - METRIC - INFO - {"loss": 0.07465587556362152, "accuracy": 0.9775910377502441, "energy_consumption": 15.204241921964583, "selected": false, "client_name": "sta10"}
2026-06-30 17:37:15,053 - METRIC - INFO - mean_accuracy: 0.980201168493791

2026-06-30 17:37:15,053 - METRIC - INFO - round: 30
2026-06-30 17:37:15,053 - METRIC - INFO - n_selected: 11
2026-06-30 17:37:15,053 - METRIC - INFO - {"selected_trainers": ["sta0", "sta1", "sta10", "sta2", "sta3", "sta4", "sta5", "sta6", "sta7", "sta8", "sta9"]}
2026-06-30 17:37:21,371 - EXECUT - INFO - received weights from trainer sta3!
2026-06-30 17:37:21,394 - EXECUT - INFO - received weights from trainer sta1!
2026-06-30 17:37:21,412 - EXECUT - INFO - received weights from trainer sta2!
2026-06-30 17:37:21,430 - EXECUT - INFO - received weights from trainer sta4!
2026-06-30 17:37:21,448 - EXECUT - INFO - received weights from trainer sta5!
2026-06-30 17:37:21,469 - EXECUT - INFO - received weights from trainer sta7!
2026-06-30 17:37:21,487 - EXECUT - INFO - received weights from trainer sta6!
2026-06-30 17:37:21,505 - EXECUT - INFO - received weights from trainer sta0!
2026-06-30 17:37:22,309 - EXECUT - INFO - received weights from trainer sta8!
2026-06-30 17:37:22,337 - EXECUT - INFO - received weights from trainer sta10!
2026-06-30 17:37:22,365 - EXECUT - INFO - received weights from trainer sta9!
2026-06-30 17:37:23,430 - EXECUT - INFO - sent aggregated weights to trainers!
2026-06-30 17:37:23,890 - METRIC - INFO - {"loss": 0.06756197661161423, "accuracy": 0.9775910377502441, "energy_consumption": 17.08688642222924, "selected": false, "client_name": "sta2"}
2026-06-30 17:37:23,978 - METRIC - INFO - {"loss": 0.05540561303496361, "accuracy": 0.9789915680885315, "energy_consumption": 16.951688158481865, "selected": false, "client_name": "sta3"}
2026-06-30 17:37:23,979 - METRIC - INFO - {"loss": 0.07329907268285751, "accuracy": 0.9782913327217102, "energy_consumption": 15.77295224067673, "selected": false, "client_name": "sta10"}
2026-06-30 17:37:24,019 - METRIC - INFO - {"loss": 0.05080791562795639, "accuracy": 0.981792688369751, "energy_consumption": 16.243033923923498, "selected": false, "client_name": "sta6"}
2026-06-30 17:37:24,023 - METRIC - INFO - {"loss": 0.06308864057064056, "accuracy": 0.981792688369751, "energy_consumption": 17.39894889258039, "selected": false, "client_name": "sta0"}
2026-06-30 17:37:24,032 - METRIC - INFO - {"loss": 0.07730240374803543, "accuracy": 0.9796918630599976, "energy_consumption": 17.311889686055036, "selected": false, "client_name": "sta1"}
2026-06-30 17:37:24,066 - METRIC - INFO - {"loss": 0.07105213403701782, "accuracy": 0.9747899174690247, "energy_consumption": 16.04389278264911, "selected": false, "client_name": "sta4"}
2026-06-30 17:37:24,071 - METRIC - INFO - {"loss": 0.07374241203069687, "accuracy": 0.9789915680885315, "energy_consumption": 15.766515481136055, "selected": false, "client_name": "sta7"}
2026-06-30 17:37:24,072 - METRIC - INFO - {"loss": 0.07154396176338196, "accuracy": 0.9768907427787781, "energy_consumption": 16.3383676056468, "selected": false, "client_name": "sta5"}
2026-06-30 17:37:24,080 - METRIC - INFO - {"loss": 0.05392739176750183, "accuracy": 0.9852941036224365, "energy_consumption": 16.1831498002173, "selected": false, "client_name": "sta8"}
2026-06-30 17:37:24,082 - METRIC - INFO - {"loss": 0.05527835711836815, "accuracy": 0.9838935732841492, "energy_consumption": 15.896840777875845, "selected": false, "client_name": "sta9"}
2026-06-30 17:37:24,432 - METRIC - INFO - mean_accuracy: 0.9798191894184459

2026-06-30 17:37:24,432 - METRIC - INFO - round: 31
2026-06-30 17:37:24,432 - METRIC - INFO - n_selected: 11
2026-06-30 17:37:24,432 - METRIC - INFO - {"selected_trainers": ["sta0", "sta1", "sta10", "sta2", "sta3", "sta4", "sta5", "sta6", "sta7", "sta8", "sta9"]}
2026-06-30 17:37:30,727 - EXECUT - INFO - received weights from trainer sta4!
2026-06-30 17:37:30,781 - EXECUT - INFO - received weights from trainer sta6!
2026-06-30 17:37:30,802 - EXECUT - INFO - received weights from trainer sta7!
2026-06-30 17:37:30,820 - EXECUT - INFO - received weights from trainer sta2!
2026-06-30 17:37:30,838 - EXECUT - INFO - received weights from trainer sta1!
2026-06-30 17:37:30,860 - EXECUT - INFO - received weights from trainer sta3!
2026-06-30 17:37:30,924 - EXECUT - INFO - received weights from trainer sta0!
2026-06-30 17:37:31,704 - EXECUT - INFO - received weights from trainer sta9!
2026-06-30 17:37:31,724 - EXECUT - INFO - received weights from trainer sta8!
2026-06-30 17:37:31,744 - EXECUT - INFO - received weights from trainer sta10!
2026-06-30 17:37:34,862 - EXECUT - INFO - received weights from trainer sta5!
2026-06-30 17:37:35,787 - EXECUT - INFO - sent aggregated weights to trainers!
2026-06-30 17:37:36,209 - METRIC - INFO - {"loss": 0.06223132088780403, "accuracy": 0.9810924530029297, "energy_consumption": 18.35279237720155, "selected": false, "client_name": "sta0"}
2026-06-30 17:37:36,212 - METRIC - INFO - {"loss": 0.0539940781891346, "accuracy": 0.9810924530029297, "energy_consumption": 17.896336655159296, "selected": false, "client_name": "sta3"}
2026-06-30 17:37:36,220 - METRIC - INFO - {"loss": 0.04929101839661598, "accuracy": 0.9831932783126831, "energy_consumption": 17.12233388055234, "selected": false, "client_name": "sta6"}
2026-06-30 17:37:36,220 - METRIC - INFO - {"loss": 0.0725833997130394, "accuracy": 0.9810924530029297, "energy_consumption": 18.2856849317842, "selected": false, "client_name": "sta1"}
2026-06-30 17:37:36,235 - METRIC - INFO - {"loss": 0.07144737988710403, "accuracy": 0.9789915680885315, "energy_consumption": 16.359011954652296, "selected": false, "client_name": "sta7"}
2026-06-30 17:37:36,256 - METRIC - INFO - {"loss": 0.07042155414819717, "accuracy": 0.9782913327217102, "energy_consumption": 17.223208779860922, "selected": false, "client_name": "sta5"}
2026-06-30 17:37:36,256 - METRIC - INFO - {"loss": 0.06528182327747345, "accuracy": 0.9782913327217102, "energy_consumption": 16.953213677134368, "selected": false, "client_name": "sta4"}
2026-06-30 17:37:36,261 - METRIC - INFO - {"loss": 0.06651189923286438, "accuracy": 0.9775910377502441, "energy_consumption": 18.061515556187576, "selected": false, "client_name": "sta2"}
2026-06-30 17:37:36,272 - METRIC - INFO - {"loss": 0.05563770607113838, "accuracy": 0.9845938086509705, "energy_consumption": 16.505990320514346, "selected": false, "client_name": "sta9"}
2026-06-30 17:37:36,274 - METRIC - INFO - {"loss": 0.05387594550848007, "accuracy": 0.9852941036224365, "energy_consumption": 16.79218482607926, "selected": false, "client_name": "sta8"}
2026-06-30 17:37:36,284 - METRIC - INFO - {"loss": 0.07278385013341904, "accuracy": 0.9782913327217102, "energy_consumption": 16.70091245931567, "selected": false, "client_name": "sta10"}
2026-06-30 17:37:36,789 - METRIC - INFO - mean_accuracy: 0.9807104685089805

2026-06-30 17:37:36,789 - METRIC - INFO - round: 32
2026-06-30 17:37:36,789 - METRIC - INFO - n_selected: 11
2026-06-30 17:37:36,789 - METRIC - INFO - {"selected_trainers": ["sta0", "sta1", "sta10", "sta2", "sta3", "sta4", "sta5", "sta6", "sta7", "sta8", "sta9"]}
2026-06-30 17:37:43,030 - EXECUT - INFO - received weights from trainer sta0!
2026-06-30 17:37:43,118 - EXECUT - INFO - received weights from trainer sta4!
2026-06-30 17:37:43,135 - EXECUT - INFO - received weights from trainer sta2!
2026-06-30 17:37:43,153 - EXECUT - INFO - received weights from trainer sta6!
2026-06-30 17:37:43,170 - EXECUT - INFO - received weights from trainer sta1!
2026-06-30 17:37:43,190 - EXECUT - INFO - received weights from trainer sta5!
2026-06-30 17:37:43,229 - EXECUT - INFO - received weights from trainer sta7!
2026-06-30 17:37:43,246 - EXECUT - INFO - received weights from trainer sta3!
2026-06-30 17:37:44,077 - EXECUT - INFO - received weights from trainer sta8!
2026-06-30 17:37:44,094 - EXECUT - INFO - received weights from trainer sta10!
2026-06-30 17:37:44,110 - EXECUT - INFO - received weights from trainer sta9!
2026-06-30 17:37:45,162 - EXECUT - INFO - sent aggregated weights to trainers!
2026-06-30 17:37:45,563 - METRIC - INFO - {"loss": 0.05278434976935387, "accuracy": 0.982492983341217, "energy_consumption": 17.743878141565276, "selected": false, "client_name": "sta6"}
2026-06-30 17:37:45,566 - METRIC - INFO - {"loss": 0.06498359143733978, "accuracy": 0.9789915680885315, "energy_consumption": 18.670358640599, "selected": false, "client_name": "sta2"}
2026-06-30 17:37:45,579 - METRIC - INFO - {"loss": 0.05579235032200813, "accuracy": 0.9810924530029297, "energy_consumption": 18.46855515334324, "selected": false, "client_name": "sta3"}
2026-06-30 17:37:45,583 - METRIC - INFO - {"loss": 0.07022706419229507, "accuracy": 0.9796918630599976, "energy_consumption": 17.812024652324624, "selected": false, "client_name": "sta5"}
2026-06-30 17:37:45,600 - METRIC - INFO - {"loss": 0.07384427636861801, "accuracy": 0.9803921580314636, "energy_consumption": 18.915955929469792, "selected": false, "client_name": "sta1"}
2026-06-30 17:37:45,612 - METRIC - INFO - {"loss": 0.06144436076283455, "accuracy": 0.9796918630599976, "energy_consumption": 18.956871682324017, "selected": false, "client_name": "sta0"}
2026-06-30 17:37:45,615 - METRIC - INFO - {"loss": 0.06619314849376678, "accuracy": 0.9782913327217102, "energy_consumption": 17.55531046337134, "selected": false, "client_name": "sta4"}
2026-06-30 17:37:45,631 - METRIC - INFO - {"loss": 0.07065645605325699, "accuracy": 0.9796918630599976, "energy_consumption": 16.916220174791253, "selected": false, "client_name": "sta7"}
2026-06-30 17:37:45,640 - METRIC - INFO - {"loss": 0.05095967650413513, "accuracy": 0.9873949289321899, "energy_consumption": 17.373746068967037, "selected": false, "client_name": "sta8"}
2026-06-30 17:37:45,648 - METRIC - INFO - {"loss": 0.07131875306367874, "accuracy": 0.9782913327217102, "energy_consumption": 17.312877647339953, "selected": false, "client_name": "sta10"}
2026-06-30 17:37:45,655 - METRIC - INFO - {"loss": 0.05374960973858833, "accuracy": 0.9831932783126831, "energy_consumption": 17.102499120898024, "selected": false, "client_name": "sta9"}
2026-06-30 17:37:46,165 - METRIC - INFO - mean_accuracy: 0.9808377840302207

2026-06-30 17:37:46,165 - METRIC - INFO - round: 33
2026-06-30 17:37:46,165 - METRIC - INFO - n_selected: 11
2026-06-30 17:37:46,165 - METRIC - INFO - {"selected_trainers": ["sta0", "sta1", "sta10", "sta2", "sta3", "sta4", "sta5", "sta6", "sta7", "sta8", "sta9"]}
2026-06-30 17:37:52,425 - EXECUT - INFO - received weights from trainer sta5!
2026-06-30 17:37:52,447 - EXECUT - INFO - received weights from trainer sta2!
2026-06-30 17:37:52,465 - EXECUT - INFO - received weights from trainer sta4!
2026-06-30 17:37:52,483 - EXECUT - INFO - received weights from trainer sta1!
2026-06-30 17:37:52,501 - EXECUT - INFO - received weights from trainer sta3!
2026-06-30 17:37:52,522 - EXECUT - INFO - received weights from trainer sta0!
2026-06-30 17:37:52,542 - EXECUT - INFO - received weights from trainer sta6!
2026-06-30 17:37:52,559 - EXECUT - INFO - received weights from trainer sta7!
2026-06-30 17:37:53,405 - EXECUT - INFO - received weights from trainer sta10!
2026-06-30 17:37:53,439 - EXECUT - INFO - received weights from trainer sta9!
2026-06-30 17:37:53,459 - EXECUT - INFO - received weights from trainer sta8!
2026-06-30 17:37:54,511 - EXECUT - INFO - sent aggregated weights to trainers!
2026-06-30 17:37:54,869 - METRIC - INFO - {"loss": 0.06419292092323303, "accuracy": 0.9782913327217102, "energy_consumption": 19.282370641495593, "selected": false, "client_name": "sta2"}
2026-06-30 17:37:54,870 - METRIC - INFO - {"loss": 0.052181776612997055, "accuracy": 0.982492983341217, "energy_consumption": 19.071825126452868, "selected": false, "client_name": "sta3"}
2026-06-30 17:37:54,877 - METRIC - INFO - {"loss": 0.0689668282866478, "accuracy": 0.982492983341217, "energy_consumption": 19.54762283622966, "selected": false, "client_name": "sta1"}
2026-06-30 17:37:54,894 - METRIC - INFO - {"loss": 0.06408993899822235, "accuracy": 0.9789915680885315, "energy_consumption": 18.183017184097398, "selected": false, "client_name": "sta4"}
2026-06-30 17:37:54,895 - METRIC - INFO - {"loss": 0.06083926185965538, "accuracy": 0.9831932783126831, "energy_consumption": 19.60273185821834, "selected": false, "client_name": "sta0"}
2026-06-30 17:37:54,905 - METRIC - INFO - {"loss": 0.04628119617700577, "accuracy": 0.9831932783126831, "energy_consumption": 18.384436054552896, "selected": false, "client_name": "sta6"}
2026-06-30 17:37:54,912 - METRIC - INFO - {"loss": 0.07061636447906494, "accuracy": 0.9782913327217102, "energy_consumption": 18.43601330422454, "selected": false, "client_name": "sta5"}
2026-06-30 17:37:54,933 - METRIC - INFO - {"loss": 0.06843870133161545, "accuracy": 0.9775910377502441, "energy_consumption": 17.904680622358168, "selected": false, "client_name": "sta7"}
2026-06-30 17:37:54,968 - METRIC - INFO - {"loss": 0.05220527574419975, "accuracy": 0.9845938086509705, "energy_consumption": 17.772913584034022, "selected": false, "client_name": "sta9"}
2026-06-30 17:37:54,979 - METRIC - INFO - {"loss": 0.0694262906908989, "accuracy": 0.9789915680885315, "energy_consumption": 17.97946240865699, "selected": false, "client_name": "sta10"}
2026-06-30 17:37:54,980 - METRIC - INFO - {"loss": 0.051374901086091995, "accuracy": 0.9866946935653687, "energy_consumption": 18.01178077219726, "selected": false, "client_name": "sta8"}
2026-06-30 17:37:55,513 - METRIC - INFO - mean_accuracy: 0.981347078626806

2026-06-30 17:37:55,513 - METRIC - INFO - round: 34
2026-06-30 17:37:55,513 - METRIC - INFO - n_selected: 11
2026-06-30 17:37:55,513 - METRIC - INFO - {"selected_trainers": ["sta0", "sta1", "sta10", "sta2", "sta3", "sta4", "sta5", "sta6", "sta7", "sta8", "sta9"]}
2026-06-30 17:38:01,532 - EXECUT - INFO - received weights from trainer sta7!
2026-06-30 17:38:01,578 - EXECUT - INFO - received weights from trainer sta1!
2026-06-30 17:38:01,595 - EXECUT - INFO - received weights from trainer sta0!
2026-06-30 17:38:01,611 - EXECUT - INFO - received weights from trainer sta2!
2026-06-30 17:38:01,628 - EXECUT - INFO - received weights from trainer sta3!
2026-06-30 17:38:01,644 - EXECUT - INFO - received weights from trainer sta5!
2026-06-30 17:38:01,663 - EXECUT - INFO - received weights from trainer sta4!
2026-06-30 17:38:02,342 - EXECUT - INFO - received weights from trainer sta9!
2026-06-30 17:38:02,386 - EXECUT - INFO - received weights from trainer sta8!
2026-06-30 17:38:02,403 - EXECUT - INFO - received weights from trainer sta10!
2026-06-30 17:38:05,932 - EXECUT - INFO - received weights from trainer sta6!
2026-06-30 17:38:06,869 - EXECUT - INFO - sent aggregated weights to trainers!
2026-06-30 17:38:07,235 - METRIC - INFO - {"loss": 0.06344637274742126, "accuracy": 0.9775910377502441, "energy_consumption": 20.322846173605644, "selected": false, "client_name": "sta2"}
2026-06-30 17:38:07,256 - METRIC - INFO - {"loss": 0.050457391887903214, "accuracy": 0.982492983341217, "energy_consumption": 20.077230029121676, "selected": false, "client_name": "sta3"}
2026-06-30 17:38:07,261 - METRIC - INFO - {"loss": 0.05819055065512657, "accuracy": 0.9831932783126831, "energy_consumption": 20.63810979319088, "selected": false, "client_name": "sta0"}
2026-06-30 17:38:07,272 - METRIC - INFO - {"loss": 0.06252071261405945, "accuracy": 0.9768907427787781, "energy_consumption": 19.14285113527987, "selected": false, "client_name": "sta4"}
2026-06-30 17:38:07,275 - METRIC - INFO - {"loss": 0.06834786385297775, "accuracy": 0.9810924530029297, "energy_consumption": 18.55233043247346, "selected": false, "client_name": "sta7"}
2026-06-30 17:38:07,284 - METRIC - INFO - {"loss": 0.06946198642253876, "accuracy": 0.981792688369751, "energy_consumption": 20.59213853418433, "selected": false, "client_name": "sta1"}
2026-06-30 17:38:07,288 - METRIC - INFO - {"loss": 0.04613598436117172, "accuracy": 0.9838935732841492, "energy_consumption": 19.01116814879695, "selected": false, "client_name": "sta6"}
2026-06-30 17:38:07,307 - METRIC - INFO - {"loss": 0.07008618861436844, "accuracy": 0.9803921580314636, "energy_consumption": 19.32429920332628, "selected": false, "client_name": "sta5"}
2026-06-30 17:38:07,321 - METRIC - INFO - {"loss": 0.051261041313409805, "accuracy": 0.9838935732841492, "energy_consumption": 18.751639445993344, "selected": false, "client_name": "sta9"}
2026-06-30 17:38:07,329 - METRIC - INFO - {"loss": 0.06942818313837051, "accuracy": 0.9789915680885315, "energy_consumption": 18.977982231490287, "selected": false, "client_name": "sta10"}
2026-06-30 17:38:07,332 - METRIC - INFO - {"loss": 0.05103792995214462, "accuracy": 0.9859943985939026, "energy_consumption": 18.990611067109295, "selected": false, "client_name": "sta8"}
2026-06-30 17:38:07,870 - METRIC - INFO - mean_accuracy: 0.9814744049852545

2026-06-30 17:38:07,870 - METRIC - INFO - round: 35
2026-06-30 17:38:07,870 - METRIC - INFO - n_selected: 11
2026-06-30 17:38:07,870 - METRIC - INFO - {"selected_trainers": ["sta0", "sta1", "sta10", "sta2", "sta3", "sta4", "sta5", "sta6", "sta7", "sta8", "sta9"]}
2026-06-30 17:38:13,864 - EXECUT - INFO - received weights from trainer sta2!
2026-06-30 17:38:13,886 - EXECUT - INFO - received weights from trainer sta3!
2026-06-30 17:38:13,914 - EXECUT - INFO - received weights from trainer sta4!
2026-06-30 17:38:13,932 - EXECUT - INFO - received weights from trainer sta7!
2026-06-30 17:38:13,948 - EXECUT - INFO - received weights from trainer sta1!
2026-06-30 17:38:13,965 - EXECUT - INFO - received weights from trainer sta5!
2026-06-30 17:38:13,984 - EXECUT - INFO - received weights from trainer sta6!
2026-06-30 17:38:14,000 - EXECUT - INFO - received weights from trainer sta0!
2026-06-30 17:38:14,756 - EXECUT - INFO - received weights from trainer sta10!
2026-06-30 17:38:14,773 - EXECUT - INFO - received weights from trainer sta9!
2026-06-30 17:38:14,789 - EXECUT - INFO - received weights from trainer sta8!
2026-06-30 17:38:15,204 - EXECUT - INFO - sent aggregated weights to trainers!
2026-06-30 17:38:15,572 - METRIC - INFO - {"loss": 0.057028964161872864, "accuracy": 0.981792688369751, "energy_consumption": 21.324977540841417, "selected": false, "client_name": "sta0"}
2026-06-30 17:38:15,590 - METRIC - INFO - {"loss": 0.06340914964675903, "accuracy": 0.9789915680885315, "energy_consumption": 20.962976311168717, "selected": false, "client_name": "sta2"}
2026-06-30 17:38:15,602 - METRIC - INFO - {"loss": 0.05035465210676193, "accuracy": 0.9831932783126831, "energy_consumption": 20.730276064087583, "selected": false, "client_name": "sta3"}
2026-06-30 17:38:15,603 - METRIC - INFO - {"loss": 0.06015988066792488, "accuracy": 0.9796918630599976, "energy_consumption": 19.484559701965722, "selected": false, "client_name": "sta4"}
2026-06-30 17:38:15,610 - METRIC - INFO - {"loss": 0.06782634556293488, "accuracy": 0.9845938086509705, "energy_consumption": 21.249149200916367, "selected": false, "client_name": "sta1"}
2026-06-30 17:38:15,613 - METRIC - INFO - {"loss": 0.04576893523335457, "accuracy": 0.9845938086509705, "energy_consumption": 19.652237159802045, "selected": false, "client_name": "sta6"}
2026-06-30 17:38:15,623 - METRIC - INFO - {"loss": 0.06780881434679031, "accuracy": 0.9796918630599976, "energy_consumption": 19.19352023428544, "selected": false, "client_name": "sta7"}
2026-06-30 17:38:15,641 - METRIC - INFO - {"loss": 0.0651950091123581, "accuracy": 0.981792688369751, "energy_consumption": 19.691416116141355, "selected": false, "client_name": "sta5"}
2026-06-30 17:38:15,660 - METRIC - INFO - {"loss": 0.04952492564916611, "accuracy": 0.9845938086509705, "energy_consumption": 19.417836651906903, "selected": false, "client_name": "sta9"}
2026-06-30 17:38:15,668 - METRIC - INFO - {"loss": 0.06779167056083679, "accuracy": 0.9782913327217102, "energy_consumption": 19.665850859906527, "selected": false, "client_name": "sta10"}
2026-06-30 17:38:15,672 - METRIC - INFO - {"loss": 0.04948260635137558, "accuracy": 0.988095223903656, "energy_consumption": 19.64162364312774, "selected": false, "client_name": "sta8"}
2026-06-30 17:38:16,206 - METRIC - INFO - mean_accuracy: 0.9823019938035444

2026-06-30 17:38:16,206 - METRIC - INFO - round: 36
2026-06-30 17:38:16,206 - METRIC - INFO - n_selected: 11
2026-06-30 17:38:16,206 - METRIC - INFO - {"selected_trainers": ["sta0", "sta1", "sta10", "sta2", "sta3", "sta4", "sta5", "sta6", "sta7", "sta8", "sta9"]}
2026-06-30 17:38:22,163 - EXECUT - INFO - received weights from trainer sta4!
2026-06-30 17:38:22,187 - EXECUT - INFO - received weights from trainer sta6!
2026-06-30 17:38:22,204 - EXECUT - INFO - received weights from trainer sta1!
2026-06-30 17:38:22,220 - EXECUT - INFO - received weights from trainer sta5!
2026-06-30 17:38:22,237 - EXECUT - INFO - received weights from trainer sta7!
2026-06-30 17:38:22,253 - EXECUT - INFO - received weights from trainer sta2!
2026-06-30 17:38:22,272 - EXECUT - INFO - received weights from trainer sta0!
2026-06-30 17:38:22,288 - EXECUT - INFO - received weights from trainer sta3!
2026-06-30 17:38:23,069 - EXECUT - INFO - received weights from trainer sta10!
2026-06-30 17:38:23,099 - EXECUT - INFO - received weights from trainer sta8!
2026-06-30 17:38:23,116 - EXECUT - INFO - received weights from trainer sta9!
2026-06-30 17:38:23,529 - EXECUT - INFO - sent aggregated weights to trainers!
2026-06-30 17:38:23,879 - METRIC - INFO - {"loss": 0.04715491086244583, "accuracy": 0.9838935732841492, "energy_consumption": 21.0432819257901, "selected": false, "client_name": "sta3"}
2026-06-30 17:38:23,888 - METRIC - INFO - {"loss": 0.055598318576812744, "accuracy": 0.9845938086509705, "energy_consumption": 22.069962832150935, "selected": false, "client_name": "sta0"}
2026-06-30 17:38:23,898 - METRIC - INFO - {"loss": 0.0667356625199318, "accuracy": 0.9831932783126831, "energy_consumption": 21.986613978222035, "selected": false, "client_name": "sta1"}
2026-06-30 17:38:23,922 - METRIC - INFO - {"loss": 0.0440649539232254, "accuracy": 0.9845938086509705, "energy_consumption": 20.354932146199193, "selected": false, "client_name": "sta6"}
2026-06-30 17:38:23,923 - METRIC - INFO - {"loss": 0.06480802595615387, "accuracy": 0.981792688369751, "energy_consumption": 20.395106988018426, "selected": false, "client_name": "sta5"}
2026-06-30 17:38:23,944 - METRIC - INFO - {"loss": 0.06551975756883621, "accuracy": 0.9789915680885315, "energy_consumption": 19.909557473609553, "selected": false, "client_name": "sta7"}
2026-06-30 17:38:23,954 - METRIC - INFO - {"loss": 0.058625783771276474, "accuracy": 0.9796918630599976, "energy_consumption": 20.195248886437984, "selected": false, "client_name": "sta4"}
2026-06-30 17:38:23,973 - METRIC - INFO - {"loss": 0.04998357221484184, "accuracy": 0.9845938086509705, "energy_consumption": 20.154886356172423, "selected": false, "client_name": "sta9"}
2026-06-30 17:38:23,981 - METRIC - INFO - {"loss": 0.06207336112856865, "accuracy": 0.9775910377502441, "energy_consumption": 21.660910534326234, "selected": false, "client_name": "sta2"}
2026-06-30 17:38:23,985 - METRIC - INFO - {"loss": 0.0669732391834259, "accuracy": 0.9810924530029297, "energy_consumption": 20.409363408367547, "selected": false, "client_name": "sta10"}
2026-06-30 17:38:24,000 - METRIC - INFO - {"loss": 0.04871324077248573, "accuracy": 0.9873949289321899, "energy_consumption": 20.363827605976986, "selected": false, "client_name": "sta8"}
2026-06-30 17:38:24,531 - METRIC - INFO - mean_accuracy: 0.982492983341217

2026-06-30 17:38:24,531 - METRIC - INFO - round: 37
2026-06-30 17:38:24,531 - METRIC - INFO - n_selected: 11
2026-06-30 17:38:24,531 - METRIC - INFO - {"selected_trainers": ["sta0", "sta1", "sta10", "sta2", "sta3", "sta4", "sta5", "sta6", "sta7", "sta8", "sta9"]}
2026-06-30 17:38:30,524 - EXECUT - INFO - received weights from trainer sta5!
2026-06-30 17:38:30,544 - EXECUT - INFO - received weights from trainer sta4!
2026-06-30 17:38:30,564 - EXECUT - INFO - received weights from trainer sta7!
2026-06-30 17:38:30,583 - EXECUT - INFO - received weights from trainer sta1!
2026-06-30 17:38:30,602 - EXECUT - INFO - received weights from trainer sta0!
2026-06-30 17:38:30,620 - EXECUT - INFO - received weights from trainer sta2!
2026-06-30 17:38:30,642 - EXECUT - INFO - received weights from trainer sta3!
2026-06-30 17:38:31,417 - EXECUT - INFO - received weights from trainer sta8!
2026-06-30 17:38:31,432 - EXECUT - INFO - received weights from trainer sta9!
2026-06-30 17:38:31,448 - EXECUT - INFO - received weights from trainer sta10!
2026-06-30 17:38:34,984 - EXECUT - INFO - received weights from trainer sta6!
2026-06-30 17:38:35,889 - EXECUT - INFO - sent aggregated weights to trainers!
2026-06-30 17:38:36,253 - METRIC - INFO - {"loss": 0.06120312213897705, "accuracy": 0.9789915680885315, "energy_consumption": 22.387808824449802, "selected": false, "client_name": "sta2"}
2026-06-30 17:38:36,258 - METRIC - INFO - {"loss": 0.05535374581813812, "accuracy": 0.9838935732841492, "energy_consumption": 23.064247521090852, "selected": false, "client_name": "sta0"}
2026-06-30 17:38:36,282 - METRIC - INFO - {"loss": 0.04803445562720299, "accuracy": 0.9831932783126831, "energy_consumption": 22.091360146630656, "selected": false, "client_name": "sta3"}
2026-06-30 17:38:36,291 - METRIC - INFO - {"loss": 0.06458302587270737, "accuracy": 0.9796918630599976, "energy_consumption": 21.462401872209167, "selected": false, "client_name": "sta5"}
2026-06-30 17:38:36,299 - METRIC - INFO - {"loss": 0.04415702447295189, "accuracy": 0.9859943985939026, "energy_consumption": 21.44988641377099, "selected": false, "client_name": "sta6"}
2026-06-30 17:38:36,307 - METRIC - INFO - {"loss": 0.06641680747270584, "accuracy": 0.9838935732841492, "energy_consumption": 23.013203393355028, "selected": false, "client_name": "sta1"}
2026-06-30 17:38:36,325 - METRIC - INFO - {"loss": 0.0646447017788887, "accuracy": 0.9796918630599976, "energy_consumption": 21.038268955777053, "selected": false, "client_name": "sta7"}
2026-06-30 17:38:36,327 - METRIC - INFO - {"loss": 0.058176714926958084, "accuracy": 0.9803921580314636, "energy_consumption": 21.263731774284594, "selected": false, "client_name": "sta4"}
2026-06-30 17:38:36,333 - METRIC - INFO - {"loss": 0.04872585088014603, "accuracy": 0.9845938086509705, "energy_consumption": 21.18619686419183, "selected": false, "client_name": "sta9"}
2026-06-30 17:38:36,342 - METRIC - INFO - {"loss": 0.048188742250204086, "accuracy": 0.988095223903656, "energy_consumption": 21.402010734866284, "selected": false, "client_name": "sta8"}
2026-06-30 17:38:36,351 - METRIC - INFO - {"loss": 0.06568142771720886, "accuracy": 0.9782913327217102, "energy_consumption": 21.38674632965053, "selected": false, "client_name": "sta10"}
2026-06-30 17:38:36,891 - METRIC - INFO - mean_accuracy: 0.982429330999201

2026-06-30 17:38:36,891 - METRIC - INFO - round: 38
2026-06-30 17:38:36,891 - METRIC - INFO - n_selected: 11
2026-06-30 17:38:36,891 - METRIC - INFO - {"selected_trainers": ["sta0", "sta1", "sta10", "sta2", "sta3", "sta4", "sta5", "sta6", "sta7", "sta8", "sta9"]}
2026-06-30 17:38:42,737 - EXECUT - INFO - received weights from trainer sta0!
2026-06-30 17:38:42,757 - EXECUT - INFO - received weights from trainer sta2!
2026-06-30 17:38:42,791 - EXECUT - INFO - received weights from trainer sta7!
2026-06-30 17:38:42,807 - EXECUT - INFO - received weights from trainer sta6!
2026-06-30 17:38:42,823 - EXECUT - INFO - received weights from trainer sta1!
2026-06-30 17:38:42,839 - EXECUT - INFO - received weights from trainer sta5!
2026-06-30 17:38:42,855 - EXECUT - INFO - received weights from trainer sta3!
2026-06-30 17:38:42,874 - EXECUT - INFO - received weights from trainer sta4!
2026-06-30 17:38:43,609 - EXECUT - INFO - received weights from trainer sta9!
2026-06-30 17:38:43,670 - EXECUT - INFO - received weights from trainer sta10!
2026-06-30 17:38:43,702 - EXECUT - INFO - received weights from trainer sta8!
2026-06-30 17:38:44,208 - EXECUT - INFO - sent aggregated weights to trainers!
2026-06-30 17:38:44,548 - METRIC - INFO - {"loss": 0.04656026512384415, "accuracy": 0.9831932783126831, "energy_consumption": 22.77008744216501, "selected": false, "client_name": "sta3"}
2026-06-30 17:38:44,560 - METRIC - INFO - {"loss": 0.06550168246030807, "accuracy": 0.9852941036224365, "energy_consumption": 23.33816455379863, "selected": false, "client_name": "sta1"}
2026-06-30 17:38:44,562 - METRIC - INFO - {"loss": 0.05589425936341286, "accuracy": 0.9838935732841492, "energy_consumption": 23.35064171709737, "selected": false, "client_name": "sta0"}
2026-06-30 17:38:44,568 - METRIC - INFO - {"loss": 0.05933680012822151, "accuracy": 0.9796918630599976, "energy_consumption": 23.082302913417177, "selected": false, "client_name": "sta2"}
2026-06-30 17:38:44,577 - METRIC - INFO - {"loss": 0.05752166360616684, "accuracy": 0.9810924530029297, "energy_consumption": 22.01194038156902, "selected": false, "client_name": "sta4"}
2026-06-30 17:38:44,596 - METRIC - INFO - {"loss": 0.06569679826498032, "accuracy": 0.9789915680885315, "energy_consumption": 21.769030723391644, "selected": false, "client_name": "sta7"}
2026-06-30 17:38:44,610 - METRIC - INFO - {"loss": 0.04193264991044998, "accuracy": 0.9852941036224365, "energy_consumption": 22.193615005909155, "selected": false, "client_name": "sta6"}
2026-06-30 17:38:44,628 - METRIC - INFO - {"loss": 0.06347882747650146, "accuracy": 0.982492983341217, "energy_consumption": 22.17727187726445, "selected": false, "client_name": "sta5"}
2026-06-30 17:38:44,650 - METRIC - INFO - {"loss": 0.047573842108249664, "accuracy": 0.9859943985939026, "energy_consumption": 21.89155115797182, "selected": false, "client_name": "sta9"}
2026-06-30 17:38:44,655 - METRIC - INFO - {"loss": 0.0642157569527626, "accuracy": 0.9803921580314636, "energy_consumption": 22.06272254674579, "selected": false, "client_name": "sta10"}
2026-06-30 17:38:44,656 - METRIC - INFO - {"loss": 0.04802251234650612, "accuracy": 0.988095223903656, "energy_consumption": 22.105969442698893, "selected": false, "client_name": "sta8"}
2026-06-30 17:38:45,211 - METRIC - INFO - mean_accuracy: 0.9831296097148549

2026-06-30 17:38:45,211 - METRIC - INFO - round: 39
2026-06-30 17:38:45,211 - METRIC - INFO - n_selected: 11
2026-06-30 17:38:45,211 - METRIC - INFO - {"selected_trainers": ["sta0", "sta1", "sta10", "sta2", "sta3", "sta4", "sta5", "sta6", "sta7", "sta8", "sta9"]}
2026-06-30 17:38:51,062 - EXECUT - INFO - received weights from trainer sta1!
2026-06-30 17:38:51,082 - EXECUT - INFO - received weights from trainer sta5!
2026-06-30 17:38:51,098 - EXECUT - INFO - received weights from trainer sta7!
2026-06-30 17:38:51,114 - EXECUT - INFO - received weights from trainer sta3!
2026-06-30 17:38:51,130 - EXECUT - INFO - received weights from trainer sta2!
2026-06-30 17:38:51,145 - EXECUT - INFO - received weights from trainer sta0!
2026-06-30 17:38:51,161 - EXECUT - INFO - received weights from trainer sta6!
2026-06-30 17:38:51,179 - EXECUT - INFO - received weights from trainer sta4!
2026-06-30 17:38:51,904 - EXECUT - INFO - received weights from trainer sta10!
2026-06-30 17:38:51,938 - EXECUT - INFO - received weights from trainer sta8!
2026-06-30 17:38:51,953 - EXECUT - INFO - received weights from trainer sta9!
2026-06-30 17:38:52,529 - EXECUT - INFO - sent aggregated weights to trainers!
2026-06-30 17:38:52,875 - METRIC - INFO - {"loss": 0.05931301414966583, "accuracy": 0.9789915680885315, "energy_consumption": 23.78753381401903, "selected": false, "client_name": "sta2"}
2026-06-30 17:38:52,877 - METRIC - INFO - {"loss": 0.05361318215727806, "accuracy": 0.9845938086509705, "energy_consumption": 24.08997198973804, "selected": false, "client_name": "sta0"}
2026-06-30 17:38:52,882 - METRIC - INFO - {"loss": 0.044664766639471054, "accuracy": 0.9852941036224365, "energy_consumption": 23.51230851924051, "selected": false, "client_name": "sta3"}
2026-06-30 17:38:52,904 - METRIC - INFO - {"loss": 0.05534713342785835, "accuracy": 0.9803921580314636, "energy_consumption": 22.814820717581014, "selected": false, "client_name": "sta4"}
2026-06-30 17:38:52,906 - METRIC - INFO - {"loss": 0.06498903036117554, "accuracy": 0.9838935732841492, "energy_consumption": 24.062535172886065, "selected": false, "client_name": "sta1"}
2026-06-30 17:38:52,907 - METRIC - INFO - {"loss": 0.06400427222251892, "accuracy": 0.9782913327217102, "energy_consumption": 22.562399016251646, "selected": false, "client_name": "sta7"}
2026-06-30 17:38:52,918 - METRIC - INFO - {"loss": 0.0432046540081501, "accuracy": 0.9831932783126831, "energy_consumption": 22.980090311429823, "selected": false, "client_name": "sta6"}
2026-06-30 17:38:52,934 - METRIC - INFO - {"loss": 0.06566531956195831, "accuracy": 0.9789915680885315, "energy_consumption": 22.957954421048452, "selected": false, "client_name": "sta5"}
2026-06-30 17:38:52,967 - METRIC - INFO - {"loss": 0.04833666607737541, "accuracy": 0.9852941036224365, "energy_consumption": 22.68161064791202, "selected": false, "client_name": "sta9"}
2026-06-30 17:38:52,969 - METRIC - INFO - {"loss": 0.04726024344563484, "accuracy": 0.9873949289321899, "energy_consumption": 22.891860279858893, "selected": false, "client_name": "sta8"}
2026-06-30 17:38:52,973 - METRIC - INFO - {"loss": 0.06441610306501389, "accuracy": 0.9803921580314636, "energy_consumption": 22.454434793736837, "selected": false, "client_name": "sta10"}
2026-06-30 17:38:53,532 - METRIC - INFO - mean_accuracy: 0.9824293255805969

2026-06-30 17:38:53,532 - METRIC - INFO - round: 40
2026-06-30 17:38:53,532 - METRIC - INFO - n_selected: 11
2026-06-30 17:38:53,532 - METRIC - INFO - {"selected_trainers": ["sta0", "sta1", "sta10", "sta2", "sta3", "sta4", "sta5", "sta6", "sta7", "sta8", "sta9"]}
2026-06-30 17:38:59,167 - EXECUT - INFO - received weights from trainer sta7!
2026-06-30 17:38:59,230 - EXECUT - INFO - received weights from trainer sta4!
2026-06-30 17:38:59,245 - EXECUT - INFO - received weights from trainer sta3!
2026-06-30 17:38:59,261 - EXECUT - INFO - received weights from trainer sta6!
2026-06-30 17:38:59,278 - EXECUT - INFO - received weights from trainer sta5!
2026-06-30 17:38:59,293 - EXECUT - INFO - received weights from trainer sta1!
2026-06-30 17:38:59,308 - EXECUT - INFO - received weights from trainer sta2!
2026-06-30 17:38:59,329 - EXECUT - INFO - received weights from trainer sta0!
2026-06-30 17:38:59,945 - EXECUT - INFO - received weights from trainer sta8!
2026-06-30 17:38:59,959 - EXECUT - INFO - received weights from trainer sta10!
2026-06-30 17:38:59,974 - EXECUT - INFO - received weights from trainer sta9!
2026-06-30 17:39:00,836 - EXECUT - INFO - sent aggregated weights to trainers!
2026-06-30 17:39:01,186 - METRIC - INFO - {"loss": 0.06450721621513367, "accuracy": 0.982492983341217, "energy_consumption": 24.807033425979878, "selected": false, "client_name": "sta1"}
2026-06-30 17:39:01,192 - METRIC - INFO - {"loss": 0.058534782379865646, "accuracy": 0.9789915680885315, "energy_consumption": 24.557981251821495, "selected": false, "client_name": "sta2"}
2026-06-30 17:39:01,196 - METRIC - INFO - {"loss": 0.04405983164906502, "accuracy": 0.9859943985939026, "energy_consumption": 24.331923068222675, "selected": false, "client_name": "sta3"}
2026-06-30 17:39:01,206 - METRIC - INFO - {"loss": 0.05221683159470558, "accuracy": 0.9838935732841492, "energy_consumption": 24.82768175824091, "selected": false, "client_name": "sta0"}
2026-06-30 17:39:01,216 - METRIC - INFO - {"loss": 0.06616988033056259, "accuracy": 0.9796918630599976, "energy_consumption": 23.319528004361622, "selected": false, "client_name": "sta7"}
2026-06-30 17:39:01,216 - METRIC - INFO - {"loss": 0.06328857690095901, "accuracy": 0.9810924530029297, "energy_consumption": 23.740678301558, "selected": false, "client_name": "sta5"}
2026-06-30 17:39:01,233 - METRIC - INFO - {"loss": 0.04037204757332802, "accuracy": 0.9852941036224365, "energy_consumption": 23.715840071689787, "selected": false, "client_name": "sta6"}
2026-06-30 17:39:01,240 - METRIC - INFO - {"loss": 0.05678524076938629, "accuracy": 0.9803921580314636, "energy_consumption": 23.635328767711403, "selected": false, "client_name": "sta4"}
2026-06-30 17:39:01,254 - METRIC - INFO - {"loss": 0.047084562480449677, "accuracy": 0.9852941036224365, "energy_consumption": 23.462992630012316, "selected": false, "client_name": "sta9"}
2026-06-30 17:39:01,255 - METRIC - INFO - {"loss": 0.0474739670753479, "accuracy": 0.9873949289321899, "energy_consumption": 23.6383806808808, "selected": false, "client_name": "sta8"}
2026-06-30 17:39:01,266 - METRIC - INFO - {"loss": 0.06386736035346985, "accuracy": 0.982492983341217, "energy_consumption": 23.17939810036667, "selected": false, "client_name": "sta10"}
2026-06-30 17:39:01,838 - METRIC - INFO - mean_accuracy: 0.9830022833564065

2026-06-30 17:39:01,838 - METRIC - INFO - round: 41
2026-06-30 17:39:01,838 - METRIC - INFO - n_selected: 11
2026-06-30 17:39:01,838 - METRIC - INFO - {"selected_trainers": ["sta0", "sta1", "sta10", "sta2", "sta3", "sta4", "sta5", "sta6", "sta7", "sta8", "sta9"]}
2026-06-30 17:39:07,431 - EXECUT - INFO - received weights from trainer sta7!
2026-06-30 17:39:07,474 - EXECUT - INFO - received weights from trainer sta2!
2026-06-30 17:39:07,498 - EXECUT - INFO - received weights from trainer sta3!
2026-06-30 17:39:07,525 - EXECUT - INFO - received weights from trainer sta5!
2026-06-30 17:39:07,540 - EXECUT - INFO - received weights from trainer sta1!
2026-06-30 17:39:07,554 - EXECUT - INFO - received weights from trainer sta0!
2026-06-30 17:39:07,571 - EXECUT - INFO - received weights from trainer sta6!
2026-06-30 17:39:08,247 - EXECUT - INFO - received weights from trainer sta10!
2026-06-30 17:39:08,261 - EXECUT - INFO - received weights from trainer sta8!
2026-06-30 17:39:08,289 - EXECUT - INFO - received weights from trainer sta9!
2026-06-30 17:39:12,286 - EXECUT - INFO - received weights from trainer sta4!
2026-06-30 17:39:13,145 - EXECUT - INFO - sent aggregated weights to trainers!
2026-06-30 17:39:13,478 - METRIC - INFO - {"loss": 0.05442096292972565, "accuracy": 0.9838935732841492, "energy_consumption": 26.093100700752892, "selected": false, "client_name": "sta0"}
2026-06-30 17:39:13,486 - METRIC - INFO - {"loss": 0.058545757085084915, "accuracy": 0.9789915680885315, "energy_consumption": 25.906567072846755, "selected": false, "client_name": "sta2"}
2026-06-30 17:39:13,526 - METRIC - INFO - {"loss": 0.06171524524688721, "accuracy": 0.9852941036224365, "energy_consumption": 26.107650100973476, "selected": false, "client_name": "sta1"}
2026-06-30 17:39:13,575 - METRIC - INFO - {"loss": 0.046606700867414474, "accuracy": 0.9873949289321899, "energy_consumption": 24.82096588448952, "selected": false, "client_name": "sta8"}
2026-06-30 17:39:13,576 - METRIC - INFO - {"loss": 0.06327053904533386, "accuracy": 0.9831932783126831, "energy_consumption": 24.434767864997927, "selected": false, "client_name": "sta10"}
2026-06-30 17:39:13,577 - METRIC - INFO - {"loss": 0.046729348599910736, "accuracy": 0.9852941036224365, "energy_consumption": 24.689225291275545, "selected": false, "client_name": "sta9"}
2026-06-30 17:39:13,609 - METRIC - INFO - {"loss": 0.04471971094608307, "accuracy": 0.9859943985939026, "energy_consumption": 25.62742735331592, "selected": false, "client_name": "sta3"}
2026-06-30 17:39:13,629 - METRIC - INFO - {"loss": 0.04231302812695503, "accuracy": 0.9852941036224365, "energy_consumption": 24.848797442165186, "selected": false, "client_name": "sta6"}
2026-06-30 17:39:13,666 - METRIC - INFO - {"loss": 0.062096334993839264, "accuracy": 0.9782913327217102, "energy_consumption": 24.450448486601218, "selected": false, "client_name": "sta7"}
2026-06-30 17:39:13,668 - METRIC - INFO - {"loss": 0.05430375412106514, "accuracy": 0.981792688369751, "energy_consumption": 24.897917038938708, "selected": false, "client_name": "sta4"}
2026-06-30 17:39:13,680 - METRIC - INFO - {"loss": 0.06230689957737923, "accuracy": 0.981792688369751, "energy_consumption": 24.903178531558293, "selected": false, "client_name": "sta5"}
2026-06-30 17:39:14,146 - METRIC - INFO - mean_accuracy: 0.9833842515945435

2026-06-30 17:39:14,146 - METRIC - INFO - round: 42
2026-06-30 17:39:14,146 - METRIC - INFO - n_selected: 11
2026-06-30 17:39:14,146 - METRIC - INFO - {"selected_trainers": ["sta0", "sta1", "sta10", "sta2", "sta3", "sta4", "sta5", "sta6", "sta7", "sta8", "sta9"]}
2026-06-30 17:39:19,724 - EXECUT - INFO - received weights from trainer sta3!
2026-06-30 17:39:19,787 - EXECUT - INFO - received weights from trainer sta5!
2026-06-30 17:39:19,802 - EXECUT - INFO - received weights from trainer sta6!
2026-06-30 17:39:19,831 - EXECUT - INFO - received weights from trainer sta2!
2026-06-30 17:39:19,846 - EXECUT - INFO - received weights from trainer sta4!
2026-06-30 17:39:19,860 - EXECUT - INFO - received weights from trainer sta0!
2026-06-30 17:39:19,875 - EXECUT - INFO - received weights from trainer sta1!
2026-06-30 17:39:19,892 - EXECUT - INFO - received weights from trainer sta7!
2026-06-30 17:39:20,525 - EXECUT - INFO - received weights from trainer sta9!
2026-06-30 17:39:20,553 - EXECUT - INFO - received weights from trainer sta10!
2026-06-30 17:39:20,570 - EXECUT - INFO - received weights from trainer sta8!
2026-06-30 17:39:21,443 - EXECUT - INFO - sent aggregated weights to trainers!
2026-06-30 17:39:21,781 - METRIC - INFO - {"loss": 0.050695858895778656, "accuracy": 0.9838935732841492, "energy_consumption": 26.908032117401675, "selected": false, "client_name": "sta0"}
2026-06-30 17:39:21,812 - METRIC - INFO - {"loss": 0.05350079387426376, "accuracy": 0.982492983341217, "energy_consumption": 25.730874400585535, "selected": false, "client_name": "sta4"}
2026-06-30 17:39:21,813 - METRIC - INFO - {"loss": 0.043929554522037506, "accuracy": 0.9852941036224365, "energy_consumption": 26.414936073189075, "selected": false, "client_name": "sta3"}
2026-06-30 17:39:21,817 - METRIC - INFO - {"loss": 0.061428461223840714, "accuracy": 0.9838935732841492, "energy_consumption": 25.707823763899746, "selected": false, "client_name": "sta5"}
2026-06-30 17:39:21,818 - METRIC - INFO - {"loss": 0.06155438348650932, "accuracy": 0.9852941036224365, "energy_consumption": 26.873893870432465, "selected": false, "client_name": "sta1"}
2026-06-30 17:39:21,839 - METRIC - INFO - {"loss": 0.040734101086854935, "accuracy": 0.9852941036224365, "energy_consumption": 25.606022435698947, "selected": false, "client_name": "sta6"}
2026-06-30 17:39:21,856 - METRIC - INFO - {"loss": 0.06218654662370682, "accuracy": 0.9782913327217102, "energy_consumption": 25.226074533705347, "selected": false, "client_name": "sta7"}
2026-06-30 17:39:21,866 - METRIC - INFO - {"loss": 0.04715758562088013, "accuracy": 0.9845938086509705, "energy_consumption": 25.040550176517517, "selected": false, "client_name": "sta9"}
2026-06-30 17:39:21,868 - METRIC - INFO - {"loss": 0.0611681193113327, "accuracy": 0.9810924530029297, "energy_consumption": 25.184228316403058, "selected": false, "client_name": "sta10"}
2026-06-30 17:39:21,870 - METRIC - INFO - {"loss": 0.04597186669707298, "accuracy": 0.9873949289321899, "energy_consumption": 25.583529634540394, "selected": false, "client_name": "sta8"}
2026-06-30 17:39:21,871 - METRIC - INFO - {"loss": 0.05781500041484833, "accuracy": 0.9789915680885315, "energy_consumption": 26.726267818164104, "selected": false, "client_name": "sta2"}
2026-06-30 17:39:22,446 - METRIC - INFO - mean_accuracy: 0.9833205938339233

2026-06-30 17:39:22,446 - METRIC - INFO - round: 43
2026-06-30 17:39:22,446 - METRIC - INFO - n_selected: 11
2026-06-30 17:39:22,446 - METRIC - INFO - {"selected_trainers": ["sta0", "sta1", "sta10", "sta2", "sta3", "sta4", "sta5", "sta6", "sta7", "sta8", "sta9"]}
2026-06-30 17:39:27,865 - EXECUT - INFO - received weights from trainer sta5!
2026-06-30 17:39:27,926 - EXECUT - INFO - received weights from trainer sta2!
2026-06-30 17:39:27,950 - EXECUT - INFO - received weights from trainer sta3!
2026-06-30 17:39:27,964 - EXECUT - INFO - received weights from trainer sta1!
2026-06-30 17:39:27,978 - EXECUT - INFO - received weights from trainer sta6!
2026-06-30 17:39:27,993 - EXECUT - INFO - received weights from trainer sta4!
2026-06-30 17:39:28,020 - EXECUT - INFO - received weights from trainer sta0!
2026-06-30 17:39:28,605 - EXECUT - INFO - received weights from trainer sta9!
2026-06-30 17:39:28,641 - EXECUT - INFO - received weights from trainer sta10!
2026-06-30 17:39:28,656 - EXECUT - INFO - received weights from trainer sta8!
2026-06-30 17:39:32,854 - EXECUT - INFO - received weights from trainer sta7!
2026-06-30 17:39:33,738 - EXECUT - INFO - sent aggregated weights to trainers!
2026-06-30 17:39:34,044 - METRIC - INFO - {"loss": 0.05736790597438812, "accuracy": 0.9796918630599976, "energy_consumption": 28.148994746202952, "selected": false, "client_name": "sta2"}
2026-06-30 17:39:34,057 - METRIC - INFO - {"loss": 0.0434589684009552, "accuracy": 0.9859943985939026, "energy_consumption": 27.827433571767656, "selected": false, "client_name": "sta3"}
2026-06-30 17:39:34,063 - METRIC - INFO - {"loss": 0.044498261064291, "accuracy": 0.9838935732841492, "energy_consumption": 26.800264424401927, "selected": false, "client_name": "sta6"}
2026-06-30 17:39:34,073 - METRIC - INFO - {"loss": 0.0534985177218914, "accuracy": 0.9803921580314636, "energy_consumption": 27.109835493673913, "selected": false, "client_name": "sta4"}
2026-06-30 17:39:34,118 - METRIC - INFO - {"loss": 0.06234142184257507, "accuracy": 0.981792688369751, "energy_consumption": 27.037470946336693, "selected": false, "client_name": "sta5"}
2026-06-30 17:39:34,122 - METRIC - INFO - {"loss": 0.060614679008722305, "accuracy": 0.9789915680885315, "energy_consumption": 26.462132383423057, "selected": false, "client_name": "sta7"}
2026-06-30 17:39:34,133 - METRIC - INFO - {"loss": 0.044753286987543106, "accuracy": 0.9852941036224365, "energy_consumption": 26.75977739123232, "selected": false, "client_name": "sta9"}
2026-06-30 17:39:34,138 - METRIC - INFO - {"loss": 0.0464550256729126, "accuracy": 0.9873949289321899, "energy_consumption": 26.801107972104074, "selected": false, "client_name": "sta8"}
2026-06-30 17:39:34,189 - METRIC - INFO - {"loss": 0.060662779957056046, "accuracy": 0.9845938086509705, "energy_consumption": 28.256032001105247, "selected": false, "client_name": "sta1"}
2026-06-30 17:39:34,190 - METRIC - INFO - {"loss": 0.050523798912763596, "accuracy": 0.9838935732841492, "energy_consumption": 28.277403397479066, "selected": false, "client_name": "sta0"}
2026-06-30 17:39:34,258 - METRIC - INFO - {"loss": 0.060520146042108536, "accuracy": 0.981792688369751, "energy_consumption": 26.846159754639295, "selected": false, "client_name": "sta10"}
2026-06-30 17:39:34,741 - METRIC - INFO - mean_accuracy: 0.9830659411170266

2026-06-30 17:39:34,741 - METRIC - INFO - round: 44
2026-06-30 17:39:34,741 - METRIC - INFO - n_selected: 11
2026-06-30 17:39:34,741 - METRIC - INFO - {"selected_trainers": ["sta0", "sta1", "sta10", "sta2", "sta3", "sta4", "sta5", "sta6", "sta7", "sta8", "sta9"]}
2026-06-30 17:39:40,203 - EXECUT - INFO - received weights from trainer sta1!
2026-06-30 17:39:40,237 - EXECUT - INFO - received weights from trainer sta0!
2026-06-30 17:39:40,256 - EXECUT - INFO - received weights from trainer sta7!
2026-06-30 17:39:40,272 - EXECUT - INFO - received weights from trainer sta5!
2026-06-30 17:39:40,287 - EXECUT - INFO - received weights from trainer sta3!
2026-06-30 17:39:40,303 - EXECUT - INFO - received weights from trainer sta4!
2026-06-30 17:39:40,317 - EXECUT - INFO - received weights from trainer sta2!
2026-06-30 17:39:40,331 - EXECUT - INFO - received weights from trainer sta6!
2026-06-30 17:39:40,936 - EXECUT - INFO - received weights from trainer sta9!
2026-06-30 17:39:40,955 - EXECUT - INFO - received weights from trainer sta8!
2026-06-30 17:39:40,971 - EXECUT - INFO - received weights from trainer sta10!
2026-06-30 17:39:42,040 - EXECUT - INFO - sent aggregated weights to trainers!
2026-06-30 17:39:42,352 - METRIC - INFO - {"loss": 0.059210386127233505, "accuracy": 0.9789915680885315, "energy_consumption": 28.879371304469164, "selected": false, "client_name": "sta2"}
2026-06-30 17:39:42,358 - METRIC - INFO - {"loss": 0.04167662188410759, "accuracy": 0.9852941036224365, "energy_consumption": 28.596155843563544, "selected": false, "client_name": "sta3"}
2026-06-30 17:39:42,369 - METRIC - INFO - {"loss": 0.06041114777326584, "accuracy": 0.9866946935653687, "energy_consumption": 28.96317657759235, "selected": false, "client_name": "sta1"}
2026-06-30 17:39:42,373 - METRIC - INFO - {"loss": 0.03956248238682747, "accuracy": 0.9852941036224365, "energy_consumption": 27.663359121228883, "selected": false, "client_name": "sta6"}
2026-06-30 17:39:42,375 - METRIC - INFO - {"loss": 0.04985553026199341, "accuracy": 0.9845938086509705, "energy_consumption": 29.09986493898724, "selected": false, "client_name": "sta0"}
2026-06-30 17:39:42,398 - METRIC - INFO - {"loss": 0.05296669155359268, "accuracy": 0.9810924530029297, "energy_consumption": 27.934810770193693, "selected": false, "client_name": "sta4"}
2026-06-30 17:39:42,402 - METRIC - INFO - {"loss": 0.062156639993190765, "accuracy": 0.9796918630599976, "energy_consumption": 27.39038386392445, "selected": false, "client_name": "sta7"}
2026-06-30 17:39:42,425 - METRIC - INFO - {"loss": 0.06137087196111679, "accuracy": 0.9831932783126831, "energy_consumption": 27.8543371264121, "selected": false, "client_name": "sta5"}
2026-06-30 17:39:42,454 - METRIC - INFO - {"loss": 0.061327505856752396, "accuracy": 0.982492983341217, "energy_consumption": 27.835850112422406, "selected": false, "client_name": "sta10"}
2026-06-30 17:39:42,547 - METRIC - INFO - {"loss": 0.04468335583806038, "accuracy": 0.9859943985939026, "energy_consumption": 27.752257093080466, "selected": false, "client_name": "sta9"}
2026-06-30 17:39:42,559 - METRIC - INFO - {"loss": 0.04661150276660919, "accuracy": 0.9873949289321899, "energy_consumption": 27.780185383455187, "selected": false, "client_name": "sta8"}
2026-06-30 17:39:43,043 - METRIC - INFO - mean_accuracy: 0.9837025620720603

2026-06-30 17:39:43,043 - METRIC - INFO - round: 45
2026-06-30 17:39:43,043 - METRIC - INFO - n_selected: 11
2026-06-30 17:39:43,043 - METRIC - INFO - {"selected_trainers": ["sta0", "sta1", "sta10", "sta2", "sta3", "sta4", "sta5", "sta6", "sta7", "sta8", "sta9"]}
2026-06-30 17:39:48,475 - EXECUT - INFO - received weights from trainer sta2!
2026-06-30 17:39:48,495 - EXECUT - INFO - received weights from trainer sta7!
2026-06-30 17:39:48,511 - EXECUT - INFO - received weights from trainer sta1!
2026-06-30 17:39:48,536 - EXECUT - INFO - received weights from trainer sta5!
2026-06-30 17:39:48,549 - EXECUT - INFO - received weights from trainer sta4!
2026-06-30 17:39:48,563 - EXECUT - INFO - received weights from trainer sta0!
2026-06-30 17:39:48,577 - EXECUT - INFO - received weights from trainer sta6!
2026-06-30 17:39:49,200 - EXECUT - INFO - received weights from trainer sta9!
2026-06-30 17:39:49,238 - EXECUT - INFO - received weights from trainer sta10!
2026-06-30 17:39:49,253 - EXECUT - INFO - received weights from trainer sta8!
2026-06-30 17:39:53,443 - EXECUT - INFO - received weights from trainer sta3!
2026-06-30 17:39:54,329 - EXECUT - INFO - sent aggregated weights to trainers!
2026-06-30 17:39:54,643 - METRIC - INFO - {"loss": 0.056149378418922424, "accuracy": 0.9796918630599976, "energy_consumption": 30.34893101008321, "selected": false, "client_name": "sta2"}
2026-06-30 17:39:54,668 - METRIC - INFO - {"loss": 0.03854610398411751, "accuracy": 0.9859943985939026, "energy_consumption": 28.921052987938882, "selected": false, "client_name": "sta6"}
2026-06-30 17:39:54,670 - METRIC - INFO - {"loss": 0.04100227355957031, "accuracy": 0.9852941036224365, "energy_consumption": 30.105734873191164, "selected": false, "client_name": "sta3"}
2026-06-30 17:39:54,684 - METRIC - INFO - {"loss": 0.048834558576345444, "accuracy": 0.9859943985939026, "energy_consumption": 30.934507990021547, "selected": false, "client_name": "sta0"}
2026-06-30 17:39:54,684 - METRIC - INFO - {"loss": 0.06189858168363571, "accuracy": 0.9838935732841492, "energy_consumption": 30.40785804382096, "selected": false, "client_name": "sta1"}
2026-06-30 17:39:54,712 - METRIC - INFO - {"loss": 0.05307311937212944, "accuracy": 0.9831932783126831, "energy_consumption": 29.370995670499255, "selected": false, "client_name": "sta4"}
2026-06-30 17:39:54,722 - METRIC - INFO - {"loss": 0.06059948354959488, "accuracy": 0.9789915680885315, "energy_consumption": 28.618908821065865, "selected": false, "client_name": "sta7"}
2026-06-30 17:39:54,729 - METRIC - INFO - {"loss": 0.06073930859565735, "accuracy": 0.982492983341217, "energy_consumption": 29.255774516023646, "selected": false, "client_name": "sta5"}
2026-06-30 17:39:54,734 - METRIC - INFO - {"loss": 0.04395511746406555, "accuracy": 0.9859943985939026, "energy_consumption": 29.046110245454457, "selected": false, "client_name": "sta9"}
2026-06-30 17:39:54,735 - METRIC - INFO - {"loss": 0.05917199328541756, "accuracy": 0.9831932783126831, "energy_consumption": 29.24923757858578, "selected": false, "client_name": "sta10"}
2026-06-30 17:39:54,745 - METRIC - INFO - {"loss": 0.04585852846503258, "accuracy": 0.9859943985939026, "energy_consumption": 29.033505067014193, "selected": false, "client_name": "sta8"}
2026-06-30 17:39:55,330 - METRIC - INFO - mean_accuracy: 0.9837025674906644

2026-06-30 17:39:55,330 - METRIC - INFO - round: 46
2026-06-30 17:39:55,330 - METRIC - INFO - n_selected: 11
2026-06-30 17:39:55,330 - METRIC - INFO - {"selected_trainers": ["sta0", "sta1", "sta10", "sta2", "sta3", "sta4", "sta5", "sta6", "sta7", "sta8", "sta9"]}
2026-06-30 17:40:00,747 - EXECUT - INFO - received weights from trainer sta7!
2026-06-30 17:40:00,775 - EXECUT - INFO - received weights from trainer sta5!
2026-06-30 17:40:00,792 - EXECUT - INFO - received weights from trainer sta6!
2026-06-30 17:40:00,810 - EXECUT - INFO - received weights from trainer sta2!
2026-06-30 17:40:00,827 - EXECUT - INFO - received weights from trainer sta3!
2026-06-30 17:40:00,842 - EXECUT - INFO - received weights from trainer sta4!
2026-06-30 17:40:00,856 - EXECUT - INFO - received weights from trainer sta1!
2026-06-30 17:40:00,870 - EXECUT - INFO - received weights from trainer sta0!
2026-06-30 17:40:01,475 - EXECUT - INFO - received weights from trainer sta10!
2026-06-30 17:40:01,494 - EXECUT - INFO - received weights from trainer sta8!
2026-06-30 17:40:05,761 - EXECUT - INFO - received weights from trainer sta9!
2026-06-30 17:40:06,629 - EXECUT - INFO - sent aggregated weights to trainers!
2026-06-30 17:40:06,951 - METRIC - INFO - {"loss": 0.04019344970583916, "accuracy": 0.9852941036224365, "energy_consumption": 31.49829269232818, "selected": false, "client_name": "sta3"}
2026-06-30 17:40:06,957 - METRIC - INFO - {"loss": 0.038359541445970535, "accuracy": 0.9859943985939026, "energy_consumption": 30.290256416149145, "selected": false, "client_name": "sta6"}
2026-06-30 17:40:06,959 - METRIC - INFO - {"loss": 0.05592908337712288, "accuracy": 0.9796918630599976, "energy_consumption": 31.947499420865043, "selected": false, "client_name": "sta2"}
2026-06-30 17:40:06,977 - METRIC - INFO - {"loss": 0.059481777250766754, "accuracy": 0.9810924530029297, "energy_consumption": 30.04010005389946, "selected": false, "client_name": "sta7"}
2026-06-30 17:40:06,996 - METRIC - INFO - {"loss": 0.05286230146884918, "accuracy": 0.982492983341217, "energy_consumption": 30.742001241260972, "selected": false, "client_name": "sta4"}
2026-06-30 17:40:06,999 - METRIC - INFO - {"loss": 0.04853935167193413, "accuracy": 0.9852941036224365, "energy_consumption": 32.19110715019532, "selected": false, "client_name": "sta0"}
2026-06-30 17:40:07,001 - METRIC - INFO - {"loss": 0.05944821611046791, "accuracy": 0.9852941036224365, "energy_consumption": 30.686452829041922, "selected": false, "client_name": "sta5"}
2026-06-30 17:40:07,001 - METRIC - INFO - {"loss": 0.06102919206023216, "accuracy": 0.9845938086509705, "energy_consumption": 32.028097768312804, "selected": false, "client_name": "sta1"}
2026-06-30 17:40:07,034 - METRIC - INFO - {"loss": 0.04491027444601059, "accuracy": 0.9859943985939026, "energy_consumption": 30.29202549641219, "selected": false, "client_name": "sta9"}
2026-06-30 17:40:07,038 - METRIC - INFO - {"loss": 0.058241236954927444, "accuracy": 0.9838935732841492, "energy_consumption": 30.353897489096834, "selected": false, "client_name": "sta10"}
2026-06-30 17:40:07,044 - METRIC - INFO - {"loss": 0.0454321950674057, "accuracy": 0.9873949289321899, "energy_consumption": 30.33426737675391, "selected": false, "client_name": "sta8"}
2026-06-30 17:40:07,631 - METRIC - INFO - mean_accuracy: 0.9842755198478699

2026-06-30 17:40:07,631 - METRIC - INFO - round: 47
2026-06-30 17:40:07,631 - METRIC - INFO - n_selected: 11
2026-06-30 17:40:07,631 - METRIC - INFO - {"selected_trainers": ["sta0", "sta1", "sta10", "sta2", "sta3", "sta4", "sta5", "sta6", "sta7", "sta8", "sta9"]}
2026-06-30 17:40:12,974 - EXECUT - INFO - received weights from trainer sta4!
2026-06-30 17:40:13,005 - EXECUT - INFO - received weights from trainer sta1!
2026-06-30 17:40:13,019 - EXECUT - INFO - received weights from trainer sta3!
2026-06-30 17:40:13,033 - EXECUT - INFO - received weights from trainer sta6!
2026-06-30 17:40:13,046 - EXECUT - INFO - received weights from trainer sta5!
2026-06-30 17:40:13,059 - EXECUT - INFO - received weights from trainer sta7!
2026-06-30 17:40:13,072 - EXECUT - INFO - received weights from trainer sta2!
2026-06-30 17:40:13,086 - EXECUT - INFO - received weights from trainer sta0!
2026-06-30 17:40:13,686 - EXECUT - INFO - received weights from trainer sta8!
2026-06-30 17:40:13,710 - EXECUT - INFO - received weights from trainer sta9!
2026-06-30 17:40:13,723 - EXECUT - INFO - received weights from trainer sta10!
2026-06-30 17:40:14,894 - EXECUT - INFO - sent aggregated weights to trainers!
2026-06-30 17:40:15,208 - METRIC - INFO - {"loss": 0.03988095000386238, "accuracy": 0.9866946935653687, "energy_consumption": 32.23321852290494, "selected": false, "client_name": "sta3"}
2026-06-30 17:40:15,223 - METRIC - INFO - {"loss": 0.03880409151315689, "accuracy": 0.9866946935653687, "energy_consumption": 31.105455738677293, "selected": false, "client_name": "sta6"}
2026-06-30 17:40:15,235 - METRIC - INFO - {"loss": 0.047903623431921005, "accuracy": 0.9859943985939026, "energy_consumption": 33.06861064559539, "selected": false, "client_name": "sta0"}
2026-06-30 17:40:15,236 - METRIC - INFO - {"loss": 0.06109653785824776, "accuracy": 0.9803921580314636, "energy_consumption": 30.913690403402317, "selected": false, "client_name": "sta7"}
2026-06-30 17:40:15,238 - METRIC - INFO - {"loss": 0.05916112661361694, "accuracy": 0.9852941036224365, "energy_consumption": 32.924905464698746, "selected": false, "client_name": "sta1"}
2026-06-30 17:40:15,260 - METRIC - INFO - {"loss": 0.05079052969813347, "accuracy": 0.9845938086509705, "energy_consumption": 31.484680486799473, "selected": false, "client_name": "sta4"}
2026-06-30 17:40:15,269 - METRIC - INFO - {"loss": 0.059956520795822144, "accuracy": 0.9852941036224365, "energy_consumption": 31.413229222180085, "selected": false, "client_name": "sta5"}
2026-06-30 17:40:15,295 - METRIC - INFO - {"loss": 0.05883532762527466, "accuracy": 0.9803921580314636, "energy_consumption": 31.267159055809696, "selected": false, "client_name": "sta10"}
2026-06-30 17:40:15,297 - METRIC - INFO - {"loss": 0.04408247396349907, "accuracy": 0.9866946935653687, "energy_consumption": 31.21002052060499, "selected": false, "client_name": "sta9"}
2026-06-30 17:40:15,298 - METRIC - INFO - {"loss": 0.05568258464336395, "accuracy": 0.9810924530029297, "energy_consumption": 32.88500314761458, "selected": false, "client_name": "sta2"}
2026-06-30 17:40:15,305 - METRIC - INFO - {"loss": 0.0451621413230896, "accuracy": 0.988095223903656, "energy_consumption": 31.274605474312605, "selected": false, "client_name": "sta8"}
2026-06-30 17:40:15,896 - METRIC - INFO - mean_accuracy: 0.984657498923215

2026-06-30 17:40:15,896 - METRIC - INFO - round: 48
2026-06-30 17:40:15,896 - METRIC - INFO - n_selected: 11
2026-06-30 17:40:15,896 - METRIC - INFO - {"selected_trainers": ["sta0", "sta1", "sta10", "sta2", "sta3", "sta4", "sta5", "sta6", "sta7", "sta8", "sta9"]}
2026-06-30 17:40:21,243 - EXECUT - INFO - received weights from trainer sta2!
2026-06-30 17:40:21,266 - EXECUT - INFO - received weights from trainer sta5!
2026-06-30 17:40:21,298 - EXECUT - INFO - received weights from trainer sta4!
2026-06-30 17:40:21,314 - EXECUT - INFO - received weights from trainer sta6!
2026-06-30 17:40:21,329 - EXECUT - INFO - received weights from trainer sta7!
2026-06-30 17:40:21,345 - EXECUT - INFO - received weights from trainer sta1!
2026-06-30 17:40:21,360 - EXECUT - INFO - received weights from trainer sta0!
2026-06-30 17:40:21,396 - EXECUT - INFO - received weights from trainer sta3!
2026-06-30 17:40:21,940 - EXECUT - INFO - received weights from trainer sta10!
2026-06-30 17:40:21,963 - EXECUT - INFO - received weights from trainer sta8!
2026-06-30 17:40:26,330 - EXECUT - INFO - received weights from trainer sta9!
2026-06-30 17:40:27,211 - EXECUT - INFO - sent aggregated weights to trainers!
2026-06-30 17:40:27,523 - METRIC - INFO - {"loss": 0.039204999804496765, "accuracy": 0.9866946935653687, "energy_consumption": 34.29715471793163, "selected": false, "client_name": "sta3"}
2026-06-30 17:40:27,545 - METRIC - INFO - {"loss": 0.036751873791217804, "accuracy": 0.9873949289321899, "energy_consumption": 32.69443157193763, "selected": false, "client_name": "sta6"}
2026-06-30 17:40:27,563 - METRIC - INFO - {"loss": 0.06044827401638031, "accuracy": 0.9852941036224365, "energy_consumption": 32.922377575612806, "selected": false, "client_name": "sta5"}
2026-06-30 17:40:27,565 - METRIC - INFO - {"loss": 0.04730008915066719, "accuracy": 0.9859943985939026, "energy_consumption": 34.44158412799609, "selected": false, "client_name": "sta0"}
2026-06-30 17:40:27,567 - METRIC - INFO - {"loss": 0.051165301352739334, "accuracy": 0.982492983341217, "energy_consumption": 33.44757504334367, "selected": false, "client_name": "sta4"}
2026-06-30 17:40:27,571 - METRIC - INFO - {"loss": 0.05851167440414429, "accuracy": 0.9859943985939026, "energy_consumption": 34.33472456055144, "selected": false, "client_name": "sta1"}
2026-06-30 17:40:27,591 - METRIC - INFO - {"loss": 0.05846671760082245, "accuracy": 0.9803921580314636, "energy_consumption": 32.43295106752295, "selected": false, "client_name": "sta7"}
2026-06-30 17:40:27,596 - METRIC - INFO - {"loss": 0.05538200959563255, "accuracy": 0.9803921580314636, "energy_consumption": 34.41038158766978, "selected": false, "client_name": "sta2"}
2026-06-30 17:40:27,621 - METRIC - INFO - {"loss": 0.056929659098386765, "accuracy": 0.981792688369751, "energy_consumption": 32.613465369072884, "selected": false, "client_name": "sta10"}
2026-06-30 17:40:27,628 - METRIC - INFO - {"loss": 0.0441477969288826, "accuracy": 0.9873949289321899, "energy_consumption": 32.72163439642746, "selected": false, "client_name": "sta8"}
2026-06-30 17:40:27,682 - METRIC - INFO - {"loss": 0.04309282824397087, "accuracy": 0.9859943985939026, "energy_consumption": 32.59696101006509, "selected": false, "client_name": "sta9"}
2026-06-30 17:40:28,213 - METRIC - INFO - mean_accuracy: 0.9845301671461626

2026-06-30 17:40:28,213 - METRIC - INFO - round: 49
2026-06-30 17:40:28,213 - METRIC - INFO - n_selected: 11
2026-06-30 17:40:28,213 - METRIC - INFO - {"selected_trainers": ["sta0", "sta1", "sta10", "sta2", "sta3", "sta4", "sta5", "sta6", "sta7", "sta8", "sta9"]}
2026-06-30 17:40:33,433 - EXECUT - INFO - received weights from trainer sta5!
2026-06-30 17:40:33,454 - EXECUT - INFO - received weights from trainer sta1!
2026-06-30 17:40:33,468 - EXECUT - INFO - received weights from trainer sta4!
2026-06-30 17:40:33,481 - EXECUT - INFO - received weights from trainer sta2!
2026-06-30 17:40:33,494 - EXECUT - INFO - received weights from trainer sta3!
2026-06-30 17:40:33,507 - EXECUT - INFO - received weights from trainer sta6!
2026-06-30 17:40:33,520 - EXECUT - INFO - received weights from trainer sta7!
2026-06-30 17:40:33,533 - EXECUT - INFO - received weights from trainer sta0!
2026-06-30 17:40:34,070 - EXECUT - INFO - received weights from trainer sta10!
2026-06-30 17:40:34,087 - EXECUT - INFO - received weights from trainer sta8!
2026-06-30 17:40:34,127 - EXECUT - INFO - received weights from trainer sta9!
2026-06-30 17:40:34,469 - EXECUT - INFO - sent aggregated weights to trainers!
2026-06-30 17:40:34,767 - METRIC - INFO - {"loss": 0.039381444454193115, "accuracy": 0.9859943985939026, "energy_consumption": 34.77069375915918, "selected": false, "client_name": "sta3"}
2026-06-30 17:40:34,787 - METRIC - INFO - {"loss": 0.059864070266485214, "accuracy": 0.9859943985939026, "energy_consumption": 35.277795272666566, "selected": false, "client_name": "sta1"}
2026-06-30 17:40:34,799 - METRIC - INFO - {"loss": 0.047072578221559525, "accuracy": 0.9859943985939026, "energy_consumption": 35.457624192308096, "selected": false, "client_name": "sta0"}
2026-06-30 17:40:34,808 - METRIC - INFO - {"loss": 0.058717891573905945, "accuracy": 0.9838935732841492, "energy_consumption": 33.83895190776334, "selected": false, "client_name": "sta5"}
2026-06-30 17:40:34,828 - METRIC - INFO - {"loss": 0.0393931083381176, "accuracy": 0.9845938086509705, "energy_consumption": 33.71525566264238, "selected": false, "client_name": "sta6"}
2026-06-30 17:40:34,836 - METRIC - INFO - {"loss": 0.049958836287260056, "accuracy": 0.9845938086509705, "energy_consumption": 33.91368037193475, "selected": false, "client_name": "sta4"}
2026-06-30 17:40:34,837 - METRIC - INFO - {"loss": 0.060141321271657944, "accuracy": 0.9796918630599976, "energy_consumption": 33.44912358031438, "selected": false, "client_name": "sta7"}
2026-06-30 17:40:34,841 - METRIC - INFO - {"loss": 0.05512480065226555, "accuracy": 0.981792688369751, "energy_consumption": 34.94469171390265, "selected": false, "client_name": "sta2"}
2026-06-30 17:40:34,844 - METRIC - INFO - {"loss": 0.043259039521217346, "accuracy": 0.9852941036224365, "energy_consumption": 33.65768595615401, "selected": false, "client_name": "sta9"}
2026-06-30 17:40:34,856 - METRIC - INFO - {"loss": 0.058368273079395294, "accuracy": 0.9810924530029297, "energy_consumption": 33.607677492403894, "selected": false, "client_name": "sta10"}
2026-06-30 17:40:34,868 - METRIC - INFO - {"loss": 0.044083867222070694, "accuracy": 0.9873949289321899, "energy_consumption": 33.71139251944039, "selected": false, "client_name": "sta8"}
2026-06-30 17:40:35,472 - METRIC - INFO - mean_accuracy: 0.9842118566686456

2026-06-30 17:40:35,472 - METRIC - INFO - round: 50
2026-06-30 17:40:35,472 - METRIC - INFO - n_selected: 11
2026-06-30 17:40:35,472 - METRIC - INFO - {"selected_trainers": ["sta0", "sta1", "sta10", "sta2", "sta3", "sta4", "sta5", "sta6", "sta7", "sta8", "sta9"]}
2026-06-30 17:40:40,673 - EXECUT - INFO - received weights from trainer sta2!
2026-06-30 17:40:40,686 - EXECUT - INFO - received weights from trainer sta0!
2026-06-30 17:40:40,702 - EXECUT - INFO - received weights from trainer sta1!
2026-06-30 17:40:40,732 - EXECUT - INFO - received weights from trainer sta7!
2026-06-30 17:40:40,756 - EXECUT - INFO - received weights from trainer sta3!
2026-06-30 17:40:40,770 - EXECUT - INFO - received weights from trainer sta6!
2026-06-30 17:40:40,785 - EXECUT - INFO - received weights from trainer sta4!
2026-06-30 17:40:40,818 - EXECUT - INFO - received weights from trainer sta5!
2026-06-30 17:40:41,391 - EXECUT - INFO - received weights from trainer sta9!
2026-06-30 17:40:41,407 - EXECUT - INFO - received weights from trainer sta10!
2026-06-30 17:40:45,930 - EXECUT - INFO - received weights from trainer sta8!
2026-06-30 17:40:46,752 - EXECUT - INFO - sent aggregated weights to trainers!
2026-06-30 17:40:47,054 - METRIC - INFO - {"loss": 0.05872558802366257, "accuracy": 0.9866946935653687, "energy_consumption": 36.900773990021136, "selected": false, "client_name": "sta1"}
2026-06-30 17:40:47,066 - METRIC - INFO - {"loss": 0.054177168756723404, "accuracy": 0.9796918630599976, "energy_consumption": 37.1629266428562, "selected": false, "client_name": "sta2"}
2026-06-30 17:40:47,067 - METRIC - INFO - {"loss": 0.04002135246992111, "accuracy": 0.9859943985939026, "energy_consumption": 36.90927422246902, "selected": false, "client_name": "sta3"}
2026-06-30 17:40:47,100 - METRIC - INFO - {"loss": 0.051813215017318726, "accuracy": 0.982492983341217, "energy_consumption": 35.97705659613369, "selected": false, "client_name": "sta4"}
2026-06-30 17:40:47,110 - METRIC - INFO - {"loss": 0.03692539408802986, "accuracy": 0.9859943985939026, "energy_consumption": 35.413894638227326, "selected": false, "client_name": "sta6"}
2026-06-30 17:40:47,114 - METRIC - INFO - {"loss": 0.047423407435417175, "accuracy": 0.9852941036224365, "energy_consumption": 37.02385874966303, "selected": false, "client_name": "sta0"}
2026-06-30 17:40:47,125 - METRIC - INFO - {"loss": 0.05753180384635925, "accuracy": 0.9810924530029297, "energy_consumption": 35.09628642083062, "selected": false, "client_name": "sta7"}
2026-06-30 17:40:47,127 - METRIC - INFO - {"loss": 0.05944289267063141, "accuracy": 0.9852941036224365, "energy_consumption": 35.55837766562286, "selected": false, "client_name": "sta5"}
2026-06-30 17:40:47,132 - METRIC - INFO - {"loss": 0.043288685381412506, "accuracy": 0.9859943985939026, "energy_consumption": 35.33033877731618, "selected": false, "client_name": "sta9"}
2026-06-30 17:40:47,141 - METRIC - INFO - {"loss": 0.05614126846194267, "accuracy": 0.981792688369751, "energy_consumption": 35.28534536926621, "selected": false, "client_name": "sta10"}
2026-06-30 17:40:47,148 - METRIC - INFO - {"loss": 0.04448150098323822, "accuracy": 0.9866946935653687, "energy_consumption": 35.38406827200342, "selected": false, "client_name": "sta8"}
2026-06-30 17:40:47,755 - METRIC - INFO - mean_accuracy: 0.984275525266474

2026-06-30 17:40:47,755 - METRIC - INFO - round: 51
2026-06-30 17:40:47,755 - METRIC - INFO - n_selected: 11
2026-06-30 17:40:47,755 - METRIC - INFO - {"selected_trainers": ["sta0", "sta1", "sta10", "sta2", "sta3", "sta4", "sta5", "sta6", "sta7", "sta8", "sta9"]}
2026-06-30 17:40:52,944 - EXECUT - INFO - received weights from trainer sta4!
2026-06-30 17:40:52,962 - EXECUT - INFO - received weights from trainer sta5!
2026-06-30 17:40:52,979 - EXECUT - INFO - received weights from trainer sta1!
2026-06-30 17:40:53,024 - EXECUT - INFO - received weights from trainer sta3!
2026-06-30 17:40:53,037 - EXECUT - INFO - received weights from trainer sta6!
2026-06-30 17:40:53,049 - EXECUT - INFO - received weights from trainer sta2!
2026-06-30 17:40:53,062 - EXECUT - INFO - received weights from trainer sta0!
2026-06-30 17:40:53,075 - EXECUT - INFO - received weights from trainer sta7!
2026-06-30 17:40:53,629 - EXECUT - INFO - received weights from trainer sta9!
2026-06-30 17:40:53,667 - EXECUT - INFO - received weights from trainer sta8!
2026-06-30 17:40:53,679 - EXECUT - INFO - received weights from trainer sta10!
2026-06-30 17:40:54,013 - EXECUT - INFO - sent aggregated weights to trainers!
2026-06-30 17:40:54,309 - METRIC - INFO - {"loss": 0.03713759034872055, "accuracy": 0.9866946935653687, "energy_consumption": 37.28370091629865, "selected": false, "client_name": "sta3"}
2026-06-30 17:40:54,311 - METRIC - INFO - {"loss": 0.0541919581592083, "accuracy": 0.9796918630599976, "energy_consumption": 37.61116950891421, "selected": false, "client_name": "sta2"}
2026-06-30 17:40:54,324 - METRIC - INFO - {"loss": 0.03777691349387169, "accuracy": 0.9845938086509705, "energy_consumption": 36.46543314121195, "selected": false, "client_name": "sta6"}
2026-06-30 17:40:54,350 - METRIC - INFO - {"loss": 0.05922186002135277, "accuracy": 0.9838935732841492, "energy_consumption": 36.46658209834819, "selected": false, "client_name": "sta5"}
2026-06-30 17:40:54,356 - METRIC - INFO - {"loss": 0.04660799726843834, "accuracy": 0.9852941036224365, "energy_consumption": 38.098149922871386, "selected": false, "client_name": "sta0"}
2026-06-30 17:40:54,358 - METRIC - INFO - {"loss": 0.0583094097673893, "accuracy": 0.9852941036224365, "energy_consumption": 37.954185834131096, "selected": false, "client_name": "sta1"}
2026-06-30 17:40:54,359 - METRIC - INFO - {"loss": 0.05029306560754776, "accuracy": 0.9831932783126831, "energy_consumption": 36.34904033348806, "selected": false, "client_name": "sta4"}
2026-06-30 17:40:54,365 - METRIC - INFO - {"loss": 0.05708417668938637, "accuracy": 0.9810924530029297, "energy_consumption": 36.35135375974144, "selected": false, "client_name": "sta7"}
2026-06-30 17:40:54,390 - METRIC - INFO - {"loss": 0.04258161038160324, "accuracy": 0.9859943985939026, "energy_consumption": 36.359352514796214, "selected": false, "client_name": "sta9"}
2026-06-30 17:40:54,393 - METRIC - INFO - {"loss": 0.0555354468524456, "accuracy": 0.9859943985939026, "energy_consumption": 36.290668132168136, "selected": false, "client_name": "sta10"}
2026-06-30 17:40:54,403 - METRIC - INFO - {"loss": 0.04494863003492355, "accuracy": 0.9866946935653687, "energy_consumption": 36.55124969832194, "selected": false, "client_name": "sta8"}
2026-06-30 17:40:55,016 - METRIC - INFO - mean_accuracy: 0.9844028516249224

2026-06-30 17:40:55,016 - METRIC - INFO - round: 52
2026-06-30 17:40:55,016 - METRIC - INFO - n_selected: 11
2026-06-30 17:40:55,016 - METRIC - INFO - {"selected_trainers": ["sta0", "sta1", "sta10", "sta2", "sta3", "sta4", "sta5", "sta6", "sta7", "sta8", "sta9"]}
2026-06-30 17:41:00,128 - EXECUT - INFO - received weights from trainer sta2!
2026-06-30 17:41:00,144 - EXECUT - INFO - received weights from trainer sta1!
2026-06-30 17:41:00,157 - EXECUT - INFO - received weights from trainer sta6!
2026-06-30 17:41:00,170 - EXECUT - INFO - received weights from trainer sta5!
2026-06-30 17:41:00,182 - EXECUT - INFO - received weights from trainer sta3!
2026-06-30 17:41:00,195 - EXECUT - INFO - received weights from trainer sta4!
2026-06-30 17:41:00,207 - EXECUT - INFO - received weights from trainer sta7!
2026-06-30 17:41:00,219 - EXECUT - INFO - received weights from trainer sta0!
2026-06-30 17:41:00,791 - EXECUT - INFO - received weights from trainer sta9!
2026-06-30 17:41:00,816 - EXECUT - INFO - received weights from trainer sta10!
2026-06-30 17:41:00,828 - EXECUT - INFO - received weights from trainer sta8!
2026-06-30 17:41:01,279 - EXECUT - INFO - sent aggregated weights to trainers!
2026-06-30 17:41:01,580 - METRIC - INFO - {"loss": 0.05720582604408264, "accuracy": 0.9852941036224365, "energy_consumption": 38.482132256382386, "selected": false, "client_name": "sta1"}
2026-06-30 17:41:01,585 - METRIC - INFO - {"loss": 0.053769782185554504, "accuracy": 0.9803921580314636, "energy_consumption": 38.76971629132925, "selected": false, "client_name": "sta2"}
2026-06-30 17:41:01,590 - METRIC - INFO - {"loss": 0.03685319051146507, "accuracy": 0.9873949289321899, "energy_consumption": 38.43540792553522, "selected": false, "client_name": "sta3"}
2026-06-30 17:41:01,620 - METRIC - INFO - {"loss": 0.04735598713159561, "accuracy": 0.9852941036224365, "energy_consumption": 38.62005054603155, "selected": false, "client_name": "sta0"}
2026-06-30 17:41:01,633 - METRIC - INFO - {"loss": 0.057283926755189896, "accuracy": 0.9810924530029297, "energy_consumption": 37.64306303059263, "selected": false, "client_name": "sta7"}
2026-06-30 17:41:01,639 - METRIC - INFO - {"loss": 0.036682188510894775, "accuracy": 0.9866946935653687, "energy_consumption": 37.67041740842477, "selected": false, "client_name": "sta6"}
2026-06-30 17:41:01,649 - METRIC - INFO - {"loss": 0.049582675099372864, "accuracy": 0.9831932783126831, "energy_consumption": 37.529671810199225, "selected": false, "client_name": "sta4"}
2026-06-30 17:41:01,653 - METRIC - INFO - {"loss": 0.05767696723341942, "accuracy": 0.9838935732841492, "energy_consumption": 37.6454049522496, "selected": false, "client_name": "sta5"}
2026-06-30 17:41:01,654 - METRIC - INFO - {"loss": 0.04274092987179756, "accuracy": 0.9859943985939026, "energy_consumption": 37.6014364132904, "selected": false, "client_name": "sta9"}
2026-06-30 17:41:01,663 - METRIC - INFO - {"loss": 0.05493392050266266, "accuracy": 0.9838935732841492, "energy_consumption": 36.92025006825584, "selected": false, "client_name": "sta10"}
2026-06-30 17:41:01,664 - METRIC - INFO - {"loss": 0.04499397426843643, "accuracy": 0.9866946935653687, "energy_consumption": 37.83080493903681, "selected": false, "client_name": "sta8"}
2026-06-30 17:41:02,282 - METRIC - INFO - mean_accuracy: 0.9845301779833707

2026-06-30 17:41:02,282 - METRIC - INFO - round: 53
2026-06-30 17:41:02,282 - METRIC - INFO - n_selected: 11
2026-06-30 17:41:02,282 - METRIC - INFO - {"selected_trainers": ["sta0", "sta1", "sta10", "sta2", "sta3", "sta4", "sta5", "sta6", "sta7", "sta8", "sta9"]}
2026-06-30 17:41:07,360 - EXECUT - INFO - received weights from trainer sta7!
2026-06-30 17:41:07,407 - EXECUT - INFO - received weights from trainer sta4!
2026-06-30 17:41:07,438 - EXECUT - INFO - received weights from trainer sta5!
2026-06-30 17:41:07,453 - EXECUT - INFO - received weights from trainer sta6!
2026-06-30 17:41:07,475 - EXECUT - INFO - received weights from trainer sta2!
2026-06-30 17:41:07,488 - EXECUT - INFO - received weights from trainer sta1!
2026-06-30 17:41:07,514 - EXECUT - INFO - received weights from trainer sta3!
2026-06-30 17:41:07,526 - EXECUT - INFO - received weights from trainer sta0!
2026-06-30 17:41:08,031 - EXECUT - INFO - received weights from trainer sta10!
2026-06-30 17:41:08,089 - EXECUT - INFO - received weights from trainer sta9!
2026-06-30 17:41:08,103 - EXECUT - INFO - received weights from trainer sta8!
2026-06-30 17:41:08,533 - EXECUT - INFO - sent aggregated weights to trainers!
2026-06-30 17:41:08,842 - METRIC - INFO - {"loss": 0.05740154907107353, "accuracy": 0.9859943985939026, "energy_consumption": 39.6039519261505, "selected": false, "client_name": "sta1"}
2026-06-30 17:41:08,848 - METRIC - INFO - {"loss": 0.038883600383996964, "accuracy": 0.9859943985939026, "energy_consumption": 39.72048527787891, "selected": false, "client_name": "sta3"}
2026-06-30 17:41:08,848 - METRIC - INFO - {"loss": 0.048314038664102554, "accuracy": 0.9838935732841492, "energy_consumption": 38.866548125750356, "selected": false, "client_name": "sta4"}
2026-06-30 17:41:08,848 - METRIC - INFO - {"loss": 0.03790242224931717, "accuracy": 0.9838935732841492, "energy_consumption": 38.88794711827238, "selected": false, "client_name": "sta6"}
2026-06-30 17:41:08,856 - METRIC - INFO - {"loss": 0.05927656590938568, "accuracy": 0.9838935732841492, "energy_consumption": 38.97119464191095, "selected": false, "client_name": "sta5"}
2026-06-30 17:41:08,874 - METRIC - INFO - {"loss": 0.045503776520490646, "accuracy": 0.9859943985939026, "energy_consumption": 39.64034675996101, "selected": false, "client_name": "sta0"}
2026-06-30 17:41:08,875 - METRIC - INFO - {"loss": 0.05861230939626694, "accuracy": 0.9810924530029297, "energy_consumption": 38.10684114965513, "selected": false, "client_name": "sta7"}
2026-06-30 17:41:08,890 - METRIC - INFO - {"loss": 0.05361879616975784, "accuracy": 0.981792688369751, "energy_consumption": 39.990487901661844, "selected": false, "client_name": "sta2"}
2026-06-30 17:41:08,901 - METRIC - INFO - {"loss": 0.04119816794991493, "accuracy": 0.9845938086509705, "energy_consumption": 37.98083402888536, "selected": false, "client_name": "sta9"}
2026-06-30 17:41:08,908 - METRIC - INFO - {"loss": 0.056324347853660583, "accuracy": 0.9831932783126831, "energy_consumption": 37.95343541023727, "selected": false, "client_name": "sta10"}
2026-06-30 17:41:08,918 - METRIC - INFO - {"loss": 0.044255007058382034, "accuracy": 0.9866946935653687, "energy_consumption": 38.193571984895776, "selected": false, "client_name": "sta8"}
2026-06-30 17:41:09,534 - METRIC - INFO - mean_accuracy: 0.984275530685078

2026-06-30 17:41:09,534 - METRIC - INFO - round: 54
2026-06-30 17:41:09,534 - METRIC - INFO - n_selected: 11
2026-06-30 17:41:09,534 - METRIC - INFO - {"selected_trainers": ["sta0", "sta1", "sta10", "sta2", "sta3", "sta4", "sta5", "sta6", "sta7", "sta8", "sta9"]}
2026-06-30 17:41:14,565 - EXECUT - INFO - received weights from trainer sta2!
2026-06-30 17:41:14,581 - EXECUT - INFO - received weights from trainer sta4!
2026-06-30 17:41:14,597 - EXECUT - INFO - received weights from trainer sta6!
2026-06-30 17:41:14,623 - EXECUT - INFO - received weights from trainer sta7!
2026-06-30 17:41:14,638 - EXECUT - INFO - received weights from trainer sta1!
2026-06-30 17:41:14,652 - EXECUT - INFO - received weights from trainer sta5!
2026-06-30 17:41:14,672 - EXECUT - INFO - received weights from trainer sta3!
2026-06-30 17:41:14,743 - EXECUT - INFO - received weights from trainer sta0!
2026-06-30 17:41:15,212 - EXECUT - INFO - received weights from trainer sta9!
2026-06-30 17:41:15,229 - EXECUT - INFO - received weights from trainer sta10!
2026-06-30 17:41:15,285 - EXECUT - INFO - received weights from trainer sta8!
2026-06-30 17:41:15,803 - EXECUT - INFO - sent aggregated weights to trainers!
2026-06-30 17:41:16,150 - METRIC - INFO - {"loss": 0.04588736221194267, "accuracy": 0.9852941036224365, "energy_consumption": 40.88524499523177, "selected": false, "client_name": "sta0"}
2026-06-30 17:41:16,155 - METRIC - INFO - {"loss": 0.057472601532936096, "accuracy": 0.9859943985939026, "energy_consumption": 40.952753968146396, "selected": false, "client_name": "sta1"}
2026-06-30 17:41:16,186 - METRIC - INFO - {"loss": 0.04138695448637009, "accuracy": 0.9866946935653687, "energy_consumption": 39.09148536561477, "selected": false, "client_name": "sta9"}
2026-06-30 17:41:16,189 - METRIC - INFO - {"loss": 0.05320950224995613, "accuracy": 0.982492983341217, "energy_consumption": 39.09903319512949, "selected": false, "client_name": "sta10"}
2026-06-30 17:41:16,200 - METRIC - INFO - {"loss": 0.04402255266904831, "accuracy": 0.9873949289321899, "energy_consumption": 39.35390846093424, "selected": false, "client_name": "sta8"}
2026-06-30 17:41:16,239 - METRIC - INFO - {"loss": 0.05275315046310425, "accuracy": 0.9803921580314636, "energy_consumption": 41.35261806229831, "selected": false, "client_name": "sta2"}
2026-06-30 17:41:16,254 - METRIC - INFO - {"loss": 0.036671023815870285, "accuracy": 0.988095223903656, "energy_consumption": 40.97757905578713, "selected": false, "client_name": "sta3"}
2026-06-30 17:41:16,266 - METRIC - INFO - {"loss": 0.03460431471467018, "accuracy": 0.9873949289321899, "energy_consumption": 39.350944056293216, "selected": false, "client_name": "sta6"}
2026-06-30 17:41:16,279 - METRIC - INFO - {"loss": 0.049586955457925797, "accuracy": 0.9838935732841492, "energy_consumption": 40.02418251721702, "selected": false, "client_name": "sta4"}
2026-06-30 17:41:16,305 - METRIC - INFO - {"loss": 0.05627598613500595, "accuracy": 0.9796918630599976, "energy_consumption": 39.32335621650504, "selected": false, "client_name": "sta7"}
2026-06-30 17:41:16,311 - METRIC - INFO - {"loss": 0.05821245163679123, "accuracy": 0.9845938086509705, "energy_consumption": 40.052609326649616, "selected": false, "client_name": "sta5"}
2026-06-30 17:41:16,804 - METRIC - INFO - mean_accuracy: 0.9847211512652311

2026-06-30 17:41:16,804 - METRIC - INFO - round: 55
2026-06-30 17:41:16,804 - METRIC - INFO - n_selected: 11
2026-06-30 17:41:16,804 - METRIC - INFO - {"selected_trainers": ["sta0", "sta1", "sta10", "sta2", "sta3", "sta4", "sta5", "sta6", "sta7", "sta8", "sta9"]}
2026-06-30 17:41:21,902 - EXECUT - INFO - received weights from trainer sta1!
2026-06-30 17:41:21,919 - EXECUT - INFO - received weights from trainer sta2!
2026-06-30 17:41:21,933 - EXECUT - INFO - received weights from trainer sta3!
2026-06-30 17:41:21,956 - EXECUT - INFO - received weights from trainer sta7!
2026-06-30 17:41:21,968 - EXECUT - INFO - received weights from trainer sta4!
2026-06-30 17:41:21,980 - EXECUT - INFO - received weights from trainer sta6!
2026-06-30 17:41:21,992 - EXECUT - INFO - received weights from trainer sta0!
2026-06-30 17:41:22,111 - EXECUT - INFO - received weights from trainer sta5!
2026-06-30 17:41:22,534 - EXECUT - INFO - received weights from trainer sta9!
2026-06-30 17:41:22,547 - EXECUT - INFO - received weights from trainer sta10!
2026-06-30 17:41:22,561 - EXECUT - INFO - received weights from trainer sta8!
2026-06-30 17:41:23,050 - EXECUT - INFO - sent aggregated weights to trainers!
2026-06-30 17:41:23,324 - METRIC - INFO - {"loss": 0.05248590186238289, "accuracy": 0.982492983341217, "energy_consumption": 42.4398611039266, "selected": false, "client_name": "sta2"}
2026-06-30 17:41:23,342 - METRIC - INFO - {"loss": 0.03621229901909828, "accuracy": 0.988095223903656, "energy_consumption": 41.37674295679602, "selected": false, "client_name": "sta3"}
2026-06-30 17:41:23,360 - METRIC - INFO - {"loss": 0.035979777574539185, "accuracy": 0.9852941036224365, "energy_consumption": 40.62165438875309, "selected": false, "client_name": "sta6"}
2026-06-30 17:41:23,360 - METRIC - INFO - {"loss": 0.044256072491407394, "accuracy": 0.9852941036224365, "energy_consumption": 42.275793995731775, "selected": false, "client_name": "sta0"}
2026-06-30 17:41:23,362 - METRIC - INFO - {"loss": 0.056823406368494034, "accuracy": 0.9852941036224365, "energy_consumption": 42.24077328470351, "selected": false, "client_name": "sta1"}
2026-06-30 17:41:23,370 - METRIC - INFO - {"loss": 0.05578111112117767, "accuracy": 0.9796918630599976, "energy_consumption": 40.55120719857768, "selected": false, "client_name": "sta7"}
2026-06-30 17:41:23,370 - METRIC - INFO - {"loss": 0.05692720413208008, "accuracy": 0.9859943985939026, "energy_consumption": 40.64980736728748, "selected": false, "client_name": "sta5"}
2026-06-30 17:41:23,380 - METRIC - INFO - {"loss": 0.04708847403526306, "accuracy": 0.9859943985939026, "energy_consumption": 40.4929635361191, "selected": false, "client_name": "sta4"}
2026-06-30 17:41:23,429 - METRIC - INFO - {"loss": 0.05354934185743332, "accuracy": 0.9845938086509705, "energy_consumption": 40.48509253077949, "selected": false, "client_name": "sta10"}
2026-06-30 17:41:23,520 - METRIC - INFO - {"loss": 0.042757708579301834, "accuracy": 0.9838935732841492, "energy_consumption": 40.424434651147536, "selected": false, "client_name": "sta9"}
2026-06-30 17:41:23,528 - METRIC - INFO - {"loss": 0.043552104383707047, "accuracy": 0.9866946935653687, "energy_consumption": 40.624300781383425, "selected": false, "client_name": "sta8"}
2026-06-30 17:41:24,052 - METRIC - INFO - mean_accuracy: 0.9848484776236794

2026-06-30 17:41:24,052 - METRIC - INFO - round: 56
2026-06-30 17:41:24,052 - METRIC - INFO - n_selected: 11
2026-06-30 17:41:24,052 - METRIC - INFO - {"selected_trainers": ["sta0", "sta1", "sta10", "sta2", "sta3", "sta4", "sta5", "sta6", "sta7", "sta8", "sta9"]}
2026-06-30 17:41:29,082 - EXECUT - INFO - received weights from trainer sta1!
2026-06-30 17:41:29,099 - EXECUT - INFO - received weights from trainer sta3!
2026-06-30 17:41:29,112 - EXECUT - INFO - received weights from trainer sta2!
2026-06-30 17:41:29,124 - EXECUT - INFO - received weights from trainer sta7!
2026-06-30 17:41:29,136 - EXECUT - INFO - received weights from trainer sta5!
2026-06-30 17:41:29,148 - EXECUT - INFO - received weights from trainer sta4!
2026-06-30 17:41:29,160 - EXECUT - INFO - received weights from trainer sta6!
2026-06-30 17:41:29,187 - EXECUT - INFO - received weights from trainer sta0!
2026-06-30 17:41:29,685 - EXECUT - INFO - received weights from trainer sta9!
2026-06-30 17:41:29,697 - EXECUT - INFO - received weights from trainer sta10!
2026-06-30 17:41:29,709 - EXECUT - INFO - received weights from trainer sta8!
2026-06-30 17:41:30,301 - EXECUT - INFO - sent aggregated weights to trainers!
2026-06-30 17:41:30,574 - METRIC - INFO - {"loss": 0.05306938290596008, "accuracy": 0.9803921580314636, "energy_consumption": 42.98584774770232, "selected": false, "client_name": "sta2"}
2026-06-30 17:41:30,585 - METRIC - INFO - {"loss": 0.03602513670921326, "accuracy": 0.9873949289321899, "energy_consumption": 42.58091960628496, "selected": false, "client_name": "sta3"}
2026-06-30 17:41:30,599 - METRIC - INFO - {"loss": 0.05601848289370537, "accuracy": 0.9866946935653687, "energy_consumption": 42.73512569549728, "selected": false, "client_name": "sta1"}
2026-06-30 17:41:30,620 - METRIC - INFO - {"loss": 0.05623370781540871, "accuracy": 0.9796918630599976, "energy_consumption": 41.74201771402901, "selected": false, "client_name": "sta7"}
2026-06-30 17:41:30,620 - METRIC - INFO - {"loss": 0.044797562062740326, "accuracy": 0.9845938086509705, "energy_consumption": 43.57139991778605, "selected": false, "client_name": "sta0"}
2026-06-30 17:41:30,635 - METRIC - INFO - {"loss": 0.03649658337235451, "accuracy": 0.9859943985939026, "energy_consumption": 41.82677902665139, "selected": false, "client_name": "sta6"}
2026-06-30 17:41:30,652 - METRIC - INFO - {"loss": 0.047145020216703415, "accuracy": 0.9852941036224365, "energy_consumption": 41.64245809469616, "selected": false, "client_name": "sta4"}
2026-06-30 17:41:30,656 - METRIC - INFO - {"loss": 0.040661707520484924, "accuracy": 0.9873949289321899, "energy_consumption": 41.85463756278198, "selected": false, "client_name": "sta9"}
2026-06-30 17:41:30,657 - METRIC - INFO - {"loss": 0.05829047039151192, "accuracy": 0.9852941036224365, "energy_consumption": 41.75564223766377, "selected": false, "client_name": "sta5"}
2026-06-30 17:41:30,660 - METRIC - INFO - {"loss": 0.05198829248547554, "accuracy": 0.982492983341217, "energy_consumption": 41.806461642136725, "selected": false, "client_name": "sta10"}
2026-06-30 17:41:30,663 - METRIC - INFO - {"loss": 0.04324902966618538, "accuracy": 0.9873949289321899, "energy_consumption": 42.05448081431424, "selected": false, "client_name": "sta8"}
2026-06-30 17:41:31,303 - METRIC - INFO - mean_accuracy: 0.9847848090258512

2026-06-30 17:41:31,303 - METRIC - INFO - round: 57
2026-06-30 17:41:31,303 - METRIC - INFO - n_selected: 11
2026-06-30 17:41:31,303 - METRIC - INFO - {"selected_trainers": ["sta0", "sta1", "sta10", "sta2", "sta3", "sta4", "sta5", "sta6", "sta7", "sta8", "sta9"]}
2026-06-30 17:41:36,296 - EXECUT - INFO - received weights from trainer sta7!
2026-06-30 17:41:36,359 - EXECUT - INFO - received weights from trainer sta6!
2026-06-30 17:41:36,371 - EXECUT - INFO - received weights from trainer sta5!
2026-06-30 17:41:36,384 - EXECUT - INFO - received weights from trainer sta3!
2026-06-30 17:41:36,395 - EXECUT - INFO - received weights from trainer sta4!
2026-06-30 17:41:36,414 - EXECUT - INFO - received weights from trainer sta1!
2026-06-30 17:41:36,464 - EXECUT - INFO - received weights from trainer sta0!
2026-06-30 17:41:36,608 - EXECUT - INFO - received weights from trainer sta2!
2026-06-30 17:41:36,912 - EXECUT - INFO - received weights from trainer sta9!
2026-06-30 17:41:36,933 - EXECUT - INFO - received weights from trainer sta10!
2026-06-30 17:41:36,983 - EXECUT - INFO - received weights from trainer sta8!
2026-06-30 17:41:37,544 - EXECUT - INFO - sent aggregated weights to trainers!
2026-06-30 17:41:37,803 - METRIC - INFO - {"loss": 0.053752146661281586, "accuracy": 0.981792688369751, "energy_consumption": 44.28426450870143, "selected": false, "client_name": "sta2"}
2026-06-30 17:41:37,816 - METRIC - INFO - {"loss": 0.036107104271650314, "accuracy": 0.9887955188751221, "energy_consumption": 43.94601658074718, "selected": false, "client_name": "sta3"}
2026-06-30 17:41:37,828 - METRIC - INFO - {"loss": 0.03707212954759598, "accuracy": 0.9845938086509705, "energy_consumption": 43.33285610322383, "selected": false, "client_name": "sta6"}
2026-06-30 17:41:37,881 - METRIC - INFO - {"loss": 0.047447387129068375, "accuracy": 0.9845938086509705, "energy_consumption": 43.11311781483749, "selected": false, "client_name": "sta4"}
2026-06-30 17:41:37,890 - METRIC - INFO - {"loss": 0.055653247982263565, "accuracy": 0.9789915680885315, "energy_consumption": 43.21294956164501, "selected": false, "client_name": "sta7"}
2026-06-30 17:41:37,894 - METRIC - INFO - {"loss": 0.05808818340301514, "accuracy": 0.9852941036224365, "energy_consumption": 43.24941320338051, "selected": false, "client_name": "sta5"}
2026-06-30 17:41:37,906 - METRIC - INFO - {"loss": 0.04291704297065735, "accuracy": 0.9859943985939026, "energy_consumption": 43.41893675896254, "selected": false, "client_name": "sta8"}
2026-06-30 17:41:37,906 - METRIC - INFO - {"loss": 0.042425964027643204, "accuracy": 0.9859943985939026, "energy_consumption": 43.10679503674049, "selected": false, "client_name": "sta9"}
2026-06-30 17:41:37,955 - METRIC - INFO - {"loss": 0.0558372363448143, "accuracy": 0.9859943985939026, "energy_consumption": 43.978227677895504, "selected": false, "client_name": "sta1"}
2026-06-30 17:41:37,965 - METRIC - INFO - {"loss": 0.04484961926937103, "accuracy": 0.9866946935653687, "energy_consumption": 44.07141097011316, "selected": false, "client_name": "sta0"}
2026-06-30 17:41:38,019 - METRIC - INFO - {"loss": 0.05318288132548332, "accuracy": 0.981792688369751, "energy_consumption": 42.209389948224725, "selected": false, "client_name": "sta10"}
2026-06-30 17:41:38,547 - METRIC - INFO - mean_accuracy: 0.9845938249067827

2026-06-30 17:41:38,547 - METRIC - INFO - round: 58
2026-06-30 17:41:38,547 - METRIC - INFO - n_selected: 11
2026-06-30 17:41:38,547 - METRIC - INFO - {"selected_trainers": ["sta0", "sta1", "sta10", "sta2", "sta3", "sta4", "sta5", "sta6", "sta7", "sta8", "sta9"]}
2026-06-30 17:41:43,507 - EXECUT - INFO - received weights from trainer sta3!
2026-06-30 17:41:43,521 - EXECUT - INFO - received weights from trainer sta2!
2026-06-30 17:41:43,533 - EXECUT - INFO - received weights from trainer sta1!
2026-06-30 17:41:43,545 - EXECUT - INFO - received weights from trainer sta7!
2026-06-30 17:41:43,557 - EXECUT - INFO - received weights from trainer sta6!
2026-06-30 17:41:43,569 - EXECUT - INFO - received weights from trainer sta4!
2026-06-30 17:41:43,580 - EXECUT - INFO - received weights from trainer sta0!
2026-06-30 17:41:43,630 - EXECUT - INFO - received weights from trainer sta5!
2026-06-30 17:41:44,058 - EXECUT - INFO - received weights from trainer sta10!
2026-06-30 17:41:44,071 - EXECUT - INFO - received weights from trainer sta9!
2026-06-30 17:41:44,084 - EXECUT - INFO - received weights from trainer sta8!
2026-06-30 17:41:44,793 - EXECUT - INFO - sent aggregated weights to trainers!
2026-06-30 17:41:45,074 - METRIC - INFO - {"loss": 0.0550561361014843, "accuracy": 0.9866946935653687, "energy_consumption": 45.375723099159494, "selected": false, "client_name": "sta1"}
2026-06-30 17:41:45,083 - METRIC - INFO - {"loss": 0.05178577080368996, "accuracy": 0.982492983341217, "energy_consumption": 45.69744865664205, "selected": false, "client_name": "sta2"}
2026-06-30 17:41:45,094 - METRIC - INFO - {"loss": 0.04378492385149002, "accuracy": 0.9852941036224365, "energy_consumption": 45.33229284421035, "selected": false, "client_name": "sta0"}
2026-06-30 17:41:45,101 - METRIC - INFO - {"loss": 0.057298820465803146, "accuracy": 0.9845938086509705, "energy_consumption": 44.7851556447999, "selected": false, "client_name": "sta5"}
2026-06-30 17:41:45,101 - METRIC - INFO - {"loss": 0.048394303768873215, "accuracy": 0.9838935732841492, "energy_consumption": 44.634910743343355, "selected": false, "client_name": "sta4"}
2026-06-30 17:41:45,102 - METRIC - INFO - {"loss": 0.035186320543289185, "accuracy": 0.988095223903656, "energy_consumption": 45.463854937160065, "selected": false, "client_name": "sta3"}
2026-06-30 17:41:45,105 - METRIC - INFO - {"loss": 0.03672882914543152, "accuracy": 0.9838935732841492, "energy_consumption": 44.77571953824192, "selected": false, "client_name": "sta6"}
2026-06-30 17:41:45,136 - METRIC - INFO - {"loss": 0.05633767694234848, "accuracy": 0.9810924530029297, "energy_consumption": 44.70119872245592, "selected": false, "client_name": "sta7"}
2026-06-30 17:41:45,143 - METRIC - INFO - {"loss": 0.04294068366289139, "accuracy": 0.9852941036224365, "energy_consumption": 44.041702674221206, "selected": false, "client_name": "sta8"}
2026-06-30 17:41:45,143 - METRIC - INFO - {"loss": 0.04197361692786217, "accuracy": 0.9859943985939026, "energy_consumption": 43.616491996957386, "selected": false, "client_name": "sta9"}
2026-06-30 17:41:45,144 - METRIC - INFO - {"loss": 0.053854674100875854, "accuracy": 0.982492983341217, "energy_consumption": 43.318818034721616, "selected": false, "client_name": "sta10"}
2026-06-30 17:41:45,795 - METRIC - INFO - mean_accuracy: 0.9845301725647666

2026-06-30 17:41:45,795 - METRIC - INFO - round: 59
2026-06-30 17:41:45,795 - METRIC - INFO - n_selected: 11
2026-06-30 17:41:45,795 - METRIC - INFO - {"selected_trainers": ["sta0", "sta1", "sta10", "sta2", "sta3", "sta4", "sta5", "sta6", "sta7", "sta8", "sta9"]}
2026-06-30 17:41:50,696 - EXECUT - INFO - received weights from trainer sta7!
2026-06-30 17:41:50,714 - EXECUT - INFO - received weights from trainer sta2!
2026-06-30 17:41:50,735 - EXECUT - INFO - received weights from trainer sta3!
2026-06-30 17:41:50,751 - EXECUT - INFO - received weights from trainer sta5!
2026-06-30 17:41:50,765 - EXECUT - INFO - received weights from trainer sta4!
2026-06-30 17:41:50,778 - EXECUT - INFO - received weights from trainer sta6!
2026-06-30 17:41:50,790 - EXECUT - INFO - received weights from trainer sta1!
2026-06-30 17:41:50,838 - EXECUT - INFO - received weights from trainer sta0!
2026-06-30 17:41:51,252 - EXECUT - INFO - received weights from trainer sta9!
2026-06-30 17:41:51,293 - EXECUT - INFO - received weights from trainer sta10!
2026-06-30 17:41:51,326 - EXECUT - INFO - received weights from trainer sta8!
2026-06-30 17:41:52,041 - EXECUT - INFO - sent aggregated weights to trainers!
2026-06-30 17:41:52,303 - METRIC - INFO - {"loss": 0.05214056000113487, "accuracy": 0.981792688369751, "energy_consumption": 47.29222235460455, "selected": false, "client_name": "sta2"}
2026-06-30 17:41:52,321 - METRIC - INFO - {"loss": 0.05658569559454918, "accuracy": 0.9845938086509705, "energy_consumption": 46.96873253950599, "selected": false, "client_name": "sta1"}
2026-06-30 17:41:52,323 - METRIC - INFO - {"loss": 0.03475604206323624, "accuracy": 0.9887955188751221, "energy_consumption": 47.05294822370457, "selected": false, "client_name": "sta3"}
2026-06-30 17:41:52,327 - METRIC - INFO - {"loss": 0.043773751705884933, "accuracy": 0.9852941036224365, "energy_consumption": 46.72886873264032, "selected": false, "client_name": "sta0"}
2026-06-30 17:41:52,330 - METRIC - INFO - {"loss": 0.0342978835105896, "accuracy": 0.9852941036224365, "energy_consumption": 45.38810795663269, "selected": false, "client_name": "sta6"}
2026-06-30 17:41:52,353 - METRIC - INFO - {"loss": 0.047335028648376465, "accuracy": 0.9845938086509705, "energy_consumption": 46.223359103748855, "selected": false, "client_name": "sta4"}
2026-06-30 17:41:52,354 - METRIC - INFO - {"loss": 0.05700795352458954, "accuracy": 0.9789915680885315, "energy_consumption": 45.34237661824704, "selected": false, "client_name": "sta7"}
2026-06-30 17:41:52,368 - METRIC - INFO - {"loss": 0.06075408682227135, "accuracy": 0.9845938086509705, "energy_consumption": 46.22703510833662, "selected": false, "client_name": "sta5"}
2026-06-30 17:41:52,384 - METRIC - INFO - {"loss": 0.04066595062613487, "accuracy": 0.9859943985939026, "energy_consumption": 45.00435030639158, "selected": false, "client_name": "sta9"}
2026-06-30 17:41:52,391 - METRIC - INFO - {"loss": 0.05142980068922043, "accuracy": 0.9845938086509705, "energy_consumption": 44.6017941455866, "selected": false, "client_name": "sta10"}
2026-06-30 17:41:52,401 - METRIC - INFO - {"loss": 0.04227422550320625, "accuracy": 0.9859943985939026, "energy_consumption": 45.56108746570987, "selected": false, "client_name": "sta8"}
2026-06-30 17:41:53,043 - METRIC - INFO - mean_accuracy: 0.9845938194881786

2026-06-30 17:41:53,043 - METRIC - INFO - round: 60
2026-06-30 17:41:53,043 - METRIC - INFO - n_selected: 11
2026-06-30 17:41:53,043 - METRIC - INFO - {"selected_trainers": ["sta0", "sta1", "sta10", "sta2", "sta3", "sta4", "sta5", "sta6", "sta7", "sta8", "sta9"]}
2026-06-30 17:41:57,962 - EXECUT - INFO - received weights from trainer sta7!
2026-06-30 17:41:57,978 - EXECUT - INFO - received weights from trainer sta1!
2026-06-30 17:41:57,992 - EXECUT - INFO - received weights from trainer sta3!
2026-06-30 17:41:58,006 - EXECUT - INFO - received weights from trainer sta5!
2026-06-30 17:41:58,020 - EXECUT - INFO - received weights from trainer sta6!
2026-06-30 17:41:58,033 - EXECUT - INFO - received weights from trainer sta4!
2026-06-30 17:41:58,072 - EXECUT - INFO - received weights from trainer sta0!
2026-06-30 17:41:58,309 - EXECUT - INFO - received weights from trainer sta2!
2026-06-30 17:41:58,535 - EXECUT - INFO - received weights from trainer sta9!
2026-06-30 17:41:58,548 - EXECUT - INFO - received weights from trainer sta10!
2026-06-30 17:42:03,456 - EXECUT - INFO - received weights from trainer sta8!
2026-06-30 17:42:04,271 - EXECUT - INFO - sent aggregated weights to trainers!
2026-06-30 17:42:04,548 - METRIC - INFO - {"loss": 0.0565057210624218, "accuracy": 0.9866946935653687, "energy_consumption": 49.00314033532989, "selected": false, "client_name": "sta1"}
2026-06-30 17:42:04,548 - METRIC - INFO - {"loss": 0.04354219138622284, "accuracy": 0.9852941036224365, "energy_consumption": 49.06110555528356, "selected": false, "client_name": "sta0"}
2026-06-30 17:42:04,560 - METRIC - INFO - {"loss": 0.03477739915251732, "accuracy": 0.988095223903656, "energy_consumption": 48.81331768841537, "selected": false, "client_name": "sta3"}
2026-06-30 17:42:04,561 - METRIC - INFO - {"loss": 0.03396478667855263, "accuracy": 0.9866946935653687, "energy_consumption": 47.97369456443305, "selected": false, "client_name": "sta6"}
2026-06-30 17:42:04,586 - METRIC - INFO - {"loss": 0.061690155416727066, "accuracy": 0.9838935732841492, "energy_consumption": 48.02645528896836, "selected": false, "client_name": "sta5"}
2026-06-30 17:42:04,587 - METRIC - INFO - {"loss": 0.05509142577648163, "accuracy": 0.9810924530029297, "energy_consumption": 47.962066437724125, "selected": false, "client_name": "sta7"}
2026-06-30 17:42:04,600 - METRIC - INFO - {"loss": 0.04819639027118683, "accuracy": 0.9838935732841492, "energy_consumption": 47.928893415691654, "selected": false, "client_name": "sta4"}
2026-06-30 17:42:04,624 - METRIC - INFO - {"loss": 0.041873544454574585, "accuracy": 0.9866946935653687, "energy_consumption": 47.73554270599744, "selected": false, "client_name": "sta9"}
2026-06-30 17:42:04,635 - METRIC - INFO - {"loss": 0.053575389087200165, "accuracy": 0.9810924530029297, "energy_consumption": 49.161926845446, "selected": false, "client_name": "sta2"}
2026-06-30 17:42:04,644 - METRIC - INFO - {"loss": 0.042873915284872055, "accuracy": 0.9852941036224365, "energy_consumption": 48.216080608822736, "selected": false, "client_name": "sta8"}
2026-06-30 17:42:04,645 - METRIC - INFO - {"loss": 0.05240114405751228, "accuracy": 0.9852941036224365, "energy_consumption": 47.58671923741848, "selected": false, "client_name": "sta10"}
2026-06-30 17:42:05,273 - METRIC - INFO - mean_accuracy: 0.9849121516401117

2026-06-30 17:42:05,277 - METRIC - INFO - stop_condition: rounds
