2026-06-30 17:42:28,107 - EXECUT - INFO - starting server...
2026-06-30 17:42:32,774 - EXECUT - INFO - trainer number sta0 just joined the pool
2026-06-30 17:42:32,815 - EXECUT - INFO - trainer number sta1 just joined the pool
2026-06-30 17:42:32,982 - EXECUT - INFO - trainer number sta2 just joined the pool
2026-06-30 17:42:33,025 - EXECUT - INFO - trainer number sta3 just joined the pool
2026-06-30 17:42:33,025 - EXECUT - INFO - trainer number sta4 just joined the pool
2026-06-30 17:42:33,025 - EXECUT - INFO - trainer number sta6 just joined the pool
2026-06-30 17:42:33,025 - EXECUT - INFO - trainer number sta7 just joined the pool
2026-06-30 17:42:33,109 - EXECUT - INFO - trainer number sta5 just joined the pool
2026-06-30 17:42:33,355 - EXECUT - INFO - trainer number sta8 just joined the pool
2026-06-30 17:42:33,423 - EXECUT - INFO - trainer number sta9 just joined the pool
2026-06-30 17:42:33,465 - EXECUT - INFO - trainer number sta10 just joined the pool
2026-06-30 17:42:34,116 - EXECUT - INFO - mensagem de data_sz recebida: 
 {'id': 'sta0', 'dataset_sz': 432851712}
2026-06-30 17:42:34,117 - EXECUT - INFO - mensagem de data_sz recebida: 
 {'id': 'sta1', 'dataset_sz': 432851712}
2026-06-30 17:42:34,158 - EXECUT - INFO - mensagem de data_sz recebida: 
 {'id': 'sta2', 'dataset_sz': 432851712}
2026-06-30 17:42:34,158 - EXECUT - INFO - mensagem de data_sz recebida: 
 {'id': 'sta4', 'dataset_sz': 432851712}
2026-06-30 17:42:34,158 - EXECUT - INFO - mensagem de data_sz recebida: 
 {'id': 'sta5', 'dataset_sz': 432851712}
2026-06-30 17:42:34,158 - EXECUT - INFO - mensagem de data_sz recebida: 
 {'id': 'sta3', 'dataset_sz': 432851712}
2026-06-30 17:42:34,158 - EXECUT - INFO - mensagem de data_sz recebida: 
 {'id': 'sta6', 'dataset_sz': 432851712}
2026-06-30 17:42:34,158 - EXECUT - INFO - mensagem de data_sz recebida: 
 {'id': 'sta7', 'dataset_sz': 432851712}
2026-06-30 17:42:34,158 - EXECUT - INFO - mensagem de data_sz recebida: 
 {'id': 'sta8', 'dataset_sz': 432851712}
2026-06-30 17:42:34,158 - EXECUT - INFO - mensagem de data_sz recebida: 
 {'id': 'sta9', 'dataset_sz': 432851712}
2026-06-30 17:42:34,158 - EXECUT - INFO - mensagem de data_sz recebida: 
 {'id': 'sta10', 'dataset_sz': 432851712}
2026-06-30 17:42:35,117 - METRIC - INFO - round: 1
2026-06-30 17:42:35,117 - METRIC - INFO - n_selected: 11
2026-06-30 17:42:35,117 - METRIC - INFO - {"selected_trainers": ["sta0", "sta1", "sta10", "sta2", "sta3", "sta4", "sta5", "sta6", "sta7", "sta8", "sta9"]}
2026-06-30 17:42:51,794 - EXECUT - INFO - received weights from trainer sta7!
2026-06-30 17:42:51,852 - EXECUT - INFO - received weights from trainer sta2!
2026-06-30 17:42:51,909 - EXECUT - INFO - received weights from trainer sta4!
2026-06-30 17:42:51,966 - EXECUT - INFO - received weights from trainer sta1!
2026-06-30 17:42:52,023 - EXECUT - INFO - received weights from trainer sta6!
2026-06-30 17:42:52,076 - EXECUT - INFO - received weights from trainer sta5!
2026-06-30 17:42:57,092 - EXECUT - INFO - received weights from trainer sta0!
2026-06-30 17:42:57,153 - EXECUT - INFO - received weights from trainer sta3!
2026-06-30 17:42:57,218 - EXECUT - INFO - received weights from trainer sta9!
2026-06-30 17:42:57,274 - EXECUT - INFO - received weights from trainer sta10!
2026-06-30 17:42:57,327 - EXECUT - INFO - received weights from trainer sta8!
2026-06-30 17:42:59,208 - EXECUT - INFO - sent aggregated weights to trainers!
2026-06-30 17:43:00,461 - METRIC - INFO - {"loss": 0.4051060080528259, "accuracy": 0.894957959651947, "energy_consumption": 3.7318187523962356, "selected": false, "client_name": "sta4"}
2026-06-30 17:43:00,477 - METRIC - INFO - {"loss": 0.3963169455528259, "accuracy": 0.8984593749046326, "energy_consumption": 2.601805497393622, "selected": false, "client_name": "sta7"}
2026-06-30 17:43:00,478 - METRIC - INFO - {"loss": 0.3664725720882416, "accuracy": 0.9089635610580444, "energy_consumption": 3.1106043551260285, "selected": false, "client_name": "sta5"}
2026-06-30 17:43:00,483 - METRIC - INFO - {"loss": 0.4020636975765228, "accuracy": 0.8921568393707275, "energy_consumption": 3.274321609138601, "selected": false, "client_name": "sta1"}
2026-06-30 17:43:00,492 - METRIC - INFO - {"loss": 0.3804772198200226, "accuracy": 0.8984593749046326, "energy_consumption": 2.707720456299268, "selected": false, "client_name": "sta6"}
2026-06-30 17:43:00,498 - METRIC - INFO - {"loss": 0.4014892876148224, "accuracy": 0.8921568393707275, "energy_consumption": 3.933810749381017, "selected": false, "client_name": "sta3"}
2026-06-30 17:43:00,533 - METRIC - INFO - {"loss": 0.41074663400650024, "accuracy": 0.8928571343421936, "energy_consumption": 3.2227980592698504, "selected": false, "client_name": "sta0"}
2026-06-30 17:43:00,543 - METRIC - INFO - {"loss": 0.3642229437828064, "accuracy": 0.8991596698760986, "energy_consumption": 3.6854409361031353, "selected": false, "client_name": "sta2"}
2026-06-30 17:43:00,561 - METRIC - INFO - {"loss": 0.4154021441936493, "accuracy": 0.8816526532173157, "energy_consumption": 2.655444852067922, "selected": false, "client_name": "sta9"}
2026-06-30 17:43:00,609 - METRIC - INFO - {"loss": 0.39946410059928894, "accuracy": 0.8914566040039062, "energy_consumption": 2.8740766578917283, "selected": false, "client_name": "sta10"}
2026-06-30 17:43:00,613 - METRIC - INFO - {"loss": 0.3764176070690155, "accuracy": 0.8956582546234131, "energy_consumption": 2.773568562900848, "selected": false, "client_name": "sta8"}
2026-06-30 17:43:01,210 - METRIC - INFO - mean_accuracy: 0.8950852968476035

2026-06-30 17:43:01,210 - METRIC - INFO - round: 2
2026-06-30 17:43:01,210 - METRIC - INFO - n_selected: 11
2026-06-30 17:43:01,211 - METRIC - INFO - {"selected_trainers": ["sta0", "sta1", "sta10", "sta2", "sta3", "sta4", "sta5", "sta6", "sta7", "sta8", "sta9"]}
2026-06-30 17:43:17,301 - EXECUT - INFO - received weights from trainer sta2!
2026-06-30 17:43:17,351 - EXECUT - INFO - received weights from trainer sta0!
2026-06-30 17:43:17,399 - EXECUT - INFO - received weights from trainer sta7!
2026-06-30 17:43:17,448 - EXECUT - INFO - received weights from trainer sta5!
2026-06-30 17:43:17,496 - EXECUT - INFO - received weights from trainer sta6!
2026-06-30 17:43:17,619 - EXECUT - INFO - received weights from trainer sta3!
2026-06-30 17:43:19,812 - EXECUT - INFO - received weights from trainer sta10!
2026-06-30 17:43:22,111 - EXECUT - INFO - received weights from trainer sta9!
2026-06-30 17:43:22,165 - EXECUT - INFO - received weights from trainer sta4!
2026-06-30 17:43:22,219 - EXECUT - INFO - received weights from trainer sta8!
2026-06-30 17:43:22,272 - EXECUT - INFO - received weights from trainer sta1!
2026-06-30 17:43:23,291 - EXECUT - INFO - sent aggregated weights to trainers!
2026-06-30 17:43:24,362 - METRIC - INFO - {"loss": 2.2376270294189453, "accuracy": 0.28011205792427063, "energy_consumption": 3.4728552966189343, "selected": false, "client_name": "sta1"}
2026-06-30 17:43:24,568 - METRIC - INFO - {"loss": 2.239032506942749, "accuracy": 0.49859943985939026, "energy_consumption": 3.4058399100639623, "selected": false, "client_name": "sta5"}
2026-06-30 17:43:24,591 - METRIC - INFO - {"loss": 2.236475944519043, "accuracy": 0.3949579894542694, "energy_consumption": 2.8980780809864077, "selected": false, "client_name": "sta7"}
2026-06-30 17:43:24,595 - METRIC - INFO - {"loss": 2.2355668544769287, "accuracy": 0.5210084319114685, "energy_consumption": 2.997515774300056, "selected": false, "client_name": "sta6"}
2026-06-30 17:43:24,622 - METRIC - INFO - {"loss": 2.2393453121185303, "accuracy": 0.3900560140609741, "energy_consumption": 4.075884901049942, "selected": false, "client_name": "sta2"}
2026-06-30 17:43:24,630 - METRIC - INFO - {"loss": 2.238049268722534, "accuracy": 0.5105041861534119, "energy_consumption": 4.333191867676019, "selected": false, "client_name": "sta3"}
2026-06-30 17:43:24,648 - METRIC - INFO - {"loss": 2.2363643646240234, "accuracy": 0.4257703125476837, "energy_consumption": 3.4192044794028504, "selected": false, "client_name": "sta0"}
2026-06-30 17:43:24,665 - METRIC - INFO - {"loss": 2.237241268157959, "accuracy": 0.4292716979980469, "energy_consumption": 2.9649013018901815, "selected": false, "client_name": "sta8"}
2026-06-30 17:43:24,669 - METRIC - INFO - {"loss": 2.2389070987701416, "accuracy": 0.39915966987609863, "energy_consumption": 4.0922346160722585, "selected": false, "client_name": "sta4"}
2026-06-30 17:43:24,690 - METRIC - INFO - {"loss": 2.235363483428955, "accuracy": 0.505602240562439, "energy_consumption": 2.854476303597089, "selected": false, "client_name": "sta9"}
2026-06-30 17:43:24,716 - METRIC - INFO - {"loss": 2.2418107986450195, "accuracy": 0.40406161546707153, "energy_consumption": 3.0565306115077284, "selected": false, "client_name": "sta10"}
2026-06-30 17:43:25,295 - METRIC - INFO - mean_accuracy: 0.43264578689228406

2026-06-30 17:43:25,295 - METRIC - INFO - round: 3
2026-06-30 17:43:25,295 - METRIC - INFO - n_selected: 11
2026-06-30 17:43:25,295 - METRIC - INFO - {"selected_trainers": ["sta0", "sta1", "sta10", "sta2", "sta3", "sta4", "sta5", "sta6", "sta7", "sta8", "sta9"]}
2026-06-30 17:43:39,670 - EXECUT - INFO - received weights from trainer sta2!
2026-06-30 17:43:39,817 - EXECUT - INFO - received weights from trainer sta0!
2026-06-30 17:43:39,861 - EXECUT - INFO - received weights from trainer sta4!
2026-06-30 17:43:39,905 - EXECUT - INFO - received weights from trainer sta7!
2026-06-30 17:43:46,124 - EXECUT - INFO - received weights from trainer sta1!
2026-06-30 17:43:46,168 - EXECUT - INFO - received weights from trainer sta5!
2026-06-30 17:43:46,212 - EXECUT - INFO - received weights from trainer sta6!
2026-06-30 17:43:46,256 - EXECUT - INFO - received weights from trainer sta3!
2026-06-30 17:43:46,299 - EXECUT - INFO - received weights from trainer sta8!
2026-06-30 17:43:46,342 - EXECUT - INFO - received weights from trainer sta10!
2026-06-30 17:43:46,385 - EXECUT - INFO - received weights from trainer sta9!
2026-06-30 17:43:48,269 - EXECUT - INFO - sent aggregated weights to trainers!
2026-06-30 17:43:49,172 - METRIC - INFO - {"loss": 0.8100829720497131, "accuracy": 0.7752100825309753, "energy_consumption": 3.7781890878110658, "selected": false, "client_name": "sta1"}
2026-06-30 17:43:49,255 - METRIC - INFO - {"loss": 0.7593660950660706, "accuracy": 0.7843137383460999, "energy_consumption": 4.383511863969164, "selected": false, "client_name": "sta2"}
2026-06-30 17:43:49,257 - METRIC - INFO - {"loss": 0.7796291708946228, "accuracy": 0.7724089622497559, "energy_consumption": 3.2019363018430065, "selected": false, "client_name": "sta7"}
2026-06-30 17:43:49,273 - METRIC - INFO - {"loss": 0.7921469211578369, "accuracy": 0.7871148586273193, "energy_consumption": 3.3041112538341344, "selected": false, "client_name": "sta6"}
2026-06-30 17:43:49,279 - METRIC - INFO - {"loss": 0.7924107313156128, "accuracy": 0.7927170991897583, "energy_consumption": 4.398531720216018, "selected": false, "client_name": "sta4"}
2026-06-30 17:43:49,290 - METRIC - INFO - {"loss": 0.7959134578704834, "accuracy": 0.7836134433746338, "energy_consumption": 4.701866924687371, "selected": false, "client_name": "sta3"}
2026-06-30 17:43:49,293 - METRIC - INFO - {"loss": 0.7626146078109741, "accuracy": 0.8032212853431702, "energy_consumption": 3.7112081968621986, "selected": false, "client_name": "sta5"}
2026-06-30 17:43:49,350 - METRIC - INFO - {"loss": 0.7608842849731445, "accuracy": 0.8130252361297607, "energy_consumption": 3.266146396099844, "selected": false, "client_name": "sta8"}
2026-06-30 17:43:49,355 - METRIC - INFO - {"loss": 0.8084923624992371, "accuracy": 0.7731092572212219, "energy_consumption": 3.1554994792750684, "selected": false, "client_name": "sta9"}
2026-06-30 17:43:49,370 - METRIC - INFO - {"loss": 0.7938665151596069, "accuracy": 0.7815126180648804, "energy_consumption": 3.3564947276503476, "selected": false, "client_name": "sta10"}
2026-06-30 17:43:49,379 - METRIC - INFO - {"loss": 0.7864236831665039, "accuracy": 0.7990196347236633, "energy_consumption": 3.724315751859593, "selected": false, "client_name": "sta0"}
2026-06-30 17:43:50,276 - METRIC - INFO - mean_accuracy: 0.787751474163749

2026-06-30 17:43:50,276 - METRIC - INFO - round: 4
2026-06-30 17:43:50,276 - METRIC - INFO - n_selected: 11
2026-06-30 17:43:50,276 - METRIC - INFO - {"selected_trainers": ["sta0", "sta1", "sta10", "sta2", "sta3", "sta4", "sta5", "sta6", "sta7", "sta8", "sta9"]}
2026-06-30 17:44:04,405 - EXECUT - INFO - received weights from trainer sta3!
2026-06-30 17:44:04,538 - EXECUT - INFO - received weights from trainer sta7!
2026-06-30 17:44:04,587 - EXECUT - INFO - received weights from trainer sta2!
2026-06-30 17:44:06,792 - EXECUT - INFO - received weights from trainer sta8!
2026-06-30 17:44:11,106 - EXECUT - INFO - received weights from trainer sta0!
2026-06-30 17:44:11,156 - EXECUT - INFO - received weights from trainer sta5!
2026-06-30 17:44:11,206 - EXECUT - INFO - received weights from trainer sta4!
2026-06-30 17:44:11,255 - EXECUT - INFO - received weights from trainer sta6!
2026-06-30 17:44:11,304 - EXECUT - INFO - received weights from trainer sta10!
2026-06-30 17:44:11,351 - EXECUT - INFO - received weights from trainer sta9!
2026-06-30 17:44:11,394 - EXECUT - INFO - received weights from trainer sta1!
2026-06-30 17:44:13,236 - EXECUT - INFO - sent aggregated weights to trainers!
2026-06-30 17:44:14,281 - METRIC - INFO - {"loss": 0.4658748209476471, "accuracy": 0.8641456365585327, "energy_consumption": 4.049722638735595, "selected": false, "client_name": "sta0"}
2026-06-30 17:44:14,294 - METRIC - INFO - {"loss": 0.4795236885547638, "accuracy": 0.8704481720924377, "energy_consumption": 4.104454150698724, "selected": false, "client_name": "sta1"}
2026-06-30 17:44:14,335 - METRIC - INFO - {"loss": 0.4358794391155243, "accuracy": 0.8788515329360962, "energy_consumption": 4.712004234527753, "selected": false, "client_name": "sta2"}
2026-06-30 17:44:14,338 - METRIC - INFO - {"loss": 0.4699323773384094, "accuracy": 0.8711484670639038, "energy_consumption": 4.729049551628362, "selected": false, "client_name": "sta4"}
2026-06-30 17:44:14,423 - METRIC - INFO - {"loss": 0.4819888174533844, "accuracy": 0.8620448112487793, "energy_consumption": 3.688225453148681, "selected": false, "client_name": "sta10"}
2026-06-30 17:44:14,439 - METRIC - INFO - {"loss": 0.4509521424770355, "accuracy": 0.8830532431602478, "energy_consumption": 3.6282566429723193, "selected": false, "client_name": "sta6"}
2026-06-30 17:44:14,491 - METRIC - INFO - {"loss": 0.4824162721633911, "accuracy": 0.8606442809104919, "energy_consumption": 5.025242374443207, "selected": false, "client_name": "sta3"}
2026-06-30 17:44:14,504 - METRIC - INFO - {"loss": 0.43432584404945374, "accuracy": 0.8823529481887817, "energy_consumption": 4.059489206459386, "selected": false, "client_name": "sta5"}
2026-06-30 17:44:14,509 - METRIC - INFO - {"loss": 0.4607030153274536, "accuracy": 0.8683473467826843, "energy_consumption": 3.527826990662605, "selected": false, "client_name": "sta7"}
2026-06-30 17:44:14,558 - METRIC - INFO - {"loss": 0.4921674430370331, "accuracy": 0.8585433959960938, "energy_consumption": 3.4790290173892413, "selected": false, "client_name": "sta9"}
2026-06-30 17:44:14,576 - METRIC - INFO - {"loss": 0.4299425482749939, "accuracy": 0.8879551887512207, "energy_consumption": 3.5884582101014737, "selected": false, "client_name": "sta8"}
2026-06-30 17:44:15,240 - METRIC - INFO - mean_accuracy: 0.8715940930626609

2026-06-30 17:44:15,240 - METRIC - INFO - round: 5
2026-06-30 17:44:15,240 - METRIC - INFO - n_selected: 11
2026-06-30 17:44:15,240 - METRIC - INFO - {"selected_trainers": ["sta0", "sta1", "sta10", "sta2", "sta3", "sta4", "sta5", "sta6", "sta7", "sta8", "sta9"]}
2026-06-30 17:44:28,238 - EXECUT - INFO - received weights from trainer sta5!
2026-06-30 17:44:28,306 - EXECUT - INFO - received weights from trainer sta2!
2026-06-30 17:44:28,350 - EXECUT - INFO - received weights from trainer sta1!
2026-06-30 17:44:28,390 - EXECUT - INFO - received weights from trainer sta3!
2026-06-30 17:44:28,429 - EXECUT - INFO - received weights from trainer sta4!
2026-06-30 17:44:28,469 - EXECUT - INFO - received weights from trainer sta0!
2026-06-30 17:44:30,508 - EXECUT - INFO - received weights from trainer sta10!
2026-06-30 17:44:30,552 - EXECUT - INFO - received weights from trainer sta8!
2026-06-30 17:44:30,597 - EXECUT - INFO - received weights from trainer sta9!
2026-06-30 17:44:36,050 - EXECUT - INFO - received weights from trainer sta7!
2026-06-30 17:44:36,094 - EXECUT - INFO - received weights from trainer sta6!
2026-06-30 17:44:37,056 - EXECUT - INFO - sent aggregated weights to trainers!
2026-06-30 17:44:37,894 - METRIC - INFO - {"loss": 0.342001348733902, "accuracy": 0.8977590799331665, "energy_consumption": 5.054117780389753, "selected": false, "client_name": "sta2"}
2026-06-30 17:44:37,952 - METRIC - INFO - {"loss": 0.35444727540016174, "accuracy": 0.8984593749046326, "energy_consumption": 3.9615106219493357, "selected": false, "client_name": "sta6"}
2026-06-30 17:44:37,968 - METRIC - INFO - {"loss": 0.3733901381492615, "accuracy": 0.8844537734985352, "energy_consumption": 5.070236809895031, "selected": false, "client_name": "sta4"}
2026-06-30 17:44:37,970 - METRIC - INFO - {"loss": 0.3319244980812073, "accuracy": 0.9096638560295105, "energy_consumption": 4.399990588804215, "selected": false, "client_name": "sta5"}
2026-06-30 17:44:38,010 - METRIC - INFO - {"loss": 0.383645236492157, "accuracy": 0.8851540684700012, "energy_consumption": 5.367378640590706, "selected": false, "client_name": "sta3"}
2026-06-30 17:44:38,052 - METRIC - INFO - {"loss": 0.3634861409664154, "accuracy": 0.8907563090324402, "energy_consumption": 3.8586107862634673, "selected": false, "client_name": "sta7"}
2026-06-30 17:44:38,074 - METRIC - INFO - {"loss": 0.331577330827713, "accuracy": 0.9047619104385376, "energy_consumption": 3.9202095881063936, "selected": false, "client_name": "sta8"}
2026-06-30 17:44:38,082 - METRIC - INFO - {"loss": 0.4008222222328186, "accuracy": 0.8795518279075623, "energy_consumption": 3.816133707707241, "selected": false, "client_name": "sta9"}
2026-06-30 17:44:38,084 - METRIC - INFO - {"loss": 0.37847694754600525, "accuracy": 0.8970588445663452, "energy_consumption": 4.44264298375589, "selected": false, "client_name": "sta1"}
2026-06-30 17:44:38,215 - METRIC - INFO - {"loss": 0.3710743486881256, "accuracy": 0.8900560140609741, "energy_consumption": 4.381788474624929, "selected": false, "client_name": "sta0"}
2026-06-30 17:44:38,253 - METRIC - INFO - {"loss": 0.3891882002353668, "accuracy": 0.8865545988082886, "energy_consumption": 4.030356393941347, "selected": false, "client_name": "sta10"}
2026-06-30 17:44:39,060 - METRIC - INFO - mean_accuracy: 0.8931117870590903

2026-06-30 17:44:39,060 - METRIC - INFO - round: 6
2026-06-30 17:44:39,060 - METRIC - INFO - n_selected: 11
2026-06-30 17:44:39,060 - METRIC - INFO - {"selected_trainers": ["sta0", "sta1", "sta10", "sta2", "sta3", "sta4", "sta5", "sta6", "sta7", "sta8", "sta9"]}
2026-06-30 17:44:52,067 - EXECUT - INFO - received weights from trainer sta1!
2026-06-30 17:44:52,115 - EXECUT - INFO - received weights from trainer sta4!
2026-06-30 17:44:52,155 - EXECUT - INFO - received weights from trainer sta3!
2026-06-30 17:44:52,327 - EXECUT - INFO - received weights from trainer sta6!
2026-06-30 17:44:54,293 - EXECUT - INFO - received weights from trainer sta8!
2026-06-30 17:44:59,821 - EXECUT - INFO - received weights from trainer sta0!
2026-06-30 17:44:59,904 - EXECUT - INFO - received weights from trainer sta5!
2026-06-30 17:44:59,948 - EXECUT - INFO - received weights from trainer sta7!
2026-06-30 17:44:59,993 - EXECUT - INFO - received weights from trainer sta2!
2026-06-30 17:45:00,036 - EXECUT - INFO - received weights from trainer sta10!
2026-06-30 17:45:00,080 - EXECUT - INFO - received weights from trainer sta9!
2026-06-30 17:45:00,913 - EXECUT - INFO - sent aggregated weights to trainers!
2026-06-30 17:45:01,723 - METRIC - INFO - {"loss": 0.3248007297515869, "accuracy": 0.901260495185852, "energy_consumption": 5.4349902081295305, "selected": false, "client_name": "sta4"}
2026-06-30 17:45:01,747 - METRIC - INFO - {"loss": 0.3310018479824066, "accuracy": 0.8956582546234131, "energy_consumption": 5.732003456382206, "selected": false, "client_name": "sta3"}
2026-06-30 17:45:01,750 - METRIC - INFO - {"loss": 0.29585713148117065, "accuracy": 0.9110644459724426, "energy_consumption": 5.417235207507253, "selected": false, "client_name": "sta2"}
2026-06-30 17:45:01,772 - METRIC - INFO - {"loss": 0.32650116086006165, "accuracy": 0.9082633256912231, "energy_consumption": 4.7969678999337235, "selected": false, "client_name": "sta1"}
2026-06-30 17:45:01,780 - METRIC - INFO - {"loss": 0.30429452657699585, "accuracy": 0.91246497631073, "energy_consumption": 4.323718445293002, "selected": false, "client_name": "sta6"}
2026-06-30 17:45:01,785 - METRIC - INFO - {"loss": 0.32242366671562195, "accuracy": 0.9082633256912231, "energy_consumption": 4.740214669524596, "selected": false, "client_name": "sta0"}
2026-06-30 17:45:01,814 - METRIC - INFO - {"loss": 0.3156256675720215, "accuracy": 0.9019607901573181, "energy_consumption": 4.21944982759368, "selected": false, "client_name": "sta7"}
2026-06-30 17:45:01,831 - METRIC - INFO - {"loss": 0.2777814269065857, "accuracy": 0.924369752407074, "energy_consumption": 4.764831975167882, "selected": false, "client_name": "sta5"}
2026-06-30 17:45:01,848 - METRIC - INFO - {"loss": 0.2811797857284546, "accuracy": 0.9194678068161011, "energy_consumption": 4.396591975135058, "selected": false, "client_name": "sta8"}
2026-06-30 17:45:01,874 - METRIC - INFO - {"loss": 0.33417922258377075, "accuracy": 0.9054622054100037, "energy_consumption": 4.39492976201418, "selected": false, "client_name": "sta10"}
2026-06-30 17:45:01,903 - METRIC - INFO - {"loss": 0.35360807180404663, "accuracy": 0.8942577242851257, "energy_consumption": 4.296288497827017, "selected": false, "client_name": "sta9"}
2026-06-30 17:45:01,917 - METRIC - INFO - mean_accuracy: 0.907499372959137

2026-06-30 17:45:01,917 - METRIC - INFO - round: 7
2026-06-30 17:45:01,917 - METRIC - INFO - n_selected: 11
2026-06-30 17:45:01,917 - METRIC - INFO - {"selected_trainers": ["sta0", "sta1", "sta10", "sta2", "sta3", "sta4", "sta5", "sta6", "sta7", "sta8", "sta9"]}
2026-06-30 17:45:13,857 - EXECUT - INFO - received weights from trainer sta3!
2026-06-30 17:45:13,900 - EXECUT - INFO - received weights from trainer sta5!
2026-06-30 17:45:13,937 - EXECUT - INFO - received weights from trainer sta2!
2026-06-30 17:45:13,973 - EXECUT - INFO - received weights from trainer sta1!
2026-06-30 17:45:14,010 - EXECUT - INFO - received weights from trainer sta7!
2026-06-30 17:45:14,046 - EXECUT - INFO - received weights from trainer sta6!
2026-06-30 17:45:15,914 - EXECUT - INFO - received weights from trainer sta9!
2026-06-30 17:45:22,705 - EXECUT - INFO - received weights from trainer sta0!
2026-06-30 17:45:22,745 - EXECUT - INFO - received weights from trainer sta4!
2026-06-30 17:45:22,786 - EXECUT - INFO - received weights from trainer sta10!
2026-06-30 17:45:22,826 - EXECUT - INFO - received weights from trainer sta8!
2026-06-30 17:45:23,675 - EXECUT - INFO - sent aggregated weights to trainers!
2026-06-30 17:45:24,427 - METRIC - INFO - {"loss": 0.2877439260482788, "accuracy": 0.9215686321258545, "energy_consumption": 5.162062894804557, "selected": false, "client_name": "sta1"}
2026-06-30 17:45:24,466 - METRIC - INFO - {"loss": 0.28809309005737305, "accuracy": 0.9117646813392639, "energy_consumption": 5.810912625998697, "selected": false, "client_name": "sta4"}
2026-06-30 17:45:24,477 - METRIC - INFO - {"loss": 0.26033535599708557, "accuracy": 0.9215686321258545, "energy_consumption": 5.793156759315253, "selected": false, "client_name": "sta2"}
2026-06-30 17:45:24,491 - METRIC - INFO - {"loss": 0.2371973991394043, "accuracy": 0.9327731132507324, "energy_consumption": 5.1374823516772725, "selected": false, "client_name": "sta5"}
2026-06-30 17:45:24,500 - METRIC - INFO - {"loss": 0.28992345929145813, "accuracy": 0.9082633256912231, "energy_consumption": 6.101333564065373, "selected": false, "client_name": "sta3"}
2026-06-30 17:45:24,511 - METRIC - INFO - {"loss": 0.276810884475708, "accuracy": 0.918067216873169, "energy_consumption": 4.590750398880217, "selected": false, "client_name": "sta7"}
2026-06-30 17:45:24,531 - METRIC - INFO - {"loss": 0.286825031042099, "accuracy": 0.9152660965919495, "energy_consumption": 5.2469995561894285, "selected": false, "client_name": "sta0"}
2026-06-30 17:45:24,580 - METRIC - INFO - {"loss": 0.294096976518631, "accuracy": 0.9152660965919495, "energy_consumption": 4.90040923652518, "selected": false, "client_name": "sta10"}
2026-06-30 17:45:24,581 - METRIC - INFO - {"loss": 0.24340002238750458, "accuracy": 0.9292716979980469, "energy_consumption": 4.76818784455569, "selected": false, "client_name": "sta8"}
2026-06-30 17:45:24,586 - METRIC - INFO - {"loss": 0.31771329045295715, "accuracy": 0.8998599648475647, "energy_consumption": 4.670348673527461, "selected": false, "client_name": "sta9"}
2026-06-30 17:45:24,640 - METRIC - INFO - {"loss": 0.26608315110206604, "accuracy": 0.9229691624641418, "energy_consumption": 4.689259686640697, "selected": false, "client_name": "sta6"}
2026-06-30 17:45:24,676 - METRIC - INFO - mean_accuracy: 0.9178762381727045

2026-06-30 17:45:24,676 - METRIC - INFO - round: 8
2026-06-30 17:45:24,676 - METRIC - INFO - n_selected: 11
2026-06-30 17:45:24,676 - METRIC - INFO - {"selected_trainers": ["sta0", "sta1", "sta10", "sta2", "sta3", "sta4", "sta5", "sta6", "sta7", "sta8", "sta9"]}
2026-06-30 17:45:36,623 - EXECUT - INFO - received weights from trainer sta1!
2026-06-30 17:45:36,666 - EXECUT - INFO - received weights from trainer sta5!
2026-06-30 17:45:36,707 - EXECUT - INFO - received weights from trainer sta7!
2026-06-30 17:45:36,744 - EXECUT - INFO - received weights from trainer sta6!
2026-06-30 17:45:36,780 - EXECUT - INFO - received weights from trainer sta3!
2026-06-30 17:45:36,816 - EXECUT - INFO - received weights from trainer sta2!
2026-06-30 17:45:38,561 - EXECUT - INFO - received weights from trainer sta8!
2026-06-30 17:45:38,608 - EXECUT - INFO - received weights from trainer sta9!
2026-06-30 17:45:38,685 - EXECUT - INFO - received weights from trainer sta10!
2026-06-30 17:45:45,462 - EXECUT - INFO - received weights from trainer sta4!
2026-06-30 17:45:45,501 - EXECUT - INFO - received weights from trainer sta0!
2026-06-30 17:45:46,440 - EXECUT - INFO - sent aggregated weights to trainers!
2026-06-30 17:45:47,227 - METRIC - INFO - {"loss": 0.2527158856391907, "accuracy": 0.9292716979980469, "energy_consumption": 5.684605444041606, "selected": false, "client_name": "sta1"}
2026-06-30 17:45:47,231 - METRIC - INFO - {"loss": 0.2568822503089905, "accuracy": 0.9208683371543884, "energy_consumption": 6.20408170114965, "selected": false, "client_name": "sta4"}
2026-06-30 17:45:47,233 - METRIC - INFO - {"loss": 0.2545095384120941, "accuracy": 0.9236694574356079, "energy_consumption": 6.497237222697676, "selected": false, "client_name": "sta3"}
2026-06-30 17:45:47,246 - METRIC - INFO - {"loss": 0.2329673171043396, "accuracy": 0.9348739385604858, "energy_consumption": 5.082221102463864, "selected": false, "client_name": "sta6"}
2026-06-30 17:45:47,271 - METRIC - INFO - {"loss": 0.23185625672340393, "accuracy": 0.9320728182792664, "energy_consumption": 6.320303709130856, "selected": false, "client_name": "sta2"}
2026-06-30 17:45:47,276 - METRIC - INFO - {"loss": 0.24295014142990112, "accuracy": 0.924369752407074, "energy_consumption": 4.975655963538946, "selected": false, "client_name": "sta7"}
2026-06-30 17:45:47,299 - METRIC - INFO - {"loss": 0.20342543721199036, "accuracy": 0.9425770044326782, "energy_consumption": 5.536835358204083, "selected": false, "client_name": "sta5"}
2026-06-30 17:45:47,338 - METRIC - INFO - {"loss": 0.25272035598754883, "accuracy": 0.924369752407074, "energy_consumption": 5.6422934345781455, "selected": false, "client_name": "sta0"}
2026-06-30 17:45:47,359 - METRIC - INFO - {"loss": 0.28257429599761963, "accuracy": 0.9089635610580444, "energy_consumption": 5.062835855419721, "selected": false, "client_name": "sta9"}
2026-06-30 17:45:47,383 - METRIC - INFO - {"loss": 0.2587857246398926, "accuracy": 0.9285714030265808, "energy_consumption": 5.295310553079689, "selected": false, "client_name": "sta10"}
2026-06-30 17:45:47,446 - METRIC - INFO - {"loss": 0.2110125720500946, "accuracy": 0.936274528503418, "energy_consumption": 5.1634608541920555, "selected": false, "client_name": "sta8"}
2026-06-30 17:45:48,442 - METRIC - INFO - mean_accuracy: 0.927807477387515

2026-06-30 17:45:48,442 - METRIC - INFO - round: 9
2026-06-30 17:45:48,442 - METRIC - INFO - n_selected: 11
2026-06-30 17:45:48,442 - METRIC - INFO - {"selected_trainers": ["sta0", "sta1", "sta10", "sta2", "sta3", "sta4", "sta5", "sta6", "sta7", "sta8", "sta9"]}
2026-06-30 17:46:00,119 - EXECUT - INFO - received weights from trainer sta1!
2026-06-30 17:46:00,167 - EXECUT - INFO - received weights from trainer sta4!
2026-06-30 17:46:00,208 - EXECUT - INFO - received weights from trainer sta2!
2026-06-30 17:46:00,249 - EXECUT - INFO - received weights from trainer sta0!
2026-06-30 17:46:00,290 - EXECUT - INFO - received weights from trainer sta3!
2026-06-30 17:46:00,327 - EXECUT - INFO - received weights from trainer sta6!
2026-06-30 17:46:00,361 - EXECUT - INFO - received weights from trainer sta7!
2026-06-30 17:46:02,469 - EXECUT - INFO - received weights from trainer sta9!
2026-06-30 17:46:02,503 - EXECUT - INFO - received weights from trainer sta10!
2026-06-30 17:46:02,536 - EXECUT - INFO - received weights from trainer sta8!
2026-06-30 17:46:09,253 - EXECUT - INFO - received weights from trainer sta5!
2026-06-30 17:46:10,132 - EXECUT - INFO - sent aggregated weights to trainers!
2026-06-30 17:46:10,851 - METRIC - INFO - {"loss": 0.2234247475862503, "accuracy": 0.9348739385604858, "energy_consumption": 6.079914756718227, "selected": false, "client_name": "sta1"}
2026-06-30 17:46:10,853 - METRIC - INFO - {"loss": 0.20543153584003448, "accuracy": 0.9355742335319519, "energy_consumption": 6.71454680949353, "selected": false, "client_name": "sta2"}
2026-06-30 17:46:10,869 - METRIC - INFO - {"loss": 0.2292555868625641, "accuracy": 0.9285714030265808, "energy_consumption": 7.02673421544883, "selected": false, "client_name": "sta3"}
2026-06-30 17:46:10,895 - METRIC - INFO - {"loss": 0.1747446358203888, "accuracy": 0.9516806602478027, "energy_consumption": 6.077296480267855, "selected": false, "client_name": "sta5"}
2026-06-30 17:46:10,915 - METRIC - INFO - {"loss": 0.2136518508195877, "accuracy": 0.9320728182792664, "energy_consumption": 5.373136061037172, "selected": false, "client_name": "sta7"}
2026-06-30 17:46:10,917 - METRIC - INFO - {"loss": 0.22913290560245514, "accuracy": 0.9299719929695129, "energy_consumption": 6.740334989350725, "selected": false, "client_name": "sta4"}
2026-06-30 17:46:10,919 - METRIC - INFO - {"loss": 0.22579129040241241, "accuracy": 0.9355742335319519, "energy_consumption": 6.045496447514312, "selected": false, "client_name": "sta0"}
2026-06-30 17:46:10,971 - METRIC - INFO - {"loss": 0.20531630516052246, "accuracy": 0.9418767690658569, "energy_consumption": 5.62752318519652, "selected": false, "client_name": "sta6"}
2026-06-30 17:46:11,016 - METRIC - INFO - {"loss": 0.18420803546905518, "accuracy": 0.9418767690658569, "energy_consumption": 5.557499743962607, "selected": false, "client_name": "sta8"}
2026-06-30 17:46:11,031 - METRIC - INFO - {"loss": 0.22848288714885712, "accuracy": 0.9355742335319519, "energy_consumption": 5.69323136682619, "selected": false, "client_name": "sta10"}
2026-06-30 17:46:11,034 - METRIC - INFO - {"loss": 0.25288814306259155, "accuracy": 0.9201680421829224, "energy_consumption": 5.45800325759992, "selected": false, "client_name": "sta9"}
2026-06-30 17:46:11,133 - METRIC - INFO - mean_accuracy: 0.9352559176358309

2026-06-30 17:46:11,133 - METRIC - INFO - round: 10
2026-06-30 17:46:11,133 - METRIC - INFO - n_selected: 11
2026-06-30 17:46:11,133 - METRIC - INFO - {"selected_trainers": ["sta0", "sta1", "sta10", "sta2", "sta3", "sta4", "sta5", "sta6", "sta7", "sta8", "sta9"]}
2026-06-30 17:46:21,435 - EXECUT - INFO - received weights from trainer sta3!
2026-06-30 17:46:21,476 - EXECUT - INFO - received weights from trainer sta7!
2026-06-30 17:46:21,541 - EXECUT - INFO - received weights from trainer sta4!
2026-06-30 17:46:21,576 - EXECUT - INFO - received weights from trainer sta2!
2026-06-30 17:46:21,610 - EXECUT - INFO - received weights from trainer sta0!
2026-06-30 17:46:21,641 - EXECUT - INFO - received weights from trainer sta6!
2026-06-30 17:46:21,673 - EXECUT - INFO - received weights from trainer sta5!
2026-06-30 17:46:21,704 - EXECUT - INFO - received weights from trainer sta1!
2026-06-30 17:46:23,153 - EXECUT - INFO - received weights from trainer sta10!
2026-06-30 17:46:23,235 - EXECUT - INFO - received weights from trainer sta9!
2026-06-30 17:46:23,270 - EXECUT - INFO - received weights from trainer sta8!
2026-06-30 17:46:24,776 - EXECUT - INFO - sent aggregated weights to trainers!
2026-06-30 17:46:25,441 - METRIC - INFO - {"loss": 0.1941811889410019, "accuracy": 0.9418767690658569, "energy_consumption": 6.365053780465248, "selected": false, "client_name": "sta1"}
2026-06-30 17:46:25,453 - METRIC - INFO - {"loss": 0.17989638447761536, "accuracy": 0.9453781247138977, "energy_consumption": 6.998956630067123, "selected": false, "client_name": "sta2"}
2026-06-30 17:46:25,506 - METRIC - INFO - {"loss": 0.19948120415210724, "accuracy": 0.9425770044326782, "energy_consumption": 7.310304152225736, "selected": false, "client_name": "sta3"}
2026-06-30 17:46:25,509 - METRIC - INFO - {"loss": 0.2037784606218338, "accuracy": 0.9369747638702393, "energy_consumption": 7.023574580650225, "selected": false, "client_name": "sta4"}
2026-06-30 17:46:25,518 - METRIC - INFO - {"loss": 0.20264065265655518, "accuracy": 0.9439775943756104, "energy_consumption": 6.332953195836238, "selected": false, "client_name": "sta0"}
2026-06-30 17:46:25,528 - METRIC - INFO - {"loss": 0.17964808642864227, "accuracy": 0.9502801299095154, "energy_consumption": 5.913860766968249, "selected": false, "client_name": "sta6"}
2026-06-30 17:46:25,560 - METRIC - INFO - {"loss": 0.18869653344154358, "accuracy": 0.9390756487846375, "energy_consumption": 5.799508137316487, "selected": false, "client_name": "sta7"}
2026-06-30 17:46:25,568 - METRIC - INFO - {"loss": 0.15167391300201416, "accuracy": 0.9579831957817078, "energy_consumption": 6.36061708440495, "selected": false, "client_name": "sta5"}
2026-06-30 17:46:25,577 - METRIC - INFO - {"loss": 0.1603359580039978, "accuracy": 0.9530812501907349, "energy_consumption": 5.982725795513274, "selected": false, "client_name": "sta8"}
2026-06-30 17:46:25,585 - METRIC - INFO - {"loss": 0.20194216072559357, "accuracy": 0.9425770044326782, "energy_consumption": 5.970041926718244, "selected": false, "client_name": "sta10"}
2026-06-30 17:46:25,592 - METRIC - INFO - {"loss": 0.22385120391845703, "accuracy": 0.9313725233078003, "energy_consumption": 5.8857833213550785, "selected": false, "client_name": "sta9"}
2026-06-30 17:46:25,779 - METRIC - INFO - mean_accuracy: 0.9441049098968506

2026-06-30 17:46:25,779 - METRIC - INFO - round: 11
2026-06-30 17:46:25,779 - METRIC - INFO - n_selected: 11
2026-06-30 17:46:25,779 - METRIC - INFO - {"selected_trainers": ["sta0", "sta1", "sta10", "sta2", "sta3", "sta4", "sta5", "sta6", "sta7", "sta8", "sta9"]}
2026-06-30 17:46:36,050 - EXECUT - INFO - received weights from trainer sta4!
2026-06-30 17:46:36,086 - EXECUT - INFO - received weights from trainer sta2!
2026-06-30 17:46:36,127 - EXECUT - INFO - received weights from trainer sta3!
2026-06-30 17:46:36,162 - EXECUT - INFO - received weights from trainer sta7!
2026-06-30 17:46:36,198 - EXECUT - INFO - received weights from trainer sta0!
2026-06-30 17:46:36,231 - EXECUT - INFO - received weights from trainer sta5!
2026-06-30 17:46:36,263 - EXECUT - INFO - received weights from trainer sta1!
2026-06-30 17:46:36,294 - EXECUT - INFO - received weights from trainer sta6!
2026-06-30 17:46:37,746 - EXECUT - INFO - received weights from trainer sta9!
2026-06-30 17:46:37,854 - EXECUT - INFO - received weights from trainer sta10!
2026-06-30 17:46:37,885 - EXECUT - INFO - received weights from trainer sta8!
2026-06-30 17:46:39,420 - EXECUT - INFO - sent aggregated weights to trainers!
2026-06-30 17:46:40,061 - METRIC - INFO - {"loss": 0.17197926342487335, "accuracy": 0.9481792449951172, "energy_consumption": 6.674318287868951, "selected": false, "client_name": "sta1"}
2026-06-30 17:46:40,106 - METRIC - INFO - {"loss": 0.16174547374248505, "accuracy": 0.9579831957817078, "energy_consumption": 6.217939885569998, "selected": false, "client_name": "sta6"}
2026-06-30 17:46:40,117 - METRIC - INFO - {"loss": 0.16108475625514984, "accuracy": 0.9516806602478027, "energy_consumption": 7.3018680762263815, "selected": false, "client_name": "sta2"}
2026-06-30 17:46:40,121 - METRIC - INFO - {"loss": 0.17944981157779694, "accuracy": 0.9460784196853638, "energy_consumption": 7.6180592310664155, "selected": false, "client_name": "sta3"}
2026-06-30 17:46:40,140 - METRIC - INFO - {"loss": 0.18372637033462524, "accuracy": 0.9460784196853638, "energy_consumption": 7.328161690962651, "selected": false, "client_name": "sta4"}
2026-06-30 17:46:40,162 - METRIC - INFO - {"loss": 0.1669183075428009, "accuracy": 0.9439775943756104, "energy_consumption": 6.09894329696187, "selected": false, "client_name": "sta7"}
2026-06-30 17:46:40,180 - METRIC - INFO - {"loss": 0.13336534798145294, "accuracy": 0.9649859666824341, "energy_consumption": 6.671345697482299, "selected": false, "client_name": "sta5"}
2026-06-30 17:46:40,197 - METRIC - INFO - {"loss": 0.18220442533493042, "accuracy": 0.9502801299095154, "energy_consumption": 6.802543535715867, "selected": false, "client_name": "sta0"}
2026-06-30 17:46:40,207 - METRIC - INFO - {"loss": 0.14273124933242798, "accuracy": 0.9558823704719543, "energy_consumption": 6.295124697924764, "selected": false, "client_name": "sta8"}
2026-06-30 17:46:40,220 - METRIC - INFO - {"loss": 0.179490327835083, "accuracy": 0.9502801299095154, "energy_consumption": 6.433064235046957, "selected": false, "client_name": "sta10"}
2026-06-30 17:46:40,222 - METRIC - INFO - {"loss": 0.19921407103538513, "accuracy": 0.9404761791229248, "energy_consumption": 6.200724865893284, "selected": false, "client_name": "sta9"}
2026-06-30 17:46:40,423 - METRIC - INFO - mean_accuracy: 0.9505347555333917

2026-06-30 17:46:40,423 - METRIC - INFO - round: 12
2026-06-30 17:46:40,423 - METRIC - INFO - n_selected: 11
2026-06-30 17:46:40,423 - METRIC - INFO - {"selected_trainers": ["sta0", "sta1", "sta10", "sta2", "sta3", "sta4", "sta5", "sta6", "sta7", "sta8", "sta9"]}
2026-06-30 17:46:50,070 - EXECUT - INFO - received weights from trainer sta0!
2026-06-30 17:46:50,105 - EXECUT - INFO - received weights from trainer sta2!
2026-06-30 17:46:50,143 - EXECUT - INFO - received weights from trainer sta6!
2026-06-30 17:46:50,176 - EXECUT - INFO - received weights from trainer sta5!
2026-06-30 17:46:50,209 - EXECUT - INFO - received weights from trainer sta4!
2026-06-30 17:46:50,241 - EXECUT - INFO - received weights from trainer sta7!
2026-06-30 17:46:50,270 - EXECUT - INFO - received weights from trainer sta1!
2026-06-30 17:46:50,299 - EXECUT - INFO - received weights from trainer sta3!
2026-06-30 17:46:51,755 - EXECUT - INFO - received weights from trainer sta9!
2026-06-30 17:46:51,787 - EXECUT - INFO - received weights from trainer sta8!
2026-06-30 17:46:51,819 - EXECUT - INFO - received weights from trainer sta10!
2026-06-30 17:46:53,044 - EXECUT - INFO - sent aggregated weights to trainers!
2026-06-30 17:46:53,639 - METRIC - INFO - {"loss": 0.1451643854379654, "accuracy": 0.9579831957817078, "energy_consumption": 7.614844532724645, "selected": false, "client_name": "sta2"}
2026-06-30 17:46:53,642 - METRIC - INFO - {"loss": 0.16447150707244873, "accuracy": 0.9558823704719543, "energy_consumption": 7.623483180740215, "selected": false, "client_name": "sta4"}
2026-06-30 17:46:53,646 - METRIC - INFO - {"loss": 0.15106084942817688, "accuracy": 0.9537814855575562, "energy_consumption": 7.149917025546597, "selected": false, "client_name": "sta1"}
2026-06-30 17:46:53,656 - METRIC - INFO - {"loss": 0.16249659657478333, "accuracy": 0.9516806602478027, "energy_consumption": 7.9377803563261065, "selected": false, "client_name": "sta3"}
2026-06-30 17:46:53,668 - METRIC - INFO - {"loss": 0.1469077616930008, "accuracy": 0.9572829008102417, "energy_consumption": 6.532014347676368, "selected": false, "client_name": "sta6"}
2026-06-30 17:46:53,693 - METRIC - INFO - {"loss": 0.14852994680404663, "accuracy": 0.9544817805290222, "energy_consumption": 6.404615881358945, "selected": false, "client_name": "sta7"}
2026-06-30 17:46:53,710 - METRIC - INFO - {"loss": 0.11782027035951614, "accuracy": 0.970588207244873, "energy_consumption": 6.998771876792077, "selected": false, "client_name": "sta5"}
2026-06-30 17:46:53,729 - METRIC - INFO - {"loss": 0.16446329653263092, "accuracy": 0.9544817805290222, "energy_consumption": 7.120448591192196, "selected": false, "client_name": "sta0"}
2026-06-30 17:46:53,741 - METRIC - INFO - {"loss": 0.12764425575733185, "accuracy": 0.9621848464012146, "energy_consumption": 6.61336544457256, "selected": false, "client_name": "sta8"}
2026-06-30 17:46:53,753 - METRIC - INFO - {"loss": 0.17921146750450134, "accuracy": 0.9467787146568298, "energy_consumption": 6.517242825188877, "selected": false, "client_name": "sta9"}
2026-06-30 17:46:53,760 - METRIC - INFO - {"loss": 0.1621001809835434, "accuracy": 0.9537814855575562, "energy_consumption": 6.745876472845072, "selected": false, "client_name": "sta10"}
2026-06-30 17:46:54,045 - METRIC - INFO - mean_accuracy: 0.9562643116170709

2026-06-30 17:46:54,045 - METRIC - INFO - round: 13
2026-06-30 17:46:54,045 - METRIC - INFO - n_selected: 11
2026-06-30 17:46:54,045 - METRIC - INFO - {"selected_trainers": ["sta0", "sta1", "sta10", "sta2", "sta3", "sta4", "sta5", "sta6", "sta7", "sta8", "sta9"]}
2026-06-30 17:47:03,678 - EXECUT - INFO - received weights from trainer sta7!
2026-06-30 17:47:03,707 - EXECUT - INFO - received weights from trainer sta3!
2026-06-30 17:47:03,743 - EXECUT - INFO - received weights from trainer sta2!
2026-06-30 17:47:03,772 - EXECUT - INFO - received weights from trainer sta6!
2026-06-30 17:47:03,801 - EXECUT - INFO - received weights from trainer sta5!
2026-06-30 17:47:03,830 - EXECUT - INFO - received weights from trainer sta0!
2026-06-30 17:47:03,859 - EXECUT - INFO - received weights from trainer sta4!
2026-06-30 17:47:04,563 - EXECUT - INFO - received weights from trainer sta1!
2026-06-30 17:47:05,265 - EXECUT - INFO - received weights from trainer sta8!
2026-06-30 17:47:05,367 - EXECUT - INFO - received weights from trainer sta9!
2026-06-30 17:47:05,413 - EXECUT - INFO - received weights from trainer sta10!
2026-06-30 17:47:06,645 - EXECUT - INFO - sent aggregated weights to trainers!
2026-06-30 17:47:07,293 - METRIC - INFO - {"loss": 0.1326729655265808, "accuracy": 0.9621848464012146, "energy_consumption": 6.866523090763405, "selected": false, "client_name": "sta6"}
2026-06-30 17:47:07,293 - METRIC - INFO - {"loss": 0.1338144838809967, "accuracy": 0.9600840210914612, "energy_consumption": 7.478164818237305, "selected": false, "client_name": "sta1"}
2026-06-30 17:47:07,308 - METRIC - INFO - {"loss": 0.1499781608581543, "accuracy": 0.9558823704719543, "energy_consumption": 8.440646259617496, "selected": false, "client_name": "sta3"}
2026-06-30 17:47:07,311 - METRIC - INFO - {"loss": 0.13623814284801483, "accuracy": 0.9614846110343933, "energy_consumption": 8.120323344884111, "selected": false, "client_name": "sta2"}
2026-06-30 17:47:07,317 - METRIC - INFO - {"loss": 0.10574489086866379, "accuracy": 0.9754902124404907, "energy_consumption": 7.334072038794811, "selected": false, "client_name": "sta5"}
2026-06-30 17:47:07,341 - METRIC - INFO - {"loss": 0.15210437774658203, "accuracy": 0.9558823704719543, "energy_consumption": 7.451074713772082, "selected": false, "client_name": "sta0"}
2026-06-30 17:47:07,342 - METRIC - INFO - {"loss": 0.15057925879955292, "accuracy": 0.9572829008102417, "energy_consumption": 7.948274478575425, "selected": false, "client_name": "sta4"}
2026-06-30 17:47:07,358 - METRIC - INFO - {"loss": 0.1341383457183838, "accuracy": 0.9579831957817078, "energy_consumption": 6.739228649731294, "selected": false, "client_name": "sta7"}
2026-06-30 17:47:07,377 - METRIC - INFO - {"loss": 0.11629217118024826, "accuracy": 0.9656862616539001, "energy_consumption": 6.949471001540314, "selected": false, "client_name": "sta8"}
2026-06-30 17:47:07,384 - METRIC - INFO - {"loss": 0.14693355560302734, "accuracy": 0.9607843160629272, "energy_consumption": 7.077601201413517, "selected": false, "client_name": "sta10"}
2026-06-30 17:47:07,397 - METRIC - INFO - {"loss": 0.1616133600473404, "accuracy": 0.9502801299095154, "energy_consumption": 6.849800289533395, "selected": false, "client_name": "sta9"}
2026-06-30 17:47:07,646 - METRIC - INFO - mean_accuracy: 0.9602750214663419

2026-06-30 17:47:07,646 - METRIC - INFO - round: 14
2026-06-30 17:47:07,646 - METRIC - INFO - n_selected: 11
2026-06-30 17:47:07,646 - METRIC - INFO - {"selected_trainers": ["sta0", "sta1", "sta10", "sta2", "sta3", "sta4", "sta5", "sta6", "sta7", "sta8", "sta9"]}
2026-06-30 17:47:16,666 - EXECUT - INFO - received weights from trainer sta0!
2026-06-30 17:47:16,739 - EXECUT - INFO - received weights from trainer sta5!
2026-06-30 17:47:16,776 - EXECUT - INFO - received weights from trainer sta4!
2026-06-30 17:47:16,807 - EXECUT - INFO - received weights from trainer sta1!
2026-06-30 17:47:16,837 - EXECUT - INFO - received weights from trainer sta2!
2026-06-30 17:47:16,868 - EXECUT - INFO - received weights from trainer sta7!
2026-06-30 17:47:16,896 - EXECUT - INFO - received weights from trainer sta6!
2026-06-30 17:47:18,166 - EXECUT - INFO - received weights from trainer sta3!
2026-06-30 17:47:18,334 - EXECUT - INFO - received weights from trainer sta10!
2026-06-30 17:47:18,364 - EXECUT - INFO - received weights from trainer sta8!
2026-06-30 17:47:28,399 - EXECUT - INFO - received weights from trainer sta9!
2026-06-30 17:47:29,210 - EXECUT - INFO - sent aggregated weights to trainers!
2026-06-30 17:47:29,805 - METRIC - INFO - {"loss": 0.12550735473632812, "accuracy": 0.9621848464012146, "energy_consumption": 8.790211606051706, "selected": false, "client_name": "sta2"}
2026-06-30 17:47:29,815 - METRIC - INFO - {"loss": 0.12018870562314987, "accuracy": 0.9614846110343933, "energy_consumption": 8.14913730808951, "selected": false, "client_name": "sta1"}
2026-06-30 17:47:29,842 - METRIC - INFO - {"loss": 0.12369292974472046, "accuracy": 0.9614846110343933, "energy_consumption": 7.421868781140183, "selected": false, "client_name": "sta7"}
2026-06-30 17:47:29,852 - METRIC - INFO - {"loss": 0.136060431599617, "accuracy": 0.9621848464012146, "energy_consumption": 8.627518476122518, "selected": false, "client_name": "sta4"}
2026-06-30 17:47:29,866 - METRIC - INFO - {"loss": 0.12271817773580551, "accuracy": 0.9677870869636536, "energy_consumption": 7.554392612307172, "selected": false, "client_name": "sta6"}
2026-06-30 17:47:29,873 - METRIC - INFO - {"loss": 0.13855385780334473, "accuracy": 0.9586834907531738, "energy_consumption": 9.111732966780206, "selected": false, "client_name": "sta3"}
2026-06-30 17:47:29,911 - METRIC - INFO - {"loss": 0.09593494236469269, "accuracy": 0.9768907427787781, "energy_consumption": 8.029194191299538, "selected": false, "client_name": "sta5"}
2026-06-30 17:47:29,918 - METRIC - INFO - {"loss": 0.1382249891757965, "accuracy": 0.9621848464012146, "energy_consumption": 8.140277872349449, "selected": false, "client_name": "sta0"}
2026-06-30 17:47:29,920 - METRIC - INFO - {"loss": 0.10645449906587601, "accuracy": 0.9670868515968323, "energy_consumption": 7.634388818151719, "selected": false, "client_name": "sta8"}
2026-06-30 17:47:29,924 - METRIC - INFO - {"loss": 0.13410906493663788, "accuracy": 0.9628851413726807, "energy_consumption": 7.767693695024274, "selected": false, "client_name": "sta10"}
2026-06-30 17:47:29,941 - METRIC - INFO - {"loss": 0.14847959578037262, "accuracy": 0.9565826058387756, "energy_consumption": 7.5348486721023, "selected": false, "client_name": "sta9"}
2026-06-30 17:47:30,213 - METRIC - INFO - mean_accuracy: 0.9635854255069386

2026-06-30 17:47:30,213 - METRIC - INFO - round: 15
2026-06-30 17:47:30,213 - METRIC - INFO - n_selected: 11
2026-06-30 17:47:30,213 - METRIC - INFO - {"selected_trainers": ["sta0", "sta1", "sta10", "sta2", "sta3", "sta4", "sta5", "sta6", "sta7", "sta8", "sta9"]}
2026-06-30 17:47:39,305 - EXECUT - INFO - received weights from trainer sta4!
2026-06-30 17:47:39,337 - EXECUT - INFO - received weights from trainer sta2!
2026-06-30 17:47:39,370 - EXECUT - INFO - received weights from trainer sta3!
2026-06-30 17:47:39,398 - EXECUT - INFO - received weights from trainer sta6!
2026-06-30 17:47:39,425 - EXECUT - INFO - received weights from trainer sta5!
2026-06-30 17:47:39,452 - EXECUT - INFO - received weights from trainer sta7!
2026-06-30 17:47:40,697 - EXECUT - INFO - received weights from trainer sta1!
2026-06-30 17:47:40,724 - EXECUT - INFO - received weights from trainer sta0!
2026-06-30 17:47:40,819 - EXECUT - INFO - received weights from trainer sta8!
2026-06-30 17:47:40,849 - EXECUT - INFO - received weights from trainer sta9!
2026-06-30 17:47:40,918 - EXECUT - INFO - received weights from trainer sta10!
2026-06-30 17:47:41,792 - EXECUT - INFO - sent aggregated weights to trainers!
2026-06-30 17:47:42,363 - METRIC - INFO - {"loss": 0.11192541569471359, "accuracy": 0.9656862616539001, "energy_consumption": 8.490405620478585, "selected": false, "client_name": "sta1"}
2026-06-30 17:47:42,387 - METRIC - INFO - {"loss": 0.12908102571964264, "accuracy": 0.9635854363441467, "energy_consumption": 9.455733195321242, "selected": false, "client_name": "sta3"}
2026-06-30 17:47:42,397 - METRIC - INFO - {"loss": 0.12553377449512482, "accuracy": 0.9642857313156128, "energy_consumption": 9.154668042459866, "selected": false, "client_name": "sta4"}
2026-06-30 17:47:42,404 - METRIC - INFO - {"loss": 0.1136387437582016, "accuracy": 0.9677870869636536, "energy_consumption": 9.144011205563631, "selected": false, "client_name": "sta2"}
2026-06-30 17:47:42,439 - METRIC - INFO - {"loss": 0.11484923213720322, "accuracy": 0.9684873819351196, "energy_consumption": 7.90813529308808, "selected": false, "client_name": "sta6"}
2026-06-30 17:47:42,443 - METRIC - INFO - {"loss": 0.11301417648792267, "accuracy": 0.9656862616539001, "energy_consumption": 7.778654079058184, "selected": false, "client_name": "sta7"}
2026-06-30 17:47:42,483 - METRIC - INFO - {"loss": 0.12678629159927368, "accuracy": 0.9635854363441467, "energy_consumption": 8.494702328903097, "selected": false, "client_name": "sta0"}
2026-06-30 17:47:42,488 - METRIC - INFO - {"loss": 0.09773225337266922, "accuracy": 0.9684873819351196, "energy_consumption": 7.992907308660231, "selected": false, "client_name": "sta8"}
2026-06-30 17:47:42,494 - METRIC - INFO - {"loss": 0.13889329135417938, "accuracy": 0.9614846110343933, "energy_consumption": 7.896525774264111, "selected": false, "client_name": "sta9"}
2026-06-30 17:47:42,496 - METRIC - INFO - {"loss": 0.09048919379711151, "accuracy": 0.982492983341217, "energy_consumption": 8.562939294571306, "selected": false, "client_name": "sta5"}
2026-06-30 17:47:42,503 - METRIC - INFO - {"loss": 0.12525002658367157, "accuracy": 0.9670868515968323, "energy_consumption": 8.127608433710423, "selected": false, "client_name": "sta10"}
2026-06-30 17:47:42,793 - METRIC - INFO - mean_accuracy: 0.9671504931016401

2026-06-30 17:47:42,793 - METRIC - INFO - round: 16
2026-06-30 17:47:42,793 - METRIC - INFO - n_selected: 11
2026-06-30 17:47:42,793 - METRIC - INFO - {"selected_trainers": ["sta0", "sta1", "sta10", "sta2", "sta3", "sta4", "sta5", "sta6", "sta7", "sta8", "sta9"]}
2026-06-30 17:47:51,381 - EXECUT - INFO - received weights from trainer sta4!
2026-06-30 17:47:51,415 - EXECUT - INFO - received weights from trainer sta0!
2026-06-30 17:47:51,442 - EXECUT - INFO - received weights from trainer sta3!
2026-06-30 17:47:51,473 - EXECUT - INFO - received weights from trainer sta5!
2026-06-30 17:47:51,499 - EXECUT - INFO - received weights from trainer sta1!
2026-06-30 17:47:51,525 - EXECUT - INFO - received weights from trainer sta6!
2026-06-30 17:47:51,551 - EXECUT - INFO - received weights from trainer sta7!
2026-06-30 17:47:51,576 - EXECUT - INFO - received weights from trainer sta2!
2026-06-30 17:47:52,825 - EXECUT - INFO - received weights from trainer sta8!
2026-06-30 17:47:52,854 - EXECUT - INFO - received weights from trainer sta10!
2026-06-30 17:47:52,916 - EXECUT - INFO - received weights from trainer sta9!
2026-06-30 17:47:54,323 - EXECUT - INFO - sent aggregated weights to trainers!
2026-06-30 17:47:54,892 - METRIC - INFO - {"loss": 0.10644958913326263, "accuracy": 0.9691876769065857, "energy_consumption": 9.505305390327829, "selected": false, "client_name": "sta2"}
2026-06-30 17:47:54,906 - METRIC - INFO - {"loss": 0.10294794291257858, "accuracy": 0.9684873819351196, "energy_consumption": 8.85204750212725, "selected": false, "client_name": "sta1"}
2026-06-30 17:47:54,924 - METRIC - INFO - {"loss": 0.11638451367616653, "accuracy": 0.970588207244873, "energy_consumption": 9.504533822994384, "selected": false, "client_name": "sta4"}
2026-06-30 17:47:54,927 - METRIC - INFO - {"loss": 0.10391265153884888, "accuracy": 0.9691876769065857, "energy_consumption": 8.143915265900516, "selected": false, "client_name": "sta7"}
2026-06-30 17:47:54,928 - METRIC - INFO - {"loss": 0.12083004415035248, "accuracy": 0.9649859666824341, "energy_consumption": 9.814914132967276, "selected": false, "client_name": "sta3"}
2026-06-30 17:47:54,951 - METRIC - INFO - {"loss": 0.10650337487459183, "accuracy": 0.9691876769065857, "energy_consumption": 8.439550125955734, "selected": false, "client_name": "sta6"}
2026-06-30 17:47:54,953 - METRIC - INFO - {"loss": 0.0836610496044159, "accuracy": 0.9831932783126831, "energy_consumption": 8.92298135756948, "selected": false, "client_name": "sta5"}
2026-06-30 17:47:54,992 - METRIC - INFO - {"loss": 0.12035679817199707, "accuracy": 0.9656862616539001, "energy_consumption": 8.858131044027813, "selected": false, "client_name": "sta0"}
2026-06-30 17:47:55,009 - METRIC - INFO - {"loss": 0.11403695493936539, "accuracy": 0.9698879718780518, "energy_consumption": 8.492477060636961, "selected": false, "client_name": "sta10"}
2026-06-30 17:47:55,119 - METRIC - INFO - {"loss": 0.09080897271633148, "accuracy": 0.9712885022163391, "energy_consumption": 8.358680323503279, "selected": false, "client_name": "sta8"}
2026-06-30 17:47:55,143 - METRIC - INFO - {"loss": 0.12809830904006958, "accuracy": 0.9656862616539001, "energy_consumption": 8.262438183519667, "selected": false, "client_name": "sta9"}
2026-06-30 17:47:55,326 - METRIC - INFO - mean_accuracy: 0.9697606238451871

2026-06-30 17:47:55,326 - METRIC - INFO - round: 17
2026-06-30 17:47:55,326 - METRIC - INFO - n_selected: 11
2026-06-30 17:47:55,326 - METRIC - INFO - {"selected_trainers": ["sta0", "sta1", "sta10", "sta2", "sta3", "sta4", "sta5", "sta6", "sta7", "sta8", "sta9"]}
2026-06-30 17:48:03,957 - EXECUT - INFO - received weights from trainer sta1!
2026-06-30 17:48:03,984 - EXECUT - INFO - received weights from trainer sta3!
2026-06-30 17:48:04,010 - EXECUT - INFO - received weights from trainer sta7!
2026-06-30 17:48:04,041 - EXECUT - INFO - received weights from trainer sta6!
2026-06-30 17:48:04,067 - EXECUT - INFO - received weights from trainer sta5!
2026-06-30 17:48:04,092 - EXECUT - INFO - received weights from trainer sta0!
2026-06-30 17:48:04,118 - EXECUT - INFO - received weights from trainer sta4!
2026-06-30 17:48:04,144 - EXECUT - INFO - received weights from trainer sta2!
2026-06-30 17:48:05,279 - EXECUT - INFO - received weights from trainer sta8!
2026-06-30 17:48:05,356 - EXECUT - INFO - received weights from trainer sta9!
2026-06-30 17:48:05,853 - EXECUT - INFO - received weights from trainer sta10!
2026-06-30 17:48:06,850 - EXECUT - INFO - sent aggregated weights to trainers!
2026-06-30 17:48:07,366 - METRIC - INFO - {"loss": 0.09318320453166962, "accuracy": 0.9719887971878052, "energy_consumption": 9.225383124375316, "selected": false, "client_name": "sta1"}
2026-06-30 17:48:07,441 - METRIC - INFO - {"loss": 0.11260681599378586, "accuracy": 0.9677870869636536, "energy_consumption": 9.236945069142957, "selected": false, "client_name": "sta0"}
2026-06-30 17:48:07,494 - METRIC - INFO - {"loss": 0.1057470515370369, "accuracy": 0.9684873819351196, "energy_consumption": 8.87332790438231, "selected": false, "client_name": "sta10"}
2026-06-30 17:48:07,494 - METRIC - INFO - {"loss": 0.08551326394081116, "accuracy": 0.9740896224975586, "energy_consumption": 8.93265294371061, "selected": false, "client_name": "sta8"}
2026-06-30 17:48:07,502 - METRIC - INFO - {"loss": 0.12048138678073883, "accuracy": 0.9670868515968323, "energy_consumption": 8.833556574161861, "selected": false, "client_name": "sta9"}
2026-06-30 17:48:07,515 - METRIC - INFO - {"loss": 0.10264775156974792, "accuracy": 0.9698879718780518, "energy_consumption": 9.86652727598005, "selected": false, "client_name": "sta2"}
2026-06-30 17:48:07,543 - METRIC - INFO - {"loss": 0.10980478674173355, "accuracy": 0.970588207244873, "energy_consumption": 9.874349664060244, "selected": false, "client_name": "sta4"}
2026-06-30 17:48:07,557 - METRIC - INFO - {"loss": 0.09974208474159241, "accuracy": 0.9719887971878052, "energy_consumption": 8.808562561770549, "selected": false, "client_name": "sta6"}
2026-06-30 17:48:07,559 - METRIC - INFO - {"loss": 0.11427661776542664, "accuracy": 0.9691876769065857, "energy_consumption": 10.187976625408067, "selected": false, "client_name": "sta3"}
2026-06-30 17:48:07,561 - METRIC - INFO - {"loss": 0.09800532460212708, "accuracy": 0.9726890921592712, "energy_consumption": 8.721614243862804, "selected": false, "client_name": "sta7"}
2026-06-30 17:48:07,569 - METRIC - INFO - {"loss": 0.07771140336990356, "accuracy": 0.9845938086509705, "energy_consumption": 9.301294196645246, "selected": false, "client_name": "sta5"}
2026-06-30 17:48:07,853 - METRIC - INFO - mean_accuracy: 0.9716704812916842

2026-06-30 17:48:07,853 - METRIC - INFO - round: 18
2026-06-30 17:48:07,853 - METRIC - INFO - n_selected: 11
2026-06-30 17:48:07,853 - METRIC - INFO - {"selected_trainers": ["sta0", "sta1", "sta10", "sta2", "sta3", "sta4", "sta5", "sta6", "sta7", "sta8", "sta9"]}
2026-06-30 17:48:16,347 - EXECUT - INFO - received weights from trainer sta1!
2026-06-30 17:48:16,372 - EXECUT - INFO - received weights from trainer sta3!
2026-06-30 17:48:16,397 - EXECUT - INFO - received weights from trainer sta5!
2026-06-30 17:48:16,426 - EXECUT - INFO - received weights from trainer sta4!
2026-06-30 17:48:16,451 - EXECUT - INFO - received weights from trainer sta6!
2026-06-30 17:48:16,475 - EXECUT - INFO - received weights from trainer sta2!
2026-06-30 17:48:16,503 - EXECUT - INFO - received weights from trainer sta7!
2026-06-30 17:48:17,908 - EXECUT - INFO - received weights from trainer sta8!
2026-06-30 17:48:17,936 - EXECUT - INFO - received weights from trainer sta9!
2026-06-30 17:48:18,328 - EXECUT - INFO - received weights from trainer sta0!
2026-06-30 17:48:18,377 - EXECUT - INFO - received weights from trainer sta10!
2026-06-30 17:48:19,385 - EXECUT - INFO - sent aggregated weights to trainers!
2026-06-30 17:48:19,939 - METRIC - INFO - {"loss": 0.08742907643318176, "accuracy": 0.9740896224975586, "energy_consumption": 9.615385706914731, "selected": false, "client_name": "sta1"}
2026-06-30 17:48:19,960 - METRIC - INFO - {"loss": 0.09783831983804703, "accuracy": 0.9691876769065857, "energy_consumption": 10.248199047627182, "selected": false, "client_name": "sta2"}
2026-06-30 17:48:19,975 - METRIC - INFO - {"loss": 0.09181708097457886, "accuracy": 0.9726890921592712, "energy_consumption": 9.103977038288138, "selected": false, "client_name": "sta7"}
2026-06-30 17:48:19,984 - METRIC - INFO - {"loss": 0.10846182703971863, "accuracy": 0.970588207244873, "energy_consumption": 10.564539746671864, "selected": false, "client_name": "sta3"}
2026-06-30 17:48:19,989 - METRIC - INFO - {"loss": 0.10233432054519653, "accuracy": 0.9733893275260925, "energy_consumption": 10.257258494236181, "selected": false, "client_name": "sta4"}
2026-06-30 17:48:19,999 - METRIC - INFO - {"loss": 0.09461431950330734, "accuracy": 0.9719887971878052, "energy_consumption": 9.179361191090512, "selected": false, "client_name": "sta6"}
2026-06-30 17:48:20,045 - METRIC - INFO - {"loss": 0.10845974087715149, "accuracy": 0.9670868515968323, "energy_consumption": 9.82289138152599, "selected": false, "client_name": "sta0"}
2026-06-30 17:48:20,055 - METRIC - INFO - {"loss": 0.08089501410722733, "accuracy": 0.9782913327217102, "energy_consumption": 9.312613712630942, "selected": false, "client_name": "sta8"}
2026-06-30 17:48:20,059 - METRIC - INFO - {"loss": 0.09842102974653244, "accuracy": 0.970588207244873, "energy_consumption": 9.450646774154688, "selected": false, "client_name": "sta10"}
2026-06-30 17:48:20,059 - METRIC - INFO - {"loss": 0.07360224425792694, "accuracy": 0.9845938086509705, "energy_consumption": 9.679222924007522, "selected": false, "client_name": "sta5"}
2026-06-30 17:48:20,062 - METRIC - INFO - {"loss": 0.11439058184623718, "accuracy": 0.9684873819351196, "energy_consumption": 9.216291701760364, "selected": false, "client_name": "sta9"}
2026-06-30 17:48:20,387 - METRIC - INFO - mean_accuracy: 0.9728163914246992

2026-06-30 17:48:20,387 - METRIC - INFO - round: 19
2026-06-30 17:48:20,387 - METRIC - INFO - n_selected: 11
2026-06-30 17:48:20,387 - METRIC - INFO - {"selected_trainers": ["sta0", "sta1", "sta10", "sta2", "sta3", "sta4", "sta5", "sta6", "sta7", "sta8", "sta9"]}
2026-06-30 17:48:28,889 - EXECUT - INFO - received weights from trainer sta7!
2026-06-30 17:48:28,931 - EXECUT - INFO - received weights from trainer sta4!
2026-06-30 17:48:28,962 - EXECUT - INFO - received weights from trainer sta5!
2026-06-30 17:48:28,998 - EXECUT - INFO - received weights from trainer sta1!
2026-06-30 17:48:29,029 - EXECUT - INFO - received weights from trainer sta6!
2026-06-30 17:48:29,056 - EXECUT - INFO - received weights from trainer sta2!
2026-06-30 17:48:29,080 - EXECUT - INFO - received weights from trainer sta0!
2026-06-30 17:48:29,105 - EXECUT - INFO - received weights from trainer sta3!
2026-06-30 17:48:30,425 - EXECUT - INFO - received weights from trainer sta8!
2026-06-30 17:48:30,451 - EXECUT - INFO - received weights from trainer sta9!
2026-06-30 17:48:30,482 - EXECUT - INFO - received weights from trainer sta10!
2026-06-30 17:48:31,921 - EXECUT - INFO - sent aggregated weights to trainers!
2026-06-30 17:48:32,460 - METRIC - INFO - {"loss": 0.09011836349964142, "accuracy": 0.9712885022163391, "energy_consumption": 10.847964995459538, "selected": false, "client_name": "sta2"}
2026-06-30 17:48:32,476 - METRIC - INFO - {"loss": 0.09665898978710175, "accuracy": 0.9740896224975586, "energy_consumption": 10.653652893639602, "selected": false, "client_name": "sta4"}
2026-06-30 17:48:32,477 - METRIC - INFO - {"loss": 0.10412734746932983, "accuracy": 0.9712885022163391, "energy_consumption": 10.962324010345771, "selected": false, "client_name": "sta3"}
2026-06-30 17:48:32,481 - METRIC - INFO - {"loss": 0.06985082477331161, "accuracy": 0.9859943985939026, "energy_consumption": 10.069846280390923, "selected": false, "client_name": "sta5"}
2026-06-30 17:48:32,492 - METRIC - INFO - {"loss": 0.09012692421674728, "accuracy": 0.9740896224975586, "energy_consumption": 9.561724139654634, "selected": false, "client_name": "sta6"}
2026-06-30 17:48:32,516 - METRIC - INFO - {"loss": 0.08754468709230423, "accuracy": 0.9733893275260925, "energy_consumption": 9.50017715485488, "selected": false, "client_name": "sta7"}
2026-06-30 17:48:32,543 - METRIC - INFO - {"loss": 0.08214575797319412, "accuracy": 0.9768907427787781, "energy_consumption": 10.202186477124163, "selected": false, "client_name": "sta1"}
2026-06-30 17:48:32,559 - METRIC - INFO - {"loss": 0.07577293366193771, "accuracy": 0.9803921580314636, "energy_consumption": 9.695305584999426, "selected": false, "client_name": "sta8"}
2026-06-30 17:48:32,571 - METRIC - INFO - {"loss": 0.10641272366046906, "accuracy": 0.9698879718780518, "energy_consumption": 9.600965853799224, "selected": false, "client_name": "sta9"}
2026-06-30 17:48:32,642 - METRIC - INFO - {"loss": 0.10180839151144028, "accuracy": 0.9684873819351196, "energy_consumption": 10.211712873355031, "selected": false, "client_name": "sta0"}
2026-06-30 17:48:32,702 - METRIC - INFO - {"loss": 0.09352101385593414, "accuracy": 0.9719887971878052, "energy_consumption": 9.81409193450117, "selected": false, "client_name": "sta10"}
2026-06-30 17:48:32,924 - METRIC - INFO - mean_accuracy: 0.9743442752144553

2026-06-30 17:48:32,924 - METRIC - INFO - round: 20
2026-06-30 17:48:32,925 - METRIC - INFO - n_selected: 11
2026-06-30 17:48:32,925 - METRIC - INFO - {"selected_trainers": ["sta0", "sta1", "sta10", "sta2", "sta3", "sta4", "sta5", "sta6", "sta7", "sta8", "sta9"]}
2026-06-30 17:48:40,746 - EXECUT - INFO - received weights from trainer sta3!
2026-06-30 17:48:40,773 - EXECUT - INFO - received weights from trainer sta2!
2026-06-30 17:48:40,800 - EXECUT - INFO - received weights from trainer sta1!
2026-06-30 17:48:40,831 - EXECUT - INFO - received weights from trainer sta4!
2026-06-30 17:48:40,855 - EXECUT - INFO - received weights from trainer sta0!
2026-06-30 17:48:40,879 - EXECUT - INFO - received weights from trainer sta5!
2026-06-30 17:48:40,902 - EXECUT - INFO - received weights from trainer sta6!
2026-06-30 17:48:40,925 - EXECUT - INFO - received weights from trainer sta7!
2026-06-30 17:48:42,065 - EXECUT - INFO - received weights from trainer sta8!
2026-06-30 17:48:42,091 - EXECUT - INFO - received weights from trainer sta10!
2026-06-30 17:48:43,453 - EXECUT - INFO - received weights from trainer sta9!
2026-06-30 17:48:44,397 - EXECUT - INFO - sent aggregated weights to trainers!
2026-06-30 17:48:44,896 - METRIC - INFO - {"loss": 0.08715654909610748, "accuracy": 0.9719887971878052, "energy_consumption": 11.251424891401772, "selected": false, "client_name": "sta2"}
2026-06-30 17:48:44,905 - METRIC - INFO - {"loss": 0.09758973121643066, "accuracy": 0.9733893275260925, "energy_consumption": 11.56108081308282, "selected": false, "client_name": "sta3"}
2026-06-30 17:48:44,919 - METRIC - INFO - {"loss": 0.07710912078619003, "accuracy": 0.9768907427787781, "energy_consumption": 10.604891775423226, "selected": false, "client_name": "sta1"}
2026-06-30 17:48:44,924 - METRIC - INFO - {"loss": 0.09212154150009155, "accuracy": 0.9740896224975586, "energy_consumption": 11.240279164532206, "selected": false, "client_name": "sta4"}
2026-06-30 17:48:44,959 - METRIC - INFO - {"loss": 0.08590582758188248, "accuracy": 0.9747899174690247, "energy_consumption": 10.181911642004394, "selected": false, "client_name": "sta6"}
2026-06-30 17:48:44,973 - METRIC - INFO - {"loss": 0.09637212008237839, "accuracy": 0.9691876769065857, "energy_consumption": 10.613223959979624, "selected": false, "client_name": "sta0"}
2026-06-30 17:48:44,978 - METRIC - INFO - {"loss": 0.0663260817527771, "accuracy": 0.9845938086509705, "energy_consumption": 10.690254297214235, "selected": false, "client_name": "sta5"}
2026-06-30 17:48:44,985 - METRIC - INFO - {"loss": 0.08173482120037079, "accuracy": 0.9733893275260925, "energy_consumption": 9.906003661827077, "selected": false, "client_name": "sta7"}
2026-06-30 17:48:45,000 - METRIC - INFO - {"loss": 0.07257110625505447, "accuracy": 0.9796918630599976, "energy_consumption": 10.088091707407253, "selected": false, "client_name": "sta8"}
2026-06-30 17:48:45,010 - METRIC - INFO - {"loss": 0.10176382213830948, "accuracy": 0.9698879718780518, "energy_consumption": 9.989779073222058, "selected": false, "client_name": "sta9"}
2026-06-30 17:48:45,017 - METRIC - INFO - {"loss": 0.08647248893976212, "accuracy": 0.9740896224975586, "energy_consumption": 10.17903408231928, "selected": false, "client_name": "sta10"}
2026-06-30 17:48:45,398 - METRIC - INFO - mean_accuracy: 0.9747262434525923

2026-06-30 17:48:45,398 - METRIC - INFO - round: 21
2026-06-30 17:48:45,398 - METRIC - INFO - n_selected: 11
2026-06-30 17:48:45,398 - METRIC - INFO - {"selected_trainers": ["sta0", "sta1", "sta10", "sta2", "sta3", "sta4", "sta5", "sta6", "sta7", "sta8", "sta9"]}
2026-06-30 17:48:52,865 - EXECUT - INFO - received weights from trainer sta5!
2026-06-30 17:48:52,892 - EXECUT - INFO - received weights from trainer sta4!
2026-06-30 17:48:52,914 - EXECUT - INFO - received weights from trainer sta2!
2026-06-30 17:48:52,944 - EXECUT - INFO - received weights from trainer sta1!
2026-06-30 17:48:52,989 - EXECUT - INFO - received weights from trainer sta3!
2026-06-30 17:48:53,013 - EXECUT - INFO - received weights from trainer sta6!
2026-06-30 17:48:53,035 - EXECUT - INFO - received weights from trainer sta0!
2026-06-30 17:48:53,057 - EXECUT - INFO - received weights from trainer sta7!
2026-06-30 17:48:54,083 - EXECUT - INFO - received weights from trainer sta9!
2026-06-30 17:48:54,114 - EXECUT - INFO - received weights from trainer sta8!
2026-06-30 17:48:54,138 - EXECUT - INFO - received weights from trainer sta10!
2026-06-30 17:48:54,848 - EXECUT - INFO - sent aggregated weights to trainers!
2026-06-30 17:48:55,317 - METRIC - INFO - {"loss": 0.08479706197977066, "accuracy": 0.9719887971878052, "energy_consumption": 11.676017261392305, "selected": false, "client_name": "sta2"}
2026-06-30 17:48:55,332 - METRIC - INFO - {"loss": 0.07542867213487625, "accuracy": 0.9782913327217102, "energy_consumption": 11.030219161487844, "selected": false, "client_name": "sta1"}
2026-06-30 17:48:55,361 - METRIC - INFO - {"loss": 0.08847420662641525, "accuracy": 0.9747899174690247, "energy_consumption": 11.662477606231631, "selected": false, "client_name": "sta4"}
2026-06-30 17:48:55,365 - METRIC - INFO - {"loss": 0.07880830764770508, "accuracy": 0.9740896224975586, "energy_consumption": 10.332262230073079, "selected": false, "client_name": "sta7"}
2026-06-30 17:48:55,369 - METRIC - INFO - {"loss": 0.09412573277950287, "accuracy": 0.9740896224975586, "energy_consumption": 11.98412334866203, "selected": false, "client_name": "sta3"}
2026-06-30 17:48:55,370 - METRIC - INFO - {"loss": 0.08323164284229279, "accuracy": 0.9768907427787781, "energy_consumption": 10.622072488352426, "selected": false, "client_name": "sta6"}
2026-06-30 17:48:55,412 - METRIC - INFO - {"loss": 0.0934603288769722, "accuracy": 0.9726890921592712, "energy_consumption": 11.041918476642328, "selected": false, "client_name": "sta0"}
2026-06-30 17:48:55,419 - METRIC - INFO - {"loss": 0.06598659604787827, "accuracy": 0.9866946935653687, "energy_consumption": 11.126692156218716, "selected": false, "client_name": "sta5"}
2026-06-30 17:48:55,421 - METRIC - INFO - {"loss": 0.06946816295385361, "accuracy": 0.9803921580314636, "energy_consumption": 10.522708624790637, "selected": false, "client_name": "sta8"}
2026-06-30 17:48:55,436 - METRIC - INFO - {"loss": 0.09897202998399734, "accuracy": 0.9712885022163391, "energy_consumption": 10.426287189448079, "selected": false, "client_name": "sta9"}
2026-06-30 17:48:55,440 - METRIC - INFO - {"loss": 0.08254005014896393, "accuracy": 0.976190447807312, "energy_consumption": 10.615872487525621, "selected": false, "client_name": "sta10"}
2026-06-30 17:48:55,850 - METRIC - INFO - mean_accuracy: 0.9761268117211082

2026-06-30 17:48:55,850 - METRIC - INFO - round: 22
2026-06-30 17:48:55,850 - METRIC - INFO - n_selected: 11
2026-06-30 17:48:55,850 - METRIC - INFO - {"selected_trainers": ["sta0", "sta1", "sta10", "sta2", "sta3", "sta4", "sta5", "sta6", "sta7", "sta8", "sta9"]}
2026-06-30 17:49:03,297 - EXECUT - INFO - received weights from trainer sta7!
2026-06-30 17:49:03,327 - EXECUT - INFO - received weights from trainer sta4!
2026-06-30 17:49:03,349 - EXECUT - INFO - received weights from trainer sta1!
2026-06-30 17:49:03,372 - EXECUT - INFO - received weights from trainer sta3!
2026-06-30 17:49:03,398 - EXECUT - INFO - received weights from trainer sta0!
2026-06-30 17:49:03,420 - EXECUT - INFO - received weights from trainer sta2!
2026-06-30 17:49:03,442 - EXECUT - INFO - received weights from trainer sta5!
2026-06-30 17:49:04,545 - EXECUT - INFO - received weights from trainer sta8!
2026-06-30 17:49:04,627 - EXECUT - INFO - received weights from trainer sta10!
2026-06-30 17:49:04,651 - EXECUT - INFO - received weights from trainer sta9!
2026-06-30 17:49:06,329 - EXECUT - INFO - received weights from trainer sta6!
2026-06-30 17:49:07,299 - EXECUT - INFO - sent aggregated weights to trainers!
2026-06-30 17:49:07,768 - METRIC - INFO - {"loss": 0.08106379956007004, "accuracy": 0.9733893275260925, "energy_consumption": 12.132095617376471, "selected": false, "client_name": "sta2"}
2026-06-30 17:49:07,785 - METRIC - INFO - {"loss": 0.07140940427780151, "accuracy": 0.9796918630599976, "energy_consumption": 11.486814199686085, "selected": false, "client_name": "sta1"}
2026-06-30 17:49:07,799 - METRIC - INFO - {"loss": 0.08012747764587402, "accuracy": 0.9775910377502441, "energy_consumption": 11.069505075342477, "selected": false, "client_name": "sta6"}
2026-06-30 17:49:07,811 - METRIC - INFO - {"loss": 0.09136903285980225, "accuracy": 0.9747899174690247, "energy_consumption": 12.42837633953827, "selected": false, "client_name": "sta3"}
2026-06-30 17:49:07,815 - METRIC - INFO - {"loss": 0.08502441644668579, "accuracy": 0.9768907427787781, "energy_consumption": 12.107396179920558, "selected": false, "client_name": "sta4"}
2026-06-30 17:49:07,824 - METRIC - INFO - {"loss": 0.07517044246196747, "accuracy": 0.976190447807312, "energy_consumption": 11.008633203518885, "selected": false, "client_name": "sta7"}
2026-06-30 17:49:07,840 - METRIC - INFO - {"loss": 0.0887293592095375, "accuracy": 0.9726890921592712, "energy_consumption": 11.737660305765123, "selected": false, "client_name": "sta0"}
2026-06-30 17:49:07,865 - METRIC - INFO - {"loss": 0.06645511835813522, "accuracy": 0.9810924530029297, "energy_consumption": 11.21089900820373, "selected": false, "client_name": "sta8"}
2026-06-30 17:49:07,875 - METRIC - INFO - {"loss": 0.06123869866132736, "accuracy": 0.9859943985939026, "energy_consumption": 11.57279601236201, "selected": false, "client_name": "sta5"}
2026-06-30 17:49:07,882 - METRIC - INFO - {"loss": 0.09292465448379517, "accuracy": 0.9719887971878052, "energy_consumption": 11.120752366090393, "selected": false, "client_name": "sta9"}
2026-06-30 17:49:07,886 - METRIC - INFO - {"loss": 0.07968496531248093, "accuracy": 0.9747899174690247, "energy_consumption": 11.307893637724918, "selected": false, "client_name": "sta10"}
2026-06-30 17:49:08,302 - METRIC - INFO - mean_accuracy: 0.9768270904367621

2026-06-30 17:49:08,302 - METRIC - INFO - round: 23
2026-06-30 17:49:08,302 - METRIC - INFO - n_selected: 11
2026-06-30 17:49:08,302 - METRIC - INFO - {"selected_trainers": ["sta0", "sta1", "sta10", "sta2", "sta3", "sta4", "sta5", "sta6", "sta7", "sta8", "sta9"]}
2026-06-30 17:49:15,683 - EXECUT - INFO - received weights from trainer sta1!
2026-06-30 17:49:15,747 - EXECUT - INFO - received weights from trainer sta5!
2026-06-30 17:49:15,769 - EXECUT - INFO - received weights from trainer sta2!
2026-06-30 17:49:15,790 - EXECUT - INFO - received weights from trainer sta3!
2026-06-30 17:49:15,815 - EXECUT - INFO - received weights from trainer sta7!
2026-06-30 17:49:15,839 - EXECUT - INFO - received weights from trainer sta4!
2026-06-30 17:49:15,917 - EXECUT - INFO - received weights from trainer sta6!
2026-06-30 17:49:16,974 - EXECUT - INFO - received weights from trainer sta10!
2026-06-30 17:49:17,014 - EXECUT - INFO - received weights from trainer sta9!
2026-06-30 17:49:17,053 - EXECUT - INFO - received weights from trainer sta8!
2026-06-30 17:49:18,750 - EXECUT - INFO - received weights from trainer sta0!
2026-06-30 17:49:19,727 - EXECUT - INFO - sent aggregated weights to trainers!
2026-06-30 17:49:20,193 - METRIC - INFO - {"loss": 0.07964666187763214, "accuracy": 0.9733893275260925, "energy_consumption": 12.823271529017603, "selected": false, "client_name": "sta2"}
2026-06-30 17:49:20,204 - METRIC - INFO - {"loss": 0.08269184827804565, "accuracy": 0.9775910377502441, "energy_consumption": 12.81251283181589, "selected": false, "client_name": "sta4"}
2026-06-30 17:49:20,212 - METRIC - INFO - {"loss": 0.07868745177984238, "accuracy": 0.9782913327217102, "energy_consumption": 11.519275680628105, "selected": false, "client_name": "sta6"}
2026-06-30 17:49:20,231 - METRIC - INFO - {"loss": 0.08685857057571411, "accuracy": 0.976190447807312, "energy_consumption": 13.133205214575629, "selected": false, "client_name": "sta3"}
2026-06-30 17:49:20,259 - METRIC - INFO - {"loss": 0.0718134269118309, "accuracy": 0.9747899174690247, "energy_consumption": 11.470375675713552, "selected": false, "client_name": "sta7"}
2026-06-30 17:49:20,262 - METRIC - INFO - {"loss": 0.05991379916667938, "accuracy": 0.9866946935653687, "energy_consumption": 12.270790969855177, "selected": false, "client_name": "sta5"}
2026-06-30 17:49:20,265 - METRIC - INFO - {"loss": 0.06872706860303879, "accuracy": 0.9810924530029297, "energy_consumption": 12.183559810308807, "selected": false, "client_name": "sta1"}
2026-06-30 17:49:20,273 - METRIC - INFO - {"loss": 0.08672880381345749, "accuracy": 0.9719887971878052, "energy_consumption": 12.203135002591592, "selected": false, "client_name": "sta0"}
2026-06-30 17:49:20,292 - METRIC - INFO - {"loss": 0.06350907683372498, "accuracy": 0.9810924530029297, "energy_consumption": 11.674604640407319, "selected": false, "client_name": "sta8"}
2026-06-30 17:49:20,303 - METRIC - INFO - {"loss": 0.090953528881073, "accuracy": 0.9726890921592712, "energy_consumption": 11.58448998113652, "selected": false, "client_name": "sta9"}
2026-06-30 17:49:20,314 - METRIC - INFO - {"loss": 0.07484553754329681, "accuracy": 0.9775910377502441, "energy_consumption": 11.755299000328096, "selected": false, "client_name": "sta10"}
2026-06-30 17:49:20,729 - METRIC - INFO - mean_accuracy: 0.9774000536311757

2026-06-30 17:49:20,729 - METRIC - INFO - round: 24
2026-06-30 17:49:20,729 - METRIC - INFO - n_selected: 11
2026-06-30 17:49:20,729 - METRIC - INFO - {"selected_trainers": ["sta0", "sta1", "sta10", "sta2", "sta3", "sta4", "sta5", "sta6", "sta7", "sta8", "sta9"]}
2026-06-30 17:49:28,079 - EXECUT - INFO - received weights from trainer sta1!
2026-06-30 17:49:28,105 - EXECUT - INFO - received weights from trainer sta5!
2026-06-30 17:49:28,140 - EXECUT - INFO - received weights from trainer sta4!
2026-06-30 17:49:28,166 - EXECUT - INFO - received weights from trainer sta7!
2026-06-30 17:49:28,195 - EXECUT - INFO - received weights from trainer sta3!
2026-06-30 17:49:28,226 - EXECUT - INFO - received weights from trainer sta0!
2026-06-30 17:49:28,247 - EXECUT - INFO - received weights from trainer sta2!
2026-06-30 17:49:28,268 - EXECUT - INFO - received weights from trainer sta6!
2026-06-30 17:49:29,428 - EXECUT - INFO - received weights from trainer sta9!
2026-06-30 17:49:29,451 - EXECUT - INFO - received weights from trainer sta10!
2026-06-30 17:49:31,220 - EXECUT - INFO - received weights from trainer sta8!
2026-06-30 17:49:32,165 - EXECUT - INFO - sent aggregated weights to trainers!
2026-06-30 17:49:32,604 - METRIC - INFO - {"loss": 0.07593350112438202, "accuracy": 0.9733893275260925, "energy_consumption": 13.292299748441692, "selected": false, "client_name": "sta2"}
2026-06-30 17:49:32,604 - METRIC - INFO - {"loss": 0.08253378421068192, "accuracy": 0.9768907427787781, "energy_consumption": 13.618996443781166, "selected": false, "client_name": "sta3"}
2026-06-30 17:49:32,611 - METRIC - INFO - {"loss": 0.08031392842531204, "accuracy": 0.9768907427787781, "energy_consumption": 13.305331320615892, "selected": false, "client_name": "sta4"}
2026-06-30 17:49:32,625 - METRIC - INFO - {"loss": 0.07598933577537537, "accuracy": 0.9789915680885315, "energy_consumption": 12.232752211033374, "selected": false, "client_name": "sta6"}
2026-06-30 17:49:32,627 - METRIC - INFO - {"loss": 0.06645990908145905, "accuracy": 0.982492983341217, "energy_consumption": 12.652246321756758, "selected": false, "client_name": "sta1"}
2026-06-30 17:49:32,629 - METRIC - INFO - {"loss": 0.06975524127483368, "accuracy": 0.9782913327217102, "energy_consumption": 12.177694272696334, "selected": false, "client_name": "sta7"}
2026-06-30 17:49:32,672 - METRIC - INFO - {"loss": 0.058149803429841995, "accuracy": 0.9873949289321899, "energy_consumption": 12.757801351999179, "selected": false, "client_name": "sta5"}
2026-06-30 17:49:32,686 - METRIC - INFO - {"loss": 0.08320735394954681, "accuracy": 0.9754902124404907, "energy_consumption": 12.668645463320454, "selected": false, "client_name": "sta0"}
2026-06-30 17:49:32,716 - METRIC - INFO - {"loss": 0.06099759787321091, "accuracy": 0.9803921580314636, "energy_consumption": 12.370339434538941, "selected": false, "client_name": "sta8"}
2026-06-30 17:49:32,729 - METRIC - INFO - {"loss": 0.07358653098344803, "accuracy": 0.9782913327217102, "energy_consumption": 12.462276811834078, "selected": false, "client_name": "sta10"}
2026-06-30 17:49:32,741 - METRIC - INFO - {"loss": 0.08626262843608856, "accuracy": 0.9726890921592712, "energy_consumption": 12.289408067297506, "selected": false, "client_name": "sta9"}
2026-06-30 17:49:33,167 - METRIC - INFO - mean_accuracy: 0.9782913110472939

2026-06-30 17:49:33,167 - METRIC - INFO - round: 25
2026-06-30 17:49:33,167 - METRIC - INFO - n_selected: 11
2026-06-30 17:49:33,167 - METRIC - INFO - {"selected_trainers": ["sta0", "sta1", "sta10", "sta2", "sta3", "sta4", "sta5", "sta6", "sta7", "sta8", "sta9"]}
2026-06-30 17:49:40,048 - EXECUT - INFO - received weights from trainer sta0!
2026-06-30 17:49:40,122 - EXECUT - INFO - received weights from trainer sta2!
2026-06-30 17:49:40,147 - EXECUT - INFO - received weights from trainer sta4!
2026-06-30 17:49:40,173 - EXECUT - INFO - received weights from trainer sta6!
2026-06-30 17:49:40,200 - EXECUT - INFO - received weights from trainer sta1!
2026-06-30 17:49:40,223 - EXECUT - INFO - received weights from trainer sta5!
2026-06-30 17:49:40,245 - EXECUT - INFO - received weights from trainer sta3!
2026-06-30 17:49:40,266 - EXECUT - INFO - received weights from trainer sta7!
2026-06-30 17:49:41,241 - EXECUT - INFO - received weights from trainer sta10!
2026-06-30 17:49:41,260 - EXECUT - INFO - received weights from trainer sta8!
2026-06-30 17:49:41,280 - EXECUT - INFO - received weights from trainer sta9!
2026-06-30 17:49:42,582 - EXECUT - INFO - sent aggregated weights to trainers!
2026-06-30 17:49:43,026 - METRIC - INFO - {"loss": 0.08085446059703827, "accuracy": 0.9775910377502441, "energy_consumption": 14.1022748635617, "selected": false, "client_name": "sta3"}
2026-06-30 17:49:43,026 - METRIC - INFO - {"loss": 0.06353270262479782, "accuracy": 0.9845938086509705, "energy_consumption": 13.127277960165811, "selected": false, "client_name": "sta1"}
2026-06-30 17:49:43,032 - METRIC - INFO - {"loss": 0.07510342448949814, "accuracy": 0.9733893275260925, "energy_consumption": 13.768408731978013, "selected": false, "client_name": "sta2"}
2026-06-30 17:49:43,063 - METRIC - INFO - {"loss": 0.07683172821998596, "accuracy": 0.9775910377502441, "energy_consumption": 13.797177177562373, "selected": false, "client_name": "sta4"}
2026-06-30 17:49:43,067 - METRIC - INFO - {"loss": 0.07371705025434494, "accuracy": 0.9775910377502441, "energy_consumption": 12.713962178774974, "selected": false, "client_name": "sta6"}
2026-06-30 17:49:43,069 - METRIC - INFO - {"loss": 0.06793969124555588, "accuracy": 0.9796918630599976, "energy_consumption": 12.653932800100167, "selected": false, "client_name": "sta7"}
2026-06-30 17:49:43,113 - METRIC - INFO - {"loss": 0.05924936383962631, "accuracy": 0.9810924530029297, "energy_consumption": 12.84676820142546, "selected": false, "client_name": "sta8"}
2026-06-30 17:49:43,113 - METRIC - INFO - {"loss": 0.07978266477584839, "accuracy": 0.9782913327217102, "energy_consumption": 13.392217874219648, "selected": false, "client_name": "sta0"}
2026-06-30 17:49:43,117 - METRIC - INFO - {"loss": 0.05585705116391182, "accuracy": 0.9873949289321899, "energy_consumption": 13.240716311442661, "selected": false, "client_name": "sta5"}
2026-06-30 17:49:43,130 - METRIC - INFO - {"loss": 0.08511944115161896, "accuracy": 0.9740896224975586, "energy_consumption": 12.765853950262247, "selected": false, "client_name": "sta9"}
2026-06-30 17:49:43,132 - METRIC - INFO - {"loss": 0.06875909864902496, "accuracy": 0.9810924530029297, "energy_consumption": 12.920920918400226, "selected": false, "client_name": "sta10"}
2026-06-30 17:49:43,583 - METRIC - INFO - mean_accuracy: 0.9793099002404646

2026-06-30 17:49:43,583 - METRIC - INFO - round: 26
2026-06-30 17:49:43,583 - METRIC - INFO - n_selected: 11
2026-06-30 17:49:43,583 - METRIC - INFO - {"selected_trainers": ["sta0", "sta1", "sta10", "sta2", "sta3", "sta4", "sta5", "sta6", "sta7", "sta8", "sta9"]}
2026-06-30 17:49:50,476 - EXECUT - INFO - received weights from trainer sta7!
2026-06-30 17:49:50,504 - EXECUT - INFO - received weights from trainer sta5!
2026-06-30 17:49:50,528 - EXECUT - INFO - received weights from trainer sta1!
2026-06-30 17:49:50,552 - EXECUT - INFO - received weights from trainer sta0!
2026-06-30 17:49:50,578 - EXECUT - INFO - received weights from trainer sta2!
2026-06-30 17:49:50,602 - EXECUT - INFO - received weights from trainer sta3!
2026-06-30 17:49:50,622 - EXECUT - INFO - received weights from trainer sta4!
2026-06-30 17:49:50,644 - EXECUT - INFO - received weights from trainer sta6!
2026-06-30 17:49:51,577 - EXECUT - INFO - received weights from trainer sta9!
2026-06-30 17:49:51,631 - EXECUT - INFO - received weights from trainer sta8!
2026-06-30 17:49:51,687 - EXECUT - INFO - received weights from trainer sta10!
2026-06-30 17:49:53,029 - EXECUT - INFO - sent aggregated weights to trainers!
2026-06-30 17:49:53,457 - METRIC - INFO - {"loss": 0.07765290141105652, "accuracy": 0.9768907427787781, "energy_consumption": 13.90878382177047, "selected": false, "client_name": "sta0"}
2026-06-30 17:49:53,462 - METRIC - INFO - {"loss": 0.06488744914531708, "accuracy": 0.9831932783126831, "energy_consumption": 13.900839092567189, "selected": false, "client_name": "sta1"}
2026-06-30 17:49:53,490 - METRIC - INFO - {"loss": 0.07428427040576935, "accuracy": 0.9733893275260925, "energy_consumption": 14.544857717926023, "selected": false, "client_name": "sta2"}
2026-06-30 17:49:53,491 - METRIC - INFO - {"loss": 0.07750021666288376, "accuracy": 0.9768907427787781, "energy_consumption": 14.631867031163756, "selected": false, "client_name": "sta3"}
2026-06-30 17:49:53,493 - METRIC - INFO - {"loss": 0.06558213382959366, "accuracy": 0.9796918630599976, "energy_consumption": 13.168404625586561, "selected": false, "client_name": "sta7"}
2026-06-30 17:49:53,512 - METRIC - INFO - {"loss": 0.056520476937294006, "accuracy": 0.9852941036224365, "energy_consumption": 13.77381770278243, "selected": false, "client_name": "sta5"}
2026-06-30 17:49:53,517 - METRIC - INFO - {"loss": 0.07506347447633743, "accuracy": 0.9768907427787781, "energy_consumption": 14.325056109904791, "selected": false, "client_name": "sta4"}
2026-06-30 17:49:53,525 - METRIC - INFO - {"loss": 0.07147018611431122, "accuracy": 0.9789915680885315, "energy_consumption": 13.241558441023042, "selected": false, "client_name": "sta6"}
2026-06-30 17:49:53,555 - METRIC - INFO - {"loss": 0.05698714777827263, "accuracy": 0.981792688369751, "energy_consumption": 13.354567911632174, "selected": false, "client_name": "sta8"}
2026-06-30 17:49:53,564 - METRIC - INFO - {"loss": 0.07951847463846207, "accuracy": 0.9740896224975586, "energy_consumption": 13.273674440427705, "selected": false, "client_name": "sta9"}
2026-06-30 17:49:53,567 - METRIC - INFO - {"loss": 0.06731078773736954, "accuracy": 0.9803921580314636, "energy_consumption": 13.407215868594959, "selected": false, "client_name": "sta10"}
2026-06-30 17:49:54,032 - METRIC - INFO - mean_accuracy: 0.9788642579858954

2026-06-30 17:49:54,032 - METRIC - INFO - round: 27
2026-06-30 17:49:54,032 - METRIC - INFO - n_selected: 11
2026-06-30 17:49:54,032 - METRIC - INFO - {"selected_trainers": ["sta0", "sta1", "sta10", "sta2", "sta3", "sta4", "sta5", "sta6", "sta7", "sta8", "sta9"]}
2026-06-30 17:50:00,871 - EXECUT - INFO - received weights from trainer sta4!
2026-06-30 17:50:00,925 - EXECUT - INFO - received weights from trainer sta2!
2026-06-30 17:50:00,945 - EXECUT - INFO - received weights from trainer sta5!
2026-06-30 17:50:00,964 - EXECUT - INFO - received weights from trainer sta1!
2026-06-30 17:50:00,984 - EXECUT - INFO - received weights from trainer sta3!
2026-06-30 17:50:01,007 - EXECUT - INFO - received weights from trainer sta7!
2026-06-30 17:50:01,026 - EXECUT - INFO - received weights from trainer sta6!
2026-06-30 17:50:01,045 - EXECUT - INFO - received weights from trainer sta0!
2026-06-30 17:50:02,025 - EXECUT - INFO - received weights from trainer sta9!
2026-06-30 17:50:02,054 - EXECUT - INFO - received weights from trainer sta8!
2026-06-30 17:50:02,081 - EXECUT - INFO - received weights from trainer sta10!
2026-06-30 17:50:03,454 - EXECUT - INFO - sent aggregated weights to trainers!
2026-06-30 17:50:03,858 - METRIC - INFO - {"loss": 0.07565588504076004, "accuracy": 0.976190447807312, "energy_consumption": 14.44399382749914, "selected": false, "client_name": "sta0"}
2026-06-30 17:50:03,881 - METRIC - INFO - {"loss": 0.07067602872848511, "accuracy": 0.9740896224975586, "energy_consumption": 15.07979605005062, "selected": false, "client_name": "sta2"}
2026-06-30 17:50:03,889 - METRIC - INFO - {"loss": 0.07806112617254257, "accuracy": 0.9796918630599976, "energy_consumption": 15.415646057060965, "selected": false, "client_name": "sta3"}
2026-06-30 17:50:03,891 - METRIC - INFO - {"loss": 0.06183594837784767, "accuracy": 0.9831932783126831, "energy_consumption": 14.435835074979568, "selected": false, "client_name": "sta1"}
2026-06-30 17:50:03,893 - METRIC - INFO - {"loss": 0.0719817727804184, "accuracy": 0.9796918630599976, "energy_consumption": 15.119765175518534, "selected": false, "client_name": "sta4"}
2026-06-30 17:50:03,917 - METRIC - INFO - {"loss": 0.06396715342998505, "accuracy": 0.9796918630599976, "energy_consumption": 13.708566487905326, "selected": false, "client_name": "sta7"}
2026-06-30 17:50:03,917 - METRIC - INFO - {"loss": 0.05354607105255127, "accuracy": 0.9866946935653687, "energy_consumption": 14.3029305142962, "selected": false, "client_name": "sta5"}
2026-06-30 17:50:03,923 - METRIC - INFO - {"loss": 0.0698457807302475, "accuracy": 0.981792688369751, "energy_consumption": 13.781175105670021, "selected": false, "client_name": "sta6"}
2026-06-30 17:50:03,973 - METRIC - INFO - {"loss": 0.05581720173358917, "accuracy": 0.981792688369751, "energy_consumption": 13.886851676070775, "selected": false, "client_name": "sta8"}
2026-06-30 17:50:03,977 - METRIC - INFO - {"loss": 0.077983558177948, "accuracy": 0.9768907427787781, "energy_consumption": 13.805863187154163, "selected": false, "client_name": "sta9"}
2026-06-30 17:50:03,979 - METRIC - INFO - {"loss": 0.06439408659934998, "accuracy": 0.9810924530029297, "energy_consumption": 13.939322895466924, "selected": false, "client_name": "sta10"}
2026-06-30 17:50:04,455 - METRIC - INFO - mean_accuracy: 0.9800738367167386

2026-06-30 17:50:04,455 - METRIC - INFO - round: 28
2026-06-30 17:50:04,455 - METRIC - INFO - n_selected: 11
2026-06-30 17:50:04,455 - METRIC - INFO - {"selected_trainers": ["sta0", "sta1", "sta10", "sta2", "sta3", "sta4", "sta5", "sta6", "sta7", "sta8", "sta9"]}
2026-06-30 17:50:11,348 - EXECUT - INFO - received weights from trainer sta5!
2026-06-30 17:50:11,368 - EXECUT - INFO - received weights from trainer sta1!
2026-06-30 17:50:11,412 - EXECUT - INFO - received weights from trainer sta2!
2026-06-30 17:50:11,432 - EXECUT - INFO - received weights from trainer sta6!
2026-06-30 17:50:11,451 - EXECUT - INFO - received weights from trainer sta0!
2026-06-30 17:50:11,473 - EXECUT - INFO - received weights from trainer sta3!
2026-06-30 17:50:12,418 - EXECUT - INFO - received weights from trainer sta8!
2026-06-30 17:50:12,480 - EXECUT - INFO - received weights from trainer sta10!
2026-06-30 17:50:12,505 - EXECUT - INFO - received weights from trainer sta9!
2026-06-30 17:50:14,908 - EXECUT - INFO - received weights from trainer sta4!
2026-06-30 17:50:14,931 - EXECUT - INFO - received weights from trainer sta7!
2026-06-30 17:50:15,859 - EXECUT - INFO - sent aggregated weights to trainers!
2026-06-30 17:50:16,253 - METRIC - INFO - {"loss": 0.05989767238497734, "accuracy": 0.982492983341217, "energy_consumption": 14.94630286744831, "selected": false, "client_name": "sta1"}
2026-06-30 17:50:16,255 - METRIC - INFO - {"loss": 0.07273969054222107, "accuracy": 0.9782913327217102, "energy_consumption": 14.972131603578974, "selected": false, "client_name": "sta0"}
2026-06-30 17:50:16,278 - METRIC - INFO - {"loss": 0.07079246640205383, "accuracy": 0.9782913327217102, "energy_consumption": 15.654876643935497, "selected": false, "client_name": "sta4"}
2026-06-30 17:50:16,290 - METRIC - INFO - {"loss": 0.07152457535266876, "accuracy": 0.9747899174690247, "energy_consumption": 15.597435870019972, "selected": false, "client_name": "sta2"}
2026-06-30 17:50:16,304 - METRIC - INFO - {"loss": 0.051898565143346786, "accuracy": 0.9866946935653687, "energy_consumption": 15.123706470417337, "selected": false, "client_name": "sta5"}
2026-06-30 17:50:16,312 - METRIC - INFO - {"loss": 0.07425297796726227, "accuracy": 0.9789915680885315, "energy_consumption": 15.926261012490706, "selected": false, "client_name": "sta3"}
2026-06-30 17:50:16,313 - METRIC - INFO - {"loss": 0.06759709864854813, "accuracy": 0.9803921580314636, "energy_consumption": 14.59773997674725, "selected": false, "client_name": "sta6"}
2026-06-30 17:50:16,318 - METRIC - INFO - {"loss": 0.060798414051532745, "accuracy": 0.9810924530029297, "energy_consumption": 14.52155448067579, "selected": false, "client_name": "sta7"}
2026-06-30 17:50:16,367 - METRIC - INFO - {"loss": 0.05480251833796501, "accuracy": 0.9831932783126831, "energy_consumption": 14.69317390529346, "selected": false, "client_name": "sta8"}
2026-06-30 17:50:16,370 - METRIC - INFO - {"loss": 0.0631987601518631, "accuracy": 0.981792688369751, "energy_consumption": 14.743596566411574, "selected": false, "client_name": "sta10"}
2026-06-30 17:50:16,378 - METRIC - INFO - {"loss": 0.07375714927911758, "accuracy": 0.976190447807312, "energy_consumption": 14.622706497787739, "selected": false, "client_name": "sta9"}
2026-06-30 17:50:16,862 - METRIC - INFO - mean_accuracy: 0.980201168493791

2026-06-30 17:50:16,862 - METRIC - INFO - round: 29
2026-06-30 17:50:16,862 - METRIC - INFO - n_selected: 11
2026-06-30 17:50:16,862 - METRIC - INFO - {"selected_trainers": ["sta0", "sta1", "sta10", "sta2", "sta3", "sta4", "sta5", "sta6", "sta7", "sta8", "sta9"]}
2026-06-30 17:50:23,363 - EXECUT - INFO - received weights from trainer sta2!
2026-06-30 17:50:23,386 - EXECUT - INFO - received weights from trainer sta4!
2026-06-30 17:50:23,412 - EXECUT - INFO - received weights from trainer sta1!
2026-06-30 17:50:23,430 - EXECUT - INFO - received weights from trainer sta3!
2026-06-30 17:50:23,449 - EXECUT - INFO - received weights from trainer sta7!
2026-06-30 17:50:23,530 - EXECUT - INFO - received weights from trainer sta6!
2026-06-30 17:50:24,341 - EXECUT - INFO - received weights from trainer sta9!
2026-06-30 17:50:24,362 - EXECUT - INFO - received weights from trainer sta10!
2026-06-30 17:50:24,427 - EXECUT - INFO - received weights from trainer sta8!
2026-06-30 17:50:27,316 - EXECUT - INFO - received weights from trainer sta0!
2026-06-30 17:50:27,335 - EXECUT - INFO - received weights from trainer sta5!
2026-06-30 17:50:28,232 - EXECUT - INFO - sent aggregated weights to trainers!
2026-06-30 17:50:28,625 - METRIC - INFO - {"loss": 0.07088462263345718, "accuracy": 0.9789915680885315, "energy_consumption": 15.780458356476208, "selected": false, "client_name": "sta0"}
2026-06-30 17:50:28,633 - METRIC - INFO - {"loss": 0.07016944885253906, "accuracy": 0.9733893275260925, "energy_consumption": 16.396807127880813, "selected": false, "client_name": "sta2"}
2026-06-30 17:50:28,657 - METRIC - INFO - {"loss": 0.059049658477306366, "accuracy": 0.982492983341217, "energy_consumption": 15.738207024790666, "selected": false, "client_name": "sta1"}
2026-06-30 17:50:28,659 - METRIC - INFO - {"loss": 0.06527397036552429, "accuracy": 0.9796918630599976, "energy_consumption": 15.413321202599851, "selected": false, "client_name": "sta6"}
2026-06-30 17:50:28,667 - METRIC - INFO - {"loss": 0.07276452332735062, "accuracy": 0.9775910377502441, "energy_consumption": 16.735052267720654, "selected": false, "client_name": "sta3"}
2026-06-30 17:50:28,680 - METRIC - INFO - {"loss": 0.06921029090881348, "accuracy": 0.9789915680885315, "energy_consumption": 16.46870146911899, "selected": false, "client_name": "sta4"}
2026-06-30 17:50:28,698 - METRIC - INFO - {"loss": 0.060814373195171356, "accuracy": 0.9803921580314636, "energy_consumption": 15.303038382106013, "selected": false, "client_name": "sta7"}
2026-06-30 17:50:28,698 - METRIC - INFO - {"loss": 0.05068094655871391, "accuracy": 0.988095223903656, "energy_consumption": 15.918023327407305, "selected": false, "client_name": "sta5"}
2026-06-30 17:50:28,726 - METRIC - INFO - {"loss": 0.05280875787138939, "accuracy": 0.981792688369751, "energy_consumption": 15.491228480928331, "selected": false, "client_name": "sta8"}
2026-06-30 17:50:28,732 - METRIC - INFO - {"loss": 0.07294455915689468, "accuracy": 0.976190447807312, "energy_consumption": 15.154272203390905, "selected": false, "client_name": "sta9"}
2026-06-30 17:50:28,739 - METRIC - INFO - {"loss": 0.06096450239419937, "accuracy": 0.9810924530029297, "energy_consumption": 15.275135571316499, "selected": false, "client_name": "sta10"}
2026-06-30 17:50:29,235 - METRIC - INFO - mean_accuracy: 0.979882847179066

2026-06-30 17:50:29,235 - METRIC - INFO - round: 30
2026-06-30 17:50:29,235 - METRIC - INFO - n_selected: 11
2026-06-30 17:50:29,235 - METRIC - INFO - {"selected_trainers": ["sta0", "sta1", "sta10", "sta2", "sta3", "sta4", "sta5", "sta6", "sta7", "sta8", "sta9"]}
2026-06-30 17:50:35,646 - EXECUT - INFO - received weights from trainer sta3!
2026-06-30 17:50:35,664 - EXECUT - INFO - received weights from trainer sta7!
2026-06-30 17:50:35,682 - EXECUT - INFO - received weights from trainer sta4!
2026-06-30 17:50:35,700 - EXECUT - INFO - received weights from trainer sta1!
2026-06-30 17:50:35,718 - EXECUT - INFO - received weights from trainer sta2!
2026-06-30 17:50:35,739 - EXECUT - INFO - received weights from trainer sta0!
2026-06-30 17:50:36,521 - EXECUT - INFO - received weights from trainer sta8!
2026-06-30 17:50:36,538 - EXECUT - INFO - received weights from trainer sta9!
2026-06-30 17:50:36,595 - EXECUT - INFO - received weights from trainer sta10!
2026-06-30 17:50:39,671 - EXECUT - INFO - received weights from trainer sta5!
2026-06-30 17:50:39,696 - EXECUT - INFO - received weights from trainer sta6!
2026-06-30 17:50:40,600 - EXECUT - INFO - sent aggregated weights to trainers!
2026-06-30 17:50:40,997 - METRIC - INFO - {"loss": 0.06832493096590042, "accuracy": 0.9747899174690247, "energy_consumption": 17.293040358880464, "selected": false, "client_name": "sta2"}
2026-06-30 17:50:41,164 - METRIC - INFO - {"loss": 0.06969047337770462, "accuracy": 0.9789915680885315, "energy_consumption": 16.608603460405497, "selected": false, "client_name": "sta0"}
2026-06-30 17:50:41,174 - METRIC - INFO - {"loss": 0.058032382279634476, "accuracy": 0.9831932783126831, "energy_consumption": 16.60436735531965, "selected": false, "client_name": "sta1"}
2026-06-30 17:50:41,207 - METRIC - INFO - {"loss": 0.06737194955348969, "accuracy": 0.982492983341217, "energy_consumption": 16.003201940184574, "selected": false, "client_name": "sta6"}
2026-06-30 17:50:41,208 - METRIC - INFO - {"loss": 0.059266190975904465, "accuracy": 0.9803921580314636, "energy_consumption": 15.869722318371165, "selected": false, "client_name": "sta7"}
2026-06-30 17:50:41,208 - METRIC - INFO - {"loss": 0.07024083286523819, "accuracy": 0.9810924530029297, "energy_consumption": 17.603878992080652, "selected": false, "client_name": "sta3"}
2026-06-30 17:50:41,210 - METRIC - INFO - {"loss": 0.06724530458450317, "accuracy": 0.9796918630599976, "energy_consumption": 17.315755694522302, "selected": false, "client_name": "sta4"}
2026-06-30 17:50:41,243 - METRIC - INFO - {"loss": 0.07150045782327652, "accuracy": 0.976190447807312, "energy_consumption": 16.009493549384366, "selected": false, "client_name": "sta9"}
2026-06-30 17:50:41,243 - METRIC - INFO - {"loss": 0.04898811876773834, "accuracy": 0.988095223903656, "energy_consumption": 16.697367471353896, "selected": false, "client_name": "sta5"}
2026-06-30 17:50:41,245 - METRIC - INFO - {"loss": 0.050845276564359665, "accuracy": 0.9838935732841492, "energy_consumption": 16.099733525395756, "selected": false, "client_name": "sta8"}
2026-06-30 17:50:41,263 - METRIC - INFO - {"loss": 0.05907193198800087, "accuracy": 0.981792688369751, "energy_consumption": 16.13384263305623, "selected": false, "client_name": "sta10"}
2026-06-30 17:50:41,603 - METRIC - INFO - mean_accuracy: 0.9809651049700651

2026-06-30 17:50:41,603 - METRIC - INFO - round: 31
2026-06-30 17:50:41,603 - METRIC - INFO - n_selected: 11
2026-06-30 17:50:41,603 - METRIC - INFO - {"selected_trainers": ["sta0", "sta1", "sta10", "sta2", "sta3", "sta4", "sta5", "sta6", "sta7", "sta8", "sta9"]}
2026-06-30 17:50:47,966 - EXECUT - INFO - received weights from trainer sta0!
2026-06-30 17:50:47,991 - EXECUT - INFO - received weights from trainer sta2!
2026-06-30 17:50:48,038 - EXECUT - INFO - received weights from trainer sta3!
2026-06-30 17:50:48,056 - EXECUT - INFO - received weights from trainer sta7!
2026-06-30 17:50:48,074 - EXECUT - INFO - received weights from trainer sta6!
2026-06-30 17:50:48,095 - EXECUT - INFO - received weights from trainer sta4!
2026-06-30 17:50:48,113 - EXECUT - INFO - received weights from trainer sta5!
2026-06-30 17:50:48,130 - EXECUT - INFO - received weights from trainer sta1!
2026-06-30 17:50:48,925 - EXECUT - INFO - received weights from trainer sta10!
2026-06-30 17:50:48,943 - EXECUT - INFO - received weights from trainer sta9!
2026-06-30 17:50:48,960 - EXECUT - INFO - received weights from trainer sta8!
2026-06-30 17:50:49,982 - EXECUT - INFO - sent aggregated weights to trainers!
2026-06-30 17:50:50,397 - METRIC - INFO - {"loss": 0.057039812207221985, "accuracy": 0.981792688369751, "energy_consumption": 17.201988344180442, "selected": false, "client_name": "sta1"}
2026-06-30 17:50:50,407 - METRIC - INFO - {"loss": 0.06958533823490143, "accuracy": 0.9803921580314636, "energy_consumption": 18.20901209304682, "selected": false, "client_name": "sta3"}
2026-06-30 17:50:50,442 - METRIC - INFO - {"loss": 0.06431599706411362, "accuracy": 0.9810924530029297, "energy_consumption": 16.543014850648266, "selected": false, "client_name": "sta6"}
2026-06-30 17:50:50,451 - METRIC - INFO - {"loss": 0.05677415058016777, "accuracy": 0.981792688369751, "energy_consumption": 16.40871260870308, "selected": false, "client_name": "sta7"}
2026-06-30 17:50:50,468 - METRIC - INFO - {"loss": 0.049736715853214264, "accuracy": 0.9831932783126831, "energy_consumption": 16.683105893525543, "selected": false, "client_name": "sta8"}
2026-06-30 17:50:50,475 - METRIC - INFO - {"loss": 0.0701766163110733, "accuracy": 0.9775910377502441, "energy_consumption": 17.233004571172273, "selected": false, "client_name": "sta0"}
2026-06-30 17:50:50,475 - METRIC - INFO - {"loss": 0.048140741884708405, "accuracy": 0.9894958138465881, "energy_consumption": 17.299796808211365, "selected": false, "client_name": "sta5"}
2026-06-30 17:50:50,480 - METRIC - INFO - {"loss": 0.0660359337925911, "accuracy": 0.9782913327217102, "energy_consumption": 17.905805148416217, "selected": false, "client_name": "sta4"}
2026-06-30 17:50:50,482 - METRIC - INFO - {"loss": 0.06957565248012543, "accuracy": 0.976190447807312, "energy_consumption": 16.62782569535165, "selected": false, "client_name": "sta9"}
2026-06-30 17:50:50,485 - METRIC - INFO - {"loss": 0.0576380230486393, "accuracy": 0.981792688369751, "energy_consumption": 16.75360245305783, "selected": false, "client_name": "sta10"}
2026-06-30 17:50:50,501 - METRIC - INFO - {"loss": 0.06523457914590836, "accuracy": 0.9789915680885315, "energy_consumption": 17.945585166172133, "selected": false, "client_name": "sta2"}
2026-06-30 17:50:50,984 - METRIC - INFO - mean_accuracy: 0.9809651049700651

2026-06-30 17:50:50,984 - METRIC - INFO - round: 32
2026-06-30 17:50:50,984 - METRIC - INFO - n_selected: 11
2026-06-30 17:50:50,984 - METRIC - INFO - {"selected_trainers": ["sta0", "sta1", "sta10", "sta2", "sta3", "sta4", "sta5", "sta6", "sta7", "sta8", "sta9"]}
2026-06-30 17:50:57,248 - EXECUT - INFO - received weights from trainer sta1!
2026-06-30 17:50:57,323 - EXECUT - INFO - received weights from trainer sta4!
2026-06-30 17:50:57,340 - EXECUT - INFO - received weights from trainer sta7!
2026-06-30 17:50:57,357 - EXECUT - INFO - received weights from trainer sta2!
2026-06-30 17:50:57,375 - EXECUT - INFO - received weights from trainer sta3!
2026-06-30 17:50:57,395 - EXECUT - INFO - received weights from trainer sta6!
2026-06-30 17:50:57,433 - EXECUT - INFO - received weights from trainer sta5!
2026-06-30 17:50:57,451 - EXECUT - INFO - received weights from trainer sta0!
2026-06-30 17:50:58,256 - EXECUT - INFO - received weights from trainer sta10!
2026-06-30 17:50:58,286 - EXECUT - INFO - received weights from trainer sta9!
2026-06-30 17:50:58,303 - EXECUT - INFO - received weights from trainer sta8!
2026-06-30 17:50:59,337 - EXECUT - INFO - sent aggregated weights to trainers!
2026-06-30 17:50:59,716 - METRIC - INFO - {"loss": 0.05569157749414444, "accuracy": 0.9831932783126831, "energy_consumption": 17.8098664272561, "selected": false, "client_name": "sta1"}
2026-06-30 17:50:59,745 - METRIC - INFO - {"loss": 0.06487952917814255, "accuracy": 0.9796918630599976, "energy_consumption": 18.555546190596186, "selected": false, "client_name": "sta2"}
2026-06-30 17:50:59,757 - METRIC - INFO - {"loss": 0.05551294982433319, "accuracy": 0.9810924530029297, "energy_consumption": 17.014828346037977, "selected": false, "client_name": "sta7"}
2026-06-30 17:50:59,766 - METRIC - INFO - {"loss": 0.06874538958072662, "accuracy": 0.9768907427787781, "energy_consumption": 18.79438799506242, "selected": false, "client_name": "sta3"}
2026-06-30 17:50:59,779 - METRIC - INFO - {"loss": 0.06604822725057602, "accuracy": 0.9782913327217102, "energy_consumption": 18.527222790173898, "selected": false, "client_name": "sta4"}
2026-06-30 17:50:59,790 - METRIC - INFO - {"loss": 0.06335838884115219, "accuracy": 0.981792688369751, "energy_consumption": 17.498415831670204, "selected": false, "client_name": "sta6"}
2026-06-30 17:50:59,807 - METRIC - INFO - {"loss": 0.06692853569984436, "accuracy": 0.9796918630599976, "energy_consumption": 17.872571285916948, "selected": false, "client_name": "sta0"}
2026-06-30 17:50:59,812 - METRIC - INFO - {"loss": 0.04848932847380638, "accuracy": 0.988095223903656, "energy_consumption": 17.924368006588367, "selected": false, "client_name": "sta5"}
2026-06-30 17:50:59,829 - METRIC - INFO - {"loss": 0.048795439302921295, "accuracy": 0.982492983341217, "energy_consumption": 17.313719802337484, "selected": false, "client_name": "sta8"}
2026-06-30 17:50:59,836 - METRIC - INFO - {"loss": 0.056393109261989594, "accuracy": 0.982492983341217, "energy_consumption": 17.40969168789713, "selected": false, "client_name": "sta10"}
2026-06-30 17:50:59,838 - METRIC - INFO - {"loss": 0.06850197166204453, "accuracy": 0.9775910377502441, "energy_consumption": 17.263032863510343, "selected": false, "client_name": "sta9"}
2026-06-30 17:51:00,340 - METRIC - INFO - mean_accuracy: 0.9810287681492892

2026-06-30 17:51:00,340 - METRIC - INFO - round: 33
2026-06-30 17:51:00,340 - METRIC - INFO - n_selected: 11
2026-06-30 17:51:00,340 - METRIC - INFO - {"selected_trainers": ["sta0", "sta1", "sta10", "sta2", "sta3", "sta4", "sta5", "sta6", "sta7", "sta8", "sta9"]}
2026-06-30 17:51:06,582 - EXECUT - INFO - received weights from trainer sta3!
2026-06-30 17:51:06,600 - EXECUT - INFO - received weights from trainer sta4!
2026-06-30 17:51:06,618 - EXECUT - INFO - received weights from trainer sta6!
2026-06-30 17:51:06,636 - EXECUT - INFO - received weights from trainer sta5!
2026-06-30 17:51:06,653 - EXECUT - INFO - received weights from trainer sta2!
2026-06-30 17:51:06,670 - EXECUT - INFO - received weights from trainer sta1!
2026-06-30 17:51:06,690 - EXECUT - INFO - received weights from trainer sta7!
2026-06-30 17:51:06,708 - EXECUT - INFO - received weights from trainer sta0!
2026-06-30 17:51:07,574 - EXECUT - INFO - received weights from trainer sta8!
2026-06-30 17:51:07,605 - EXECUT - INFO - received weights from trainer sta9!
2026-06-30 17:51:07,637 - EXECUT - INFO - received weights from trainer sta10!
2026-06-30 17:51:08,693 - EXECUT - INFO - sent aggregated weights to trainers!
2026-06-30 17:51:09,057 - METRIC - INFO - {"loss": 0.0625859797000885, "accuracy": 0.9789915680885315, "energy_consumption": 19.196056626627758, "selected": false, "client_name": "sta2"}
2026-06-30 17:51:09,068 - METRIC - INFO - {"loss": 0.055740345269441605, "accuracy": 0.9831932783126831, "energy_consumption": 18.46762255740629, "selected": false, "client_name": "sta1"}
2026-06-30 17:51:09,086 - METRIC - INFO - {"loss": 0.0641956552863121, "accuracy": 0.9782913327217102, "energy_consumption": 19.161528523832928, "selected": false, "client_name": "sta4"}
2026-06-30 17:51:09,094 - METRIC - INFO - {"loss": 0.06596464663743973, "accuracy": 0.9796918630599976, "energy_consumption": 18.517351828746378, "selected": false, "client_name": "sta0"}
2026-06-30 17:51:09,108 - METRIC - INFO - {"loss": 0.06601822376251221, "accuracy": 0.9789915680885315, "energy_consumption": 19.43047436566229, "selected": false, "client_name": "sta3"}
2026-06-30 17:51:09,113 - METRIC - INFO - {"loss": 0.04656894877552986, "accuracy": 0.9901960492134094, "energy_consumption": 18.56023137681665, "selected": false, "client_name": "sta5"}
2026-06-30 17:51:09,136 - METRIC - INFO - {"loss": 0.05380463972687721, "accuracy": 0.9810924530029297, "energy_consumption": 17.64187302715544, "selected": false, "client_name": "sta7"}
2026-06-30 17:51:09,158 - METRIC - INFO - {"loss": 0.04914684593677521, "accuracy": 0.9803921580314636, "energy_consumption": 17.959973449861074, "selected": false, "client_name": "sta8"}
2026-06-30 17:51:09,165 - METRIC - INFO - {"loss": 0.0553319975733757, "accuracy": 0.9831932783126831, "energy_consumption": 18.080442284711353, "selected": false, "client_name": "sta10"}
2026-06-30 17:51:09,166 - METRIC - INFO - {"loss": 0.06073665991425514, "accuracy": 0.982492983341217, "energy_consumption": 18.105439589693383, "selected": false, "client_name": "sta6"}
2026-06-30 17:51:09,166 - METRIC - INFO - {"loss": 0.06669563055038452, "accuracy": 0.9789915680885315, "energy_consumption": 17.933794950927822, "selected": false, "client_name": "sta9"}
2026-06-30 17:51:09,694 - METRIC - INFO - mean_accuracy: 0.9814107363874262

2026-06-30 17:51:09,694 - METRIC - INFO - round: 34
2026-06-30 17:51:09,694 - METRIC - INFO - n_selected: 11
2026-06-30 17:51:09,694 - METRIC - INFO - {"selected_trainers": ["sta0", "sta1", "sta10", "sta2", "sta3", "sta4", "sta5", "sta6", "sta7", "sta8", "sta9"]}
2026-06-30 17:51:15,699 - EXECUT - INFO - received weights from trainer sta3!
2026-06-30 17:51:15,743 - EXECUT - INFO - received weights from trainer sta0!
2026-06-30 17:51:15,761 - EXECUT - INFO - received weights from trainer sta1!
2026-06-30 17:51:15,777 - EXECUT - INFO - received weights from trainer sta7!
2026-06-30 17:51:15,794 - EXECUT - INFO - received weights from trainer sta2!
2026-06-30 17:51:15,810 - EXECUT - INFO - received weights from trainer sta6!
2026-06-30 17:51:15,833 - EXECUT - INFO - received weights from trainer sta5!
2026-06-30 17:51:16,556 - EXECUT - INFO - received weights from trainer sta10!
2026-06-30 17:51:16,578 - EXECUT - INFO - received weights from trainer sta9!
2026-06-30 17:51:16,597 - EXECUT - INFO - received weights from trainer sta8!
2026-06-30 17:51:20,146 - EXECUT - INFO - received weights from trainer sta4!
2026-06-30 17:51:21,031 - EXECUT - INFO - sent aggregated weights to trainers!
2026-06-30 17:51:21,385 - METRIC - INFO - {"loss": 0.06435851007699966, "accuracy": 0.981792688369751, "energy_consumption": 19.573558532853678, "selected": false, "client_name": "sta0"}
2026-06-30 17:51:21,387 - METRIC - INFO - {"loss": 0.062366388738155365, "accuracy": 0.9782913327217102, "energy_consumption": 20.15215378301757, "selected": false, "client_name": "sta2"}
2026-06-30 17:51:21,401 - METRIC - INFO - {"loss": 0.05591333657503128, "accuracy": 0.982492983341217, "energy_consumption": 19.46283495895987, "selected": false, "client_name": "sta1"}
2026-06-30 17:51:21,409 - METRIC - INFO - {"loss": 0.06531133502721786, "accuracy": 0.9796918630599976, "energy_consumption": 20.303523190046086, "selected": false, "client_name": "sta3"}
2026-06-30 17:51:21,424 - METRIC - INFO - {"loss": 0.06310176849365234, "accuracy": 0.9782913327217102, "energy_consumption": 20.10147570097676, "selected": false, "client_name": "sta4"}
2026-06-30 17:51:21,450 - METRIC - INFO - {"loss": 0.053131066262722015, "accuracy": 0.982492983341217, "energy_consumption": 18.651730832185773, "selected": false, "client_name": "sta7"}
2026-06-30 17:51:21,458 - METRIC - INFO - {"loss": 0.0611572302877903, "accuracy": 0.982492983341217, "energy_consumption": 18.795803478475918, "selected": false, "client_name": "sta6"}
2026-06-30 17:51:21,462 - METRIC - INFO - {"loss": 0.04651299864053726, "accuracy": 0.988095223903656, "energy_consumption": 19.546546306458275, "selected": false, "client_name": "sta5"}
2026-06-30 17:51:21,473 - METRIC - INFO - {"loss": 0.04742036759853363, "accuracy": 0.9852941036224365, "energy_consumption": 18.95862271965297, "selected": false, "client_name": "sta8"}
2026-06-30 17:51:21,476 - METRIC - INFO - {"loss": 0.06545821577310562, "accuracy": 0.9796918630599976, "energy_consumption": 18.97915290479133, "selected": false, "client_name": "sta9"}
2026-06-30 17:51:21,490 - METRIC - INFO - {"loss": 0.05422503501176834, "accuracy": 0.9831932783126831, "energy_consumption": 19.128820845774452, "selected": false, "client_name": "sta10"}
2026-06-30 17:51:22,034 - METRIC - INFO - mean_accuracy: 0.9819836941632357

2026-06-30 17:51:22,034 - METRIC - INFO - round: 35
2026-06-30 17:51:22,034 - METRIC - INFO - n_selected: 11
2026-06-30 17:51:22,034 - METRIC - INFO - {"selected_trainers": ["sta0", "sta1", "sta10", "sta2", "sta3", "sta4", "sta5", "sta6", "sta7", "sta8", "sta9"]}
2026-06-30 17:51:28,013 - EXECUT - INFO - received weights from trainer sta2!
2026-06-30 17:51:28,058 - EXECUT - INFO - received weights from trainer sta5!
2026-06-30 17:51:28,111 - EXECUT - INFO - received weights from trainer sta0!
2026-06-30 17:51:28,128 - EXECUT - INFO - received weights from trainer sta4!
2026-06-30 17:51:28,145 - EXECUT - INFO - received weights from trainer sta6!
2026-06-30 17:51:28,162 - EXECUT - INFO - received weights from trainer sta7!
2026-06-30 17:51:28,181 - EXECUT - INFO - received weights from trainer sta3!
2026-06-30 17:51:28,198 - EXECUT - INFO - received weights from trainer sta1!
2026-06-30 17:51:28,910 - EXECUT - INFO - received weights from trainer sta8!
2026-06-30 17:51:28,930 - EXECUT - INFO - received weights from trainer sta9!
2026-06-30 17:51:28,980 - EXECUT - INFO - received weights from trainer sta10!
2026-06-30 17:51:29,363 - EXECUT - INFO - sent aggregated weights to trainers!
2026-06-30 17:51:29,707 - METRIC - INFO - {"loss": 0.05391900986433029, "accuracy": 0.982492983341217, "energy_consumption": 20.112787959833504, "selected": false, "client_name": "sta1"}
2026-06-30 17:51:29,712 - METRIC - INFO - {"loss": 0.06138354912400246, "accuracy": 0.9810924530029297, "energy_consumption": 20.806780945050534, "selected": false, "client_name": "sta2"}
2026-06-30 17:51:29,726 - METRIC - INFO - {"loss": 0.06356284022331238, "accuracy": 0.9810924530029297, "energy_consumption": 20.231715715727546, "selected": false, "client_name": "sta0"}
2026-06-30 17:51:29,754 - METRIC - INFO - {"loss": 0.06432027369737625, "accuracy": 0.9782913327217102, "energy_consumption": 20.94027695205777, "selected": false, "client_name": "sta3"}
2026-06-30 17:51:29,757 - METRIC - INFO - {"loss": 0.061632510274648666, "accuracy": 0.9789915680885315, "energy_consumption": 20.40976953993487, "selected": false, "client_name": "sta4"}
2026-06-30 17:51:29,769 - METRIC - INFO - {"loss": 0.051972243934869766, "accuracy": 0.9831932783126831, "energy_consumption": 19.242910305694124, "selected": false, "client_name": "sta7"}
2026-06-30 17:51:29,773 - METRIC - INFO - {"loss": 0.05832509696483612, "accuracy": 0.9831932783126831, "energy_consumption": 19.449402406988156, "selected": false, "client_name": "sta6"}
2026-06-30 17:51:29,801 - METRIC - INFO - {"loss": 0.04657242074608803, "accuracy": 0.982492983341217, "energy_consumption": 19.55642544226152, "selected": false, "client_name": "sta8"}
2026-06-30 17:51:29,811 - METRIC - INFO - {"loss": 0.04617471992969513, "accuracy": 0.9901960492134094, "energy_consumption": 19.884893226918052, "selected": false, "client_name": "sta5"}
2026-06-30 17:51:29,811 - METRIC - INFO - {"loss": 0.06458752602338791, "accuracy": 0.9796918630599976, "energy_consumption": 19.618239034467084, "selected": false, "client_name": "sta9"}
2026-06-30 17:51:29,816 - METRIC - INFO - {"loss": 0.05288214236497879, "accuracy": 0.982492983341217, "energy_consumption": 19.79928635796162, "selected": false, "client_name": "sta10"}
2026-06-30 17:51:30,366 - METRIC - INFO - mean_accuracy: 0.9821110205216841

2026-06-30 17:51:30,366 - METRIC - INFO - round: 36
2026-06-30 17:51:30,366 - METRIC - INFO - n_selected: 11
2026-06-30 17:51:30,366 - METRIC - INFO - {"selected_trainers": ["sta0", "sta1", "sta10", "sta2", "sta3", "sta4", "sta5", "sta6", "sta7", "sta8", "sta9"]}
2026-06-30 17:51:36,337 - EXECUT - INFO - received weights from trainer sta4!
2026-06-30 17:51:36,355 - EXECUT - INFO - received weights from trainer sta1!
2026-06-30 17:51:36,390 - EXECUT - INFO - received weights from trainer sta3!
2026-06-30 17:51:36,407 - EXECUT - INFO - received weights from trainer sta7!
2026-06-30 17:51:36,423 - EXECUT - INFO - received weights from trainer sta2!
2026-06-30 17:51:36,439 - EXECUT - INFO - received weights from trainer sta5!
2026-06-30 17:51:36,458 - EXECUT - INFO - received weights from trainer sta0!
2026-06-30 17:51:36,474 - EXECUT - INFO - received weights from trainer sta6!
2026-06-30 17:51:37,232 - EXECUT - INFO - received weights from trainer sta10!
2026-06-30 17:51:37,253 - EXECUT - INFO - received weights from trainer sta8!
2026-06-30 17:51:37,271 - EXECUT - INFO - received weights from trainer sta9!
2026-06-30 17:51:37,685 - EXECUT - INFO - sent aggregated weights to trainers!
2026-06-30 17:51:38,017 - METRIC - INFO - {"loss": 0.062486156821250916, "accuracy": 0.9810924530029297, "energy_consumption": 20.940847956255695, "selected": false, "client_name": "sta0"}
2026-06-30 17:51:38,034 - METRIC - INFO - {"loss": 0.06330827623605728, "accuracy": 0.9789915680885315, "energy_consumption": 21.229027878756437, "selected": false, "client_name": "sta3"}
2026-06-30 17:51:38,047 - METRIC - INFO - {"loss": 0.06236262992024422, "accuracy": 0.9796918630599976, "energy_consumption": 21.09507083762742, "selected": false, "client_name": "sta2"}
2026-06-30 17:51:38,048 - METRIC - INFO - {"loss": 0.057284094393253326, "accuracy": 0.981792688369751, "energy_consumption": 20.80090082463184, "selected": false, "client_name": "sta1"}
2026-06-30 17:51:38,061 - METRIC - INFO - {"loss": 0.05833221226930618, "accuracy": 0.9838935732841492, "energy_consumption": 20.169792726327728, "selected": false, "client_name": "sta6"}
2026-06-30 17:51:38,063 - METRIC - INFO - {"loss": 0.06009354442358017, "accuracy": 0.9789915680885315, "energy_consumption": 21.08257205900426, "selected": false, "client_name": "sta4"}
2026-06-30 17:51:38,076 - METRIC - INFO - {"loss": 0.05088525265455246, "accuracy": 0.9803921580314636, "energy_consumption": 19.95849014469001, "selected": false, "client_name": "sta7"}
2026-06-30 17:51:38,100 - METRIC - INFO - {"loss": 0.045650728046894073, "accuracy": 0.988095223903656, "energy_consumption": 20.555576858270626, "selected": false, "client_name": "sta5"}
2026-06-30 17:51:38,122 - METRIC - INFO - {"loss": 0.04532968997955322, "accuracy": 0.9838935732841492, "energy_consumption": 20.302946123707247, "selected": false, "client_name": "sta8"}
2026-06-30 17:51:38,127 - METRIC - INFO - {"loss": 0.06275229156017303, "accuracy": 0.9803921580314636, "energy_consumption": 20.361853744868327, "selected": false, "client_name": "sta9"}
2026-06-30 17:51:38,129 - METRIC - INFO - {"loss": 0.05137396603822708, "accuracy": 0.982492983341217, "energy_consumption": 20.54294450784014, "selected": false, "client_name": "sta10"}
2026-06-30 17:51:38,688 - METRIC - INFO - mean_accuracy: 0.9817927100441672

2026-06-30 17:51:38,689 - METRIC - INFO - round: 37
2026-06-30 17:51:38,689 - METRIC - INFO - n_selected: 11
2026-06-30 17:51:38,689 - METRIC - INFO - {"selected_trainers": ["sta0", "sta1", "sta10", "sta2", "sta3", "sta4", "sta5", "sta6", "sta7", "sta8", "sta9"]}
2026-06-30 17:51:44,633 - EXECUT - INFO - received weights from trainer sta0!
2026-06-30 17:51:44,709 - EXECUT - INFO - received weights from trainer sta3!
2026-06-30 17:51:44,729 - EXECUT - INFO - received weights from trainer sta2!
2026-06-30 17:51:44,749 - EXECUT - INFO - received weights from trainer sta1!
2026-06-30 17:51:44,768 - EXECUT - INFO - received weights from trainer sta7!
2026-06-30 17:51:44,788 - EXECUT - INFO - received weights from trainer sta5!
2026-06-30 17:51:44,807 - EXECUT - INFO - received weights from trainer sta4!
2026-06-30 17:51:44,823 - EXECUT - INFO - received weights from trainer sta6!
2026-06-30 17:51:45,585 - EXECUT - INFO - received weights from trainer sta8!
2026-06-30 17:51:45,600 - EXECUT - INFO - received weights from trainer sta9!
2026-06-30 17:51:45,629 - EXECUT - INFO - received weights from trainer sta10!
2026-06-30 17:51:46,039 - EXECUT - INFO - sent aggregated weights to trainers!
2026-06-30 17:51:46,413 - METRIC - INFO - {"loss": 0.06222861632704735, "accuracy": 0.9782913327217102, "energy_consumption": 21.925501900475993, "selected": false, "client_name": "sta3"}
2026-06-30 17:51:46,421 - METRIC - INFO - {"loss": 0.05335038900375366, "accuracy": 0.981792688369751, "energy_consumption": 21.119158285133487, "selected": false, "client_name": "sta1"}
2026-06-30 17:51:46,428 - METRIC - INFO - {"loss": 0.06078091636300087, "accuracy": 0.9782913327217102, "energy_consumption": 21.76196598004047, "selected": false, "client_name": "sta2"}
2026-06-30 17:51:46,433 - METRIC - INFO - {"loss": 0.058327093720436096, "accuracy": 0.982492983341217, "energy_consumption": 20.895021692579753, "selected": false, "client_name": "sta6"}
2026-06-30 17:51:46,443 - METRIC - INFO - {"loss": 0.061184823513031006, "accuracy": 0.9782913327217102, "energy_consumption": 21.76882439937993, "selected": false, "client_name": "sta4"}
2026-06-30 17:51:46,448 - METRIC - INFO - {"loss": 0.049759503453969955, "accuracy": 0.982492983341217, "energy_consumption": 20.711142698755626, "selected": false, "client_name": "sta7"}
2026-06-30 17:51:46,476 - METRIC - INFO - {"loss": 0.0468539223074913, "accuracy": 0.9887955188751221, "energy_consumption": 21.235665873803903, "selected": false, "client_name": "sta5"}
2026-06-30 17:51:46,477 - METRIC - INFO - {"loss": 0.061140354722738266, "accuracy": 0.981792688369751, "energy_consumption": 21.653999894708864, "selected": false, "client_name": "sta0"}
2026-06-30 17:51:46,497 - METRIC - INFO - {"loss": 0.06072370707988739, "accuracy": 0.9796918630599976, "energy_consumption": 21.1054673308457, "selected": false, "client_name": "sta9"}
2026-06-30 17:51:46,497 - METRIC - INFO - {"loss": 0.04446681588888168, "accuracy": 0.9838935732841492, "energy_consumption": 21.045235184260175, "selected": false, "client_name": "sta8"}
2026-06-30 17:51:46,512 - METRIC - INFO - {"loss": 0.05057354271411896, "accuracy": 0.9845938086509705, "energy_consumption": 21.286536615026844, "selected": false, "client_name": "sta10"}
2026-06-30 17:51:47,041 - METRIC - INFO - mean_accuracy: 0.9818563732233915

2026-06-30 17:51:47,041 - METRIC - INFO - round: 38
2026-06-30 17:51:47,041 - METRIC - INFO - n_selected: 11
2026-06-30 17:51:47,041 - METRIC - INFO - {"selected_trainers": ["sta0", "sta1", "sta10", "sta2", "sta3", "sta4", "sta5", "sta6", "sta7", "sta8", "sta9"]}
2026-06-30 17:51:52,915 - EXECUT - INFO - received weights from trainer sta4!
2026-06-30 17:51:52,946 - EXECUT - INFO - received weights from trainer sta5!
2026-06-30 17:51:52,965 - EXECUT - INFO - received weights from trainer sta2!
2026-06-30 17:51:52,984 - EXECUT - INFO - received weights from trainer sta1!
2026-06-30 17:51:53,003 - EXECUT - INFO - received weights from trainer sta3!
2026-06-30 17:51:53,020 - EXECUT - INFO - received weights from trainer sta6!
2026-06-30 17:51:53,035 - EXECUT - INFO - received weights from trainer sta0!
2026-06-30 17:51:53,053 - EXECUT - INFO - received weights from trainer sta7!
2026-06-30 17:51:53,763 - EXECUT - INFO - received weights from trainer sta9!
2026-06-30 17:51:53,787 - EXECUT - INFO - received weights from trainer sta8!
2026-06-30 17:51:57,492 - EXECUT - INFO - received weights from trainer sta10!
2026-06-30 17:51:58,369 - EXECUT - INFO - sent aggregated weights to trainers!
2026-06-30 17:51:58,726 - METRIC - INFO - {"loss": 0.06162567436695099, "accuracy": 0.9796918630599976, "energy_consumption": 23.055521858005395, "selected": false, "client_name": "sta3"}
2026-06-30 17:51:58,728 - METRIC - INFO - {"loss": 0.06105073541402817, "accuracy": 0.9782913327217102, "energy_consumption": 22.83596589304118, "selected": false, "client_name": "sta2"}
2026-06-30 17:51:58,731 - METRIC - INFO - {"loss": 0.05953322723507881, "accuracy": 0.9789915680885315, "energy_consumption": 22.87935343807401, "selected": false, "client_name": "sta4"}
2026-06-30 17:51:58,741 - METRIC - INFO - {"loss": 0.049045585095882416, "accuracy": 0.9803921580314636, "energy_consumption": 21.83481115744374, "selected": false, "client_name": "sta7"}
2026-06-30 17:51:58,741 - METRIC - INFO - {"loss": 0.05206737294793129, "accuracy": 0.982492983341217, "energy_consumption": 22.245111959858757, "selected": false, "client_name": "sta1"}
2026-06-30 17:51:58,781 - METRIC - INFO - {"loss": 0.05716848000884056, "accuracy": 0.982492983341217, "energy_consumption": 22.02957649339513, "selected": false, "client_name": "sta6"}
2026-06-30 17:51:58,806 - METRIC - INFO - {"loss": 0.04418133571743965, "accuracy": 0.9852941036224365, "energy_consumption": 22.102157231558397, "selected": false, "client_name": "sta8"}
2026-06-30 17:51:58,809 - METRIC - INFO - {"loss": 0.04559577628970146, "accuracy": 0.9887955188751221, "energy_consumption": 22.40466477185155, "selected": false, "client_name": "sta5"}
2026-06-30 17:51:58,813 - METRIC - INFO - {"loss": 0.061916694045066833, "accuracy": 0.9810924530029297, "energy_consumption": 22.397673718734183, "selected": false, "client_name": "sta0"}
2026-06-30 17:51:58,822 - METRIC - INFO - {"loss": 0.06108022853732109, "accuracy": 0.9796918630599976, "energy_consumption": 22.171278248760217, "selected": false, "client_name": "sta9"}
2026-06-30 17:51:58,880 - METRIC - INFO - {"loss": 0.04962848499417305, "accuracy": 0.9838935732841492, "energy_consumption": 22.248316341797775, "selected": false, "client_name": "sta10"}
2026-06-30 17:51:59,370 - METRIC - INFO - mean_accuracy: 0.9819200364026156

2026-06-30 17:51:59,370 - METRIC - INFO - round: 39
2026-06-30 17:51:59,370 - METRIC - INFO - n_selected: 11
2026-06-30 17:51:59,370 - METRIC - INFO - {"selected_trainers": ["sta0", "sta1", "sta10", "sta2", "sta3", "sta4", "sta5", "sta6", "sta7", "sta8", "sta9"]}
2026-06-30 17:52:05,229 - EXECUT - INFO - received weights from trainer sta4!
2026-06-30 17:52:05,247 - EXECUT - INFO - received weights from trainer sta6!
2026-06-30 17:52:05,268 - EXECUT - INFO - received weights from trainer sta2!
2026-06-30 17:52:05,284 - EXECUT - INFO - received weights from trainer sta7!
2026-06-30 17:52:05,299 - EXECUT - INFO - received weights from trainer sta1!
2026-06-30 17:52:05,315 - EXECUT - INFO - received weights from trainer sta5!
2026-06-30 17:52:05,331 - EXECUT - INFO - received weights from trainer sta0!
2026-06-30 17:52:06,095 - EXECUT - INFO - received weights from trainer sta10!
2026-06-30 17:52:06,116 - EXECUT - INFO - received weights from trainer sta8!
2026-06-30 17:52:06,134 - EXECUT - INFO - received weights from trainer sta9!
2026-06-30 17:52:09,818 - EXECUT - INFO - received weights from trainer sta3!
2026-06-30 17:52:10,692 - EXECUT - INFO - sent aggregated weights to trainers!
2026-06-30 17:52:11,051 - METRIC - INFO - {"loss": 0.05316902697086334, "accuracy": 0.982492983341217, "energy_consumption": 23.28292145241172, "selected": false, "client_name": "sta1"}
2026-06-30 17:52:11,069 - METRIC - INFO - {"loss": 0.048062413930892944, "accuracy": 0.9838935732841492, "energy_consumption": 22.893544824302513, "selected": false, "client_name": "sta7"}
2026-06-30 17:52:11,075 - METRIC - INFO - {"loss": 0.05715978145599365, "accuracy": 0.981792688369751, "energy_consumption": 23.054315395957172, "selected": false, "client_name": "sta6"}
2026-06-30 17:52:11,080 - METRIC - INFO - {"loss": 0.06171213835477829, "accuracy": 0.9782913327217102, "energy_consumption": 24.16947708203567, "selected": false, "client_name": "sta3"}
2026-06-30 17:52:11,083 - METRIC - INFO - {"loss": 0.059696272015571594, "accuracy": 0.9789915680885315, "energy_consumption": 23.888809321375206, "selected": false, "client_name": "sta2"}
2026-06-30 17:52:11,096 - METRIC - INFO - {"loss": 0.058008208870887756, "accuracy": 0.9803921580314636, "energy_consumption": 23.99057737765267, "selected": false, "client_name": "sta4"}
2026-06-30 17:52:11,129 - METRIC - INFO - {"loss": 0.04274105280637741, "accuracy": 0.9831932783126831, "energy_consumption": 23.17699100701161, "selected": false, "client_name": "sta8"}
2026-06-30 17:52:11,132 - METRIC - INFO - {"loss": 0.059827495366334915, "accuracy": 0.981792688369751, "energy_consumption": 23.438909121080922, "selected": false, "client_name": "sta0"}
2026-06-30 17:52:11,137 - METRIC - INFO - {"loss": 0.04398839548230171, "accuracy": 0.9887955188751221, "energy_consumption": 23.535724322232724, "selected": false, "client_name": "sta5"}
2026-06-30 17:52:11,143 - METRIC - INFO - {"loss": 0.061371222138404846, "accuracy": 0.9803921580314636, "energy_consumption": 23.283048778483483, "selected": false, "client_name": "sta9"}
2026-06-30 17:52:11,149 - METRIC - INFO - {"loss": 0.04861767962574959, "accuracy": 0.9845938086509705, "energy_consumption": 23.361232809377505, "selected": false, "client_name": "sta10"}
2026-06-30 17:52:11,693 - METRIC - INFO - mean_accuracy: 0.9822383414615284

2026-06-30 17:52:11,693 - METRIC - INFO - round: 40
2026-06-30 17:52:11,693 - METRIC - INFO - n_selected: 11
2026-06-30 17:52:11,693 - METRIC - INFO - {"selected_trainers": ["sta0", "sta1", "sta10", "sta2", "sta3", "sta4", "sta5", "sta6", "sta7", "sta8", "sta9"]}
2026-06-30 17:52:17,255 - EXECUT - INFO - received weights from trainer sta4!
2026-06-30 17:52:17,307 - EXECUT - INFO - received weights from trainer sta2!
2026-06-30 17:52:17,389 - EXECUT - INFO - received weights from trainer sta3!
2026-06-30 17:52:17,410 - EXECUT - INFO - received weights from trainer sta5!
2026-06-30 17:52:17,425 - EXECUT - INFO - received weights from trainer sta7!
2026-06-30 17:52:17,441 - EXECUT - INFO - received weights from trainer sta0!
2026-06-30 17:52:17,456 - EXECUT - INFO - received weights from trainer sta6!
2026-06-30 17:52:17,473 - EXECUT - INFO - received weights from trainer sta1!
2026-06-30 17:52:18,059 - EXECUT - INFO - received weights from trainer sta8!
2026-06-30 17:52:18,106 - EXECUT - INFO - received weights from trainer sta9!
2026-06-30 17:52:18,142 - EXECUT - INFO - received weights from trainer sta10!
2026-06-30 17:52:18,997 - EXECUT - INFO - sent aggregated weights to trainers!
2026-06-30 17:52:19,325 - METRIC - INFO - {"loss": 0.058444127440452576, "accuracy": 0.981792688369751, "energy_consumption": 24.108121981540847, "selected": false, "client_name": "sta0"}
2026-06-30 17:52:19,348 - METRIC - INFO - {"loss": 0.062143538147211075, "accuracy": 0.9782913327217102, "energy_consumption": 24.58769183598607, "selected": false, "client_name": "sta2"}
2026-06-30 17:52:19,354 - METRIC - INFO - {"loss": 0.05809546262025833, "accuracy": 0.9796918630599976, "energy_consumption": 24.706881563018058, "selected": false, "client_name": "sta4"}
2026-06-30 17:52:19,357 - METRIC - INFO - {"loss": 0.05201781913638115, "accuracy": 0.9831932783126831, "energy_consumption": 24.01999366036004, "selected": false, "client_name": "sta1"}
2026-06-30 17:52:19,370 - METRIC - INFO - {"loss": 0.044753190129995346, "accuracy": 0.988095223903656, "energy_consumption": 24.233400820991893, "selected": false, "client_name": "sta5"}
2026-06-30 17:52:19,384 - METRIC - INFO - {"loss": 0.060818564146757126, "accuracy": 0.9789915680885315, "energy_consumption": 24.90612312110804, "selected": false, "client_name": "sta3"}
2026-06-30 17:52:19,403 - METRIC - INFO - {"loss": 0.04679109901189804, "accuracy": 0.9831932783126831, "energy_consumption": 23.660619748299478, "selected": false, "client_name": "sta7"}
2026-06-30 17:52:19,405 - METRIC - INFO - {"loss": 0.05490247905254364, "accuracy": 0.9838935732841492, "energy_consumption": 23.781679383046704, "selected": false, "client_name": "sta6"}
2026-06-30 17:52:19,419 - METRIC - INFO - {"loss": 0.0424063503742218, "accuracy": 0.9859943985939026, "energy_consumption": 23.9755392839112, "selected": false, "client_name": "sta8"}
2026-06-30 17:52:19,426 - METRIC - INFO - {"loss": 0.048041533678770065, "accuracy": 0.9859943985939026, "energy_consumption": 23.729044767439827, "selected": false, "client_name": "sta10"}
2026-06-30 17:52:19,427 - METRIC - INFO - {"loss": 0.05940274894237518, "accuracy": 0.9796918630599976, "energy_consumption": 24.060293341134706, "selected": false, "client_name": "sta9"}
2026-06-30 17:52:20,000 - METRIC - INFO - mean_accuracy: 0.9826203151182695

2026-06-30 17:52:20,000 - METRIC - INFO - round: 41
2026-06-30 17:52:20,000 - METRIC - INFO - n_selected: 11
2026-06-30 17:52:20,000 - METRIC - INFO - {"selected_trainers": ["sta0", "sta1", "sta10", "sta2", "sta3", "sta4", "sta5", "sta6", "sta7", "sta8", "sta9"]}
2026-06-30 17:52:25,554 - EXECUT - INFO - received weights from trainer sta2!
2026-06-30 17:52:25,594 - EXECUT - INFO - received weights from trainer sta3!
2026-06-30 17:52:25,609 - EXECUT - INFO - received weights from trainer sta0!
2026-06-30 17:52:25,641 - EXECUT - INFO - received weights from trainer sta4!
2026-06-30 17:52:25,656 - EXECUT - INFO - received weights from trainer sta7!
2026-06-30 17:52:25,671 - EXECUT - INFO - received weights from trainer sta5!
2026-06-30 17:52:25,697 - EXECUT - INFO - received weights from trainer sta6!
2026-06-30 17:52:25,741 - EXECUT - INFO - received weights from trainer sta1!
2026-06-30 17:52:26,406 - EXECUT - INFO - received weights from trainer sta9!
2026-06-30 17:52:26,422 - EXECUT - INFO - received weights from trainer sta8!
2026-06-30 17:52:26,439 - EXECUT - INFO - received weights from trainer sta10!
2026-06-30 17:52:27,289 - EXECUT - INFO - sent aggregated weights to trainers!
2026-06-30 17:52:27,611 - METRIC - INFO - {"loss": 0.05825291574001312, "accuracy": 0.981792688369751, "energy_consumption": 24.890805602618634, "selected": false, "client_name": "sta0"}
2026-06-30 17:52:27,636 - METRIC - INFO - {"loss": 0.051722459495067596, "accuracy": 0.982492983341217, "energy_consumption": 24.829457502230486, "selected": false, "client_name": "sta1"}
2026-06-30 17:52:27,651 - METRIC - INFO - {"loss": 0.0577668622136116, "accuracy": 0.9796918630599976, "energy_consumption": 25.412399025039026, "selected": false, "client_name": "sta2"}
2026-06-30 17:52:27,720 - METRIC - INFO - {"loss": 0.046880435198545456, "accuracy": 0.9845938086509705, "energy_consumption": 24.529803683494446, "selected": false, "client_name": "sta10"}
2026-06-30 17:52:27,721 - METRIC - INFO - {"loss": 0.05768406391143799, "accuracy": 0.9810924530029297, "energy_consumption": 24.863755174385727, "selected": false, "client_name": "sta9"}
2026-06-30 17:52:27,721 - METRIC - INFO - {"loss": 0.04262157902121544, "accuracy": 0.9831932783126831, "energy_consumption": 24.721030283788302, "selected": false, "client_name": "sta8"}
2026-06-30 17:52:27,777 - METRIC - INFO - {"loss": 0.0573691725730896, "accuracy": 0.9803921580314636, "energy_consumption": 25.55195290771731, "selected": false, "client_name": "sta4"}
2026-06-30 17:52:27,786 - METRIC - INFO - {"loss": 0.046719055622816086, "accuracy": 0.9845938086509705, "energy_consumption": 24.388543593925707, "selected": false, "client_name": "sta7"}
2026-06-30 17:52:27,797 - METRIC - INFO - {"loss": 0.04284133017063141, "accuracy": 0.9894958138465881, "energy_consumption": 25.02402814192216, "selected": false, "client_name": "sta5"}
2026-06-30 17:52:27,802 - METRIC - INFO - {"loss": 0.059299319982528687, "accuracy": 0.9782913327217102, "energy_consumption": 25.77656747670774, "selected": false, "client_name": "sta3"}
2026-06-30 17:52:27,805 - METRIC - INFO - {"loss": 0.05524207279086113, "accuracy": 0.9852941036224365, "energy_consumption": 24.540438976750426, "selected": false, "client_name": "sta6"}
2026-06-30 17:52:28,290 - METRIC - INFO - mean_accuracy: 0.982811299237338

2026-06-30 17:52:28,290 - METRIC - INFO - round: 42
2026-06-30 17:52:28,290 - METRIC - INFO - n_selected: 11
2026-06-30 17:52:28,290 - METRIC - INFO - {"selected_trainers": ["sta0", "sta1", "sta10", "sta2", "sta3", "sta4", "sta5", "sta6", "sta7", "sta8", "sta9"]}
2026-06-30 17:52:33,908 - EXECUT - INFO - received weights from trainer sta4!
2026-06-30 17:52:33,923 - EXECUT - INFO - received weights from trainer sta6!
2026-06-30 17:52:33,950 - EXECUT - INFO - received weights from trainer sta7!
2026-06-30 17:52:33,985 - EXECUT - INFO - received weights from trainer sta5!
2026-06-30 17:52:34,002 - EXECUT - INFO - received weights from trainer sta1!
2026-06-30 17:52:34,019 - EXECUT - INFO - received weights from trainer sta2!
2026-06-30 17:52:34,036 - EXECUT - INFO - received weights from trainer sta0!
2026-06-30 17:52:34,055 - EXECUT - INFO - received weights from trainer sta3!
2026-06-30 17:52:34,692 - EXECUT - INFO - received weights from trainer sta8!
2026-06-30 17:52:34,716 - EXECUT - INFO - received weights from trainer sta9!
2026-06-30 17:52:34,732 - EXECUT - INFO - received weights from trainer sta10!
2026-06-30 17:52:35,603 - EXECUT - INFO - sent aggregated weights to trainers!
2026-06-30 17:52:35,911 - METRIC - INFO - {"loss": 0.05811021849513054, "accuracy": 0.981792688369751, "energy_consumption": 25.692602209999592, "selected": false, "client_name": "sta0"}
2026-06-30 17:52:35,918 - METRIC - INFO - {"loss": 0.04987534508109093, "accuracy": 0.9852941036224365, "energy_consumption": 25.658171803197067, "selected": false, "client_name": "sta1"}
2026-06-30 17:52:35,951 - METRIC - INFO - {"loss": 0.05617954954504967, "accuracy": 0.9803921580314636, "energy_consumption": 26.478141409505312, "selected": false, "client_name": "sta4"}
2026-06-30 17:52:35,960 - METRIC - INFO - {"loss": 0.04574710503220558, "accuracy": 0.9838935732841492, "energy_consumption": 25.18348741600192, "selected": false, "client_name": "sta7"}
2026-06-30 17:52:35,976 - METRIC - INFO - {"loss": 0.05784496292471886, "accuracy": 0.9789915680885315, "energy_consumption": 26.69541471764574, "selected": false, "client_name": "sta3"}
2026-06-30 17:52:35,985 - METRIC - INFO - {"loss": 0.04252990335226059, "accuracy": 0.9894958138465881, "energy_consumption": 25.90501992116116, "selected": false, "client_name": "sta5"}
2026-06-30 17:52:35,985 - METRIC - INFO - {"loss": 0.0555863082408905, "accuracy": 0.9838935732841492, "energy_consumption": 25.410661755417337, "selected": false, "client_name": "sta6"}
2026-06-30 17:52:36,019 - METRIC - INFO - {"loss": 0.042532891035079956, "accuracy": 0.9866946935653687, "energy_consumption": 25.494308524229357, "selected": false, "client_name": "sta8"}
2026-06-30 17:52:36,023 - METRIC - INFO - {"loss": 0.04617053270339966, "accuracy": 0.9859943985939026, "energy_consumption": 25.345808187071384, "selected": false, "client_name": "sta10"}
2026-06-30 17:52:36,031 - METRIC - INFO - {"loss": 0.05550364404916763, "accuracy": 0.9796918630599976, "energy_consumption": 25.68013674501894, "selected": false, "client_name": "sta9"}
2026-06-30 17:52:36,061 - METRIC - INFO - {"loss": 0.05811792239546776, "accuracy": 0.9796918630599976, "energy_consumption": 26.29093999623354, "selected": false, "client_name": "sta2"}
2026-06-30 17:52:36,605 - METRIC - INFO - mean_accuracy: 0.9832569360733032

2026-06-30 17:52:36,605 - METRIC - INFO - round: 43
2026-06-30 17:52:36,605 - METRIC - INFO - n_selected: 11
2026-06-30 17:52:36,605 - METRIC - INFO - {"selected_trainers": ["sta0", "sta1", "sta10", "sta2", "sta3", "sta4", "sta5", "sta6", "sta7", "sta8", "sta9"]}
2026-06-30 17:52:42,089 - EXECUT - INFO - received weights from trainer sta0!
2026-06-30 17:52:42,115 - EXECUT - INFO - received weights from trainer sta6!
2026-06-30 17:52:42,130 - EXECUT - INFO - received weights from trainer sta7!
2026-06-30 17:52:42,145 - EXECUT - INFO - received weights from trainer sta4!
2026-06-30 17:52:42,159 - EXECUT - INFO - received weights from trainer sta2!
2026-06-30 17:52:42,174 - EXECUT - INFO - received weights from trainer sta5!
2026-06-30 17:52:42,205 - EXECUT - INFO - received weights from trainer sta3!
2026-06-30 17:52:42,804 - EXECUT - INFO - received weights from trainer sta9!
2026-06-30 17:52:42,840 - EXECUT - INFO - received weights from trainer sta10!
2026-06-30 17:52:42,855 - EXECUT - INFO - received weights from trainer sta8!
2026-06-30 17:52:47,047 - EXECUT - INFO - received weights from trainer sta1!
2026-06-30 17:52:47,891 - EXECUT - INFO - sent aggregated weights to trainers!
2026-06-30 17:52:48,235 - METRIC - INFO - {"loss": 0.05787379667162895, "accuracy": 0.9796918630599976, "energy_consumption": 27.715399792875484, "selected": false, "client_name": "sta2"}
2026-06-30 17:52:48,240 - METRIC - INFO - {"loss": 0.056610871106386185, "accuracy": 0.9803921580314636, "energy_consumption": 28.0741367917704, "selected": false, "client_name": "sta3"}
2026-06-30 17:52:48,249 - METRIC - INFO - {"loss": 0.04455539956688881, "accuracy": 0.9852941036224365, "energy_consumption": 26.313775858093845, "selected": false, "client_name": "sta7"}
2026-06-30 17:52:48,251 - METRIC - INFO - {"loss": 0.055207785218954086, "accuracy": 0.9810924530029297, "energy_consumption": 27.78544332454124, "selected": false, "client_name": "sta4"}
2026-06-30 17:52:48,259 - METRIC - INFO - {"loss": 0.05313834920525551, "accuracy": 0.9845938086509705, "energy_consumption": 26.56778221909899, "selected": false, "client_name": "sta6"}
2026-06-30 17:52:48,272 - METRIC - INFO - {"loss": 0.04260539636015892, "accuracy": 0.9894958138465881, "energy_consumption": 27.114621504577133, "selected": false, "client_name": "sta5"}
2026-06-30 17:52:48,283 - METRIC - INFO - {"loss": 0.041140127927064896, "accuracy": 0.9859943985939026, "energy_consumption": 26.67029857431674, "selected": false, "client_name": "sta8"}
2026-06-30 17:52:48,307 - METRIC - INFO - {"loss": 0.05734150856733322, "accuracy": 0.982492983341217, "energy_consumption": 27.056241643755115, "selected": false, "client_name": "sta0"}
2026-06-30 17:52:48,309 - METRIC - INFO - {"loss": 0.05583897605538368, "accuracy": 0.9810924530029297, "energy_consumption": 26.895532059984475, "selected": false, "client_name": "sta9"}
2026-06-30 17:52:48,338 - METRIC - INFO - {"loss": 0.05131326615810394, "accuracy": 0.982492983341217, "energy_consumption": 27.08537478827008, "selected": false, "client_name": "sta1"}
2026-06-30 17:52:48,413 - METRIC - INFO - {"loss": 0.04503806307911873, "accuracy": 0.9859943985939026, "energy_consumption": 27.04935454962406, "selected": false, "client_name": "sta10"}
2026-06-30 17:52:48,894 - METRIC - INFO - mean_accuracy: 0.9835115833715959

2026-06-30 17:52:48,894 - METRIC - INFO - round: 44
2026-06-30 17:52:48,894 - METRIC - INFO - n_selected: 11
2026-06-30 17:52:48,894 - METRIC - INFO - {"selected_trainers": ["sta0", "sta1", "sta10", "sta2", "sta3", "sta4", "sta5", "sta6", "sta7", "sta8", "sta9"]}
2026-06-30 17:52:54,324 - EXECUT - INFO - received weights from trainer sta4!
2026-06-30 17:52:54,349 - EXECUT - INFO - received weights from trainer sta2!
2026-06-30 17:52:54,369 - EXECUT - INFO - received weights from trainer sta6!
2026-06-30 17:52:54,388 - EXECUT - INFO - received weights from trainer sta7!
2026-06-30 17:52:54,405 - EXECUT - INFO - received weights from trainer sta3!
2026-06-30 17:52:54,420 - EXECUT - INFO - received weights from trainer sta5!
2026-06-30 17:52:54,436 - EXECUT - INFO - received weights from trainer sta1!
2026-06-30 17:52:54,493 - EXECUT - INFO - received weights from trainer sta0!
2026-06-30 17:52:55,044 - EXECUT - INFO - received weights from trainer sta9!
2026-06-30 17:52:55,081 - EXECUT - INFO - received weights from trainer sta8!
2026-06-30 17:52:55,120 - EXECUT - INFO - received weights from trainer sta10!
2026-06-30 17:52:56,193 - EXECUT - INFO - sent aggregated weights to trainers!
2026-06-30 17:52:56,521 - METRIC - INFO - {"loss": 0.04917660355567932, "accuracy": 0.9852941036224365, "energy_consumption": 27.909818865108953, "selected": false, "client_name": "sta1"}
2026-06-30 17:52:56,523 - METRIC - INFO - {"loss": 0.05819057673215866, "accuracy": 0.9803921580314636, "energy_consumption": 28.552105815906216, "selected": false, "client_name": "sta2"}
2026-06-30 17:52:56,526 - METRIC - INFO - {"loss": 0.05667924880981445, "accuracy": 0.9789915680885315, "energy_consumption": 28.91118736248736, "selected": false, "client_name": "sta3"}
2026-06-30 17:52:56,540 - METRIC - INFO - {"loss": 0.05509592965245247, "accuracy": 0.9796918630599976, "energy_consumption": 28.595410664054278, "selected": false, "client_name": "sta4"}
2026-06-30 17:52:56,545 - METRIC - INFO - {"loss": 0.05182429775595665, "accuracy": 0.9845938086509705, "energy_consumption": 27.391482942434916, "selected": false, "client_name": "sta6"}
2026-06-30 17:52:56,550 - METRIC - INFO - {"loss": 0.044559501111507416, "accuracy": 0.9852941036224365, "energy_consumption": 27.156024642405796, "selected": false, "client_name": "sta7"}
2026-06-30 17:52:56,594 - METRIC - INFO - {"loss": 0.0423273928463459, "accuracy": 0.9887955188751221, "energy_consumption": 27.93454371920432, "selected": false, "client_name": "sta5"}
2026-06-30 17:52:56,603 - METRIC - INFO - {"loss": 0.0560842826962471, "accuracy": 0.982492983341217, "energy_consumption": 27.87595278748301, "selected": false, "client_name": "sta0"}
2026-06-30 17:52:56,617 - METRIC - INFO - {"loss": 0.044641852378845215, "accuracy": 0.9852941036224365, "energy_consumption": 27.444801827737614, "selected": false, "client_name": "sta10"}
2026-06-30 17:52:56,709 - METRIC - INFO - {"loss": 0.04029741883277893, "accuracy": 0.9845938086509705, "energy_consumption": 27.447569148651684, "selected": false, "client_name": "sta8"}
2026-06-30 17:52:56,723 - METRIC - INFO - {"loss": 0.05622429773211479, "accuracy": 0.9796918630599976, "energy_consumption": 27.716638009264063, "selected": false, "client_name": "sta9"}
2026-06-30 17:52:57,194 - METRIC - INFO - mean_accuracy: 0.9831932620568709

2026-06-30 17:52:57,194 - METRIC - INFO - round: 45
2026-06-30 17:52:57,194 - METRIC - INFO - n_selected: 11
2026-06-30 17:52:57,194 - METRIC - INFO - {"selected_trainers": ["sta0", "sta1", "sta10", "sta2", "sta3", "sta4", "sta5", "sta6", "sta7", "sta8", "sta9"]}
2026-06-30 17:53:02,606 - EXECUT - INFO - received weights from trainer sta4!
2026-06-30 17:53:02,621 - EXECUT - INFO - received weights from trainer sta2!
2026-06-30 17:53:02,681 - EXECUT - INFO - received weights from trainer sta6!
2026-06-30 17:53:02,696 - EXECUT - INFO - received weights from trainer sta3!
2026-06-30 17:53:02,710 - EXECUT - INFO - received weights from trainer sta0!
2026-06-30 17:53:02,723 - EXECUT - INFO - received weights from trainer sta7!
2026-06-30 17:53:02,737 - EXECUT - INFO - received weights from trainer sta1!
2026-06-30 17:53:02,751 - EXECUT - INFO - received weights from trainer sta5!
2026-06-30 17:53:03,340 - EXECUT - INFO - received weights from trainer sta8!
2026-06-30 17:53:03,367 - EXECUT - INFO - received weights from trainer sta10!
2026-06-30 17:53:03,391 - EXECUT - INFO - received weights from trainer sta9!
2026-06-30 17:53:04,468 - EXECUT - INFO - sent aggregated weights to trainers!
2026-06-30 17:53:04,769 - METRIC - INFO - {"loss": 0.050537221133708954, "accuracy": 0.9838935732841492, "energy_consumption": 28.855458833076646, "selected": false, "client_name": "sta1"}
2026-06-30 17:53:04,791 - METRIC - INFO - {"loss": 0.05541172996163368, "accuracy": 0.9810924530029297, "energy_consumption": 29.506315371871327, "selected": false, "client_name": "sta2"}
2026-06-30 17:53:04,797 - METRIC - INFO - {"loss": 0.05645158886909485, "accuracy": 0.9789915680885315, "energy_consumption": 29.921003397857955, "selected": false, "client_name": "sta3"}
2026-06-30 17:53:04,816 - METRIC - INFO - {"loss": 0.05453360453248024, "accuracy": 0.9810924530029297, "energy_consumption": 29.541896007155184, "selected": false, "client_name": "sta4"}
2026-06-30 17:53:04,841 - METRIC - INFO - {"loss": 0.055955495685338974, "accuracy": 0.982492983341217, "energy_consumption": 28.767606974121254, "selected": false, "client_name": "sta0"}
2026-06-30 17:53:04,846 - METRIC - INFO - {"loss": 0.043761298060417175, "accuracy": 0.9838935732841492, "energy_consumption": 28.09382495128179, "selected": false, "client_name": "sta7"}
2026-06-30 17:53:04,847 - METRIC - INFO - {"loss": 0.05186888203024864, "accuracy": 0.9852941036224365, "energy_consumption": 28.28935500264936, "selected": false, "client_name": "sta6"}
2026-06-30 17:53:04,864 - METRIC - INFO - {"loss": 0.042057499289512634, "accuracy": 0.9887955188751221, "energy_consumption": 28.830119371102192, "selected": false, "client_name": "sta5"}
2026-06-30 17:53:04,873 - METRIC - INFO - {"loss": 0.040621016174554825, "accuracy": 0.9859943985939026, "energy_consumption": 28.369782729685262, "selected": false, "client_name": "sta8"}
2026-06-30 17:53:04,877 - METRIC - INFO - {"loss": 0.055827923119068146, "accuracy": 0.9810924530029297, "energy_consumption": 28.671842393964248, "selected": false, "client_name": "sta9"}
2026-06-30 17:53:04,880 - METRIC - INFO - {"loss": 0.04476907476782799, "accuracy": 0.9859943985939026, "energy_consumption": 28.900293043181016, "selected": false, "client_name": "sta10"}
2026-06-30 17:53:05,470 - METRIC - INFO - mean_accuracy: 0.9835115887902

2026-06-30 17:53:05,470 - METRIC - INFO - round: 46
2026-06-30 17:53:05,470 - METRIC - INFO - n_selected: 11
2026-06-30 17:53:05,470 - METRIC - INFO - {"selected_trainers": ["sta0", "sta1", "sta10", "sta2", "sta3", "sta4", "sta5", "sta6", "sta7", "sta8", "sta9"]}
2026-06-30 17:53:10,894 - EXECUT - INFO - received weights from trainer sta4!
2026-06-30 17:53:10,914 - EXECUT - INFO - received weights from trainer sta7!
2026-06-30 17:53:10,950 - EXECUT - INFO - received weights from trainer sta3!
2026-06-30 17:53:10,965 - EXECUT - INFO - received weights from trainer sta0!
2026-06-30 17:53:10,979 - EXECUT - INFO - received weights from trainer sta2!
2026-06-30 17:53:10,993 - EXECUT - INFO - received weights from trainer sta1!
2026-06-30 17:53:11,007 - EXECUT - INFO - received weights from trainer sta6!
2026-06-30 17:53:11,028 - EXECUT - INFO - received weights from trainer sta5!
2026-06-30 17:53:11,612 - EXECUT - INFO - received weights from trainer sta9!
2026-06-30 17:53:11,625 - EXECUT - INFO - received weights from trainer sta8!
2026-06-30 17:53:11,647 - EXECUT - INFO - received weights from trainer sta10!
2026-06-30 17:53:12,751 - EXECUT - INFO - sent aggregated weights to trainers!
2026-06-30 17:53:13,066 - METRIC - INFO - {"loss": 0.04913674294948578, "accuracy": 0.9838935732841492, "energy_consumption": 29.766091376144146, "selected": false, "client_name": "sta1"}
2026-06-30 17:53:13,078 - METRIC - INFO - {"loss": 0.05834245681762695, "accuracy": 0.9789915680885315, "energy_consumption": 30.836632082685956, "selected": false, "client_name": "sta3"}
2026-06-30 17:53:13,081 - METRIC - INFO - {"loss": 0.053928669542074203, "accuracy": 0.9803921580314636, "energy_consumption": 30.50800575135063, "selected": false, "client_name": "sta4"}
2026-06-30 17:53:13,082 - METRIC - INFO - {"loss": 0.05639049410820007, "accuracy": 0.9796918630599976, "energy_consumption": 30.42441079133294, "selected": false, "client_name": "sta2"}
2026-06-30 17:53:13,087 - METRIC - INFO - {"loss": 0.05225171893835068, "accuracy": 0.9852941036224365, "energy_consumption": 29.245585682196158, "selected": false, "client_name": "sta6"}
2026-06-30 17:53:13,109 - METRIC - INFO - {"loss": 0.04356476292014122, "accuracy": 0.9859943985939026, "energy_consumption": 29.007029314952675, "selected": false, "client_name": "sta7"}
2026-06-30 17:53:13,146 - METRIC - INFO - {"loss": 0.04280899465084076, "accuracy": 0.9873949289321899, "energy_consumption": 29.74188055832675, "selected": false, "client_name": "sta5"}
2026-06-30 17:53:13,152 - METRIC - INFO - {"loss": 0.03986256197094917, "accuracy": 0.9852941036224365, "energy_consumption": 29.30804885594304, "selected": false, "client_name": "sta8"}
2026-06-30 17:53:13,152 - METRIC - INFO - {"loss": 0.0562274232506752, "accuracy": 0.9831932783126831, "energy_consumption": 29.56486486376477, "selected": false, "client_name": "sta0"}
2026-06-30 17:53:13,163 - METRIC - INFO - {"loss": 0.05465937778353691, "accuracy": 0.9796918630599976, "energy_consumption": 29.583520846228193, "selected": false, "client_name": "sta9"}
2026-06-30 17:53:13,168 - METRIC - INFO - {"loss": 0.04385778307914734, "accuracy": 0.9859943985939026, "energy_consumption": 29.868380820194787, "selected": false, "client_name": "sta10"}
2026-06-30 17:53:13,752 - METRIC - INFO - mean_accuracy: 0.9832569306546991

2026-06-30 17:53:13,752 - METRIC - INFO - round: 47
2026-06-30 17:53:13,752 - METRIC - INFO - n_selected: 11
2026-06-30 17:53:13,752 - METRIC - INFO - {"selected_trainers": ["sta0", "sta1", "sta10", "sta2", "sta3", "sta4", "sta5", "sta6", "sta7", "sta8", "sta9"]}
2026-06-30 17:53:19,052 - EXECUT - INFO - received weights from trainer sta4!
2026-06-30 17:53:19,122 - EXECUT - INFO - received weights from trainer sta0!
2026-06-30 17:53:19,136 - EXECUT - INFO - received weights from trainer sta3!
2026-06-30 17:53:19,150 - EXECUT - INFO - received weights from trainer sta6!
2026-06-30 17:53:19,164 - EXECUT - INFO - received weights from trainer sta7!
2026-06-30 17:53:19,177 - EXECUT - INFO - received weights from trainer sta5!
2026-06-30 17:53:19,191 - EXECUT - INFO - received weights from trainer sta2!
2026-06-30 17:53:19,204 - EXECUT - INFO - received weights from trainer sta1!
2026-06-30 17:53:19,778 - EXECUT - INFO - received weights from trainer sta8!
2026-06-30 17:53:19,827 - EXECUT - INFO - received weights from trainer sta9!
2026-06-30 17:53:19,862 - EXECUT - INFO - received weights from trainer sta10!
2026-06-30 17:53:21,034 - EXECUT - INFO - sent aggregated weights to trainers!
2026-06-30 17:53:21,327 - METRIC - INFO - {"loss": 0.05481049418449402, "accuracy": 0.982492983341217, "energy_consumption": 30.51733776050583, "selected": false, "client_name": "sta0"}
2026-06-30 17:53:21,342 - METRIC - INFO - {"loss": 0.055794525891542435, "accuracy": 0.9789915680885315, "energy_consumption": 31.416117225425143, "selected": false, "client_name": "sta2"}
2026-06-30 17:53:21,360 - METRIC - INFO - {"loss": 0.05535066872835159, "accuracy": 0.9796918630599976, "energy_consumption": 31.836286646072132, "selected": false, "client_name": "sta3"}
2026-06-30 17:53:21,360 - METRIC - INFO - {"loss": 0.05014986917376518, "accuracy": 0.9831932783126831, "energy_consumption": 30.732030378853512, "selected": false, "client_name": "sta1"}
2026-06-30 17:53:21,375 - METRIC - INFO - {"loss": 0.05289841815829277, "accuracy": 0.9810924530029297, "energy_consumption": 31.510848204643203, "selected": false, "client_name": "sta4"}
2026-06-30 17:53:21,390 - METRIC - INFO - {"loss": 0.051406171172857285, "accuracy": 0.9852941036224365, "energy_consumption": 30.096663097413494, "selected": false, "client_name": "sta6"}
2026-06-30 17:53:21,401 - METRIC - INFO - {"loss": 0.04271154850721359, "accuracy": 0.9845938086509705, "energy_consumption": 29.954304427484082, "selected": false, "client_name": "sta7"}
2026-06-30 17:53:21,411 - METRIC - INFO - {"loss": 0.041424162685871124, "accuracy": 0.9887955188751221, "energy_consumption": 30.74856779282312, "selected": false, "client_name": "sta5"}
2026-06-30 17:53:21,433 - METRIC - INFO - {"loss": 0.05368918552994728, "accuracy": 0.9810924530029297, "energy_consumption": 30.497760996199446, "selected": false, "client_name": "sta9"}
2026-06-30 17:53:21,434 - METRIC - INFO - {"loss": 0.039826586842536926, "accuracy": 0.9845938086509705, "energy_consumption": 30.236833977536044, "selected": false, "client_name": "sta8"}
2026-06-30 17:53:21,436 - METRIC - INFO - {"loss": 0.043290238827466965, "accuracy": 0.988095223903656, "energy_consumption": 30.93539023965714, "selected": false, "client_name": "sta10"}
2026-06-30 17:53:22,035 - METRIC - INFO - mean_accuracy: 0.9834479147737677

2026-06-30 17:53:22,035 - METRIC - INFO - round: 48
2026-06-30 17:53:22,035 - METRIC - INFO - n_selected: 11
2026-06-30 17:53:22,035 - METRIC - INFO - {"selected_trainers": ["sta0", "sta1", "sta10", "sta2", "sta3", "sta4", "sta5", "sta6", "sta7", "sta8", "sta9"]}
2026-06-30 17:53:27,297 - EXECUT - INFO - received weights from trainer sta4!
2026-06-30 17:53:27,388 - EXECUT - INFO - received weights from trainer sta3!
2026-06-30 17:53:27,434 - EXECUT - INFO - received weights from trainer sta7!
2026-06-30 17:53:27,451 - EXECUT - INFO - received weights from trainer sta2!
2026-06-30 17:53:27,468 - EXECUT - INFO - received weights from trainer sta6!
2026-06-30 17:53:27,482 - EXECUT - INFO - received weights from trainer sta5!
2026-06-30 17:53:27,496 - EXECUT - INFO - received weights from trainer sta1!
2026-06-30 17:53:27,550 - EXECUT - INFO - received weights from trainer sta0!
2026-06-30 17:53:28,072 - EXECUT - INFO - received weights from trainer sta8!
2026-06-30 17:53:28,143 - EXECUT - INFO - received weights from trainer sta9!
2026-06-30 17:53:28,158 - EXECUT - INFO - received weights from trainer sta10!
2026-06-30 17:53:29,331 - EXECUT - INFO - sent aggregated weights to trainers!
2026-06-30 17:53:29,622 - METRIC - INFO - {"loss": 0.05101450905203819, "accuracy": 0.9831932783126831, "energy_consumption": 31.67705078056589, "selected": false, "client_name": "sta1"}
2026-06-30 17:53:29,648 - METRIC - INFO - {"loss": 0.05578340217471123, "accuracy": 0.981792688369751, "energy_consumption": 32.39343368974692, "selected": false, "client_name": "sta2"}
2026-06-30 17:53:29,652 - METRIC - INFO - {"loss": 0.055040184408426285, "accuracy": 0.982492983341217, "energy_consumption": 31.479244173624455, "selected": false, "client_name": "sta0"}
2026-06-30 17:53:29,663 - METRIC - INFO - {"loss": 0.05350146070122719, "accuracy": 0.9810924530029297, "energy_consumption": 32.86948219064744, "selected": false, "client_name": "sta3"}
2026-06-30 17:53:29,665 - METRIC - INFO - {"loss": 0.04213886335492134, "accuracy": 0.9859943985939026, "energy_consumption": 30.91554702665292, "selected": false, "client_name": "sta7"}
2026-06-30 17:53:29,670 - METRIC - INFO - {"loss": 0.04200556129217148, "accuracy": 0.9887955188751221, "energy_consumption": 31.793541491261127, "selected": false, "client_name": "sta5"}
2026-06-30 17:53:29,670 - METRIC - INFO - {"loss": 0.05240017920732498, "accuracy": 0.981792688369751, "energy_consumption": 32.62625770027098, "selected": false, "client_name": "sta4"}
2026-06-30 17:53:29,680 - METRIC - INFO - {"loss": 0.05170372873544693, "accuracy": 0.9852941036224365, "energy_consumption": 31.036133352277048, "selected": false, "client_name": "sta6"}
2026-06-30 17:53:29,717 - METRIC - INFO - {"loss": 0.03856842592358589, "accuracy": 0.9859943985939026, "energy_consumption": 31.202460002053904, "selected": false, "client_name": "sta8"}
2026-06-30 17:53:29,722 - METRIC - INFO - {"loss": 0.05364042893052101, "accuracy": 0.981792688369751, "energy_consumption": 31.427525095962793, "selected": false, "client_name": "sta9"}
2026-06-30 17:53:29,735 - METRIC - INFO - {"loss": 0.04320923984050751, "accuracy": 0.9866946935653687, "energy_consumption": 31.900778238126417, "selected": false, "client_name": "sta10"}
2026-06-30 17:53:30,334 - METRIC - INFO - mean_accuracy: 0.9840845357288014

2026-06-30 17:53:30,334 - METRIC - INFO - round: 49
2026-06-30 17:53:30,334 - METRIC - INFO - n_selected: 11
2026-06-30 17:53:30,334 - METRIC - INFO - {"selected_trainers": ["sta0", "sta1", "sta10", "sta2", "sta3", "sta4", "sta5", "sta6", "sta7", "sta8", "sta9"]}
2026-06-30 17:53:35,597 - EXECUT - INFO - received weights from trainer sta5!
2026-06-30 17:53:35,612 - EXECUT - INFO - received weights from trainer sta0!
2026-06-30 17:53:35,629 - EXECUT - INFO - received weights from trainer sta4!
2026-06-30 17:53:35,644 - EXECUT - INFO - received weights from trainer sta3!
2026-06-30 17:53:35,659 - EXECUT - INFO - received weights from trainer sta7!
2026-06-30 17:53:35,673 - EXECUT - INFO - received weights from trainer sta2!
2026-06-30 17:53:35,686 - EXECUT - INFO - received weights from trainer sta6!
2026-06-30 17:53:35,699 - EXECUT - INFO - received weights from trainer sta1!
2026-06-30 17:53:36,184 - EXECUT - INFO - received weights from trainer sta8!
2026-06-30 17:53:36,211 - EXECUT - INFO - received weights from trainer sta9!
2026-06-30 17:53:36,236 - EXECUT - INFO - received weights from trainer sta10!
2026-06-30 17:53:36,601 - EXECUT - INFO - sent aggregated weights to trainers!
2026-06-30 17:53:36,899 - METRIC - INFO - {"loss": 0.0479736290872097, "accuracy": 0.9859943985939026, "energy_consumption": 32.60192232538151, "selected": false, "client_name": "sta1"}
2026-06-30 17:53:36,901 - METRIC - INFO - {"loss": 0.0561765618622303, "accuracy": 0.9810924530029297, "energy_consumption": 33.38786274241322, "selected": false, "client_name": "sta2"}
2026-06-30 17:53:36,902 - METRIC - INFO - {"loss": 0.05518530681729317, "accuracy": 0.982492983341217, "energy_consumption": 32.52634518794983, "selected": false, "client_name": "sta0"}
2026-06-30 17:53:36,938 - METRIC - INFO - {"loss": 0.05471349135041237, "accuracy": 0.9796918630599976, "energy_consumption": 33.93023341101225, "selected": false, "client_name": "sta3"}
2026-06-30 17:53:36,951 - METRIC - INFO - {"loss": 0.04158036410808563, "accuracy": 0.9859943985939026, "energy_consumption": 31.904489576603382, "selected": false, "client_name": "sta7"}
2026-06-30 17:53:36,951 - METRIC - INFO - {"loss": 0.050258707255125046, "accuracy": 0.9852941036224365, "energy_consumption": 31.97412021194527, "selected": false, "client_name": "sta6"}
2026-06-30 17:53:36,954 - METRIC - INFO - {"loss": 0.04145826771855354, "accuracy": 0.9887955188751221, "energy_consumption": 32.779942971319194, "selected": false, "client_name": "sta5"}
2026-06-30 17:53:36,978 - METRIC - INFO - {"loss": 0.038175638765096664, "accuracy": 0.988095223903656, "energy_consumption": 31.61033294117982, "selected": false, "client_name": "sta8"}
2026-06-30 17:53:36,981 - METRIC - INFO - {"loss": 0.04188944026827812, "accuracy": 0.9859943985939026, "energy_consumption": 32.38311316130795, "selected": false, "client_name": "sta10"}
2026-06-30 17:53:36,985 - METRIC - INFO - {"loss": 0.05405900627374649, "accuracy": 0.9803921580314636, "energy_consumption": 31.89527440604656, "selected": false, "client_name": "sta9"}
2026-06-30 17:53:36,991 - METRIC - INFO - {"loss": 0.0520189106464386, "accuracy": 0.9810924530029297, "energy_consumption": 33.687573708262896, "selected": false, "client_name": "sta4"}
2026-06-30 17:53:37,602 - METRIC - INFO - mean_accuracy: 0.9840845411474054

2026-06-30 17:53:37,602 - METRIC - INFO - round: 50
2026-06-30 17:53:37,602 - METRIC - INFO - n_selected: 11
2026-06-30 17:53:37,602 - METRIC - INFO - {"selected_trainers": ["sta0", "sta1", "sta10", "sta2", "sta3", "sta4", "sta5", "sta6", "sta7", "sta8", "sta9"]}
2026-06-30 17:53:42,783 - EXECUT - INFO - received weights from trainer sta0!
2026-06-30 17:53:42,832 - EXECUT - INFO - received weights from trainer sta6!
2026-06-30 17:53:42,846 - EXECUT - INFO - received weights from trainer sta2!
2026-06-30 17:53:42,859 - EXECUT - INFO - received weights from trainer sta4!
2026-06-30 17:53:42,872 - EXECUT - INFO - received weights from trainer sta3!
2026-06-30 17:53:42,885 - EXECUT - INFO - received weights from trainer sta1!
2026-06-30 17:53:42,906 - EXECUT - INFO - received weights from trainer sta7!
2026-06-30 17:53:42,920 - EXECUT - INFO - received weights from trainer sta5!
2026-06-30 17:53:43,477 - EXECUT - INFO - received weights from trainer sta9!
2026-06-30 17:53:43,493 - EXECUT - INFO - received weights from trainer sta8!
2026-06-30 17:53:43,507 - EXECUT - INFO - received weights from trainer sta10!
2026-06-30 17:53:43,852 - EXECUT - INFO - sent aggregated weights to trainers!
2026-06-30 17:53:44,127 - METRIC - INFO - {"loss": 0.04899590089917183, "accuracy": 0.9852941036224365, "energy_consumption": 33.67286962285284, "selected": false, "client_name": "sta1"}
2026-06-30 17:53:44,147 - METRIC - INFO - {"loss": 0.05457858368754387, "accuracy": 0.9831932783126831, "energy_consumption": 33.551591092361996, "selected": false, "client_name": "sta0"}
2026-06-30 17:53:44,153 - METRIC - INFO - {"loss": 0.055623073130846024, "accuracy": 0.9789915680885315, "energy_consumption": 35.15538071583203, "selected": false, "client_name": "sta3"}
2026-06-30 17:53:44,156 - METRIC - INFO - {"loss": 0.05343757942318916, "accuracy": 0.9803921580314636, "energy_consumption": 34.61298565420826, "selected": false, "client_name": "sta2"}
2026-06-30 17:53:44,158 - METRIC - INFO - {"loss": 0.041699983179569244, "accuracy": 0.9859943985939026, "energy_consumption": 32.26870318614501, "selected": false, "client_name": "sta7"}
2026-06-30 17:53:44,178 - METRIC - INFO - {"loss": 0.053156547248363495, "accuracy": 0.981792688369751, "energy_consumption": 34.80108959405371, "selected": false, "client_name": "sta4"}
2026-06-30 17:53:44,184 - METRIC - INFO - {"loss": 0.04123310372233391, "accuracy": 0.988095223903656, "energy_consumption": 33.19461101538542, "selected": false, "client_name": "sta5"}
2026-06-30 17:53:44,188 - METRIC - INFO - {"loss": 0.0505673922598362, "accuracy": 0.9845938086509705, "energy_consumption": 32.34236590590142, "selected": false, "client_name": "sta6"}
2026-06-30 17:53:44,224 - METRIC - INFO - {"loss": 0.039021726697683334, "accuracy": 0.9845938086509705, "energy_consumption": 32.52454586299575, "selected": false, "client_name": "sta8"}
2026-06-30 17:53:44,230 - METRIC - INFO - {"loss": 0.055598169565200806, "accuracy": 0.981792688369751, "energy_consumption": 32.81448058779553, "selected": false, "client_name": "sta9"}
2026-06-30 17:53:44,232 - METRIC - INFO - {"loss": 0.04160285368561745, "accuracy": 0.9873949289321899, "energy_consumption": 33.33022316218284, "selected": false, "client_name": "sta10"}
2026-06-30 17:53:44,854 - METRIC - INFO - mean_accuracy: 0.9838298775933005

2026-06-30 17:53:44,854 - METRIC - INFO - round: 51
2026-06-30 17:53:44,854 - METRIC - INFO - n_selected: 11
2026-06-30 17:53:44,854 - METRIC - INFO - {"selected_trainers": ["sta0", "sta1", "sta10", "sta2", "sta3", "sta4", "sta5", "sta6", "sta7", "sta8", "sta9"]}
2026-06-30 17:53:50,024 - EXECUT - INFO - received weights from trainer sta4!
2026-06-30 17:53:50,042 - EXECUT - INFO - received weights from trainer sta2!
2026-06-30 17:53:50,079 - EXECUT - INFO - received weights from trainer sta3!
2026-06-30 17:53:50,117 - EXECUT - INFO - received weights from trainer sta6!
2026-06-30 17:53:50,139 - EXECUT - INFO - received weights from trainer sta5!
2026-06-30 17:53:50,158 - EXECUT - INFO - received weights from trainer sta0!
2026-06-30 17:53:50,176 - EXECUT - INFO - received weights from trainer sta7!
2026-06-30 17:53:50,192 - EXECUT - INFO - received weights from trainer sta1!
2026-06-30 17:53:50,737 - EXECUT - INFO - received weights from trainer sta9!
2026-06-30 17:53:50,750 - EXECUT - INFO - received weights from trainer sta10!
2026-06-30 17:53:50,763 - EXECUT - INFO - received weights from trainer sta8!
2026-06-30 17:53:51,106 - EXECUT - INFO - sent aggregated weights to trainers!
2026-06-30 17:53:51,412 - METRIC - INFO - {"loss": 0.052711401134729385, "accuracy": 0.9838935732841492, "energy_consumption": 34.819349507991035, "selected": false, "client_name": "sta0"}
2026-06-30 17:53:51,424 - METRIC - INFO - {"loss": 0.055082544684410095, "accuracy": 0.9789915680885315, "energy_consumption": 35.60811939134176, "selected": false, "client_name": "sta3"}
2026-06-30 17:53:51,437 - METRIC - INFO - {"loss": 0.04131874814629555, "accuracy": 0.9873949289321899, "energy_consumption": 33.27336400734323, "selected": false, "client_name": "sta7"}
2026-06-30 17:53:51,443 - METRIC - INFO - {"loss": 0.04937635734677315, "accuracy": 0.9852941036224365, "energy_consumption": 34.84582138627625, "selected": false, "client_name": "sta1"}
2026-06-30 17:53:51,444 - METRIC - INFO - {"loss": 0.04972471296787262, "accuracy": 0.9859943985939026, "energy_consumption": 33.41707328009282, "selected": false, "client_name": "sta6"}
2026-06-30 17:53:51,448 - METRIC - INFO - {"loss": 0.041731297969818115, "accuracy": 0.9873949289321899, "energy_consumption": 34.24512847813005, "selected": false, "client_name": "sta5"}
2026-06-30 17:53:51,452 - METRIC - INFO - {"loss": 0.051948364824056625, "accuracy": 0.9810924530029297, "energy_consumption": 35.328224070584604, "selected": false, "client_name": "sta4"}
2026-06-30 17:53:51,453 - METRIC - INFO - {"loss": 0.05557211488485336, "accuracy": 0.9803921580314636, "energy_consumption": 35.1558672384639, "selected": false, "client_name": "sta2"}
2026-06-30 17:53:51,484 - METRIC - INFO - {"loss": 0.05458772927522659, "accuracy": 0.9810924530029297, "energy_consumption": 33.98199184917561, "selected": false, "client_name": "sta9"}
2026-06-30 17:53:51,486 - METRIC - INFO - {"loss": 0.03912946954369545, "accuracy": 0.9859943985939026, "energy_consumption": 33.56407559193507, "selected": false, "client_name": "sta8"}
2026-06-30 17:53:51,490 - METRIC - INFO - {"loss": 0.04079803079366684, "accuracy": 0.9852941036224365, "energy_consumption": 34.58947874913158, "selected": false, "client_name": "sta10"}
2026-06-30 17:53:52,108 - METRIC - INFO - mean_accuracy: 0.9838935516097329

2026-06-30 17:53:52,108 - METRIC - INFO - round: 52
2026-06-30 17:53:52,108 - METRIC - INFO - n_selected: 11
2026-06-30 17:53:52,108 - METRIC - INFO - {"selected_trainers": ["sta0", "sta1", "sta10", "sta2", "sta3", "sta4", "sta5", "sta6", "sta7", "sta8", "sta9"]}
2026-06-30 17:53:57,219 - EXECUT - INFO - received weights from trainer sta2!
2026-06-30 17:53:57,261 - EXECUT - INFO - received weights from trainer sta4!
2026-06-30 17:53:57,278 - EXECUT - INFO - received weights from trainer sta0!
2026-06-30 17:53:57,293 - EXECUT - INFO - received weights from trainer sta6!
2026-06-30 17:53:57,321 - EXECUT - INFO - received weights from trainer sta1!
2026-06-30 17:53:57,341 - EXECUT - INFO - received weights from trainer sta7!
2026-06-30 17:53:57,360 - EXECUT - INFO - received weights from trainer sta5!
2026-06-30 17:53:57,386 - EXECUT - INFO - received weights from trainer sta3!
2026-06-30 17:53:57,841 - EXECUT - INFO - received weights from trainer sta8!
2026-06-30 17:53:57,878 - EXECUT - INFO - received weights from trainer sta10!
2026-06-30 17:53:57,892 - EXECUT - INFO - received weights from trainer sta9!
2026-06-30 17:53:58,355 - EXECUT - INFO - sent aggregated weights to trainers!
2026-06-30 17:53:58,629 - METRIC - INFO - {"loss": 0.05408065393567085, "accuracy": 0.9831932783126831, "energy_consumption": 35.27212266473704, "selected": false, "client_name": "sta0"}
2026-06-30 17:53:58,633 - METRIC - INFO - {"loss": 0.04933767020702362, "accuracy": 0.9852941036224365, "energy_consumption": 35.28531044175688, "selected": false, "client_name": "sta1"}
2026-06-30 17:53:58,643 - METRIC - INFO - {"loss": 0.053853150457143784, "accuracy": 0.9796918630599976, "energy_consumption": 36.334351663627984, "selected": false, "client_name": "sta2"}
2026-06-30 17:53:58,651 - METRIC - INFO - {"loss": 0.05164320021867752, "accuracy": 0.9803921580314636, "energy_consumption": 36.776639000534615, "selected": false, "client_name": "sta3"}
2026-06-30 17:53:58,678 - METRIC - INFO - {"loss": 0.041000720113515854, "accuracy": 0.9887955188751221, "energy_consumption": 35.35180707632005, "selected": false, "client_name": "sta5"}
2026-06-30 17:53:58,681 - METRIC - INFO - {"loss": 0.04790021851658821, "accuracy": 0.9852941036224365, "energy_consumption": 34.575989043778605, "selected": false, "client_name": "sta6"}
2026-06-30 17:53:58,682 - METRIC - INFO - {"loss": 0.05156252160668373, "accuracy": 0.981792688369751, "energy_consumption": 36.41925491512755, "selected": false, "client_name": "sta4"}
2026-06-30 17:53:58,692 - METRIC - INFO - {"loss": 0.040914732962846756, "accuracy": 0.9859943985939026, "energy_consumption": 34.56508244354495, "selected": false, "client_name": "sta7"}
2026-06-30 17:53:58,723 - METRIC - INFO - {"loss": 0.04044214263558388, "accuracy": 0.9859943985939026, "energy_consumption": 35.77747009040673, "selected": false, "client_name": "sta10"}
2026-06-30 17:53:58,726 - METRIC - INFO - {"loss": 0.05130723491311073, "accuracy": 0.9831932783126831, "energy_consumption": 35.26172305377911, "selected": false, "client_name": "sta9"}
2026-06-30 17:53:58,727 - METRIC - INFO - {"loss": 0.03746834024786949, "accuracy": 0.9873949289321899, "energy_consumption": 34.843872748946254, "selected": false, "client_name": "sta8"}
2026-06-30 17:53:59,358 - METRIC - INFO - mean_accuracy: 0.9842755198478699

2026-06-30 17:53:59,358 - METRIC - INFO - round: 53
2026-06-30 17:53:59,358 - METRIC - INFO - n_selected: 11
2026-06-30 17:53:59,358 - METRIC - INFO - {"selected_trainers": ["sta0", "sta1", "sta10", "sta2", "sta3", "sta4", "sta5", "sta6", "sta7", "sta8", "sta9"]}
2026-06-30 17:54:04,475 - EXECUT - INFO - received weights from trainer sta4!
2026-06-30 17:54:04,498 - EXECUT - INFO - received weights from trainer sta2!
2026-06-30 17:54:04,516 - EXECUT - INFO - received weights from trainer sta6!
2026-06-30 17:54:04,528 - EXECUT - INFO - received weights from trainer sta3!
2026-06-30 17:54:04,541 - EXECUT - INFO - received weights from trainer sta7!
2026-06-30 17:54:04,554 - EXECUT - INFO - received weights from trainer sta0!
2026-06-30 17:54:04,566 - EXECUT - INFO - received weights from trainer sta1!
2026-06-30 17:54:04,586 - EXECUT - INFO - received weights from trainer sta5!
2026-06-30 17:54:05,113 - EXECUT - INFO - received weights from trainer sta8!
2026-06-30 17:54:05,126 - EXECUT - INFO - received weights from trainer sta9!
2026-06-30 17:54:05,138 - EXECUT - INFO - received weights from trainer sta10!
2026-06-30 17:54:05,601 - EXECUT - INFO - sent aggregated weights to trainers!
2026-06-30 17:54:05,903 - METRIC - INFO - {"loss": 0.05161181092262268, "accuracy": 0.9803921580314636, "energy_consumption": 37.993844298194205, "selected": false, "client_name": "sta3"}
2026-06-30 17:54:05,903 - METRIC - INFO - {"loss": 0.048489760607481, "accuracy": 0.9845938086509705, "energy_consumption": 36.362331578191096, "selected": false, "client_name": "sta1"}
2026-06-30 17:54:05,907 - METRIC - INFO - {"loss": 0.05348476022481918, "accuracy": 0.9803921580314636, "energy_consumption": 37.51237307408867, "selected": false, "client_name": "sta2"}
2026-06-30 17:54:05,912 - METRIC - INFO - {"loss": 0.04082220420241356, "accuracy": 0.988095223903656, "energy_consumption": 35.89886839033393, "selected": false, "client_name": "sta7"}
2026-06-30 17:54:05,914 - METRIC - INFO - {"loss": 0.04927365481853485, "accuracy": 0.9859943985939026, "energy_consumption": 35.911896653007105, "selected": false, "client_name": "sta6"}
2026-06-30 17:54:05,926 - METRIC - INFO - {"loss": 0.0501716248691082, "accuracy": 0.9810924530029297, "energy_consumption": 37.74384707309783, "selected": false, "client_name": "sta4"}
2026-06-30 17:54:05,964 - METRIC - INFO - {"loss": 0.04130218178033829, "accuracy": 0.9887955188751221, "energy_consumption": 36.68651577428331, "selected": false, "client_name": "sta5"}
2026-06-30 17:54:05,970 - METRIC - INFO - {"loss": 0.052320171147584915, "accuracy": 0.9831932783126831, "energy_consumption": 36.3890098484165, "selected": false, "client_name": "sta0"}
2026-06-30 17:54:05,975 - METRIC - INFO - {"loss": 0.03771863877773285, "accuracy": 0.9873949289321899, "energy_consumption": 36.063351804088995, "selected": false, "client_name": "sta8"}
2026-06-30 17:54:05,982 - METRIC - INFO - {"loss": 0.04004056379199028, "accuracy": 0.9873949289321899, "energy_consumption": 36.12294611067666, "selected": false, "client_name": "sta10"}
2026-06-30 17:54:05,987 - METRIC - INFO - {"loss": 0.05150632560253143, "accuracy": 0.982492983341217, "energy_consumption": 35.727844062841605, "selected": false, "client_name": "sta9"}
2026-06-30 17:54:06,603 - METRIC - INFO - mean_accuracy: 0.9845301671461626

2026-06-30 17:54:06,604 - METRIC - INFO - round: 54
2026-06-30 17:54:06,604 - METRIC - INFO - n_selected: 11
2026-06-30 17:54:06,604 - METRIC - INFO - {"selected_trainers": ["sta0", "sta1", "sta10", "sta2", "sta3", "sta4", "sta5", "sta6", "sta7", "sta8", "sta9"]}
2026-06-30 17:54:11,585 - EXECUT - INFO - received weights from trainer sta4!
2026-06-30 17:54:11,685 - EXECUT - INFO - received weights from trainer sta0!
2026-06-30 17:54:11,699 - EXECUT - INFO - received weights from trainer sta6!
2026-06-30 17:54:11,723 - EXECUT - INFO - received weights from trainer sta7!
2026-06-30 17:54:11,738 - EXECUT - INFO - received weights from trainer sta2!
2026-06-30 17:54:11,770 - EXECUT - INFO - received weights from trainer sta5!
2026-06-30 17:54:11,782 - EXECUT - INFO - received weights from trainer sta1!
2026-06-30 17:54:11,877 - EXECUT - INFO - received weights from trainer sta3!
2026-06-30 17:54:12,286 - EXECUT - INFO - received weights from trainer sta9!
2026-06-30 17:54:12,302 - EXECUT - INFO - received weights from trainer sta10!
2026-06-30 17:54:12,334 - EXECUT - INFO - received weights from trainer sta8!
2026-06-30 17:54:12,851 - EXECUT - INFO - sent aggregated weights to trainers!
2026-06-30 17:54:13,129 - METRIC - INFO - {"loss": 0.049435243010520935, "accuracy": 0.9838935732841492, "energy_consumption": 37.70140346998386, "selected": false, "client_name": "sta1"}
2026-06-30 17:54:13,190 - METRIC - INFO - {"loss": 0.053034063428640366, "accuracy": 0.9838935732841492, "energy_consumption": 37.63929963178271, "selected": false, "client_name": "sta0"}
2026-06-30 17:54:13,207 - METRIC - INFO - {"loss": 0.03961849585175514, "accuracy": 0.988095223903656, "energy_consumption": 37.145552913760625, "selected": false, "client_name": "sta10"}
2026-06-30 17:54:13,209 - METRIC - INFO - {"loss": 0.037013906985521317, "accuracy": 0.9866946935653687, "energy_consumption": 36.45003614263418, "selected": false, "client_name": "sta8"}
2026-06-30 17:54:13,215 - METRIC - INFO - {"loss": 0.051695384085178375, "accuracy": 0.982492983341217, "energy_consumption": 36.746314004798926, "selected": false, "client_name": "sta9"}
2026-06-30 17:54:13,286 - METRIC - INFO - {"loss": 0.056170620024204254, "accuracy": 0.981792688369751, "energy_consumption": 38.808974683193284, "selected": false, "client_name": "sta2"}
2026-06-30 17:54:13,286 - METRIC - INFO - {"loss": 0.05080600455403328, "accuracy": 0.9831932783126831, "energy_consumption": 39.09301020412926, "selected": false, "client_name": "sta4"}
2026-06-30 17:54:13,304 - METRIC - INFO - {"loss": 0.052688151597976685, "accuracy": 0.9789915680885315, "energy_consumption": 39.35170987202555, "selected": false, "client_name": "sta3"}
2026-06-30 17:54:13,306 - METRIC - INFO - {"loss": 0.0409795418381691, "accuracy": 0.9887955188751221, "energy_consumption": 37.94543626218123, "selected": false, "client_name": "sta5"}
2026-06-30 17:54:13,308 - METRIC - INFO - {"loss": 0.04719458892941475, "accuracy": 0.9852941036224365, "energy_consumption": 37.01450405537794, "selected": false, "client_name": "sta6"}
2026-06-30 17:54:13,315 - METRIC - INFO - {"loss": 0.04001465439796448, "accuracy": 0.988095223903656, "energy_consumption": 36.28701708177482, "selected": false, "client_name": "sta7"}
2026-06-30 17:54:13,852 - METRIC - INFO - mean_accuracy: 0.984657493504611

2026-06-30 17:54:13,852 - METRIC - INFO - round: 55
2026-06-30 17:54:13,852 - METRIC - INFO - n_selected: 11
2026-06-30 17:54:13,852 - METRIC - INFO - {"selected_trainers": ["sta0", "sta1", "sta10", "sta2", "sta3", "sta4", "sta5", "sta6", "sta7", "sta8", "sta9"]}
2026-06-30 17:54:18,904 - EXECUT - INFO - received weights from trainer sta4!
2026-06-30 17:54:18,951 - EXECUT - INFO - received weights from trainer sta2!
2026-06-30 17:54:19,004 - EXECUT - INFO - received weights from trainer sta3!
2026-06-30 17:54:19,019 - EXECUT - INFO - received weights from trainer sta0!
2026-06-30 17:54:19,034 - EXECUT - INFO - received weights from trainer sta7!
2026-06-30 17:54:19,048 - EXECUT - INFO - received weights from trainer sta6!
2026-06-30 17:54:19,062 - EXECUT - INFO - received weights from trainer sta1!
2026-06-30 17:54:19,086 - EXECUT - INFO - received weights from trainer sta5!
2026-06-30 17:54:19,535 - EXECUT - INFO - received weights from trainer sta10!
2026-06-30 17:54:19,569 - EXECUT - INFO - received weights from trainer sta8!
2026-06-30 17:54:19,595 - EXECUT - INFO - received weights from trainer sta9!
2026-06-30 17:54:20,110 - EXECUT - INFO - sent aggregated weights to trainers!
2026-06-30 17:54:20,369 - METRIC - INFO - {"loss": 0.052406467497348785, "accuracy": 0.9838935732841492, "energy_consumption": 39.04665760181696, "selected": false, "client_name": "sta0"}
2026-06-30 17:54:20,370 - METRIC - INFO - {"loss": 0.04831662401556969, "accuracy": 0.9852941036224365, "energy_consumption": 39.10157601133386, "selected": false, "client_name": "sta1"}
2026-06-30 17:54:20,383 - METRIC - INFO - {"loss": 0.05046883970499039, "accuracy": 0.981792688369751, "energy_consumption": 39.58163309767308, "selected": false, "client_name": "sta4"}
2026-06-30 17:54:20,386 - METRIC - INFO - {"loss": 0.05420753359794617, "accuracy": 0.9803921580314636, "energy_consumption": 40.02476859312851, "selected": false, "client_name": "sta2"}
2026-06-30 17:54:20,405 - METRIC - INFO - {"loss": 0.04768043011426926, "accuracy": 0.9859943985939026, "energy_consumption": 37.56273905520857, "selected": false, "client_name": "sta6"}
2026-06-30 17:54:20,408 - METRIC - INFO - {"loss": 0.05357680842280388, "accuracy": 0.9796918630599976, "energy_consumption": 40.51791154635682, "selected": false, "client_name": "sta3"}
2026-06-30 17:54:20,420 - METRIC - INFO - {"loss": 0.0397895909845829, "accuracy": 0.9859943985939026, "energy_consumption": 37.56054150584395, "selected": false, "client_name": "sta7"}
2026-06-30 17:54:20,441 - METRIC - INFO - {"loss": 0.0419904924929142, "accuracy": 0.9873949289321899, "energy_consumption": 38.438374115513206, "selected": false, "client_name": "sta5"}
2026-06-30 17:54:20,469 - METRIC - INFO - {"loss": 0.03933554142713547, "accuracy": 0.988095223903656, "energy_consumption": 38.41612998322766, "selected": false, "client_name": "sta10"}
2026-06-30 17:54:20,567 - METRIC - INFO - {"loss": 0.037219878286123276, "accuracy": 0.9901960492134094, "energy_consumption": 37.71586826747556, "selected": false, "client_name": "sta8"}
2026-06-30 17:54:20,572 - METRIC - INFO - {"loss": 0.05195503309369087, "accuracy": 0.981792688369751, "energy_consumption": 37.92123132202608, "selected": false, "client_name": "sta9"}
2026-06-30 17:54:21,113 - METRIC - INFO - mean_accuracy: 0.9845938249067827

2026-06-30 17:54:21,113 - METRIC - INFO - round: 56
2026-06-30 17:54:21,113 - METRIC - INFO - n_selected: 11
2026-06-30 17:54:21,113 - METRIC - INFO - {"selected_trainers": ["sta0", "sta1", "sta10", "sta2", "sta3", "sta4", "sta5", "sta6", "sta7", "sta8", "sta9"]}
2026-06-30 17:54:26,084 - EXECUT - INFO - received weights from trainer sta4!
2026-06-30 17:54:26,134 - EXECUT - INFO - received weights from trainer sta2!
2026-06-30 17:54:26,150 - EXECUT - INFO - received weights from trainer sta3!
2026-06-30 17:54:26,173 - EXECUT - INFO - received weights from trainer sta6!
2026-06-30 17:54:26,186 - EXECUT - INFO - received weights from trainer sta5!
2026-06-30 17:54:26,198 - EXECUT - INFO - received weights from trainer sta7!
2026-06-30 17:54:26,239 - EXECUT - INFO - received weights from trainer sta0!
2026-06-30 17:54:26,255 - EXECUT - INFO - received weights from trainer sta1!
2026-06-30 17:54:26,763 - EXECUT - INFO - received weights from trainer sta8!
2026-06-30 17:54:26,776 - EXECUT - INFO - received weights from trainer sta10!
2026-06-30 17:54:26,790 - EXECUT - INFO - received weights from trainer sta9!
2026-06-30 17:54:27,347 - EXECUT - INFO - sent aggregated weights to trainers!
2026-06-30 17:54:27,613 - METRIC - INFO - {"loss": 0.054847609251737595, "accuracy": 0.9803921580314636, "energy_consumption": 40.49165213061226, "selected": false, "client_name": "sta2"}
2026-06-30 17:54:27,614 - METRIC - INFO - {"loss": 0.05276259034872055, "accuracy": 0.9831932783126831, "energy_consumption": 40.3599173451898, "selected": false, "client_name": "sta0"}
2026-06-30 17:54:27,627 - METRIC - INFO - {"loss": 0.05284174159169197, "accuracy": 0.9810924530029297, "energy_consumption": 41.112592045456616, "selected": false, "client_name": "sta3"}
2026-06-30 17:54:27,642 - METRIC - INFO - {"loss": 0.048466525971889496, "accuracy": 0.9845938086509705, "energy_consumption": 39.581361286522906, "selected": false, "client_name": "sta1"}
2026-06-30 17:54:27,654 - METRIC - INFO - {"loss": 0.03931882604956627, "accuracy": 0.9859943985939026, "energy_consumption": 38.88200823892862, "selected": false, "client_name": "sta7"}
2026-06-30 17:54:27,665 - METRIC - INFO - {"loss": 0.0479862354695797, "accuracy": 0.9852941036224365, "energy_consumption": 38.84861612533244, "selected": false, "client_name": "sta6"}
2026-06-30 17:54:27,685 - METRIC - INFO - {"loss": 0.0413086898624897, "accuracy": 0.9887955188751221, "energy_consumption": 39.71554956908296, "selected": false, "client_name": "sta5"}
2026-06-30 17:54:27,691 - METRIC - INFO - {"loss": 0.04967236518859863, "accuracy": 0.982492983341217, "energy_consumption": 41.007959714503166, "selected": false, "client_name": "sta4"}
2026-06-30 17:54:27,696 - METRIC - INFO - {"loss": 0.035879574716091156, "accuracy": 0.9894958138465881, "energy_consumption": 39.143741375931405, "selected": false, "client_name": "sta8"}
2026-06-30 17:54:27,699 - METRIC - INFO - {"loss": 0.054253943264484406, "accuracy": 0.981792688369751, "energy_consumption": 39.351181363894824, "selected": false, "client_name": "sta9"}
2026-06-30 17:54:27,699 - METRIC - INFO - {"loss": 0.03985149413347244, "accuracy": 0.9866946935653687, "energy_consumption": 39.84627314704129, "selected": false, "client_name": "sta10"}
2026-06-30 17:54:28,348 - METRIC - INFO - mean_accuracy: 0.9845301725647666

2026-06-30 17:54:28,348 - METRIC - INFO - round: 57
2026-06-30 17:54:28,348 - METRIC - INFO - n_selected: 11
2026-06-30 17:54:28,348 - METRIC - INFO - {"selected_trainers": ["sta0", "sta1", "sta10", "sta2", "sta3", "sta4", "sta5", "sta6", "sta7", "sta8", "sta9"]}
2026-06-30 17:54:33,387 - EXECUT - INFO - received weights from trainer sta6!
2026-06-30 17:54:33,404 - EXECUT - INFO - received weights from trainer sta2!
2026-06-30 17:54:33,419 - EXECUT - INFO - received weights from trainer sta0!
2026-06-30 17:54:33,433 - EXECUT - INFO - received weights from trainer sta7!
2026-06-30 17:54:33,446 - EXECUT - INFO - received weights from trainer sta4!
2026-06-30 17:54:33,471 - EXECUT - INFO - received weights from trainer sta1!
2026-06-30 17:54:33,484 - EXECUT - INFO - received weights from trainer sta3!
2026-06-30 17:54:33,529 - EXECUT - INFO - received weights from trainer sta5!
2026-06-30 17:54:33,965 - EXECUT - INFO - received weights from trainer sta8!
2026-06-30 17:54:33,982 - EXECUT - INFO - received weights from trainer sta10!
2026-06-30 17:54:34,005 - EXECUT - INFO - received weights from trainer sta9!
2026-06-30 17:54:34,590 - EXECUT - INFO - sent aggregated weights to trainers!
2026-06-30 17:54:34,843 - METRIC - INFO - {"loss": 0.05400972440838814, "accuracy": 0.981792688369751, "energy_consumption": 41.74211523568781, "selected": false, "client_name": "sta2"}
2026-06-30 17:54:34,873 - METRIC - INFO - {"loss": 0.05303794890642166, "accuracy": 0.9789915680885315, "energy_consumption": 42.474268824773354, "selected": false, "client_name": "sta3"}
2026-06-30 17:54:34,887 - METRIC - INFO - {"loss": 0.04917271435260773, "accuracy": 0.9838935732841492, "energy_consumption": 42.50201758192006, "selected": false, "client_name": "sta4"}
2026-06-30 17:54:34,888 - METRIC - INFO - {"loss": 0.04649956896901131, "accuracy": 0.9866946935653687, "energy_consumption": 40.34113239568296, "selected": false, "client_name": "sta6"}
2026-06-30 17:54:34,902 - METRIC - INFO - {"loss": 0.03940703347325325, "accuracy": 0.9852941036224365, "energy_consumption": 40.38381074879114, "selected": false, "client_name": "sta7"}
2026-06-30 17:54:34,904 - METRIC - INFO - {"loss": 0.039868034422397614, "accuracy": 0.9894958138465881, "energy_consumption": 41.14582333783259, "selected": false, "client_name": "sta5"}
2026-06-30 17:54:34,937 - METRIC - INFO - {"loss": 0.03703105449676514, "accuracy": 0.9887955188751221, "energy_consumption": 40.50824528703956, "selected": false, "client_name": "sta8"}
2026-06-30 17:54:34,941 - METRIC - INFO - {"loss": 0.05099305510520935, "accuracy": 0.982492983341217, "energy_consumption": 40.71555779299142, "selected": false, "client_name": "sta9"}
2026-06-30 17:54:34,970 - METRIC - INFO - {"loss": 0.05214826762676239, "accuracy": 0.9845938086509705, "energy_consumption": 40.85912734151187, "selected": false, "client_name": "sta0"}
2026-06-30 17:54:34,971 - METRIC - INFO - {"loss": 0.048623744398355484, "accuracy": 0.9852941036224365, "energy_consumption": 40.70077948972942, "selected": false, "client_name": "sta1"}
2026-06-30 17:54:35,046 - METRIC - INFO - {"loss": 0.03861735761165619, "accuracy": 0.9873949289321899, "energy_consumption": 41.00721496970055, "selected": false, "client_name": "sta10"}
2026-06-30 17:54:35,593 - METRIC - INFO - mean_accuracy: 0.9849757985635237

2026-06-30 17:54:35,593 - METRIC - INFO - round: 58
2026-06-30 17:54:35,593 - METRIC - INFO - n_selected: 11
2026-06-30 17:54:35,593 - METRIC - INFO - {"selected_trainers": ["sta0", "sta1", "sta10", "sta2", "sta3", "sta4", "sta5", "sta6", "sta7", "sta8", "sta9"]}
2026-06-30 17:54:40,487 - EXECUT - INFO - received weights from trainer sta0!
2026-06-30 17:54:40,541 - EXECUT - INFO - received weights from trainer sta3!
2026-06-30 17:54:40,596 - EXECUT - INFO - received weights from trainer sta4!
2026-06-30 17:54:40,608 - EXECUT - INFO - received weights from trainer sta7!
2026-06-30 17:54:40,620 - EXECUT - INFO - received weights from trainer sta6!
2026-06-30 17:54:40,631 - EXECUT - INFO - received weights from trainer sta2!
2026-06-30 17:54:40,642 - EXECUT - INFO - received weights from trainer sta5!
2026-06-30 17:54:40,654 - EXECUT - INFO - received weights from trainer sta1!
2026-06-30 17:54:41,092 - EXECUT - INFO - received weights from trainer sta8!
2026-06-30 17:54:41,135 - EXECUT - INFO - received weights from trainer sta10!
2026-06-30 17:54:41,148 - EXECUT - INFO - received weights from trainer sta9!
2026-06-30 17:54:41,833 - EXECUT - INFO - sent aggregated weights to trainers!
2026-06-30 17:54:42,087 - METRIC - INFO - {"loss": 0.04859438166022301, "accuracy": 0.9845938086509705, "energy_consumption": 42.14027515967875, "selected": false, "client_name": "sta1"}
2026-06-30 17:54:42,094 - METRIC - INFO - {"loss": 0.05325685441493988, "accuracy": 0.981792688369751, "energy_consumption": 43.2548354387269, "selected": false, "client_name": "sta2"}
2026-06-30 17:54:42,122 - METRIC - INFO - {"loss": 0.051319390535354614, "accuracy": 0.981792688369751, "energy_consumption": 43.99852079549668, "selected": false, "client_name": "sta3"}
2026-06-30 17:54:42,122 - METRIC - INFO - {"loss": 0.04994980990886688, "accuracy": 0.982492983341217, "energy_consumption": 44.040486516282, "selected": false, "client_name": "sta4"}
2026-06-30 17:54:42,130 - METRIC - INFO - {"loss": 0.04158249869942665, "accuracy": 0.9866946935653687, "energy_consumption": 42.6802464351388, "selected": false, "client_name": "sta5"}
2026-06-30 17:54:42,133 - METRIC - INFO - {"loss": 0.03929225355386734, "accuracy": 0.988095223903656, "energy_consumption": 41.77144690981214, "selected": false, "client_name": "sta7"}
2026-06-30 17:54:42,136 - METRIC - INFO - {"loss": 0.048530206084251404, "accuracy": 0.9859943985939026, "energy_consumption": 41.880348268336924, "selected": false, "client_name": "sta6"}
2026-06-30 17:54:42,167 - METRIC - INFO - {"loss": 0.051914144307374954, "accuracy": 0.9852941036224365, "energy_consumption": 42.34624728505676, "selected": false, "client_name": "sta0"}
2026-06-30 17:54:42,173 - METRIC - INFO - {"loss": 0.03859293460845947, "accuracy": 0.9887955188751221, "energy_consumption": 41.58473439916188, "selected": false, "client_name": "sta10"}
2026-06-30 17:54:42,173 - METRIC - INFO - {"loss": 0.05101313814520836, "accuracy": 0.9831932783126831, "energy_consumption": 41.22542776055972, "selected": false, "client_name": "sta9"}
2026-06-30 17:54:42,178 - METRIC - INFO - {"loss": 0.036146380007267, "accuracy": 0.988095223903656, "energy_consumption": 41.78433224528517, "selected": false, "client_name": "sta8"}
2026-06-30 17:54:42,834 - METRIC - INFO - mean_accuracy: 0.9851667826825922

2026-06-30 17:54:42,834 - METRIC - INFO - round: 59
2026-06-30 17:54:42,834 - METRIC - INFO - n_selected: 11
2026-06-30 17:54:42,834 - METRIC - INFO - {"selected_trainers": ["sta0", "sta1", "sta10", "sta2", "sta3", "sta4", "sta5", "sta6", "sta7", "sta8", "sta9"]}
2026-06-30 17:54:47,786 - EXECUT - INFO - received weights from trainer sta2!
2026-06-30 17:54:47,806 - EXECUT - INFO - received weights from trainer sta7!
2026-06-30 17:54:47,822 - EXECUT - INFO - received weights from trainer sta4!
2026-06-30 17:54:47,836 - EXECUT - INFO - received weights from trainer sta3!
2026-06-30 17:54:47,850 - EXECUT - INFO - received weights from trainer sta1!
2026-06-30 17:54:47,863 - EXECUT - INFO - received weights from trainer sta0!
2026-06-30 17:54:47,893 - EXECUT - INFO - received weights from trainer sta5!
2026-06-30 17:54:48,129 - EXECUT - INFO - received weights from trainer sta6!
2026-06-30 17:54:48,344 - EXECUT - INFO - received weights from trainer sta8!
2026-06-30 17:54:48,357 - EXECUT - INFO - received weights from trainer sta9!
2026-06-30 17:54:48,370 - EXECUT - INFO - received weights from trainer sta10!
2026-06-30 17:54:49,107 - EXECUT - INFO - sent aggregated weights to trainers!
2026-06-30 17:54:49,361 - METRIC - INFO - {"loss": 0.05193442478775978, "accuracy": 0.9803921580314636, "energy_consumption": 44.8282870068494, "selected": false, "client_name": "sta2"}
2026-06-30 17:54:49,361 - METRIC - INFO - {"loss": 0.0469590499997139, "accuracy": 0.9859943985939026, "energy_consumption": 43.56323408695875, "selected": false, "client_name": "sta1"}
2026-06-30 17:54:49,393 - METRIC - INFO - {"loss": 0.051480360329151154, "accuracy": 0.9810924530029297, "energy_consumption": 45.59548438358102, "selected": false, "client_name": "sta3"}
2026-06-30 17:54:49,408 - METRIC - INFO - {"loss": 0.0456308089196682, "accuracy": 0.9845938086509705, "energy_consumption": 43.11079848823629, "selected": false, "client_name": "sta6"}
2026-06-30 17:54:49,410 - METRIC - INFO - {"loss": 0.05128319188952446, "accuracy": 0.982492983341217, "energy_consumption": 45.63374648228117, "selected": false, "client_name": "sta4"}
2026-06-30 17:54:49,428 - METRIC - INFO - {"loss": 0.04003465548157692, "accuracy": 0.9894958138465881, "energy_consumption": 44.10859141220117, "selected": false, "client_name": "sta5"}
2026-06-30 17:54:49,429 - METRIC - INFO - {"loss": 0.051253460347652435, "accuracy": 0.9831932783126831, "energy_consumption": 43.77690516176692, "selected": false, "client_name": "sta0"}
2026-06-30 17:54:49,434 - METRIC - INFO - {"loss": 0.039377499371767044, "accuracy": 0.9866946935653687, "energy_consumption": 42.26578011965808, "selected": false, "client_name": "sta7"}
2026-06-30 17:54:49,441 - METRIC - INFO - {"loss": 0.03822970762848854, "accuracy": 0.9908963441848755, "energy_consumption": 42.89401318842764, "selected": false, "client_name": "sta10"}
2026-06-30 17:54:49,446 - METRIC - INFO - {"loss": 0.03563426807522774, "accuracy": 0.9894958138465881, "energy_consumption": 42.312253186204856, "selected": false, "client_name": "sta8"}
2026-06-30 17:54:49,453 - METRIC - INFO - {"loss": 0.04961656033992767, "accuracy": 0.9859943985939026, "energy_consumption": 42.534684544069265, "selected": false, "client_name": "sta9"}
2026-06-30 17:54:50,109 - METRIC - INFO - mean_accuracy: 0.9854851039973173

2026-06-30 17:54:50,109 - METRIC - INFO - round: 60
2026-06-30 17:54:50,109 - METRIC - INFO - n_selected: 11
2026-06-30 17:54:50,109 - METRIC - INFO - {"selected_trainers": ["sta0", "sta1", "sta10", "sta2", "sta3", "sta4", "sta5", "sta6", "sta7", "sta8", "sta9"]}
2026-06-30 17:54:54,992 - EXECUT - INFO - received weights from trainer sta6!
2026-06-30 17:54:55,004 - EXECUT - INFO - received weights from trainer sta4!
2026-06-30 17:54:55,063 - EXECUT - INFO - received weights from trainer sta2!
2026-06-30 17:54:55,078 - EXECUT - INFO - received weights from trainer sta3!
2026-06-30 17:54:55,091 - EXECUT - INFO - received weights from trainer sta0!
2026-06-30 17:54:55,104 - EXECUT - INFO - received weights from trainer sta7!
2026-06-30 17:54:55,116 - EXECUT - INFO - received weights from trainer sta5!
2026-06-30 17:54:55,127 - EXECUT - INFO - received weights from trainer sta1!
2026-06-30 17:54:55,598 - EXECUT - INFO - received weights from trainer sta8!
2026-06-30 17:54:55,616 - EXECUT - INFO - received weights from trainer sta10!
2026-06-30 17:54:55,629 - EXECUT - INFO - received weights from trainer sta9!
2026-06-30 17:54:56,339 - EXECUT - INFO - sent aggregated weights to trainers!
2026-06-30 17:54:56,592 - METRIC - INFO - {"loss": 0.05050356313586235, "accuracy": 0.9838935732841492, "energy_consumption": 45.410604981821415, "selected": false, "client_name": "sta0"}
2026-06-30 17:54:56,599 - METRIC - INFO - {"loss": 0.04790608957409859, "accuracy": 0.9859943985939026, "energy_consumption": 45.20182465306168, "selected": false, "client_name": "sta1"}
2026-06-30 17:54:56,612 - METRIC - INFO - {"loss": 0.05116574466228485, "accuracy": 0.981792688369751, "energy_consumption": 47.103446958451855, "selected": false, "client_name": "sta3"}
2026-06-30 17:54:56,622 - METRIC - INFO - {"loss": 0.05323910713195801, "accuracy": 0.9810924530029297, "energy_consumption": 46.46460578077358, "selected": false, "client_name": "sta2"}
2026-06-30 17:54:56,643 - METRIC - INFO - {"loss": 0.05028809979557991, "accuracy": 0.981792688369751, "energy_consumption": 46.982729690977294, "selected": false, "client_name": "sta4"}
2026-06-30 17:54:56,666 - METRIC - INFO - {"loss": 0.03518550097942352, "accuracy": 0.9894958138465881, "energy_consumption": 43.7813899586616, "selected": false, "client_name": "sta8"}
2026-06-30 17:54:56,678 - METRIC - INFO - {"loss": 0.04580649361014366, "accuracy": 0.9866946935653687, "energy_consumption": 43.839210761145125, "selected": false, "client_name": "sta6"}
2026-06-30 17:54:56,679 - METRIC - INFO - {"loss": 0.04876505956053734, "accuracy": 0.9845938086509705, "energy_consumption": 44.00432233555331, "selected": false, "client_name": "sta9"}
2026-06-30 17:54:56,680 - METRIC - INFO - {"loss": 0.04055356979370117, "accuracy": 0.988095223903656, "energy_consumption": 45.601106556045565, "selected": false, "client_name": "sta5"}
2026-06-30 17:54:56,681 - METRIC - INFO - {"loss": 0.03707776218652725, "accuracy": 0.988095223903656, "energy_consumption": 44.5126404070586, "selected": false, "client_name": "sta10"}
2026-06-30 17:54:56,683 - METRIC - INFO - {"loss": 0.03817954286932945, "accuracy": 0.9866946935653687, "energy_consumption": 43.633577045975684, "selected": false, "client_name": "sta7"}
2026-06-30 17:54:57,340 - METRIC - INFO - mean_accuracy: 0.9852941144596447

2026-06-30 17:54:57,344 - METRIC - INFO - stop_condition: rounds
