2026-06-12 15:06:30,868 - EXECUT - INFO - starting server...
2026-06-12 15:06:35,069 - EXECUT - INFO - trainer number sta0 just joined the pool
2026-06-12 15:06:35,112 - EXECUT - INFO - trainer number sta2 just joined the pool
2026-06-12 15:06:35,112 - EXECUT - INFO - trainer number sta3 just joined the pool
2026-06-12 15:06:35,112 - EXECUT - INFO - trainer number sta1 just joined the pool
2026-06-12 15:06:35,240 - EXECUT - INFO - trainer number sta4 just joined the pool
2026-06-12 15:06:35,282 - EXECUT - INFO - trainer number sta6 just joined the pool
2026-06-12 15:06:35,282 - EXECUT - INFO - trainer number sta5 just joined the pool
2026-06-12 15:06:35,283 - EXECUT - INFO - trainer number sta7 just joined the pool
2026-06-12 15:06:36,360 - EXECUT - INFO - trainer number sta8 just joined the pool
2026-06-12 15:06:36,403 - EXECUT - INFO - trainer number sta9 just joined the pool
2026-06-12 15:06:36,445 - EXECUT - INFO - trainer number sta10 just joined the pool
2026-06-12 15:06:36,487 - EXECUT - INFO - trainer number sta11 just joined the pool
2026-06-12 15:06:36,487 - EXECUT - INFO - trainer number sta14 just joined the pool
2026-06-12 15:06:36,487 - EXECUT - INFO - trainer number sta13 just joined the pool
2026-06-12 15:06:36,487 - EXECUT - INFO - trainer number sta12 just joined the pool
2026-06-12 15:06:36,571 - EXECUT - INFO - trainer number sta16 just joined the pool
2026-06-12 15:06:36,571 - EXECUT - INFO - trainer number sta18 just joined the pool
2026-06-12 15:06:36,613 - EXECUT - INFO - trainer number sta15 just joined the pool
2026-06-12 15:06:36,654 - EXECUT - INFO - trainer number sta17 just joined the pool
2026-06-12 15:06:36,655 - EXECUT - INFO - trainer number sta19 just joined the pool
2026-06-12 15:06:36,879 - EXECUT - INFO - mensagem de data_sz recebida: 
 {'id': 'sta0', 'dataset_sz': 432851712}
2026-06-12 15:06:36,879 - EXECUT - INFO - mensagem de data_sz recebida: 
 {'id': 'sta1', 'dataset_sz': 432851712}
2026-06-12 15:06:36,880 - EXECUT - INFO - mensagem de data_sz recebida: 
 {'id': 'sta10', 'dataset_sz': 432851712}
2026-06-12 15:06:36,880 - EXECUT - INFO - mensagem de data_sz recebida: 
 {'id': 'sta11', 'dataset_sz': 432851712}
2026-06-12 15:06:36,881 - EXECUT - INFO - mensagem de data_sz recebida: 
 {'id': 'sta12', 'dataset_sz': 432851712}
2026-06-12 15:06:36,881 - EXECUT - INFO - mensagem de data_sz recebida: 
 {'id': 'sta13', 'dataset_sz': 432851712}
2026-06-12 15:06:36,881 - EXECUT - INFO - mensagem de data_sz recebida: 
 {'id': 'sta14', 'dataset_sz': 432851712}
2026-06-12 15:06:36,882 - EXECUT - INFO - mensagem de data_sz recebida: 
 {'id': 'sta15', 'dataset_sz': 432851712}
2026-06-12 15:06:36,882 - EXECUT - INFO - mensagem de data_sz recebida: 
 {'id': 'sta16', 'dataset_sz': 432851712}
2026-06-12 15:06:36,882 - EXECUT - INFO - mensagem de data_sz recebida: 
 {'id': 'sta17', 'dataset_sz': 432851712}
2026-06-12 15:06:36,882 - EXECUT - INFO - mensagem de data_sz recebida: 
 {'id': 'sta18', 'dataset_sz': 432851712}
2026-06-12 15:06:36,883 - EXECUT - INFO - mensagem de data_sz recebida: 
 {'id': 'sta2', 'dataset_sz': 432851712}
2026-06-12 15:06:36,883 - EXECUT - INFO - mensagem de data_sz recebida: 
 {'id': 'sta3', 'dataset_sz': 432851712}
2026-06-12 15:06:36,883 - EXECUT - INFO - mensagem de data_sz recebida: 
 {'id': 'sta4', 'dataset_sz': 432851712}
2026-06-12 15:06:36,883 - EXECUT - INFO - mensagem de data_sz recebida: 
 {'id': 'sta6', 'dataset_sz': 432851712}
2026-06-12 15:06:36,883 - EXECUT - INFO - mensagem de data_sz recebida: 
 {'id': 'sta5', 'dataset_sz': 432851712}
2026-06-12 15:06:36,884 - EXECUT - INFO - mensagem de data_sz recebida: 
 {'id': 'sta7', 'dataset_sz': 432851712}
2026-06-12 15:06:36,884 - EXECUT - INFO - mensagem de data_sz recebida: 
 {'id': 'sta8', 'dataset_sz': 432851712}
2026-06-12 15:06:36,884 - EXECUT - INFO - mensagem de data_sz recebida: 
 {'id': 'sta9', 'dataset_sz': 432851712}
2026-06-12 15:06:36,884 - EXECUT - INFO - mensagem de data_sz recebida: 
 {'id': 'sta19', 'dataset_sz': 432851712}
2026-06-12 15:06:37,878 - METRIC - INFO - round: 1
2026-06-12 15:06:37,878 - METRIC - INFO - n_selected: 20
2026-06-12 15:06:37,878 - METRIC - INFO - {"selected_trainers": ["sta0", "sta1", "sta10", "sta11", "sta12", "sta13", "sta14", "sta15", "sta16", "sta17", "sta18", "sta19", "sta2", "sta3", "sta4", "sta5", "sta6", "sta7", "sta8", "sta9"]}
2026-06-12 15:06:55,326 - EXECUT - INFO - received weights from trainer sta3!
2026-06-12 15:06:56,630 - EXECUT - INFO - received weights from trainer sta6!
2026-06-12 15:07:05,002 - EXECUT - INFO - received weights from trainer sta15!
2026-06-12 15:07:08,261 - EXECUT - INFO - received weights from trainer sta11!
2026-06-12 15:07:12,038 - EXECUT - INFO - received weights from trainer sta10!
2026-06-12 15:07:15,530 - EXECUT - INFO - received weights from trainer sta14!
2026-06-12 15:07:19,033 - EXECUT - INFO - received weights from trainer sta19!
2026-06-12 15:07:21,958 - EXECUT - INFO - received weights from trainer sta4!
2026-06-12 15:07:24,476 - EXECUT - INFO - received weights from trainer sta13!
2026-06-12 15:07:27,330 - EXECUT - INFO - received weights from trainer sta18!
2026-06-12 15:07:29,785 - EXECUT - INFO - received weights from trainer sta12!
2026-06-12 15:07:32,622 - EXECUT - INFO - received weights from trainer sta17!
2026-06-12 15:07:35,342 - EXECUT - INFO - received weights from trainer sta5!
2026-06-12 15:07:37,784 - EXECUT - INFO - received weights from trainer sta2!
2026-06-12 15:07:39,662 - EXECUT - INFO - received weights from trainer sta1!
2026-06-12 15:07:40,559 - EXECUT - INFO - received weights from trainer sta8!
2026-06-12 15:07:41,430 - EXECUT - INFO - received weights from trainer sta0!
2026-06-12 15:07:42,963 - EXECUT - INFO - received weights from trainer sta7!
2026-06-12 15:07:44,731 - EXECUT - INFO - received weights from trainer sta9!
2026-06-12 15:07:48,822 - EXECUT - INFO - received weights from trainer sta16!
2026-06-12 15:07:50,837 - EXECUT - INFO - sent aggregated weights to trainers!
2026-06-12 15:12:40,153 - METRIC - INFO - {"loss": 0.3672634959220886, "accuracy": 0.8998599648475647, "energy_consumption": 2.6384501823064612, "selected": false, "client_name": "sta18"}
2026-06-12 15:12:41,296 - METRIC - INFO - {"loss": 0.3954099714756012, "accuracy": 0.8942577242851257, "energy_consumption": 2.5935253417476942, "selected": false, "client_name": "sta19"}
2026-06-12 15:12:42,212 - METRIC - INFO - {"loss": 0.3589094281196594, "accuracy": 0.900560200214386, "energy_consumption": 2.6304273844368065, "selected": false, "client_name": "sta17"}
2026-06-12 15:12:43,250 - METRIC - INFO - {"loss": 0.4126473367214203, "accuracy": 0.8816526532173157, "energy_consumption": 2.7424902966965776, "selected": false, "client_name": "sta16"}
2026-06-12 15:12:49,087 - METRIC - INFO - {"loss": 0.38880831003189087, "accuracy": 0.8991596698760986, "energy_consumption": 2.676148436156127, "selected": false, "client_name": "sta14"}
2026-06-12 15:12:50,189 - METRIC - INFO - {"loss": 0.4078359603881836, "accuracy": 0.8900560140609741, "energy_consumption": 2.6318140078704224, "selected": false, "client_name": "sta15"}
2026-06-12 15:12:51,972 - METRIC - INFO - {"loss": 0.38367754220962524, "accuracy": 0.9103641510009766, "energy_consumption": 2.6974705021152787, "selected": false, "client_name": "sta13"}
2026-06-12 15:12:55,920 - METRIC - INFO - {"loss": 0.377249151468277, "accuracy": 0.9026610851287842, "energy_consumption": 2.7685685313744335, "selected": false, "client_name": "sta5"}
2026-06-12 15:12:58,060 - METRIC - INFO - {"loss": 0.40127986669540405, "accuracy": 0.8928571343421936, "energy_consumption": 2.8200488666054846, "selected": false, "client_name": "sta6"}
2026-06-12 15:12:58,253 - METRIC - INFO - {"loss": 0.38723570108413696, "accuracy": 0.8942577242851257, "energy_consumption": 2.711056229781289, "selected": false, "client_name": "sta4"}
2026-06-12 15:12:58,571 - METRIC - INFO - {"loss": 0.40447601675987244, "accuracy": 0.8823529481887817, "energy_consumption": 2.769081926232539, "selected": false, "client_name": "sta7"}
2026-06-12 15:12:58,972 - METRIC - INFO - {"loss": 0.3948959708213806, "accuracy": 0.8872548937797546, "energy_consumption": 2.87671162090455, "selected": false, "client_name": "sta9"}
2026-06-12 15:13:00,095 - METRIC - INFO - {"loss": 0.4076980948448181, "accuracy": 0.8921568393707275, "energy_consumption": 2.801286232469389, "selected": false, "client_name": "sta11"}
2026-06-12 15:13:00,113 - METRIC - INFO - {"loss": 0.391378790140152, "accuracy": 0.8865545988082886, "energy_consumption": 2.769225345973351, "selected": false, "client_name": "sta1"}
2026-06-12 15:13:00,270 - METRIC - INFO - {"loss": 0.375191867351532, "accuracy": 0.8963585495948792, "energy_consumption": 2.7847361847427834, "selected": false, "client_name": "sta3"}
2026-06-12 15:13:00,513 - METRIC - INFO - {"loss": 0.38287481665611267, "accuracy": 0.8935574293136597, "energy_consumption": 2.9025064702170784, "selected": false, "client_name": "sta2"}
2026-06-12 15:13:00,532 - METRIC - INFO - {"loss": 0.4070325493812561, "accuracy": 0.8921568393707275, "energy_consumption": 2.7128689080481996, "selected": false, "client_name": "sta12"}
2026-06-12 15:13:02,573 - METRIC - INFO - {"loss": 0.3873371481895447, "accuracy": 0.9033613204956055, "energy_consumption": 2.7677960221596063, "selected": false, "client_name": "sta10"}
2026-06-12 15:13:03,070 - METRIC - INFO - {"loss": 0.3986978828907013, "accuracy": 0.8935574293136597, "energy_consumption": 2.870882156680206, "selected": false, "client_name": "sta0"}
2026-06-12 15:13:04,581 - METRIC - INFO - {"loss": 0.37162989377975464, "accuracy": 0.9082633256912231, "energy_consumption": 2.813861528592584, "selected": false, "client_name": "sta8"}
2026-06-12 15:13:05,182 - METRIC - INFO - mean_accuracy: 0.8950630247592926

2026-06-12 15:13:05,183 - METRIC - INFO - round: 2
2026-06-12 15:13:05,183 - METRIC - INFO - n_selected: 20
2026-06-12 15:13:05,183 - METRIC - INFO - {"selected_trainers": ["sta0", "sta1", "sta10", "sta11", "sta12", "sta13", "sta14", "sta15", "sta16", "sta17", "sta18", "sta19", "sta2", "sta3", "sta4", "sta5", "sta6", "sta7", "sta8", "sta9"]}
2026-06-12 15:13:19,635 - EXECUT - INFO - received weights from trainer sta4!
2026-06-12 15:13:21,103 - EXECUT - INFO - received weights from trainer sta3!
2026-06-12 15:13:22,048 - EXECUT - INFO - received weights from trainer sta1!
2026-06-12 15:13:27,644 - EXECUT - INFO - received weights from trainer sta9!
2026-06-12 15:13:28,895 - EXECUT - INFO - received weights from trainer sta16!
2026-06-12 15:13:30,523 - EXECUT - INFO - received weights from trainer sta15!
2026-06-12 15:13:31,990 - EXECUT - INFO - received weights from trainer sta17!
2026-06-12 15:13:33,193 - EXECUT - INFO - received weights from trainer sta5!
2026-06-12 15:13:37,364 - EXECUT - INFO - received weights from trainer sta0!
2026-06-12 15:13:40,383 - EXECUT - INFO - received weights from trainer sta2!
2026-06-12 15:13:43,991 - EXECUT - INFO - received weights from trainer sta12!
2026-06-12 15:13:46,692 - EXECUT - INFO - received weights from trainer sta10!
2026-06-12 15:13:47,185 - EXECUT - INFO - received weights from trainer sta11!
2026-06-12 15:13:47,912 - EXECUT - INFO - received weights from trainer sta7!
2026-06-12 15:13:49,521 - EXECUT - INFO - received weights from trainer sta13!
2026-06-12 15:13:53,035 - EXECUT - INFO - received weights from trainer sta18!
2026-06-12 15:13:55,148 - EXECUT - INFO - received weights from trainer sta8!
2026-06-12 15:13:58,016 - EXECUT - INFO - received weights from trainer sta6!
2026-06-12 15:14:00,051 - EXECUT - INFO - received weights from trainer sta14!
2026-06-12 15:14:01,712 - EXECUT - INFO - received weights from trainer sta19!
2026-06-12 15:14:04,016 - EXECUT - INFO - sent aggregated weights to trainers!
2026-06-12 15:18:32,732 - METRIC - INFO - {"loss": 2.300138473510742, "accuracy": 0.1260504275560379, "energy_consumption": 5.14185940706142, "selected": false, "client_name": "sta19"}
2026-06-12 15:18:35,567 - METRIC - INFO - {"loss": 2.299194812774658, "accuracy": 0.11274509876966476, "energy_consumption": 5.14809565110103, "selected": false, "client_name": "sta18"}
2026-06-12 15:18:37,181 - METRIC - INFO - {"loss": 2.2988672256469727, "accuracy": 0.1190476194024086, "energy_consumption": 5.050504435415083, "selected": false, "client_name": "sta15"}
2026-06-12 15:18:39,930 - METRIC - INFO - {"loss": 2.2987735271453857, "accuracy": 0.11344537883996964, "energy_consumption": 5.1950171171176045, "selected": false, "client_name": "sta17"}
2026-06-12 15:18:40,199 - METRIC - INFO - {"loss": 2.299943447113037, "accuracy": 0.10434173792600632, "energy_consumption": 5.241539398241912, "selected": false, "client_name": "sta16"}
2026-06-12 15:18:42,140 - METRIC - INFO - {"loss": 2.3008415699005127, "accuracy": 0.10504201799631119, "energy_consumption": 5.2159351102840645, "selected": false, "client_name": "sta13"}
2026-06-12 15:18:43,125 - METRIC - INFO - {"loss": 2.3002727031707764, "accuracy": 0.10784313827753067, "energy_consumption": 5.310808701025177, "selected": false, "client_name": "sta1"}
2026-06-12 15:18:44,349 - METRIC - INFO - {"loss": 2.2996299266815186, "accuracy": 0.11134453862905502, "energy_consumption": 5.302328518072728, "selected": false, "client_name": "sta14"}
2026-06-12 15:18:44,525 - METRIC - INFO - {"loss": 2.300506591796875, "accuracy": 0.1071428582072258, "energy_consumption": 5.2232313006951, "selected": false, "client_name": "sta7"}
2026-06-12 15:18:44,798 - METRIC - INFO - {"loss": 2.2994723320007324, "accuracy": 0.11344537883996964, "energy_consumption": 5.3055331432134185, "selected": false, "client_name": "sta2"}
2026-06-12 15:18:45,301 - METRIC - INFO - {"loss": 2.3001394271850586, "accuracy": 0.10574229806661606, "energy_consumption": 5.380637939426323, "selected": false, "client_name": "sta9"}
2026-06-12 15:18:45,360 - METRIC - INFO - {"loss": 2.2982735633850098, "accuracy": 0.1190476194024086, "energy_consumption": 5.316825030874622, "selected": false, "client_name": "sta11"}
2026-06-12 15:18:45,662 - METRIC - INFO - {"loss": 2.298417091369629, "accuracy": 0.10994397848844528, "energy_consumption": 5.1968808727516995, "selected": false, "client_name": "sta12"}
2026-06-12 15:18:45,837 - METRIC - INFO - {"loss": 2.300583839416504, "accuracy": 0.10504201799631119, "energy_consumption": 5.332464703572115, "selected": false, "client_name": "sta3"}
2026-06-12 15:18:46,831 - METRIC - INFO - {"loss": 2.298860549926758, "accuracy": 0.1190476194024086, "energy_consumption": 5.222162956672324, "selected": false, "client_name": "sta4"}
2026-06-12 15:18:47,106 - METRIC - INFO - {"loss": 2.300137758255005, "accuracy": 0.10924369841814041, "energy_consumption": 5.28545071715106, "selected": false, "client_name": "sta0"}
2026-06-12 15:18:47,228 - METRIC - INFO - {"loss": 2.2993407249450684, "accuracy": 0.1071428582072258, "energy_consumption": 5.276993194981812, "selected": false, "client_name": "sta8"}
2026-06-12 15:18:47,616 - METRIC - INFO - {"loss": 2.300173282623291, "accuracy": 0.10994397848844528, "energy_consumption": 5.296950603652339, "selected": false, "client_name": "sta5"}
2026-06-12 15:18:48,358 - METRIC - INFO - {"loss": 2.298638105392456, "accuracy": 0.12044817954301834, "energy_consumption": 5.251804434194023, "selected": false, "client_name": "sta10"}
2026-06-12 15:18:48,418 - METRIC - INFO - {"loss": 2.2989134788513184, "accuracy": 0.13025210797786713, "energy_consumption": 5.3750972889185, "selected": false, "client_name": "sta6"}
2026-06-12 15:18:49,305 - METRIC - INFO - mean_accuracy: 0.11281512752175331

2026-06-12 15:18:49,306 - METRIC - INFO - round: 3
2026-06-12 15:18:49,306 - METRIC - INFO - n_selected: 20
2026-06-12 15:18:49,306 - METRIC - INFO - {"selected_trainers": ["sta0", "sta1", "sta10", "sta11", "sta12", "sta13", "sta14", "sta15", "sta16", "sta17", "sta18", "sta19", "sta2", "sta3", "sta4", "sta5", "sta6", "sta7", "sta8", "sta9"]}
2026-06-12 15:19:02,430 - EXECUT - INFO - received weights from trainer sta0!
2026-06-12 15:19:03,238 - EXECUT - INFO - received weights from trainer sta5!
2026-06-12 15:19:08,408 - EXECUT - INFO - received weights from trainer sta8!
2026-06-12 15:19:11,391 - EXECUT - INFO - received weights from trainer sta19!
2026-06-12 15:19:13,632 - EXECUT - INFO - received weights from trainer sta9!
2026-06-12 15:19:16,330 - EXECUT - INFO - received weights from trainer sta15!
2026-06-12 15:19:17,778 - EXECUT - INFO - received weights from trainer sta18!
2026-06-12 15:19:21,068 - EXECUT - INFO - received weights from trainer sta16!
2026-06-12 15:19:24,255 - EXECUT - INFO - received weights from trainer sta1!
2026-06-12 15:19:26,110 - EXECUT - INFO - received weights from trainer sta6!
2026-06-12 15:19:28,622 - EXECUT - INFO - received weights from trainer sta10!
2026-06-12 15:19:33,442 - EXECUT - INFO - received weights from trainer sta13!
2026-06-12 15:19:33,716 - EXECUT - INFO - received weights from trainer sta14!
2026-06-12 15:19:34,808 - EXECUT - INFO - received weights from trainer sta11!
2026-06-12 15:19:35,739 - EXECUT - INFO - received weights from trainer sta4!
2026-06-12 15:19:39,020 - EXECUT - INFO - received weights from trainer sta12!
2026-06-12 15:19:43,878 - EXECUT - INFO - received weights from trainer sta3!
2026-06-12 15:19:45,184 - EXECUT - INFO - received weights from trainer sta17!
2026-06-12 15:19:49,517 - EXECUT - INFO - received weights from trainer sta7!
2026-06-12 15:19:49,919 - EXECUT - INFO - received weights from trainer sta2!
2026-06-12 15:19:52,002 - EXECUT - INFO - sent aggregated weights to trainers!
2026-06-12 15:23:57,005 - METRIC - INFO - {"loss": 2.287508010864258, "accuracy": 0.12184873968362808, "energy_consumption": 7.7546386479335325, "selected": false, "client_name": "sta18"}
2026-06-12 15:23:58,547 - METRIC - INFO - {"loss": 2.288672685623169, "accuracy": 0.16106443107128143, "energy_consumption": 7.763126696034354, "selected": false, "client_name": "sta19"}
2026-06-12 15:24:00,528 - METRIC - INFO - {"loss": 2.2894017696380615, "accuracy": 0.10434173792600632, "energy_consumption": 7.875210582552988, "selected": false, "client_name": "sta16"}
2026-06-12 15:24:00,910 - METRIC - INFO - {"loss": 2.286832809448242, "accuracy": 0.11624649912118912, "energy_consumption": 7.841463441943449, "selected": false, "client_name": "sta17"}
2026-06-12 15:24:04,869 - METRIC - INFO - {"loss": 2.289280891418457, "accuracy": 0.12184873968362808, "energy_consumption": 8.008356861148537, "selected": false, "client_name": "sta13"}
2026-06-12 15:24:06,967 - METRIC - INFO - {"loss": 2.28692364692688, "accuracy": 0.16246499121189117, "energy_consumption": 7.796686820010487, "selected": false, "client_name": "sta15"}
2026-06-12 15:24:09,108 - METRIC - INFO - {"loss": 2.287067413330078, "accuracy": 0.13445378839969635, "energy_consumption": 7.914661259176533, "selected": false, "client_name": "sta4"}
2026-06-12 15:24:09,312 - METRIC - INFO - {"loss": 2.2863404750823975, "accuracy": 0.21568627655506134, "energy_consumption": 7.831365341699227, "selected": false, "client_name": "sta12"}
2026-06-12 15:24:11,159 - METRIC - INFO - {"loss": 2.287391424179077, "accuracy": 0.12324929982423782, "energy_consumption": 8.114808514595936, "selected": false, "client_name": "sta14"}
2026-06-12 15:24:12,309 - METRIC - INFO - {"loss": 2.2862250804901123, "accuracy": 0.1190476194024086, "energy_consumption": 8.041247784665577, "selected": false, "client_name": "sta11"}
2026-06-12 15:24:13,791 - METRIC - INFO - {"loss": 2.286254644393921, "accuracy": 0.14075630903244019, "energy_consumption": 7.956965891043157, "selected": false, "client_name": "sta10"}
2026-06-12 15:24:13,879 - METRIC - INFO - {"loss": 2.286423444747925, "accuracy": 0.16806723177433014, "energy_consumption": 8.11671123037286, "selected": false, "client_name": "sta6"}
2026-06-12 15:24:14,115 - METRIC - INFO - {"loss": 2.288325309753418, "accuracy": 0.14635854959487915, "energy_consumption": 8.155028189093803, "selected": false, "client_name": "sta1"}
2026-06-12 15:24:14,624 - METRIC - INFO - {"loss": 2.2886157035827637, "accuracy": 0.1141456589102745, "energy_consumption": 8.0292724222865, "selected": false, "client_name": "sta9"}
2026-06-12 15:24:14,920 - METRIC - INFO - {"loss": 2.2883312702178955, "accuracy": 0.10854341834783554, "energy_consumption": 8.059799304421825, "selected": false, "client_name": "sta7"}
2026-06-12 15:24:15,228 - METRIC - INFO - {"loss": 2.2880327701568604, "accuracy": 0.14005602896213531, "energy_consumption": 8.108438626616348, "selected": false, "client_name": "sta5"}
2026-06-12 15:24:15,614 - METRIC - INFO - {"loss": 2.2878100872039795, "accuracy": 0.16946779191493988, "energy_consumption": 8.043450569841259, "selected": false, "client_name": "sta8"}
2026-06-12 15:24:16,392 - METRIC - INFO - {"loss": 2.2888803482055664, "accuracy": 0.18977591395378113, "energy_consumption": 8.176912307966239, "selected": false, "client_name": "sta3"}
2026-06-12 15:24:16,681 - METRIC - INFO - {"loss": 2.286929130554199, "accuracy": 0.22478991746902466, "energy_consumption": 8.135904948713605, "selected": false, "client_name": "sta2"}
2026-06-12 15:24:18,042 - METRIC - INFO - {"loss": 2.2888760566711426, "accuracy": 0.14425770938396454, "energy_consumption": 8.056453022363595, "selected": false, "client_name": "sta0"}
2026-06-12 15:24:18,275 - METRIC - INFO - mean_accuracy: 0.14632353261113168

2026-06-12 15:24:18,275 - METRIC - INFO - round: 4
2026-06-12 15:24:18,275 - METRIC - INFO - n_selected: 20
2026-06-12 15:24:18,275 - METRIC - INFO - {"selected_trainers": ["sta0", "sta1", "sta10", "sta11", "sta12", "sta13", "sta14", "sta15", "sta16", "sta17", "sta18", "sta19", "sta2", "sta3", "sta4", "sta5", "sta6", "sta7", "sta8", "sta9"]}
2026-06-12 15:24:31,167 - EXECUT - INFO - received weights from trainer sta1!
2026-06-12 15:24:31,612 - EXECUT - INFO - received weights from trainer sta4!
2026-06-12 15:24:36,981 - EXECUT - INFO - received weights from trainer sta12!
2026-06-12 15:24:37,622 - EXECUT - INFO - received weights from trainer sta16!
2026-06-12 15:24:41,116 - EXECUT - INFO - received weights from trainer sta0!
2026-06-12 15:24:42,184 - EXECUT - INFO - received weights from trainer sta15!
2026-06-12 15:24:42,606 - EXECUT - INFO - received weights from trainer sta5!
2026-06-12 15:24:46,929 - EXECUT - INFO - received weights from trainer sta10!
2026-06-12 15:24:50,234 - EXECUT - INFO - received weights from trainer sta9!
2026-06-12 15:24:51,626 - EXECUT - INFO - received weights from trainer sta18!
2026-06-12 15:24:52,481 - EXECUT - INFO - received weights from trainer sta8!
2026-06-12 15:24:54,189 - EXECUT - INFO - received weights from trainer sta19!
2026-06-12 15:24:55,248 - EXECUT - INFO - received weights from trainer sta6!
2026-06-12 15:24:56,098 - EXECUT - INFO - received weights from trainer sta7!
2026-06-12 15:25:01,750 - EXECUT - INFO - received weights from trainer sta13!
2026-06-12 15:25:02,400 - EXECUT - INFO - received weights from trainer sta14!
2026-06-12 15:25:03,235 - EXECUT - INFO - received weights from trainer sta11!
2026-06-12 15:25:04,086 - EXECUT - INFO - received weights from trainer sta2!
2026-06-12 15:25:05,581 - EXECUT - INFO - received weights from trainer sta3!
2026-06-12 15:25:06,224 - EXECUT - INFO - received weights from trainer sta17!
2026-06-12 15:25:07,875 - EXECUT - INFO - sent aggregated weights to trainers!
2026-06-12 15:29:13,710 - METRIC - INFO - {"loss": 1.4456918239593506, "accuracy": 0.5287114977836609, "energy_consumption": 10.538999845672834, "selected": false, "client_name": "sta16"}
2026-06-12 15:29:15,136 - METRIC - INFO - {"loss": 1.414415717124939, "accuracy": 0.5357142686843872, "energy_consumption": 10.589063872416512, "selected": false, "client_name": "sta19"}
2026-06-12 15:29:19,759 - METRIC - INFO - {"loss": 1.429260492324829, "accuracy": 0.5385153889656067, "energy_consumption": 10.562599754293762, "selected": false, "client_name": "sta17"}
2026-06-12 15:29:20,213 - METRIC - INFO - {"loss": 1.407228946685791, "accuracy": 0.5385153889656067, "energy_consumption": 10.770578240035963, "selected": false, "client_name": "sta14"}
2026-06-12 15:29:24,910 - METRIC - INFO - {"loss": 1.4409478902816772, "accuracy": 0.5224089622497559, "energy_consumption": 10.521382986260356, "selected": false, "client_name": "sta15"}
2026-06-12 15:29:25,066 - METRIC - INFO - {"loss": 1.3974970579147339, "accuracy": 0.5574229955673218, "energy_consumption": 10.776195853913663, "selected": false, "client_name": "sta7"}
2026-06-12 15:29:25,264 - METRIC - INFO - {"loss": 1.4274417161941528, "accuracy": 0.511904776096344, "energy_consumption": 10.754545351248174, "selected": false, "client_name": "sta1"}
2026-06-12 15:29:26,494 - METRIC - INFO - {"loss": 1.4231841564178467, "accuracy": 0.5322129130363464, "energy_consumption": 10.639169343787053, "selected": false, "client_name": "sta4"}
2026-06-12 15:29:26,566 - METRIC - INFO - {"loss": 1.4310827255249023, "accuracy": 0.5308123230934143, "energy_consumption": 10.622604254043653, "selected": false, "client_name": "sta18"}
2026-06-12 15:29:26,701 - METRIC - INFO - {"loss": 1.4096426963806152, "accuracy": 0.569327712059021, "energy_consumption": 10.793777679399252, "selected": false, "client_name": "sta6"}
2026-06-12 15:29:28,370 - METRIC - INFO - {"loss": 1.4236669540405273, "accuracy": 0.5441176295280457, "energy_consumption": 10.900353862243204, "selected": false, "client_name": "sta2"}
2026-06-12 15:29:28,720 - METRIC - INFO - {"loss": 1.4518870115280151, "accuracy": 0.5392156839370728, "energy_consumption": 10.81832138039254, "selected": false, "client_name": "sta0"}
2026-06-12 15:29:29,394 - METRIC - INFO - {"loss": 1.4196571111679077, "accuracy": 0.5217086672782898, "energy_consumption": 10.82305763032095, "selected": false, "client_name": "sta5"}
2026-06-12 15:29:29,721 - METRIC - INFO - {"loss": 1.4046324491500854, "accuracy": 0.5371148586273193, "energy_consumption": 10.819360339788616, "selected": false, "client_name": "sta11"}
2026-06-12 15:29:30,190 - METRIC - INFO - {"loss": 1.4291032552719116, "accuracy": 0.5280112028121948, "energy_consumption": 10.788496642370331, "selected": false, "client_name": "sta13"}
2026-06-12 15:29:30,297 - METRIC - INFO - {"loss": 1.4190260171890259, "accuracy": 0.5399159789085388, "energy_consumption": 10.64807283163207, "selected": false, "client_name": "sta12"}
2026-06-12 15:29:30,586 - METRIC - INFO - {"loss": 1.414028525352478, "accuracy": 0.5532212853431702, "energy_consumption": 10.738169346157182, "selected": false, "client_name": "sta10"}
2026-06-12 15:29:30,844 - METRIC - INFO - {"loss": 1.4281880855560303, "accuracy": 0.5301120281219482, "energy_consumption": 10.860398197950282, "selected": false, "client_name": "sta3"}
2026-06-12 15:29:31,245 - METRIC - INFO - {"loss": 1.4238181114196777, "accuracy": 0.5364145636558533, "energy_consumption": 10.763510601490168, "selected": false, "client_name": "sta8"}
2026-06-12 15:29:32,593 - METRIC - INFO - {"loss": 1.4618322849273682, "accuracy": 0.5343137383460999, "energy_consumption": 10.759265017285516, "selected": false, "client_name": "sta9"}
2026-06-12 15:29:33,142 - METRIC - INFO - mean_accuracy: 0.5364845931529999

2026-06-12 15:29:33,143 - METRIC - INFO - round: 5
2026-06-12 15:29:33,143 - METRIC - INFO - n_selected: 20
2026-06-12 15:29:33,143 - METRIC - INFO - {"selected_trainers": ["sta0", "sta1", "sta10", "sta11", "sta12", "sta13", "sta14", "sta15", "sta16", "sta17", "sta18", "sta19", "sta2", "sta3", "sta4", "sta5", "sta6", "sta7", "sta8", "sta9"]}
2026-06-12 15:29:45,473 - EXECUT - INFO - received weights from trainer sta5!
2026-06-12 15:29:46,565 - EXECUT - INFO - received weights from trainer sta2!
2026-06-12 15:29:47,397 - EXECUT - INFO - received weights from trainer sta0!
2026-06-12 15:29:48,220 - EXECUT - INFO - received weights from trainer sta3!
2026-06-12 15:29:49,921 - EXECUT - INFO - received weights from trainer sta6!
2026-06-12 15:29:51,509 - EXECUT - INFO - received weights from trainer sta7!
2026-06-12 15:29:53,968 - EXECUT - INFO - received weights from trainer sta4!
2026-06-12 15:29:55,628 - EXECUT - INFO - received weights from trainer sta1!
2026-06-12 15:29:57,273 - EXECUT - INFO - received weights from trainer sta13!
2026-06-12 15:29:58,005 - EXECUT - INFO - received weights from trainer sta9!
2026-06-12 15:29:58,810 - EXECUT - INFO - received weights from trainer sta8!
2026-06-12 15:30:00,094 - EXECUT - INFO - received weights from trainer sta18!
2026-06-12 15:30:00,912 - EXECUT - INFO - received weights from trainer sta11!
2026-06-12 15:30:01,307 - EXECUT - INFO - received weights from trainer sta10!
2026-06-12 15:30:02,384 - EXECUT - INFO - received weights from trainer sta14!
2026-06-12 15:30:03,464 - EXECUT - INFO - received weights from trainer sta12!
2026-06-12 15:30:04,274 - EXECUT - INFO - received weights from trainer sta19!
2026-06-12 15:30:05,349 - EXECUT - INFO - received weights from trainer sta15!
2026-06-12 15:30:06,421 - EXECUT - INFO - received weights from trainer sta17!
2026-06-12 15:30:07,238 - EXECUT - INFO - received weights from trainer sta16!
2026-06-12 15:30:08,628 - EXECUT - INFO - sent aggregated weights to trainers!
2026-06-12 15:33:34,523 - METRIC - INFO - {"loss": 0.5890814065933228, "accuracy": 0.8263305425643921, "energy_consumption": 13.159572364506646, "selected": false, "client_name": "sta18"}
2026-06-12 15:33:40,465 - METRIC - INFO - {"loss": 0.6261718273162842, "accuracy": 0.8277310729026794, "energy_consumption": 13.461648747884206, "selected": false, "client_name": "sta1"}
2026-06-12 15:33:41,192 - METRIC - INFO - {"loss": 0.6208616495132446, "accuracy": 0.8235294222831726, "energy_consumption": 13.229573730122254, "selected": false, "client_name": "sta17"}
2026-06-12 15:33:41,492 - METRIC - INFO - {"loss": 0.6415800452232361, "accuracy": 0.8144257664680481, "energy_consumption": 13.269894012711543, "selected": false, "client_name": "sta16"}
2026-06-12 15:33:42,615 - METRIC - INFO - {"loss": 0.629062831401825, "accuracy": 0.8228291273117065, "energy_consumption": 13.44942170711529, "selected": false, "client_name": "sta7"}
2026-06-12 15:33:42,796 - METRIC - INFO - {"loss": 0.648027241230011, "accuracy": 0.82492995262146, "energy_consumption": 13.173851465087562, "selected": false, "client_name": "sta15"}
2026-06-12 15:33:43,609 - METRIC - INFO - {"loss": 0.6009442806243896, "accuracy": 0.83753502368927, "energy_consumption": 13.50701704420176, "selected": false, "client_name": "sta14"}
2026-06-12 15:33:44,733 - METRIC - INFO - {"loss": 0.6250964999198914, "accuracy": 0.8270308375358582, "energy_consumption": 13.385614819821074, "selected": false, "client_name": "sta19"}
2026-06-12 15:33:47,205 - METRIC - INFO - {"loss": 0.621293306350708, "accuracy": 0.8270308375358582, "energy_consumption": 13.522211213785754, "selected": false, "client_name": "sta13"}
2026-06-12 15:33:48,739 - METRIC - INFO - {"loss": 0.6090533137321472, "accuracy": 0.8480392098426819, "energy_consumption": 13.513714911094077, "selected": false, "client_name": "sta10"}
2026-06-12 15:33:49,237 - METRIC - INFO - {"loss": 0.6139070987701416, "accuracy": 0.831932783126831, "energy_consumption": 13.50342363784627, "selected": false, "client_name": "sta6"}
2026-06-12 15:33:49,905 - METRIC - INFO - {"loss": 0.6286433935165405, "accuracy": 0.8284313678741455, "energy_consumption": 13.330617203905707, "selected": false, "client_name": "sta12"}
2026-06-12 15:33:50,031 - METRIC - INFO - {"loss": 0.6503018140792847, "accuracy": 0.8130252361297607, "energy_consumption": 13.627557201905052, "selected": false, "client_name": "sta0"}
2026-06-12 15:33:50,322 - METRIC - INFO - {"loss": 0.6479015350341797, "accuracy": 0.8228291273117065, "energy_consumption": 13.550557976297288, "selected": false, "client_name": "sta11"}
2026-06-12 15:33:50,401 - METRIC - INFO - {"loss": 0.6189271807670593, "accuracy": 0.8270308375358582, "energy_consumption": 13.64898090758076, "selected": false, "client_name": "sta2"}
2026-06-12 15:33:50,484 - METRIC - INFO - {"loss": 0.6527404189109802, "accuracy": 0.819327712059021, "energy_consumption": 13.431155211561867, "selected": false, "client_name": "sta9"}
2026-06-12 15:33:50,653 - METRIC - INFO - {"loss": 0.6424799561500549, "accuracy": 0.8291316628456116, "energy_consumption": 13.439248159942492, "selected": false, "client_name": "sta8"}
2026-06-12 15:33:50,672 - METRIC - INFO - {"loss": 0.6215263605117798, "accuracy": 0.8228291273117065, "energy_consumption": 13.544287812613119, "selected": false, "client_name": "sta5"}
2026-06-12 15:33:50,746 - METRIC - INFO - {"loss": 0.6223332285881042, "accuracy": 0.8403361439704895, "energy_consumption": 13.659484264840708, "selected": false, "client_name": "sta3"}
2026-06-12 15:33:51,441 - METRIC - INFO - {"loss": 0.626528799533844, "accuracy": 0.8221288323402405, "energy_consumption": 13.428609221067582, "selected": false, "client_name": "sta4"}
2026-06-12 15:33:51,851 - METRIC - INFO - mean_accuracy: 0.8268207311630249

2026-06-12 15:33:51,852 - METRIC - INFO - round: 6
2026-06-12 15:33:51,852 - METRIC - INFO - n_selected: 20
2026-06-12 15:33:51,852 - METRIC - INFO - {"selected_trainers": ["sta0", "sta1", "sta10", "sta11", "sta12", "sta13", "sta14", "sta15", "sta16", "sta17", "sta18", "sta19", "sta2", "sta3", "sta4", "sta5", "sta6", "sta7", "sta8", "sta9"]}
2026-06-12 15:34:03,182 - EXECUT - INFO - received weights from trainer sta7!
2026-06-12 15:34:04,389 - EXECUT - INFO - received weights from trainer sta1!
2026-06-12 15:34:05,572 - EXECUT - INFO - received weights from trainer sta4!
2026-06-12 15:34:06,379 - EXECUT - INFO - received weights from trainer sta0!
2026-06-12 15:34:07,625 - EXECUT - INFO - received weights from trainer sta3!
2026-06-12 15:34:08,925 - EXECUT - INFO - received weights from trainer sta2!
2026-06-12 15:34:09,851 - EXECUT - INFO - received weights from trainer sta6!
2026-06-12 15:34:10,989 - EXECUT - INFO - received weights from trainer sta5!
2026-06-12 15:34:12,129 - EXECUT - INFO - received weights from trainer sta14!
2026-06-12 15:34:13,765 - EXECUT - INFO - received weights from trainer sta17!
2026-06-12 15:34:15,245 - EXECUT - INFO - received weights from trainer sta18!
2026-06-12 15:34:17,002 - EXECUT - INFO - received weights from trainer sta8!
2026-06-12 15:34:17,684 - EXECUT - INFO - received weights from trainer sta19!
2026-06-12 15:34:18,861 - EXECUT - INFO - received weights from trainer sta15!
2026-06-12 15:34:19,650 - EXECUT - INFO - received weights from trainer sta10!
2026-06-12 15:34:20,947 - EXECUT - INFO - received weights from trainer sta11!
2026-06-12 15:34:22,095 - EXECUT - INFO - received weights from trainer sta13!
2026-06-12 15:34:23,244 - EXECUT - INFO - received weights from trainer sta16!
2026-06-12 15:34:25,022 - EXECUT - INFO - received weights from trainer sta9!
2026-06-12 15:34:26,375 - EXECUT - INFO - received weights from trainer sta12!
2026-06-12 15:34:28,161 - EXECUT - INFO - sent aggregated weights to trainers!
2026-06-12 15:37:43,980 - METRIC - INFO - {"loss": 0.3996272683143616, "accuracy": 0.8746498823165894, "energy_consumption": 16.052212002904675, "selected": false, "client_name": "sta18"}
2026-06-12 15:37:44,388 - METRIC - INFO - {"loss": 0.41991835832595825, "accuracy": 0.8760504126548767, "energy_consumption": 16.31124544460809, "selected": false, "client_name": "sta1"}
2026-06-12 15:37:45,168 - METRIC - INFO - {"loss": 0.4115819036960602, "accuracy": 0.8732492923736572, "energy_consumption": 16.017043847117314, "selected": false, "client_name": "sta17"}
2026-06-12 15:37:45,259 - METRIC - INFO - {"loss": 0.42437615990638733, "accuracy": 0.8767507076263428, "energy_consumption": 16.232256304669527, "selected": false, "client_name": "sta19"}
2026-06-12 15:37:45,366 - METRIC - INFO - {"loss": 0.44677725434303284, "accuracy": 0.8599439859390259, "energy_consumption": 16.20622905834344, "selected": false, "client_name": "sta16"}
2026-06-12 15:37:45,921 - METRIC - INFO - {"loss": 0.4490514099597931, "accuracy": 0.8711484670639038, "energy_consumption": 15.973243603559494, "selected": false, "client_name": "sta15"}
2026-06-12 15:37:48,412 - METRIC - INFO - {"loss": 0.4299702048301697, "accuracy": 0.8774510025978088, "energy_consumption": 16.263215673002403, "selected": false, "client_name": "sta13"}
2026-06-12 15:37:48,971 - METRIC - INFO - {"loss": 0.42560091614723206, "accuracy": 0.8732492923736572, "energy_consumption": 16.450034817745948, "selected": false, "client_name": "sta5"}
2026-06-12 15:37:49,226 - METRIC - INFO - {"loss": 0.4109954535961151, "accuracy": 0.8802521228790283, "energy_consumption": 16.313818441745674, "selected": false, "client_name": "sta14"}
2026-06-12 15:37:50,455 - METRIC - INFO - {"loss": 0.44989508390426636, "accuracy": 0.8669467568397522, "energy_consumption": 16.15228893451714, "selected": false, "client_name": "sta12"}
2026-06-12 15:37:50,674 - METRIC - INFO - {"loss": 0.4599906802177429, "accuracy": 0.8739495873451233, "energy_consumption": 16.357815499991602, "selected": false, "client_name": "sta11"}
2026-06-12 15:37:51,767 - METRIC - INFO - {"loss": 0.4436294734477997, "accuracy": 0.8662465214729309, "energy_consumption": 16.414121097394165, "selected": false, "client_name": "sta7"}
2026-06-12 15:37:52,374 - METRIC - INFO - {"loss": 0.4591132700443268, "accuracy": 0.8571428656578064, "energy_consumption": 16.252091892555622, "selected": false, "client_name": "sta9"}
2026-06-12 15:37:52,412 - METRIC - INFO - {"loss": 0.43412840366363525, "accuracy": 0.8739495873451233, "energy_consumption": 16.65468982050495, "selected": false, "client_name": "sta3"}
2026-06-12 15:37:52,711 - METRIC - INFO - {"loss": 0.4300549626350403, "accuracy": 0.8725489974021912, "energy_consumption": 16.229820807747195, "selected": false, "client_name": "sta4"}
2026-06-12 15:37:52,839 - METRIC - INFO - {"loss": 0.4458010494709015, "accuracy": 0.8816526532173157, "energy_consumption": 16.215168842226877, "selected": false, "client_name": "sta8"}
2026-06-12 15:37:52,984 - METRIC - INFO - {"loss": 0.42958295345306396, "accuracy": 0.8767507076263428, "energy_consumption": 16.52083164901797, "selected": false, "client_name": "sta2"}
2026-06-12 15:37:53,218 - METRIC - INFO - {"loss": 0.4121554493904114, "accuracy": 0.8893557190895081, "energy_consumption": 16.400173059474533, "selected": false, "client_name": "sta10"}
2026-06-12 15:37:53,443 - METRIC - INFO - {"loss": 0.43366819620132446, "accuracy": 0.8753501176834106, "energy_consumption": 16.414337767290107, "selected": false, "client_name": "sta6"}
2026-06-12 15:37:55,175 - METRIC - INFO - {"loss": 0.45932167768478394, "accuracy": 0.8606442809104919, "energy_consumption": 16.562178681584445, "selected": false, "client_name": "sta0"}
2026-06-12 15:37:55,371 - METRIC - INFO - mean_accuracy: 0.8728641480207443

2026-06-12 15:37:55,371 - METRIC - INFO - round: 7
2026-06-12 15:37:55,371 - METRIC - INFO - n_selected: 20
2026-06-12 15:37:55,371 - METRIC - INFO - {"selected_trainers": ["sta0", "sta1", "sta10", "sta11", "sta12", "sta13", "sta14", "sta15", "sta16", "sta17", "sta18", "sta19", "sta2", "sta3", "sta4", "sta5", "sta6", "sta7", "sta8", "sta9"]}
2026-06-12 15:38:06,148 - EXECUT - INFO - received weights from trainer sta2!
2026-06-12 15:38:06,981 - EXECUT - INFO - received weights from trainer sta7!
2026-06-12 15:38:09,125 - EXECUT - INFO - received weights from trainer sta4!
2026-06-12 15:38:10,801 - EXECUT - INFO - received weights from trainer sta1!
2026-06-12 15:38:11,445 - EXECUT - INFO - received weights from trainer sta5!
2026-06-12 15:38:12,554 - EXECUT - INFO - received weights from trainer sta6!
2026-06-12 15:38:13,657 - EXECUT - INFO - received weights from trainer sta0!
2026-06-12 15:38:15,608 - EXECUT - INFO - received weights from trainer sta3!
2026-06-12 15:38:17,594 - EXECUT - INFO - received weights from trainer sta10!
2026-06-12 15:38:19,159 - EXECUT - INFO - received weights from trainer sta8!
2026-06-12 15:38:20,276 - EXECUT - INFO - received weights from trainer sta9!
2026-06-12 15:38:22,171 - EXECUT - INFO - received weights from trainer sta14!
2026-06-12 15:38:24,252 - EXECUT - INFO - received weights from trainer sta19!
2026-06-12 15:38:26,991 - EXECUT - INFO - received weights from trainer sta11!
2026-06-12 15:38:28,198 - EXECUT - INFO - received weights from trainer sta17!
2026-06-12 15:38:28,963 - EXECUT - INFO - received weights from trainer sta12!
2026-06-12 15:38:29,531 - EXECUT - INFO - received weights from trainer sta13!
2026-06-12 15:38:30,209 - EXECUT - INFO - received weights from trainer sta18!
2026-06-12 15:38:31,542 - EXECUT - INFO - received weights from trainer sta16!
2026-06-12 15:38:32,217 - EXECUT - INFO - received weights from trainer sta15!
2026-06-12 15:38:33,653 - EXECUT - INFO - sent aggregated weights to trainers!
2026-06-12 15:41:32,314 - METRIC - INFO - {"loss": 0.32787373661994934, "accuracy": 0.894957959651947, "energy_consumption": 19.02808949370218, "selected": false, "client_name": "sta17"}
2026-06-12 15:41:34,447 - METRIC - INFO - {"loss": 0.36164578795433044, "accuracy": 0.8907563090324402, "energy_consumption": 19.234907030770373, "selected": false, "client_name": "sta16"}
2026-06-12 15:41:38,235 - METRIC - INFO - {"loss": 0.32253313064575195, "accuracy": 0.8977590799331665, "energy_consumption": 19.232659481964234, "selected": false, "client_name": "sta18"}
2026-06-12 15:41:38,950 - METRIC - INFO - {"loss": 0.3334465026855469, "accuracy": 0.906862735748291, "energy_consumption": 19.28218984853524, "selected": false, "client_name": "sta14"}
2026-06-12 15:41:39,734 - METRIC - INFO - {"loss": 0.3420761823654175, "accuracy": 0.9047619104385376, "energy_consumption": 19.323463611871823, "selected": false, "client_name": "sta19"}
2026-06-12 15:41:40,683 - METRIC - INFO - {"loss": 0.35155189037323, "accuracy": 0.9019607901573181, "energy_consumption": 19.339400756625214, "selected": false, "client_name": "sta13"}
2026-06-12 15:41:42,900 - METRIC - INFO - {"loss": 0.37119385600090027, "accuracy": 0.8858543634414673, "energy_consumption": 18.994237647112705, "selected": false, "client_name": "sta15"}
2026-06-12 15:41:44,123 - METRIC - INFO - {"loss": 0.342911034822464, "accuracy": 0.8914566040039062, "energy_consumption": 19.470664052255465, "selected": false, "client_name": "sta5"}
2026-06-12 15:41:44,291 - METRIC - INFO - {"loss": 0.3498345911502838, "accuracy": 0.8977590799331665, "energy_consumption": 19.206414991910673, "selected": false, "client_name": "sta4"}
2026-06-12 15:41:45,270 - METRIC - INFO - {"loss": 0.3625270426273346, "accuracy": 0.8900560140609741, "energy_consumption": 19.426346536899995, "selected": false, "client_name": "sta6"}
2026-06-12 15:41:45,632 - METRIC - INFO - {"loss": 0.3757123351097107, "accuracy": 0.8872548937797546, "energy_consumption": 19.274540025284672, "selected": false, "client_name": "sta12"}
2026-06-12 15:41:45,661 - METRIC - INFO - {"loss": 0.37031301856040955, "accuracy": 0.8858543634414673, "energy_consumption": 19.419250410239957, "selected": false, "client_name": "sta7"}
2026-06-12 15:41:45,950 - METRIC - INFO - {"loss": 0.33725041151046753, "accuracy": 0.906162440776825, "energy_consumption": 19.54105519256159, "selected": false, "client_name": "sta10"}
2026-06-12 15:41:46,425 - METRIC - INFO - {"loss": 0.3779154419898987, "accuracy": 0.8998599648475647, "energy_consumption": 19.44154777526227, "selected": false, "client_name": "sta11"}
2026-06-12 15:41:46,890 - METRIC - INFO - {"loss": 0.371279776096344, "accuracy": 0.8816526532173157, "energy_consumption": 19.33293670781409, "selected": false, "client_name": "sta9"}
2026-06-12 15:41:46,964 - METRIC - INFO - {"loss": 0.33649513125419617, "accuracy": 0.8998599648475647, "energy_consumption": 19.538806898251295, "selected": false, "client_name": "sta1"}
2026-06-12 15:41:47,134 - METRIC - INFO - {"loss": 0.350924551486969, "accuracy": 0.8935574293136597, "energy_consumption": 19.70403831845589, "selected": false, "client_name": "sta3"}
2026-06-12 15:41:47,283 - METRIC - INFO - {"loss": 0.3835850954055786, "accuracy": 0.8788515329360962, "energy_consumption": 19.67572867537543, "selected": false, "client_name": "sta0"}
2026-06-12 15:41:47,349 - METRIC - INFO - {"loss": 0.3560431897640228, "accuracy": 0.9089635610580444, "energy_consumption": 19.27796213576615, "selected": false, "client_name": "sta8"}
2026-06-12 15:41:47,462 - METRIC - INFO - {"loss": 0.3499680161476135, "accuracy": 0.8970588445663452, "energy_consumption": 19.617926708061002, "selected": false, "client_name": "sta2"}
2026-06-12 15:41:47,850 - METRIC - INFO - mean_accuracy: 0.8950630247592926

2026-06-12 15:41:47,850 - METRIC - INFO - round: 8
2026-06-12 15:41:47,850 - METRIC - INFO - n_selected: 20
2026-06-12 15:41:47,850 - METRIC - INFO - {"selected_trainers": ["sta0", "sta1", "sta10", "sta11", "sta12", "sta13", "sta14", "sta15", "sta16", "sta17", "sta18", "sta19", "sta2", "sta3", "sta4", "sta5", "sta6", "sta7", "sta8", "sta9"]}
2026-06-12 15:42:01,432 - EXECUT - INFO - received weights from trainer sta7!
2026-06-12 15:42:02,709 - EXECUT - INFO - received weights from trainer sta0!
2026-06-12 15:42:04,000 - EXECUT - INFO - received weights from trainer sta3!
2026-06-12 15:42:04,652 - EXECUT - INFO - received weights from trainer sta6!
2026-06-12 15:42:06,781 - EXECUT - INFO - received weights from trainer sta1!
2026-06-12 15:42:07,238 - EXECUT - INFO - received weights from trainer sta2!
2026-06-12 15:42:08,325 - EXECUT - INFO - received weights from trainer sta4!
2026-06-12 15:42:10,479 - EXECUT - INFO - received weights from trainer sta5!
2026-06-12 15:42:12,211 - EXECUT - INFO - received weights from trainer sta11!
2026-06-12 15:42:14,700 - EXECUT - INFO - received weights from trainer sta17!
2026-06-12 15:42:16,016 - EXECUT - INFO - received weights from trainer sta9!
2026-06-12 15:42:18,252 - EXECUT - INFO - received weights from trainer sta13!
2026-06-12 15:42:19,909 - EXECUT - INFO - received weights from trainer sta10!
2026-06-12 15:42:21,726 - EXECUT - INFO - received weights from trainer sta12!
2026-06-12 15:42:22,896 - EXECUT - INFO - received weights from trainer sta8!
2026-06-12 15:42:23,735 - EXECUT - INFO - received weights from trainer sta18!
2026-06-12 15:42:25,451 - EXECUT - INFO - received weights from trainer sta19!
2026-06-12 15:42:27,936 - EXECUT - INFO - received weights from trainer sta16!
2026-06-12 15:42:28,728 - EXECUT - INFO - received weights from trainer sta15!
2026-06-12 15:42:30,338 - EXECUT - INFO - received weights from trainer sta14!
2026-06-12 15:42:31,224 - EXECUT - INFO - sent aggregated weights to trainers!
2026-06-12 15:45:20,432 - METRIC - INFO - {"loss": 0.2710227072238922, "accuracy": 0.9173669219017029, "energy_consumption": 22.308050018697003, "selected": false, "client_name": "sta17"}
2026-06-12 15:45:25,603 - METRIC - INFO - {"loss": 0.28595760464668274, "accuracy": 0.9159663915634155, "energy_consumption": 22.56717556592943, "selected": false, "client_name": "sta19"}
2026-06-12 15:45:27,035 - METRIC - INFO - {"loss": 0.2959781289100647, "accuracy": 0.9166666865348816, "energy_consumption": 22.63771255959443, "selected": false, "client_name": "sta13"}
2026-06-12 15:45:27,416 - METRIC - INFO - {"loss": 0.30298158526420593, "accuracy": 0.9089635610580444, "energy_consumption": 22.675050140438408, "selected": false, "client_name": "sta16"}
2026-06-12 15:45:28,035 - METRIC - INFO - {"loss": 0.31829509139060974, "accuracy": 0.8998599648475647, "energy_consumption": 22.328706959831763, "selected": false, "client_name": "sta15"}
2026-06-12 15:45:28,516 - METRIC - INFO - {"loss": 0.28253236413002014, "accuracy": 0.924369752407074, "energy_consumption": 22.686921375437812, "selected": false, "client_name": "sta14"}
2026-06-12 15:45:30,940 - METRIC - INFO - {"loss": 0.2726493775844574, "accuracy": 0.9166666865348816, "energy_consumption": 22.533285449066614, "selected": false, "client_name": "sta18"}
2026-06-12 15:45:32,894 - METRIC - INFO - {"loss": 0.2899751663208008, "accuracy": 0.9152660965919495, "energy_consumption": 22.738271579658907, "selected": false, "client_name": "sta5"}
2026-06-12 15:45:34,889 - METRIC - INFO - {"loss": 0.32835301756858826, "accuracy": 0.9082633256912231, "energy_consumption": 22.600643509667165, "selected": false, "client_name": "sta12"}
2026-06-12 15:45:36,169 - METRIC - INFO - {"loss": 0.3210879862308502, "accuracy": 0.913165271282196, "energy_consumption": 22.81545029214913, "selected": false, "client_name": "sta11"}
2026-06-12 15:45:36,198 - METRIC - INFO - {"loss": 0.31390467286109924, "accuracy": 0.9026610851287842, "energy_consumption": 22.6996721654659, "selected": false, "client_name": "sta9"}
2026-06-12 15:45:36,348 - METRIC - INFO - {"loss": 0.31924179196357727, "accuracy": 0.9040616154670715, "energy_consumption": 22.798275546905835, "selected": false, "client_name": "sta7"}
2026-06-12 15:45:36,786 - METRIC - INFO - {"loss": 0.28338488936424255, "accuracy": 0.9215686321258545, "energy_consumption": 22.91903698423229, "selected": false, "client_name": "sta10"}
2026-06-12 15:45:36,835 - METRIC - INFO - {"loss": 0.29664376378059387, "accuracy": 0.9145658016204834, "energy_consumption": 22.627434672040742, "selected": false, "client_name": "sta4"}
2026-06-12 15:45:37,135 - METRIC - INFO - {"loss": 0.29456502199172974, "accuracy": 0.9110644459724426, "energy_consumption": 22.871435821884596, "selected": false, "client_name": "sta2"}
2026-06-12 15:45:37,272 - METRIC - INFO - {"loss": 0.2841932475566864, "accuracy": 0.91246497631073, "energy_consumption": 22.73685731852626, "selected": false, "client_name": "sta1"}
2026-06-12 15:45:37,485 - METRIC - INFO - {"loss": 0.3143903315067291, "accuracy": 0.906862735748291, "energy_consumption": 22.844983460155827, "selected": false, "client_name": "sta6"}
2026-06-12 15:45:37,594 - METRIC - INFO - {"loss": 0.2965664565563202, "accuracy": 0.913165271282196, "energy_consumption": 22.950195917193973, "selected": false, "client_name": "sta3"}
2026-06-12 15:45:37,711 - METRIC - INFO - {"loss": 0.2999781370162964, "accuracy": 0.9215686321258545, "energy_consumption": 22.600777218779164, "selected": false, "client_name": "sta8"}
2026-06-12 15:45:38,230 - METRIC - INFO - {"loss": 0.3282574713230133, "accuracy": 0.8970588445663452, "energy_consumption": 22.98976354736585, "selected": false, "client_name": "sta0"}
2026-06-12 15:45:38,413 - METRIC - INFO - mean_accuracy: 0.9120798349380493

2026-06-12 15:45:38,414 - METRIC - INFO - round: 9
2026-06-12 15:45:38,414 - METRIC - INFO - n_selected: 20
2026-06-12 15:45:38,414 - METRIC - INFO - {"selected_trainers": ["sta0", "sta1", "sta10", "sta11", "sta12", "sta13", "sta14", "sta15", "sta16", "sta17", "sta18", "sta19", "sta2", "sta3", "sta4", "sta5", "sta6", "sta7", "sta8", "sta9"]}
2026-06-12 15:45:50,596 - EXECUT - INFO - received weights from trainer sta4!
2026-06-12 15:45:52,269 - EXECUT - INFO - received weights from trainer sta1!
2026-06-12 15:45:54,134 - EXECUT - INFO - received weights from trainer sta0!
2026-06-12 15:45:55,010 - EXECUT - INFO - received weights from trainer sta2!
2026-06-12 15:45:56,641 - EXECUT - INFO - received weights from trainer sta6!
2026-06-12 15:45:58,135 - EXECUT - INFO - received weights from trainer sta3!
2026-06-12 15:45:59,445 - EXECUT - INFO - received weights from trainer sta7!
2026-06-12 15:46:01,361 - EXECUT - INFO - received weights from trainer sta5!
2026-06-12 15:46:02,441 - EXECUT - INFO - received weights from trainer sta17!
2026-06-12 15:46:03,525 - EXECUT - INFO - received weights from trainer sta8!
2026-06-12 15:46:04,822 - EXECUT - INFO - received weights from trainer sta14!
2026-06-12 15:46:06,309 - EXECUT - INFO - received weights from trainer sta12!
2026-06-12 15:46:07,604 - EXECUT - INFO - received weights from trainer sta11!
2026-06-12 15:46:08,895 - EXECUT - INFO - received weights from trainer sta10!
2026-06-12 15:46:09,335 - EXECUT - INFO - received weights from trainer sta18!
2026-06-12 15:46:10,410 - EXECUT - INFO - received weights from trainer sta19!
2026-06-12 15:46:12,689 - EXECUT - INFO - received weights from trainer sta15!
2026-06-12 15:46:14,504 - EXECUT - INFO - received weights from trainer sta13!
2026-06-12 15:46:16,548 - EXECUT - INFO - received weights from trainer sta16!
2026-06-12 15:46:17,626 - EXECUT - INFO - received weights from trainer sta9!
2026-06-12 15:46:18,605 - EXECUT - INFO - sent aggregated weights to trainers!
2026-06-12 15:49:03,749 - METRIC - INFO - {"loss": 0.23589251935482025, "accuracy": 0.9257702827453613, "energy_consumption": 25.569836171152563, "selected": false, "client_name": "sta18"}
2026-06-12 15:49:09,308 - METRIC - INFO - {"loss": 0.25820475816726685, "accuracy": 0.9229691624641418, "energy_consumption": 26.011757699851973, "selected": false, "client_name": "sta16"}
2026-06-12 15:49:10,600 - METRIC - INFO - {"loss": 0.24598702788352966, "accuracy": 0.9271708726882935, "energy_consumption": 25.991153924767715, "selected": false, "client_name": "sta19"}
2026-06-12 15:49:12,069 - METRIC - INFO - {"loss": 0.24358701705932617, "accuracy": 0.9348739385604858, "energy_consumption": 25.90934703342994, "selected": false, "client_name": "sta14"}
2026-06-12 15:49:16,779 - METRIC - INFO - {"loss": 0.2546519637107849, "accuracy": 0.9278711676597595, "energy_consumption": 26.101296628130534, "selected": false, "client_name": "sta13"}
2026-06-12 15:49:18,148 - METRIC - INFO - {"loss": 0.23181138932704926, "accuracy": 0.936274528503418, "energy_consumption": 25.705189782658156, "selected": false, "client_name": "sta17"}
2026-06-12 15:49:18,967 - METRIC - INFO - {"loss": 0.2557304799556732, "accuracy": 0.9313725233078003, "energy_consumption": 26.2773208726212, "selected": false, "client_name": "sta3"}
2026-06-12 15:49:19,250 - METRIC - INFO - {"loss": 0.2768385410308838, "accuracy": 0.9229691624641418, "energy_consumption": 26.045290462712725, "selected": false, "client_name": "sta11"}
2026-06-12 15:49:20,425 - METRIC - INFO - {"loss": 0.28786370158195496, "accuracy": 0.9201680421829224, "energy_consumption": 25.962211630006777, "selected": false, "client_name": "sta12"}
2026-06-12 15:49:20,690 - METRIC - INFO - {"loss": 0.24099081754684448, "accuracy": 0.9215686321258545, "energy_consumption": 26.095442436693535, "selected": false, "client_name": "sta1"}
2026-06-12 15:49:21,682 - METRIC - INFO - {"loss": 0.2818094789981842, "accuracy": 0.906862735748291, "energy_consumption": 25.78868976640137, "selected": false, "client_name": "sta15"}
2026-06-12 15:49:21,733 - METRIC - INFO - {"loss": 0.280704140663147, "accuracy": 0.918067216873169, "energy_consumption": 26.19991170556114, "selected": false, "client_name": "sta6"}
2026-06-12 15:49:21,863 - METRIC - INFO - {"loss": 0.25282222032546997, "accuracy": 0.92507004737854, "energy_consumption": 26.17461972344348, "selected": false, "client_name": "sta2"}
2026-06-12 15:49:22,299 - METRIC - INFO - {"loss": 0.25000855326652527, "accuracy": 0.9292716979980469, "energy_consumption": 26.239042858147464, "selected": false, "client_name": "sta5"}
2026-06-12 15:49:22,480 - METRIC - INFO - {"loss": 0.24443930387496948, "accuracy": 0.9292716979980469, "energy_consumption": 26.320392947771396, "selected": false, "client_name": "sta10"}
2026-06-12 15:49:22,577 - METRIC - INFO - {"loss": 0.2577953338623047, "accuracy": 0.930672287940979, "energy_consumption": 25.992989392572284, "selected": false, "client_name": "sta8"}
2026-06-12 15:49:23,141 - METRIC - INFO - {"loss": 0.2871250510215759, "accuracy": 0.9145658016204834, "energy_consumption": 26.313024650099717, "selected": false, "client_name": "sta0"}
2026-06-12 15:49:23,171 - METRIC - INFO - {"loss": 0.27460604906082153, "accuracy": 0.9166666865348816, "energy_consumption": 26.237548653217857, "selected": false, "client_name": "sta7"}
2026-06-12 15:49:23,293 - METRIC - INFO - {"loss": 0.2675129771232605, "accuracy": 0.9159663915634155, "energy_consumption": 26.1567436050242, "selected": false, "client_name": "sta9"}
2026-06-12 15:49:23,622 - METRIC - INFO - {"loss": 0.25808456540107727, "accuracy": 0.9229691624641418, "energy_consumption": 26.026706574723573, "selected": false, "client_name": "sta4"}
2026-06-12 15:49:23,796 - METRIC - INFO - mean_accuracy: 0.9240196019411087

2026-06-12 15:49:23,797 - METRIC - INFO - round: 10
2026-06-12 15:49:23,797 - METRIC - INFO - n_selected: 20
2026-06-12 15:49:23,797 - METRIC - INFO - {"selected_trainers": ["sta0", "sta1", "sta10", "sta11", "sta12", "sta13", "sta14", "sta15", "sta16", "sta17", "sta18", "sta19", "sta2", "sta3", "sta4", "sta5", "sta6", "sta7", "sta8", "sta9"]}
2026-06-12 15:49:35,578 - EXECUT - INFO - received weights from trainer sta6!
2026-06-12 15:49:36,821 - EXECUT - INFO - received weights from trainer sta4!
2026-06-12 15:49:38,917 - EXECUT - INFO - received weights from trainer sta7!
2026-06-12 15:49:41,132 - EXECUT - INFO - received weights from trainer sta0!
2026-06-12 15:49:41,952 - EXECUT - INFO - received weights from trainer sta1!
2026-06-12 15:49:42,342 - EXECUT - INFO - received weights from trainer sta2!
2026-06-12 15:49:43,385 - EXECUT - INFO - received weights from trainer sta5!
2026-06-12 15:49:43,775 - EXECUT - INFO - received weights from trainer sta3!
2026-06-12 15:49:44,167 - EXECUT - INFO - received weights from trainer sta18!
2026-06-12 15:49:46,295 - EXECUT - INFO - received weights from trainer sta14!
2026-06-12 15:49:47,332 - EXECUT - INFO - received weights from trainer sta19!
2026-06-12 15:49:50,053 - EXECUT - INFO - received weights from trainer sta16!
2026-06-12 15:49:52,327 - EXECUT - INFO - received weights from trainer sta13!
2026-06-12 15:49:53,355 - EXECUT - INFO - received weights from trainer sta9!
2026-06-12 15:49:54,177 - EXECUT - INFO - received weights from trainer sta15!
2026-06-12 15:49:54,769 - EXECUT - INFO - received weights from trainer sta8!
2026-06-12 15:49:55,582 - EXECUT - INFO - received weights from trainer sta12!
2026-06-12 15:49:55,977 - EXECUT - INFO - received weights from trainer sta11!
2026-06-12 15:49:56,368 - EXECUT - INFO - received weights from trainer sta10!
2026-06-12 15:49:59,124 - EXECUT - INFO - received weights from trainer sta17!
2026-06-12 15:49:59,981 - EXECUT - INFO - sent aggregated weights to trainers!
2026-06-12 15:52:16,624 - METRIC - INFO - {"loss": 0.21285049617290497, "accuracy": 0.9397758841514587, "energy_consumption": 29.009619979606214, "selected": false, "client_name": "sta14"}
2026-06-12 15:52:28,918 - METRIC - INFO - {"loss": 0.20177951455116272, "accuracy": 0.9397758841514587, "energy_consumption": 29.072555078467232, "selected": false, "client_name": "sta18"}
2026-06-12 15:52:33,107 - METRIC - INFO - {"loss": 0.22318759560585022, "accuracy": 0.9320728182792664, "energy_consumption": 29.538932526237133, "selected": false, "client_name": "sta16"}
2026-06-12 15:52:33,816 - METRIC - INFO - {"loss": 0.21491354703903198, "accuracy": 0.9348739385604858, "energy_consumption": 29.511340441243885, "selected": false, "client_name": "sta19"}
2026-06-12 15:52:34,944 - METRIC - INFO - {"loss": 0.24719709157943726, "accuracy": 0.9222689270973206, "energy_consumption": 29.07186679055837, "selected": false, "client_name": "sta15"}
2026-06-12 15:52:35,341 - METRIC - INFO - {"loss": 0.2014400213956833, "accuracy": 0.9453781247138977, "energy_consumption": 29.15605548980238, "selected": false, "client_name": "sta17"}
2026-06-12 15:52:39,268 - METRIC - INFO - {"loss": 0.2574717104434967, "accuracy": 0.9271708726882935, "energy_consumption": 29.33545755165415, "selected": false, "client_name": "sta12"}
2026-06-12 15:52:41,242 - METRIC - INFO - {"loss": 0.23298709094524384, "accuracy": 0.92507004737854, "energy_consumption": 29.479492346114675, "selected": false, "client_name": "sta9"}
2026-06-12 15:52:41,697 - METRIC - INFO - {"loss": 0.2218891829252243, "accuracy": 0.936274528503418, "energy_consumption": 29.69764620066671, "selected": false, "client_name": "sta13"}
2026-06-12 15:52:42,196 - METRIC - INFO - {"loss": 0.2262507826089859, "accuracy": 0.9292716979980469, "energy_consumption": 29.3686494013434, "selected": false, "client_name": "sta4"}
2026-06-12 15:52:42,243 - METRIC - INFO - {"loss": 0.24199946224689484, "accuracy": 0.92507004737854, "energy_consumption": 29.53925889492447, "selected": false, "client_name": "sta7"}
2026-06-12 15:52:42,447 - METRIC - INFO - {"loss": 0.24865283071994781, "accuracy": 0.9208683371543884, "energy_consumption": 29.518233431531296, "selected": false, "client_name": "sta6"}
2026-06-12 15:52:42,623 - METRIC - INFO - {"loss": 0.24185408651828766, "accuracy": 0.9299719929695129, "energy_consumption": 29.641822896769565, "selected": false, "client_name": "sta11"}
2026-06-12 15:52:42,724 - METRIC - INFO - {"loss": 0.22152996063232422, "accuracy": 0.936274528503418, "energy_consumption": 29.80885519116022, "selected": false, "client_name": "sta3"}
2026-06-12 15:52:42,865 - METRIC - INFO - {"loss": 0.22183719277381897, "accuracy": 0.9397758841514587, "energy_consumption": 29.65673756269644, "selected": false, "client_name": "sta5"}
2026-06-12 15:52:43,243 - METRIC - INFO - {"loss": 0.21866375207901, "accuracy": 0.9341736435890198, "energy_consumption": 29.674282764694055, "selected": false, "client_name": "sta2"}
2026-06-12 15:52:43,506 - METRIC - INFO - {"loss": 0.2517894208431244, "accuracy": 0.9257702827453613, "energy_consumption": 29.78470317550992, "selected": false, "client_name": "sta0"}
2026-06-12 15:52:44,484 - METRIC - INFO - {"loss": 0.21177589893341064, "accuracy": 0.9369747638702393, "energy_consumption": 29.772945207866613, "selected": false, "client_name": "sta10"}
2026-06-12 15:52:44,592 - METRIC - INFO - {"loss": 0.20967674255371094, "accuracy": 0.9369747638702393, "energy_consumption": 29.531857502590405, "selected": false, "client_name": "sta1"}
2026-06-12 15:52:44,715 - METRIC - INFO - {"loss": 0.22739842534065247, "accuracy": 0.9418767690658569, "energy_consumption": 29.475381353228432, "selected": false, "client_name": "sta8"}
2026-06-12 15:52:45,145 - METRIC - INFO - mean_accuracy: 0.932983186841011

2026-06-12 15:52:45,146 - METRIC - INFO - round: 11
2026-06-12 15:52:45,146 - METRIC - INFO - n_selected: 20
2026-06-12 15:52:45,146 - METRIC - INFO - {"selected_trainers": ["sta0", "sta1", "sta10", "sta11", "sta12", "sta13", "sta14", "sta15", "sta16", "sta17", "sta18", "sta19", "sta2", "sta3", "sta4", "sta5", "sta6", "sta7", "sta8", "sta9"]}
2026-06-12 15:52:57,466 - EXECUT - INFO - received weights from trainer sta3!
2026-06-12 15:52:59,741 - EXECUT - INFO - received weights from trainer sta0!
2026-06-12 15:53:01,399 - EXECUT - INFO - received weights from trainer sta2!
2026-06-12 15:53:02,202 - EXECUT - INFO - received weights from trainer sta7!
2026-06-12 15:53:02,566 - EXECUT - INFO - received weights from trainer sta5!
2026-06-12 15:53:03,360 - EXECUT - INFO - received weights from trainer sta1!
2026-06-12 15:53:04,366 - EXECUT - INFO - received weights from trainer sta6!
2026-06-12 15:53:05,160 - EXECUT - INFO - received weights from trainer sta4!
2026-06-12 15:53:07,983 - EXECUT - INFO - received weights from trainer sta10!
2026-06-12 15:53:09,403 - EXECUT - INFO - received weights from trainer sta18!
2026-06-12 15:53:11,825 - EXECUT - INFO - received weights from trainer sta12!
2026-06-12 15:53:13,880 - EXECUT - INFO - received weights from trainer sta14!
2026-06-12 15:53:14,676 - EXECUT - INFO - received weights from trainer sta15!
2026-06-12 15:53:15,685 - EXECUT - INFO - received weights from trainer sta13!
2026-06-12 15:53:16,482 - EXECUT - INFO - received weights from trainer sta9!
2026-06-12 15:53:17,676 - EXECUT - INFO - received weights from trainer sta17!
2026-06-12 15:53:18,476 - EXECUT - INFO - received weights from trainer sta16!
2026-06-12 15:53:19,273 - EXECUT - INFO - received weights from trainer sta19!
2026-06-12 15:53:20,078 - EXECUT - INFO - received weights from trainer sta11!
2026-06-12 15:53:20,874 - EXECUT - INFO - received weights from trainer sta8!
2026-06-12 15:53:22,379 - EXECUT - INFO - sent aggregated weights to trainers!
2026-06-12 15:55:39,774 - METRIC - INFO - {"loss": 0.18892556428909302, "accuracy": 0.9509803652763367, "energy_consumption": 32.87549960818752, "selected": false, "client_name": "sta14"}
2026-06-12 15:55:43,523 - METRIC - INFO - {"loss": 0.17758022248744965, "accuracy": 0.9495798349380493, "energy_consumption": 32.612866869215104, "selected": false, "client_name": "sta17"}
2026-06-12 15:55:45,646 - METRIC - INFO - {"loss": 0.21490414440631866, "accuracy": 0.9320728182792664, "energy_consumption": 32.65796002363128, "selected": false, "client_name": "sta15"}
2026-06-12 15:55:49,184 - METRIC - INFO - {"loss": 0.18870021402835846, "accuracy": 0.9418767690658569, "energy_consumption": 33.16938251139198, "selected": false, "client_name": "sta19"}
2026-06-12 15:55:49,628 - METRIC - INFO - {"loss": 0.19403411448001862, "accuracy": 0.9404761791229248, "energy_consumption": 33.20034351697281, "selected": false, "client_name": "sta16"}
2026-06-12 15:55:50,233 - METRIC - INFO - {"loss": 0.22910647094249725, "accuracy": 0.9383753538131714, "energy_consumption": 32.93425545522907, "selected": false, "client_name": "sta12"}
2026-06-12 15:55:50,720 - METRIC - INFO - {"loss": 0.1786763072013855, "accuracy": 0.9432772994041443, "energy_consumption": 32.7967848996165, "selected": false, "client_name": "sta18"}
2026-06-12 15:55:51,540 - METRIC - INFO - {"loss": 0.19187162816524506, "accuracy": 0.9467787146568298, "energy_consumption": 33.224672318841236, "selected": false, "client_name": "sta13"}
2026-06-12 15:55:52,592 - METRIC - INFO - {"loss": 0.18563857674598694, "accuracy": 0.9474790096282959, "energy_consumption": 33.37107996562073, "selected": false, "client_name": "sta10"}
2026-06-12 15:55:52,804 - METRIC - INFO - {"loss": 0.21771299839019775, "accuracy": 0.9285714030265808, "energy_consumption": 33.179535238493365, "selected": false, "client_name": "sta6"}
2026-06-12 15:55:53,347 - METRIC - INFO - {"loss": 0.21150054037570953, "accuracy": 0.9376750588417053, "energy_consumption": 33.18395026514379, "selected": false, "client_name": "sta11"}
2026-06-12 15:55:54,656 - METRIC - INFO - {"loss": 0.1990862339735031, "accuracy": 0.9376750588417053, "energy_consumption": 32.99591083499952, "selected": false, "client_name": "sta4"}
2026-06-12 15:55:55,034 - METRIC - INFO - {"loss": 0.2096223533153534, "accuracy": 0.9313725233078003, "energy_consumption": 33.09203515759486, "selected": false, "client_name": "sta7"}
2026-06-12 15:55:55,231 - METRIC - INFO - {"loss": 0.22133411467075348, "accuracy": 0.9327731132507324, "energy_consumption": 33.41447768461842, "selected": false, "client_name": "sta0"}
2026-06-12 15:55:55,844 - METRIC - INFO - {"loss": 0.19056621193885803, "accuracy": 0.9432772994041443, "energy_consumption": 33.29136648811682, "selected": false, "client_name": "sta2"}
2026-06-12 15:55:56,249 - METRIC - INFO - {"loss": 0.19284653663635254, "accuracy": 0.9446778893470764, "energy_consumption": 33.40060041236986, "selected": false, "client_name": "sta3"}
2026-06-12 15:55:56,358 - METRIC - INFO - {"loss": 0.17963340878486633, "accuracy": 0.9418767690658569, "energy_consumption": 33.04562801474005, "selected": false, "client_name": "sta1"}
2026-06-12 15:55:56,369 - METRIC - INFO - {"loss": 0.19156578183174133, "accuracy": 0.9474790096282959, "energy_consumption": 33.370983097766604, "selected": false, "client_name": "sta5"}
2026-06-12 15:55:57,701 - METRIC - INFO - {"loss": 0.2052319049835205, "accuracy": 0.930672287940979, "energy_consumption": 33.10264634591188, "selected": false, "client_name": "sta9"}
2026-06-12 15:55:57,956 - METRIC - INFO - {"loss": 0.1965290755033493, "accuracy": 0.9488795399665833, "energy_consumption": 33.10380498336401, "selected": false, "client_name": "sta8"}
2026-06-12 15:55:58,535 - METRIC - INFO - mean_accuracy: 0.9407913148403168

2026-06-12 15:55:58,536 - METRIC - INFO - round: 12
2026-06-12 15:55:58,536 - METRIC - INFO - n_selected: 20
2026-06-12 15:55:58,536 - METRIC - INFO - {"selected_trainers": ["sta0", "sta1", "sta10", "sta11", "sta12", "sta13", "sta14", "sta15", "sta16", "sta17", "sta18", "sta19", "sta2", "sta3", "sta4", "sta5", "sta6", "sta7", "sta8", "sta9"]}
2026-06-12 15:56:09,579 - EXECUT - INFO - received weights from trainer sta0!
2026-06-12 15:56:11,412 - EXECUT - INFO - received weights from trainer sta4!
2026-06-12 15:56:13,000 - EXECUT - INFO - received weights from trainer sta5!
2026-06-12 15:56:13,795 - EXECUT - INFO - received weights from trainer sta7!
2026-06-12 15:56:15,231 - EXECUT - INFO - received weights from trainer sta6!
2026-06-12 15:56:15,802 - EXECUT - INFO - received weights from trainer sta1!
2026-06-12 15:56:16,600 - EXECUT - INFO - received weights from trainer sta3!
2026-06-12 15:56:17,393 - EXECUT - INFO - received weights from trainer sta2!
2026-06-12 15:56:18,183 - EXECUT - INFO - received weights from trainer sta14!
2026-06-12 15:56:18,981 - EXECUT - INFO - received weights from trainer sta8!
2026-06-12 15:56:20,856 - EXECUT - INFO - received weights from trainer sta17!
2026-06-12 15:56:22,177 - EXECUT - INFO - received weights from trainer sta11!
2026-06-12 15:56:24,916 - EXECUT - INFO - received weights from trainer sta13!
2026-06-12 15:56:26,565 - EXECUT - INFO - received weights from trainer sta19!
2026-06-12 15:56:27,369 - EXECUT - INFO - received weights from trainer sta12!
2026-06-12 15:56:28,373 - EXECUT - INFO - received weights from trainer sta18!
2026-06-12 15:56:29,386 - EXECUT - INFO - received weights from trainer sta15!
2026-06-12 15:56:30,186 - EXECUT - INFO - received weights from trainer sta10!
2026-06-12 15:56:30,979 - EXECUT - INFO - received weights from trainer sta16!
2026-06-12 15:56:31,777 - EXECUT - INFO - received weights from trainer sta9!
2026-06-12 15:56:32,644 - EXECUT - INFO - sent aggregated weights to trainers!
2026-06-12 15:58:54,658 - METRIC - INFO - {"loss": 0.15589557588100433, "accuracy": 0.9509803652763367, "energy_consumption": 36.308694913142745, "selected": false, "client_name": "sta18"}
2026-06-12 15:58:54,745 - METRIC - INFO - {"loss": 0.15821489691734314, "accuracy": 0.9523809552192688, "energy_consumption": 36.09297742023435, "selected": false, "client_name": "sta17"}
2026-06-12 15:58:58,537 - METRIC - INFO - {"loss": 0.16707280278205872, "accuracy": 0.9453781247138977, "energy_consumption": 36.79198703011476, "selected": false, "client_name": "sta19"}
2026-06-12 15:59:00,969 - METRIC - INFO - {"loss": 0.1897629350423813, "accuracy": 0.9390756487846375, "energy_consumption": 36.25623111009409, "selected": false, "client_name": "sta15"}
2026-06-12 15:59:03,112 - METRIC - INFO - {"loss": 0.16759954392910004, "accuracy": 0.9544817805290222, "energy_consumption": 36.91892793712659, "selected": false, "client_name": "sta13"}
2026-06-12 15:59:04,511 - METRIC - INFO - {"loss": 0.1881030797958374, "accuracy": 0.9432772994041443, "energy_consumption": 36.74791744178495, "selected": false, "client_name": "sta11"}
2026-06-12 15:59:04,713 - METRIC - INFO - {"loss": 0.2044200301170349, "accuracy": 0.9439775943756104, "energy_consumption": 36.51562601481503, "selected": false, "client_name": "sta12"}
2026-06-12 15:59:05,184 - METRIC - INFO - {"loss": 0.16890490055084229, "accuracy": 0.9530812501907349, "energy_consumption": 36.79279444132291, "selected": false, "client_name": "sta14"}
2026-06-12 15:59:05,886 - METRIC - INFO - {"loss": 0.17095355689525604, "accuracy": 0.9502801299095154, "energy_consumption": 36.88701773148651, "selected": false, "client_name": "sta16"}
2026-06-12 15:59:06,565 - METRIC - INFO - {"loss": 0.16838961839675903, "accuracy": 0.9502801299095154, "energy_consumption": 36.82691631937482, "selected": false, "client_name": "sta2"}
2026-06-12 15:59:06,669 - METRIC - INFO - {"loss": 0.17186006903648376, "accuracy": 0.9495798349380493, "energy_consumption": 36.82664219161339, "selected": false, "client_name": "sta5"}
2026-06-12 15:59:07,056 - METRIC - INFO - {"loss": 0.1728164553642273, "accuracy": 0.9544817805290222, "energy_consumption": 36.63307597352376, "selected": false, "client_name": "sta8"}
2026-06-12 15:59:07,083 - METRIC - INFO - {"loss": 0.1597515493631363, "accuracy": 0.9537814855575562, "energy_consumption": 37.02780088635737, "selected": false, "client_name": "sta10"}
2026-06-12 15:59:07,573 - METRIC - INFO - {"loss": 0.1962720900774002, "accuracy": 0.9348739385604858, "energy_consumption": 36.79395473986637, "selected": false, "client_name": "sta6"}
2026-06-12 15:59:08,158 - METRIC - INFO - {"loss": 0.18400126695632935, "accuracy": 0.9383753538131714, "energy_consumption": 36.806779600263155, "selected": false, "client_name": "sta7"}
2026-06-12 15:59:08,202 - METRIC - INFO - {"loss": 0.19898271560668945, "accuracy": 0.9397758841514587, "energy_consumption": 37.0916796567842, "selected": false, "client_name": "sta0"}
2026-06-12 15:59:08,335 - METRIC - INFO - {"loss": 0.16947561502456665, "accuracy": 0.9523809552192688, "energy_consumption": 36.956737520657356, "selected": false, "client_name": "sta3"}
2026-06-12 15:59:09,318 - METRIC - INFO - {"loss": 0.179561048746109, "accuracy": 0.9390756487846375, "energy_consumption": 36.76539460261913, "selected": false, "client_name": "sta4"}
2026-06-12 15:59:09,322 - METRIC - INFO - {"loss": 0.18025028705596924, "accuracy": 0.9376750588417053, "energy_consumption": 36.77355728981438, "selected": false, "client_name": "sta9"}
2026-06-12 15:59:10,281 - METRIC - INFO - {"loss": 0.1558101922273636, "accuracy": 0.9509803652763367, "energy_consumption": 36.691378156645115, "selected": false, "client_name": "sta1"}
2026-06-12 15:59:10,804 - METRIC - INFO - mean_accuracy: 0.9467086791992188

2026-06-12 15:59:10,805 - METRIC - INFO - round: 13
2026-06-12 15:59:10,805 - METRIC - INFO - n_selected: 20
2026-06-12 15:59:10,805 - METRIC - INFO - {"selected_trainers": ["sta0", "sta1", "sta10", "sta11", "sta12", "sta13", "sta14", "sta15", "sta16", "sta17", "sta18", "sta19", "sta2", "sta3", "sta4", "sta5", "sta6", "sta7", "sta8", "sta9"]}
2026-06-12 15:59:22,797 - EXECUT - INFO - received weights from trainer sta5!
2026-06-12 15:59:24,174 - EXECUT - INFO - received weights from trainer sta6!
2026-06-12 15:59:24,516 - EXECUT - INFO - received weights from trainer sta1!
2026-06-12 15:59:25,490 - EXECUT - INFO - received weights from trainer sta0!
2026-06-12 15:59:26,254 - EXECUT - INFO - received weights from trainer sta2!
2026-06-12 15:59:26,795 - EXECUT - INFO - received weights from trainer sta7!
2026-06-12 15:59:27,558 - EXECUT - INFO - received weights from trainer sta3!
2026-06-12 15:59:27,897 - EXECUT - INFO - received weights from trainer sta4!
2026-06-12 15:59:28,228 - EXECUT - INFO - received weights from trainer sta18!
2026-06-12 15:59:28,988 - EXECUT - INFO - received weights from trainer sta16!
2026-06-12 15:59:33,158 - EXECUT - INFO - received weights from trainer sta8!
2026-06-12 15:59:35,338 - EXECUT - INFO - received weights from trainer sta17!
2026-06-12 15:59:36,099 - EXECUT - INFO - received weights from trainer sta12!
2026-06-12 15:59:36,440 - EXECUT - INFO - received weights from trainer sta15!
2026-06-12 15:59:36,779 - EXECUT - INFO - received weights from trainer sta9!
2026-06-12 15:59:37,276 - EXECUT - INFO - received weights from trainer sta10!
2026-06-12 15:59:40,578 - EXECUT - INFO - received weights from trainer sta19!
2026-06-12 15:59:41,316 - EXECUT - INFO - received weights from trainer sta11!
2026-06-12 15:59:41,659 - EXECUT - INFO - received weights from trainer sta13!
2026-06-12 15:59:41,997 - EXECUT - INFO - received weights from trainer sta14!
2026-06-12 15:59:42,891 - EXECUT - INFO - sent aggregated weights to trainers!
2026-06-12 16:01:47,490 - METRIC - INFO - {"loss": 0.13854661583900452, "accuracy": 0.9530812501907349, "energy_consumption": 39.84803255725929, "selected": false, "client_name": "sta18"}
2026-06-12 16:01:52,774 - METRIC - INFO - {"loss": 0.14975672960281372, "accuracy": 0.9530812501907349, "energy_consumption": 40.38702750370226, "selected": false, "client_name": "sta19"}
2026-06-12 16:01:54,609 - METRIC - INFO - {"loss": 0.1821521520614624, "accuracy": 0.9495798349380493, "energy_consumption": 40.149931984335744, "selected": false, "client_name": "sta12"}
2026-06-12 16:01:55,128 - METRIC - INFO - {"loss": 0.15311342477798462, "accuracy": 0.9537814855575562, "energy_consumption": 40.38622852193668, "selected": false, "client_name": "sta16"}
2026-06-12 16:01:55,804 - METRIC - INFO - {"loss": 0.15420356392860413, "accuracy": 0.9586834907531738, "energy_consumption": 40.36009319658198, "selected": false, "client_name": "sta14"}
2026-06-12 16:01:56,215 - METRIC - INFO - {"loss": 0.14232531189918518, "accuracy": 0.9579831957817078, "energy_consumption": 39.90914437230172, "selected": false, "client_name": "sta17"}
2026-06-12 16:01:57,050 - METRIC - INFO - {"loss": 0.14806827902793884, "accuracy": 0.9586834907531738, "energy_consumption": 40.533904102800726, "selected": false, "client_name": "sta13"}
2026-06-12 16:01:59,019 - METRIC - INFO - {"loss": 0.1677417755126953, "accuracy": 0.9460784196853638, "energy_consumption": 40.04909432215632, "selected": false, "client_name": "sta15"}
2026-06-12 16:02:00,452 - METRIC - INFO - {"loss": 0.1557602882385254, "accuracy": 0.9579831957817078, "energy_consumption": 40.5089428829173, "selected": false, "client_name": "sta8"}
2026-06-12 16:02:00,827 - METRIC - INFO - {"loss": 0.1532168686389923, "accuracy": 0.9530812501907349, "energy_consumption": 40.493864299859034, "selected": false, "client_name": "sta5"}
2026-06-12 16:02:01,500 - METRIC - INFO - {"loss": 0.17790496349334717, "accuracy": 0.9453781247138977, "energy_consumption": 40.72568876623003, "selected": false, "client_name": "sta0"}
2026-06-12 16:02:01,761 - METRIC - INFO - {"loss": 0.15241433680057526, "accuracy": 0.9565826058387756, "energy_consumption": 40.598590685005036, "selected": false, "client_name": "sta3"}
2026-06-12 16:02:02,942 - METRIC - INFO - {"loss": 0.1679510474205017, "accuracy": 0.9495798349380493, "energy_consumption": 40.65613565366867, "selected": false, "client_name": "sta11"}
2026-06-12 16:02:02,990 - METRIC - INFO - {"loss": 0.16131801903247833, "accuracy": 0.9446778893470764, "energy_consumption": 40.36782004837444, "selected": false, "client_name": "sta4"}
2026-06-12 16:02:02,994 - METRIC - INFO - {"loss": 0.17472587525844574, "accuracy": 0.936274528503418, "energy_consumption": 40.55005158463855, "selected": false, "client_name": "sta6"}
2026-06-12 16:02:03,096 - METRIC - INFO - {"loss": 0.16336782276630402, "accuracy": 0.9474790096282959, "energy_consumption": 40.5094117986764, "selected": false, "client_name": "sta7"}
2026-06-12 16:02:04,345 - METRIC - INFO - {"loss": 0.14853130280971527, "accuracy": 0.9537814855575562, "energy_consumption": 40.599957753657854, "selected": false, "client_name": "sta2"}
2026-06-12 16:02:04,626 - METRIC - INFO - {"loss": 0.1369597166776657, "accuracy": 0.9558823704719543, "energy_consumption": 40.42855997446792, "selected": false, "client_name": "sta1"}
2026-06-12 16:02:04,867 - METRIC - INFO - {"loss": 0.14202994108200073, "accuracy": 0.9586834907531738, "energy_consumption": 40.75487491238186, "selected": false, "client_name": "sta10"}
2026-06-12 16:02:07,532 - METRIC - INFO - {"loss": 0.16391853988170624, "accuracy": 0.9453781247138977, "energy_consumption": 40.509317432791526, "selected": false, "client_name": "sta9"}
2026-06-12 16:02:08,040 - METRIC - INFO - mean_accuracy: 0.9517857164144516

2026-06-12 16:02:08,040 - METRIC - INFO - round: 14
2026-06-12 16:02:08,040 - METRIC - INFO - n_selected: 20
2026-06-12 16:02:08,040 - METRIC - INFO - {"selected_trainers": ["sta0", "sta1", "sta10", "sta11", "sta12", "sta13", "sta14", "sta15", "sta16", "sta17", "sta18", "sta19", "sta2", "sta3", "sta4", "sta5", "sta6", "sta7", "sta8", "sta9"]}
2026-06-12 16:02:20,300 - EXECUT - INFO - received weights from trainer sta2!
2026-06-12 16:02:23,427 - EXECUT - INFO - received weights from trainer sta3!
2026-06-12 16:02:23,766 - EXECUT - INFO - received weights from trainer sta0!
2026-06-12 16:02:24,102 - EXECUT - INFO - received weights from trainer sta4!
2026-06-12 16:02:24,447 - EXECUT - INFO - received weights from trainer sta1!
2026-06-12 16:02:25,014 - EXECUT - INFO - received weights from trainer sta7!
2026-06-12 16:02:25,779 - EXECUT - INFO - received weights from trainer sta6!
2026-06-12 16:02:26,118 - EXECUT - INFO - received weights from trainer sta5!
2026-06-12 16:02:26,459 - EXECUT - INFO - received weights from trainer sta18!
2026-06-12 16:02:30,553 - EXECUT - INFO - received weights from trainer sta10!
2026-06-12 16:02:32,093 - EXECUT - INFO - received weights from trainer sta14!
2026-06-12 16:02:33,073 - EXECUT - INFO - received weights from trainer sta8!
2026-06-12 16:02:33,835 - EXECUT - INFO - received weights from trainer sta17!
2026-06-12 16:02:34,172 - EXECUT - INFO - received weights from trainer sta9!
2026-06-12 16:02:34,500 - EXECUT - INFO - received weights from trainer sta15!
2026-06-12 16:02:35,267 - EXECUT - INFO - received weights from trainer sta13!
2026-06-12 16:02:35,610 - EXECUT - INFO - received weights from trainer sta12!
2026-06-12 16:02:36,160 - EXECUT - INFO - received weights from trainer sta16!
2026-06-12 16:02:36,886 - EXECUT - INFO - received weights from trainer sta19!
2026-06-12 16:02:37,755 - EXECUT - INFO - received weights from trainer sta11!
2026-06-12 16:02:39,089 - EXECUT - INFO - sent aggregated weights to trainers!
2026-06-12 16:04:47,608 - METRIC - INFO - {"loss": 0.1349325329065323, "accuracy": 0.9565826058387756, "energy_consumption": 44.24869488753366, "selected": false, "client_name": "sta19"}
2026-06-12 16:04:47,849 - METRIC - INFO - {"loss": 0.16522400081157684, "accuracy": 0.9481792449951172, "energy_consumption": 43.91674501906328, "selected": false, "client_name": "sta12"}
2026-06-12 16:04:50,675 - METRIC - INFO - {"loss": 0.12375056743621826, "accuracy": 0.9579831957817078, "energy_consumption": 43.76571347730339, "selected": false, "client_name": "sta18"}
2026-06-12 16:04:50,808 - METRIC - INFO - {"loss": 0.1299082636833191, "accuracy": 0.9628851413726807, "energy_consumption": 43.65021764077792, "selected": false, "client_name": "sta17"}
2026-06-12 16:04:53,664 - METRIC - INFO - {"loss": 0.13724833726882935, "accuracy": 0.9565826058387756, "energy_consumption": 44.221064303370284, "selected": false, "client_name": "sta16"}
2026-06-12 16:04:53,950 - METRIC - INFO - {"loss": 0.13978689908981323, "accuracy": 0.9628851413726807, "energy_consumption": 44.250284092583094, "selected": false, "client_name": "sta14"}
2026-06-12 16:04:54,258 - METRIC - INFO - {"loss": 0.13273872435092926, "accuracy": 0.9614846110343933, "energy_consumption": 44.35363108044026, "selected": false, "client_name": "sta13"}
2026-06-12 16:04:54,731 - METRIC - INFO - {"loss": 0.13013015687465668, "accuracy": 0.9642857313156128, "energy_consumption": 44.40043510173414, "selected": false, "client_name": "sta10"}
2026-06-12 16:04:56,548 - METRIC - INFO - {"loss": 0.1541423797607422, "accuracy": 0.9495798349380493, "energy_consumption": 43.914628513675225, "selected": false, "client_name": "sta15"}
2026-06-12 16:04:57,550 - METRIC - INFO - {"loss": 0.13586170971393585, "accuracy": 0.9600840210914612, "energy_consumption": 44.483490019493146, "selected": false, "client_name": "sta3"}
2026-06-12 16:04:57,748 - METRIC - INFO - {"loss": 0.13728058338165283, "accuracy": 0.9558823704719543, "energy_consumption": 44.37707059916592, "selected": false, "client_name": "sta5"}
2026-06-12 16:04:58,307 - METRIC - INFO - {"loss": 0.15333165228366852, "accuracy": 0.9530812501907349, "energy_consumption": 44.51234025959108, "selected": false, "client_name": "sta11"}
2026-06-12 16:04:58,672 - METRIC - INFO - {"loss": 0.14809338748455048, "accuracy": 0.9537814855575562, "energy_consumption": 44.42198867773174, "selected": false, "client_name": "sta7"}
2026-06-12 16:04:58,955 - METRIC - INFO - {"loss": 0.1582736223936081, "accuracy": 0.9418767690658569, "energy_consumption": 44.35240090479028, "selected": false, "client_name": "sta6"}
2026-06-12 16:04:59,118 - METRIC - INFO - {"loss": 0.13142329454421997, "accuracy": 0.9593837261199951, "energy_consumption": 44.411387975749356, "selected": false, "client_name": "sta2"}
2026-06-12 16:05:00,315 - METRIC - INFO - {"loss": 0.1255861520767212, "accuracy": 0.9600840210914612, "energy_consumption": 44.28255551803783, "selected": false, "client_name": "sta1"}
2026-06-12 16:05:00,621 - METRIC - INFO - {"loss": 0.14761364459991455, "accuracy": 0.9488795399665833, "energy_consumption": 44.34257267228377, "selected": false, "client_name": "sta4"}
2026-06-12 16:05:01,163 - METRIC - INFO - {"loss": 0.16201238334178925, "accuracy": 0.9488795399665833, "energy_consumption": 44.7161813991133, "selected": false, "client_name": "sta0"}
2026-06-12 16:05:01,271 - METRIC - INFO - {"loss": 0.1386738270521164, "accuracy": 0.9621848464012146, "energy_consumption": 44.430699719002625, "selected": false, "client_name": "sta8"}
2026-06-12 16:05:02,480 - METRIC - INFO - {"loss": 0.14708423614501953, "accuracy": 0.9523809552192688, "energy_consumption": 44.31855412254258, "selected": false, "client_name": "sta9"}
2026-06-12 16:05:03,236 - METRIC - INFO - mean_accuracy: 0.9558473318815232

2026-06-12 16:05:03,237 - METRIC - INFO - round: 15
2026-06-12 16:05:03,237 - METRIC - INFO - n_selected: 20
2026-06-12 16:05:03,237 - METRIC - INFO - {"selected_trainers": ["sta0", "sta1", "sta10", "sta11", "sta12", "sta13", "sta14", "sta15", "sta16", "sta17", "sta18", "sta19", "sta2", "sta3", "sta4", "sta5", "sta6", "sta7", "sta8", "sta9"]}
2026-06-12 16:05:13,921 - EXECUT - INFO - received weights from trainer sta0!
2026-06-12 16:05:17,217 - EXECUT - INFO - received weights from trainer sta4!
2026-06-12 16:05:20,782 - EXECUT - INFO - received weights from trainer sta1!
2026-06-12 16:05:23,500 - EXECUT - INFO - received weights from trainer sta11!
2026-06-12 16:05:25,997 - EXECUT - INFO - received weights from trainer sta7!
2026-06-12 16:05:28,623 - EXECUT - INFO - received weights from trainer sta3!
2026-06-12 16:05:30,936 - EXECUT - INFO - received weights from trainer sta2!
2026-06-12 16:05:33,887 - EXECUT - INFO - received weights from trainer sta5!
2026-06-12 16:05:37,036 - EXECUT - INFO - received weights from trainer sta6!
2026-06-12 16:05:40,576 - EXECUT - INFO - received weights from trainer sta16!
2026-06-12 16:05:42,638 - EXECUT - INFO - received weights from trainer sta10!
2026-06-12 16:05:46,821 - EXECUT - INFO - received weights from trainer sta8!
2026-06-12 16:05:50,986 - EXECUT - INFO - received weights from trainer sta13!
2026-06-12 16:05:52,429 - EXECUT - INFO - received weights from trainer sta12!
2026-06-12 16:05:56,028 - EXECUT - INFO - received weights from trainer sta9!
2026-06-12 16:05:58,523 - EXECUT - INFO - received weights from trainer sta19!
2026-06-12 16:06:01,172 - EXECUT - INFO - received weights from trainer sta14!
2026-06-12 16:06:02,912 - EXECUT - INFO - received weights from trainer sta15!
2026-06-12 16:06:05,208 - EXECUT - INFO - received weights from trainer sta17!
2026-06-12 16:06:06,865 - EXECUT - INFO - received weights from trainer sta18!
2026-06-12 16:06:08,331 - EXECUT - INFO - sent aggregated weights to trainers!
2026-06-12 16:08:02,362 - METRIC - INFO - {"loss": 0.11973360180854797, "accuracy": 0.9649859666824341, "energy_consumption": 48.21189798453778, "selected": false, "client_name": "sta17"}
2026-06-12 16:08:04,021 - METRIC - INFO - {"loss": 0.11869934946298599, "accuracy": 0.9635854363441467, "energy_consumption": 48.85248505608772, "selected": false, "client_name": "sta13"}
2026-06-12 16:08:05,211 - METRIC - INFO - {"loss": 0.1197877749800682, "accuracy": 0.9614846110343933, "energy_consumption": 48.87915857027474, "selected": false, "client_name": "sta19"}
2026-06-12 16:08:07,639 - METRIC - INFO - {"loss": 0.1521972268819809, "accuracy": 0.9530812501907349, "energy_consumption": 48.62168691846026, "selected": false, "client_name": "sta12"}
2026-06-12 16:08:07,946 - METRIC - INFO - {"loss": 0.11288405954837799, "accuracy": 0.9642857313156128, "energy_consumption": 48.443964784268786, "selected": false, "client_name": "sta18"}
2026-06-12 16:08:08,145 - METRIC - INFO - {"loss": 0.13535691797733307, "accuracy": 0.9579831957817078, "energy_consumption": 48.55186278413993, "selected": false, "client_name": "sta15"}
2026-06-12 16:08:08,342 - METRIC - INFO - {"loss": 0.1263500452041626, "accuracy": 0.9607843160629272, "energy_consumption": 48.92348981943823, "selected": false, "client_name": "sta16"}
2026-06-12 16:08:09,201 - METRIC - INFO - {"loss": 0.11409708112478256, "accuracy": 0.9621848464012146, "energy_consumption": 48.73966110806522, "selected": false, "client_name": "sta1"}
2026-06-12 16:08:09,474 - METRIC - INFO - {"loss": 0.12430242449045181, "accuracy": 0.9600840210914612, "energy_consumption": 48.9598189890716, "selected": false, "client_name": "sta5"}
2026-06-12 16:08:10,791 - METRIC - INFO - {"loss": 0.14477501809597015, "accuracy": 0.9453781247138977, "energy_consumption": 48.95190716800045, "selected": false, "client_name": "sta6"}
2026-06-12 16:08:12,070 - METRIC - INFO - {"loss": 0.12095145136117935, "accuracy": 0.9635854363441467, "energy_consumption": 49.01304085699334, "selected": false, "client_name": "sta2"}
2026-06-12 16:08:12,599 - METRIC - INFO - {"loss": 0.12507979571819305, "accuracy": 0.9628851413726807, "energy_consumption": 49.04274440210775, "selected": false, "client_name": "sta3"}
2026-06-12 16:08:12,692 - METRIC - INFO - {"loss": 0.13586470484733582, "accuracy": 0.9523809552192688, "energy_consumption": 48.911969505487185, "selected": false, "client_name": "sta4"}
2026-06-12 16:08:12,988 - METRIC - INFO - {"loss": 0.13993842899799347, "accuracy": 0.9586834907531738, "energy_consumption": 49.05564673294446, "selected": false, "client_name": "sta11"}
2026-06-12 16:08:13,853 - METRIC - INFO - {"loss": 0.13289512693881989, "accuracy": 0.9551820755004883, "energy_consumption": 49.08921507177234, "selected": false, "client_name": "sta7"}
2026-06-12 16:08:13,904 - METRIC - INFO - {"loss": 0.13491196930408478, "accuracy": 0.9558823704719543, "energy_consumption": 48.910208063543585, "selected": false, "client_name": "sta9"}
2026-06-12 16:08:14,154 - METRIC - INFO - {"loss": 0.13008509576320648, "accuracy": 0.9656862616539001, "energy_consumption": 49.14352304070405, "selected": false, "client_name": "sta14"}
2026-06-12 16:08:14,530 - METRIC - INFO - {"loss": 0.14857126772403717, "accuracy": 0.9558823704719543, "energy_consumption": 49.373154661424955, "selected": false, "client_name": "sta0"}
2026-06-12 16:08:14,979 - METRIC - INFO - {"loss": 0.12398608028888702, "accuracy": 0.9621848464012146, "energy_consumption": 48.99176932318194, "selected": false, "client_name": "sta8"}
2026-06-12 16:08:15,520 - METRIC - INFO - {"loss": 0.11612022668123245, "accuracy": 0.9684873819351196, "energy_consumption": 49.18364334060993, "selected": false, "client_name": "sta10"}
2026-06-12 16:08:16,465 - METRIC - INFO - mean_accuracy: 0.9597338914871216

2026-06-12 16:08:16,465 - METRIC - INFO - round: 16
2026-06-12 16:08:16,466 - METRIC - INFO - n_selected: 20
2026-06-12 16:08:16,466 - METRIC - INFO - {"selected_trainers": ["sta0", "sta1", "sta10", "sta11", "sta12", "sta13", "sta14", "sta15", "sta16", "sta17", "sta18", "sta19", "sta2", "sta3", "sta4", "sta5", "sta6", "sta7", "sta8", "sta9"]}
2026-06-12 16:08:27,009 - EXECUT - INFO - received weights from trainer sta0!
2026-06-12 16:08:28,591 - EXECUT - INFO - received weights from trainer sta1!
2026-06-12 16:08:31,789 - EXECUT - INFO - received weights from trainer sta5!
2026-06-12 16:08:34,113 - EXECUT - INFO - received weights from trainer sta3!
2026-06-12 16:08:39,396 - EXECUT - INFO - received weights from trainer sta17!
2026-06-12 16:08:41,846 - EXECUT - INFO - received weights from trainer sta16!
2026-06-12 16:08:45,914 - EXECUT - INFO - received weights from trainer sta8!
2026-06-12 16:08:49,430 - EXECUT - INFO - received weights from trainer sta19!
2026-06-12 16:08:53,892 - EXECUT - INFO - received weights from trainer sta7!
2026-06-12 16:08:55,498 - EXECUT - INFO - received weights from trainer sta4!
2026-06-12 16:08:59,962 - EXECUT - INFO - received weights from trainer sta12!
2026-06-12 16:09:05,283 - EXECUT - INFO - received weights from trainer sta2!
2026-06-12 16:09:07,769 - EXECUT - INFO - received weights from trainer sta6!
2026-06-12 16:09:11,143 - EXECUT - INFO - received weights from trainer sta9!
2026-06-12 16:09:14,233 - EXECUT - INFO - received weights from trainer sta10!
2026-06-12 16:09:18,643 - EXECUT - INFO - received weights from trainer sta13!
2026-06-12 16:09:23,123 - EXECUT - INFO - received weights from trainer sta14!
2026-06-12 16:09:24,299 - EXECUT - INFO - received weights from trainer sta11!
2026-06-12 16:09:27,356 - EXECUT - INFO - received weights from trainer sta15!
2026-06-12 16:09:28,809 - EXECUT - INFO - received weights from trainer sta18!
2026-06-12 16:09:29,507 - EXECUT - INFO - sent aggregated weights to trainers!
2026-06-12 16:11:17,101 - METRIC - INFO - {"loss": 0.12014967203140259, "accuracy": 0.9649859666824341, "energy_consumption": 53.70950200596458, "selected": false, "client_name": "sta14"}
2026-06-12 16:11:19,489 - METRIC - INFO - {"loss": 0.14089436829090118, "accuracy": 0.9572829008102417, "energy_consumption": 53.41746534302029, "selected": false, "client_name": "sta12"}
2026-06-12 16:11:20,935 - METRIC - INFO - {"loss": 0.12619295716285706, "accuracy": 0.9579831957817078, "energy_consumption": 53.44476773685934, "selected": false, "client_name": "sta15"}
2026-06-12 16:11:23,688 - METRIC - INFO - {"loss": 0.12964023649692535, "accuracy": 0.9614846110343933, "energy_consumption": 53.832855896656675, "selected": false, "client_name": "sta11"}
2026-06-12 16:11:23,761 - METRIC - INFO - {"loss": 0.10959231853485107, "accuracy": 0.9649859666824341, "energy_consumption": 54.01354514217798, "selected": false, "client_name": "sta19"}
2026-06-12 16:11:24,014 - METRIC - INFO - {"loss": 0.1332198828458786, "accuracy": 0.9509803652763367, "energy_consumption": 53.79366399422368, "selected": false, "client_name": "sta6"}
2026-06-12 16:11:24,115 - METRIC - INFO - {"loss": 0.11216647922992706, "accuracy": 0.9691876769065857, "energy_consumption": 53.32659794381179, "selected": false, "client_name": "sta17"}
2026-06-12 16:11:24,334 - METRIC - INFO - {"loss": 0.10666629672050476, "accuracy": 0.9712885022163391, "energy_consumption": 53.92338744862486, "selected": false, "client_name": "sta13"}
2026-06-12 16:11:24,492 - METRIC - INFO - {"loss": 0.11476925015449524, "accuracy": 0.9649859666824341, "energy_consumption": 53.8998549866714, "selected": false, "client_name": "sta16"}
2026-06-12 16:11:24,723 - METRIC - INFO - {"loss": 0.11142200976610184, "accuracy": 0.9621848464012146, "energy_consumption": 53.85041892081337, "selected": false, "client_name": "sta2"}
2026-06-12 16:11:24,813 - METRIC - INFO - {"loss": 0.10136445611715317, "accuracy": 0.9684873819351196, "energy_consumption": 53.45366958745635, "selected": false, "client_name": "sta18"}
2026-06-12 16:11:25,108 - METRIC - INFO - {"loss": 0.11555185914039612, "accuracy": 0.9677870869636536, "energy_consumption": 53.91434176818018, "selected": false, "client_name": "sta3"}
2026-06-12 16:11:25,402 - METRIC - INFO - {"loss": 0.12161747366189957, "accuracy": 0.9593837261199951, "energy_consumption": 53.88148635227924, "selected": false, "client_name": "sta7"}
2026-06-12 16:11:25,975 - METRIC - INFO - {"loss": 0.11538263410329819, "accuracy": 0.9628851413726807, "energy_consumption": 53.815563752787895, "selected": false, "client_name": "sta5"}
2026-06-12 16:11:26,986 - METRIC - INFO - {"loss": 0.13787461817264557, "accuracy": 0.9579831957817078, "energy_consumption": 54.21174446993381, "selected": false, "client_name": "sta0"}
2026-06-12 16:11:27,655 - METRIC - INFO - {"loss": 0.10625329613685608, "accuracy": 0.970588207244873, "energy_consumption": 54.01760738958322, "selected": false, "client_name": "sta10"}
2026-06-12 16:11:27,754 - METRIC - INFO - {"loss": 0.12583668529987335, "accuracy": 0.9579831957817078, "energy_consumption": 53.70034488933828, "selected": false, "client_name": "sta4"}
2026-06-12 16:11:27,970 - METRIC - INFO - {"loss": 0.12417962402105331, "accuracy": 0.9579831957817078, "energy_consumption": 53.826573879615275, "selected": false, "client_name": "sta9"}
2026-06-12 16:11:27,998 - METRIC - INFO - {"loss": 0.10513395071029663, "accuracy": 0.9663865566253662, "energy_consumption": 53.756441853665855, "selected": false, "client_name": "sta1"}
2026-06-12 16:11:29,416 - METRIC - INFO - {"loss": 0.11481744050979614, "accuracy": 0.9649859666824341, "energy_consumption": 54.03893537188886, "selected": false, "client_name": "sta8"}
2026-06-12 16:11:29,627 - METRIC - INFO - mean_accuracy: 0.9629901826381684

2026-06-12 16:11:29,628 - METRIC - INFO - round: 17
2026-06-12 16:11:29,628 - METRIC - INFO - n_selected: 20
2026-06-12 16:11:29,628 - METRIC - INFO - {"selected_trainers": ["sta0", "sta1", "sta10", "sta11", "sta12", "sta13", "sta14", "sta15", "sta16", "sta17", "sta18", "sta19", "sta2", "sta3", "sta4", "sta5", "sta6", "sta7", "sta8", "sta9"]}
2026-06-12 16:11:40,975 - EXECUT - INFO - received weights from trainer sta2!
2026-06-12 16:11:44,158 - EXECUT - INFO - received weights from trainer sta5!
2026-06-12 16:11:46,446 - EXECUT - INFO - received weights from trainer sta0!
2026-06-12 16:11:49,380 - EXECUT - INFO - received weights from trainer sta18!
2026-06-12 16:11:54,021 - EXECUT - INFO - received weights from trainer sta1!
2026-06-12 16:11:58,223 - EXECUT - INFO - received weights from trainer sta3!
2026-06-12 16:12:01,527 - EXECUT - INFO - received weights from trainer sta4!
2026-06-12 16:12:04,320 - EXECUT - INFO - received weights from trainer sta6!
2026-06-12 16:12:08,303 - EXECUT - INFO - received weights from trainer sta16!
2026-06-12 16:12:11,861 - EXECUT - INFO - received weights from trainer sta8!
2026-06-12 16:12:12,748 - EXECUT - INFO - received weights from trainer sta14!
2026-06-12 16:12:17,352 - EXECUT - INFO - received weights from trainer sta7!
2026-06-12 16:12:19,089 - EXECUT - INFO - received weights from trainer sta15!
2026-06-12 16:12:21,796 - EXECUT - INFO - received weights from trainer sta11!
2026-06-12 16:12:24,441 - EXECUT - INFO - received weights from trainer sta9!
2026-06-12 16:12:28,839 - EXECUT - INFO - received weights from trainer sta10!
2026-06-12 16:12:31,935 - EXECUT - INFO - received weights from trainer sta19!
2026-06-12 16:12:34,425 - EXECUT - INFO - received weights from trainer sta13!
2026-06-12 16:12:37,974 - EXECUT - INFO - received weights from trainer sta17!
2026-06-12 16:12:41,465 - EXECUT - INFO - received weights from trainer sta12!
2026-06-12 16:12:42,689 - EXECUT - INFO - sent aggregated weights to trainers!
2026-06-12 16:14:35,414 - METRIC - INFO - {"loss": 0.11777559667825699, "accuracy": 0.9670868515968323, "energy_consumption": 58.77726374206886, "selected": false, "client_name": "sta11"}
2026-06-12 16:14:35,524 - METRIC - INFO - {"loss": 0.09313172101974487, "accuracy": 0.9747899174690247, "energy_consumption": 58.407244964299295, "selected": false, "client_name": "sta18"}
2026-06-12 16:14:37,932 - METRIC - INFO - {"loss": 0.10196348279714584, "accuracy": 0.970588207244873, "energy_consumption": 58.807756755425544, "selected": false, "client_name": "sta2"}
2026-06-12 16:14:37,999 - METRIC - INFO - {"loss": 0.12172646820545197, "accuracy": 0.9551820755004883, "energy_consumption": 58.808855617432044, "selected": false, "client_name": "sta6"}
2026-06-12 16:14:38,614 - METRIC - INFO - {"loss": 0.10732810199260712, "accuracy": 0.9691876769065857, "energy_consumption": 58.903334510611906, "selected": false, "client_name": "sta16"}
2026-06-12 16:14:40,396 - METRIC - INFO - {"loss": 0.09965352714061737, "accuracy": 0.9719887971878052, "energy_consumption": 58.97778122216661, "selected": false, "client_name": "sta10"}
2026-06-12 16:14:40,689 - METRIC - INFO - {"loss": 0.10058342665433884, "accuracy": 0.9677870869636536, "energy_consumption": 58.931092901846824, "selected": false, "client_name": "sta19"}
2026-06-12 16:14:40,873 - METRIC - INFO - {"loss": 0.10513969510793686, "accuracy": 0.970588207244873, "energy_consumption": 58.33954253164227, "selected": false, "client_name": "sta17"}
2026-06-12 16:14:40,950 - METRIC - INFO - {"loss": 0.113588348031044, "accuracy": 0.9663865566253662, "energy_consumption": 58.860347127277755, "selected": false, "client_name": "sta14"}
2026-06-12 16:14:41,070 - METRIC - INFO - {"loss": 0.11339335143566132, "accuracy": 0.9635854363441467, "energy_consumption": 58.74166159635909, "selected": false, "client_name": "sta7"}
2026-06-12 16:14:41,157 - METRIC - INFO - {"loss": 0.10018130391836166, "accuracy": 0.9691876769065857, "energy_consumption": 58.9880444205861, "selected": false, "client_name": "sta13"}
2026-06-12 16:14:41,409 - METRIC - INFO - {"loss": 0.11820633709430695, "accuracy": 0.9607843160629272, "energy_consumption": 58.659559278730605, "selected": false, "client_name": "sta4"}
2026-06-12 16:14:41,488 - METRIC - INFO - {"loss": 0.11892010271549225, "accuracy": 0.9621848464012146, "energy_consumption": 58.56662714296026, "selected": false, "client_name": "sta15"}
2026-06-12 16:14:41,814 - METRIC - INFO - {"loss": 0.1308353990316391, "accuracy": 0.9600840210914612, "energy_consumption": 58.59338857895144, "selected": false, "client_name": "sta12"}
2026-06-12 16:14:41,928 - METRIC - INFO - {"loss": 0.12681441009044647, "accuracy": 0.9607843160629272, "energy_consumption": 59.24257097490248, "selected": false, "client_name": "sta0"}
2026-06-12 16:14:42,115 - METRIC - INFO - {"loss": 0.10596628487110138, "accuracy": 0.9656862616539001, "energy_consumption": 58.749456015625654, "selected": false, "client_name": "sta5"}
2026-06-12 16:14:42,198 - METRIC - INFO - {"loss": 0.0977863222360611, "accuracy": 0.9712885022163391, "energy_consumption": 58.57842460165974, "selected": false, "client_name": "sta1"}
2026-06-12 16:14:42,396 - METRIC - INFO - {"loss": 0.10458019375801086, "accuracy": 0.970588207244873, "energy_consumption": 58.85365160339848, "selected": false, "client_name": "sta3"}
2026-06-12 16:14:42,618 - METRIC - INFO - {"loss": 0.10602368414402008, "accuracy": 0.9670868515968323, "energy_consumption": 59.03186941996866, "selected": false, "client_name": "sta8"}
2026-06-12 16:14:42,730 - METRIC - INFO - {"loss": 0.11738783866167068, "accuracy": 0.9621848464012146, "energy_consumption": 58.70074492156787, "selected": false, "client_name": "sta9"}
2026-06-12 16:14:42,815 - METRIC - INFO - mean_accuracy: 0.9663515329360962

2026-06-12 16:14:42,816 - METRIC - INFO - round: 18
2026-06-12 16:14:42,816 - METRIC - INFO - n_selected: 20
2026-06-12 16:14:42,816 - METRIC - INFO - {"selected_trainers": ["sta0", "sta1", "sta10", "sta11", "sta12", "sta13", "sta14", "sta15", "sta16", "sta17", "sta18", "sta19", "sta2", "sta3", "sta4", "sta5", "sta6", "sta7", "sta8", "sta9"]}
2026-06-12 16:14:53,693 - EXECUT - INFO - received weights from trainer sta0!
2026-06-12 16:14:56,376 - EXECUT - INFO - received weights from trainer sta1!
2026-06-12 16:14:59,997 - EXECUT - INFO - received weights from trainer sta2!
2026-06-12 16:15:02,892 - EXECUT - INFO - received weights from trainer sta18!
2026-06-12 16:15:06,460 - EXECUT - INFO - received weights from trainer sta11!
2026-06-12 16:15:10,655 - EXECUT - INFO - received weights from trainer sta15!
2026-06-12 16:15:12,026 - EXECUT - INFO - received weights from trainer sta17!
2026-06-12 16:15:13,813 - EXECUT - INFO - received weights from trainer sta4!
2026-06-12 16:15:19,343 - EXECUT - INFO - received weights from trainer sta10!
2026-06-12 16:15:23,381 - EXECUT - INFO - received weights from trainer sta14!
2026-06-12 16:15:27,640 - EXECUT - INFO - received weights from trainer sta13!
2026-06-12 16:15:30,536 - EXECUT - INFO - received weights from trainer sta12!
2026-06-12 16:15:34,319 - EXECUT - INFO - received weights from trainer sta8!
2026-06-12 16:15:38,980 - EXECUT - INFO - received weights from trainer sta16!
2026-06-12 16:15:40,509 - EXECUT - INFO - received weights from trainer sta3!
2026-06-12 16:15:42,328 - EXECUT - INFO - received weights from trainer sta19!
2026-06-12 16:15:45,700 - EXECUT - INFO - received weights from trainer sta7!
2026-06-12 16:15:49,410 - EXECUT - INFO - received weights from trainer sta6!
2026-06-12 16:15:52,300 - EXECUT - INFO - received weights from trainer sta9!
2026-06-12 16:15:53,861 - EXECUT - INFO - received weights from trainer sta5!
2026-06-12 16:15:54,825 - EXECUT - INFO - sent aggregated weights to trainers!
2026-06-12 16:17:33,538 - METRIC - INFO - {"loss": 0.09214352071285248, "accuracy": 0.9712885022163391, "energy_consumption": 63.697228693274305, "selected": false, "client_name": "sta13"}
2026-06-12 16:17:36,906 - METRIC - INFO - {"loss": 0.08876489847898483, "accuracy": 0.9775910377502441, "energy_consumption": 63.30816024955016, "selected": false, "client_name": "sta18"}
2026-06-12 16:17:38,884 - METRIC - INFO - {"loss": 0.10767029225826263, "accuracy": 0.9670868515968323, "energy_consumption": 63.65068496579143, "selected": false, "client_name": "sta14"}
2026-06-12 16:17:40,081 - METRIC - INFO - {"loss": 0.09980736672878265, "accuracy": 0.9677870869636536, "energy_consumption": 63.6565532852476, "selected": false, "client_name": "sta5"}
2026-06-12 16:17:40,356 - METRIC - INFO - {"loss": 0.10870213806629181, "accuracy": 0.9698879718780518, "energy_consumption": 63.73983605546498, "selected": false, "client_name": "sta11"}
2026-06-12 16:17:40,360 - METRIC - INFO - {"loss": 0.10736728459596634, "accuracy": 0.9656862616539001, "energy_consumption": 63.57481482928438, "selected": false, "client_name": "sta15"}
2026-06-12 16:17:41,921 - METRIC - INFO - {"loss": 0.12451411038637161, "accuracy": 0.9621848464012146, "energy_consumption": 63.563323892012114, "selected": false, "client_name": "sta12"}
2026-06-12 16:17:42,232 - METRIC - INFO - {"loss": 0.0998205840587616, "accuracy": 0.9747899174690247, "energy_consumption": 63.376106535187645, "selected": false, "client_name": "sta17"}
2026-06-12 16:17:42,911 - METRIC - INFO - {"loss": 0.09356226772069931, "accuracy": 0.9733893275260925, "energy_consumption": 63.7742126622745, "selected": false, "client_name": "sta2"}
2026-06-12 16:17:43,067 - METRIC - INFO - {"loss": 0.10361506044864655, "accuracy": 0.9656862616539001, "energy_consumption": 63.7120755834945, "selected": false, "client_name": "sta7"}
2026-06-12 16:17:43,075 - METRIC - INFO - {"loss": 0.10979636013507843, "accuracy": 0.9635854363441467, "energy_consumption": 63.59212088817104, "selected": false, "client_name": "sta4"}
2026-06-12 16:17:43,259 - METRIC - INFO - {"loss": 0.09870795160531998, "accuracy": 0.9712885022163391, "energy_consumption": 63.72555602340119, "selected": false, "client_name": "sta3"}
2026-06-12 16:17:43,640 - METRIC - INFO - {"loss": 0.115143321454525, "accuracy": 0.9600840210914612, "energy_consumption": 63.77588620307815, "selected": false, "client_name": "sta6"}
2026-06-12 16:17:43,953 - METRIC - INFO - {"loss": 0.09220879524946213, "accuracy": 0.9768907427787781, "energy_consumption": 63.96954613533274, "selected": false, "client_name": "sta10"}
2026-06-12 16:17:43,973 - METRIC - INFO - {"loss": 0.11943512409925461, "accuracy": 0.9628851413726807, "energy_consumption": 64.2820530104889, "selected": false, "client_name": "sta0"}
2026-06-12 16:17:45,006 - METRIC - INFO - {"loss": 0.09815577417612076, "accuracy": 0.9698879718780518, "energy_consumption": 63.993649586712, "selected": false, "client_name": "sta8"}
2026-06-12 16:17:45,134 - METRIC - INFO - {"loss": 0.094321608543396, "accuracy": 0.970588207244873, "energy_consumption": 63.90070293824864, "selected": false, "client_name": "sta19"}
2026-06-12 16:17:45,406 - METRIC - INFO - {"loss": 0.0883241668343544, "accuracy": 0.9719887971878052, "energy_consumption": 63.572922278750696, "selected": false, "client_name": "sta1"}
2026-06-12 16:17:45,642 - METRIC - INFO - {"loss": 0.11108115315437317, "accuracy": 0.9649859666824341, "energy_consumption": 63.72830572568924, "selected": false, "client_name": "sta9"}
2026-06-12 16:17:46,995 - METRIC - INFO - {"loss": 0.09975451231002808, "accuracy": 0.9712885022163391, "energy_consumption": 64.14069820970342, "selected": false, "client_name": "sta16"}
2026-06-12 16:17:47,940 - METRIC - INFO - mean_accuracy: 0.9689425677061081

2026-06-12 16:17:47,941 - METRIC - INFO - round: 19
2026-06-12 16:17:47,941 - METRIC - INFO - n_selected: 20
2026-06-12 16:17:47,941 - METRIC - INFO - {"selected_trainers": ["sta0", "sta1", "sta10", "sta11", "sta12", "sta13", "sta14", "sta15", "sta16", "sta17", "sta18", "sta19", "sta2", "sta3", "sta4", "sta5", "sta6", "sta7", "sta8", "sta9"]}
2026-06-12 16:18:00,052 - EXECUT - INFO - received weights from trainer sta0!
2026-06-12 16:18:04,057 - EXECUT - INFO - received weights from trainer sta1!
2026-06-12 16:18:06,484 - EXECUT - INFO - received weights from trainer sta4!
2026-06-12 16:18:08,431 - EXECUT - INFO - received weights from trainer sta10!
2026-06-12 16:18:14,573 - EXECUT - INFO - received weights from trainer sta16!
2026-06-12 16:18:18,966 - EXECUT - INFO - received weights from trainer sta8!
2026-06-12 16:18:22,061 - EXECUT - INFO - received weights from trainer sta12!
2026-06-12 16:18:25,412 - EXECUT - INFO - received weights from trainer sta6!
2026-06-12 16:18:27,843 - EXECUT - INFO - received weights from trainer sta18!
2026-06-12 16:18:28,322 - EXECUT - INFO - received weights from trainer sta11!
2026-06-12 16:18:30,973 - EXECUT - INFO - received weights from trainer sta2!
2026-06-12 16:18:33,244 - EXECUT - INFO - received weights from trainer sta13!
2026-06-12 16:18:37,363 - EXECUT - INFO - received weights from trainer sta19!
2026-06-12 16:18:40,690 - EXECUT - INFO - received weights from trainer sta5!
2026-06-12 16:18:45,235 - EXECUT - INFO - received weights from trainer sta3!
2026-06-12 16:18:45,816 - EXECUT - INFO - received weights from trainer sta7!
2026-06-12 16:18:49,824 - EXECUT - INFO - received weights from trainer sta17!
2026-06-12 16:18:54,214 - EXECUT - INFO - received weights from trainer sta14!
2026-06-12 16:18:58,444 - EXECUT - INFO - received weights from trainer sta9!
2026-06-12 16:19:00,778 - EXECUT - INFO - received weights from trainer sta15!
2026-06-12 16:19:01,966 - EXECUT - INFO - sent aggregated weights to trainers!
2026-06-12 16:20:42,145 - METRIC - INFO - {"loss": 0.09506194293498993, "accuracy": 0.9747899174690247, "energy_consumption": 68.2534787879037, "selected": false, "client_name": "sta17"}
2026-06-12 16:20:44,136 - METRIC - INFO - {"loss": 0.08095613867044449, "accuracy": 0.9775910377502441, "energy_consumption": 68.47557421356053, "selected": false, "client_name": "sta18"}
2026-06-12 16:20:45,928 - METRIC - INFO - {"loss": 0.10282997041940689, "accuracy": 0.9670868515968323, "energy_consumption": 68.68450263691838, "selected": false, "client_name": "sta15"}
2026-06-12 16:20:46,391 - METRIC - INFO - {"loss": 0.09490198642015457, "accuracy": 0.9712885022163391, "energy_consumption": 69.08591891374965, "selected": false, "client_name": "sta16"}
2026-06-12 16:20:47,066 - METRIC - INFO - {"loss": 0.08356332033872604, "accuracy": 0.9747899174690247, "energy_consumption": 69.05563302338493, "selected": false, "client_name": "sta13"}
2026-06-12 16:20:47,375 - METRIC - INFO - {"loss": 0.10544893145561218, "accuracy": 0.9614846110343933, "energy_consumption": 68.94111800964734, "selected": false, "client_name": "sta6"}
2026-06-12 16:20:47,529 - METRIC - INFO - {"loss": 0.09719569981098175, "accuracy": 0.9684873819351196, "energy_consumption": 68.80014340803633, "selected": false, "client_name": "sta7"}
2026-06-12 16:20:48,247 - METRIC - INFO - {"loss": 0.08872915804386139, "accuracy": 0.9747899174690247, "energy_consumption": 68.9359132190964, "selected": false, "client_name": "sta2"}
2026-06-12 16:20:49,373 - METRIC - INFO - {"loss": 0.11244582384824753, "accuracy": 0.9677870869636536, "energy_consumption": 69.47509159453324, "selected": false, "client_name": "sta0"}
2026-06-12 16:20:49,425 - METRIC - INFO - {"loss": 0.08443988114595413, "accuracy": 0.976190447807312, "energy_consumption": 68.76827479326278, "selected": false, "client_name": "sta1"}
2026-06-12 16:20:50,257 - METRIC - INFO - {"loss": 0.08913114666938782, "accuracy": 0.9726890921592712, "energy_consumption": 69.02149046673249, "selected": false, "client_name": "sta19"}
2026-06-12 16:20:50,467 - METRIC - INFO - {"loss": 0.10292196273803711, "accuracy": 0.9698879718780518, "energy_consumption": 68.98684831261245, "selected": false, "client_name": "sta11"}
2026-06-12 16:20:50,638 - METRIC - INFO - {"loss": 0.11691217869520187, "accuracy": 0.9628851413726807, "energy_consumption": null, "selected": false, "client_name": "sta12"}
2026-06-12 16:20:50,796 - METRIC - INFO - {"loss": 0.08519349247217178, "accuracy": 0.976190447807312, "energy_consumption": 69.2211219779225, "selected": false, "client_name": "sta10"}
2026-06-12 16:20:51,180 - METRIC - INFO - {"loss": 0.09065808355808258, "accuracy": 0.9740896224975586, "energy_consumption": 68.90434959500271, "selected": false, "client_name": "sta3"}
2026-06-12 16:20:51,392 - METRIC - INFO - {"loss": 0.10401341319084167, "accuracy": 0.9670868515968323, "energy_consumption": 68.75863211658299, "selected": false, "client_name": "sta4"}
2026-06-12 16:20:52,084 - METRIC - INFO - {"loss": 0.09342355281114578, "accuracy": 0.9691876769065857, "energy_consumption": 68.78907987513482, "selected": false, "client_name": "sta5"}
2026-06-12 16:20:52,336 - METRIC - INFO - {"loss": 0.09338267892599106, "accuracy": 0.9712885022163391, "energy_consumption": 69.15653683197093, "selected": false, "client_name": "sta8"}
2026-06-12 16:20:53,300 - METRIC - INFO - {"loss": 0.10026609152555466, "accuracy": 0.9719887971878052, "energy_consumption": 69.03703999065065, "selected": false, "client_name": "sta14"}
2026-06-12 16:20:53,785 - METRIC - INFO - {"loss": 0.1065918430685997, "accuracy": 0.9677870869636536, "energy_consumption": 68.91129960761577, "selected": false, "client_name": "sta9"}
2026-06-12 16:20:54,079 - METRIC - INFO - mean_accuracy: 0.9708683431148529

2026-06-12 16:20:54,080 - METRIC - INFO - round: 20
2026-06-12 16:20:54,080 - METRIC - INFO - n_selected: 20
2026-06-12 16:20:54,080 - METRIC - INFO - {"selected_trainers": ["sta0", "sta1", "sta10", "sta11", "sta12", "sta13", "sta14", "sta15", "sta16", "sta17", "sta18", "sta19", "sta2", "sta3", "sta4", "sta5", "sta6", "sta7", "sta8", "sta9"]}
2026-06-12 16:21:04,705 - EXECUT - INFO - received weights from trainer sta0!
2026-06-12 16:21:08,216 - EXECUT - INFO - received weights from trainer sta4!
2026-06-12 16:21:10,238 - EXECUT - INFO - received weights from trainer sta2!
2026-06-12 16:21:12,207 - EXECUT - INFO - received weights from trainer sta13!
2026-06-12 16:21:14,197 - EXECUT - INFO - received weights from trainer sta19!
2026-06-12 16:21:17,761 - EXECUT - INFO - received weights from trainer sta17!
2026-06-12 16:21:20,983 - EXECUT - INFO - received weights from trainer sta14!
2026-06-12 16:21:23,432 - EXECUT - INFO - received weights from trainer sta18!
2026-06-12 16:21:25,189 - EXECUT - INFO - received weights from trainer sta16!
2026-06-12 16:21:26,725 - EXECUT - INFO - received weights from trainer sta1!
2026-06-12 16:21:32,190 - EXECUT - INFO - received weights from trainer sta9!
2026-06-12 16:21:34,225 - EXECUT - INFO - received weights from trainer sta12!
2026-06-12 16:21:35,516 - EXECUT - INFO - received weights from trainer sta11!
2026-06-12 16:21:37,119 - EXECUT - INFO - received weights from trainer sta15!
2026-06-12 16:21:41,188 - EXECUT - INFO - received weights from trainer sta5!
2026-06-12 16:21:42,532 - EXECUT - INFO - received weights from trainer sta7!
2026-06-12 16:21:44,254 - EXECUT - INFO - received weights from trainer sta3!
2026-06-12 16:21:48,915 - EXECUT - INFO - received weights from trainer sta10!
2026-06-12 16:21:52,390 - EXECUT - INFO - received weights from trainer sta8!
2026-06-12 16:21:54,140 - EXECUT - INFO - received weights from trainer sta6!
2026-06-12 16:21:55,068 - EXECUT - INFO - sent aggregated weights to trainers!
2026-06-12 16:23:29,838 - METRIC - INFO - {"loss": 0.09040266275405884, "accuracy": 0.970588207244873, "energy_consumption": 73.84735470518974, "selected": false, "client_name": "sta16"}
2026-06-12 16:23:33,843 - METRIC - INFO - {"loss": 0.07761474698781967, "accuracy": 0.9775910377502441, "energy_consumption": 73.41534883485818, "selected": false, "client_name": "sta18"}
2026-06-12 16:23:36,354 - METRIC - INFO - {"loss": 0.08394148200750351, "accuracy": 0.976190447807312, "energy_consumption": 73.68907889603267, "selected": false, "client_name": "sta2"}
2026-06-12 16:23:36,477 - METRIC - INFO - {"loss": 0.09932327270507812, "accuracy": 0.9649859666824341, "energy_consumption": 73.45553058560708, "selected": false, "client_name": "sta4"}
2026-06-12 16:23:38,223 - METRIC - INFO - {"loss": 0.0878920927643776, "accuracy": 0.9698879718780518, "energy_consumption": 73.59913144736937, "selected": false, "client_name": "sta5"}
2026-06-12 16:23:38,349 - METRIC - INFO - {"loss": 0.10765920579433441, "accuracy": 0.9677870869636536, "energy_consumption": 74.31916845037007, "selected": false, "client_name": "sta0"}
2026-06-12 16:23:38,744 - METRIC - INFO - {"loss": 0.09051895886659622, "accuracy": 0.9775910377502441, "energy_consumption": 73.26448133103621, "selected": false, "client_name": "sta17"}
2026-06-12 16:23:39,136 - METRIC - INFO - {"loss": 0.0866556242108345, "accuracy": 0.9747899174690247, "energy_consumption": 73.67778228737495, "selected": false, "client_name": "sta3"}
2026-06-12 16:23:39,430 - METRIC - INFO - {"loss": 0.09504642337560654, "accuracy": 0.970588207244873, "energy_consumption": 73.70196452535072, "selected": false, "client_name": "sta15"}
2026-06-12 16:23:39,658 - METRIC - INFO - {"loss": 0.09569395333528519, "accuracy": 0.9726890921592712, "energy_consumption": 73.92896883680997, "selected": false, "client_name": "sta11"}
2026-06-12 16:23:39,817 - METRIC - INFO - {"loss": 0.09574195742607117, "accuracy": 0.9719887971878052, "energy_consumption": 73.91208994227017, "selected": false, "client_name": "sta14"}
2026-06-12 16:23:39,826 - METRIC - INFO - {"loss": 0.08022928982973099, "accuracy": 0.976190447807312, "energy_consumption": 73.5824168959634, "selected": false, "client_name": "sta1"}
2026-06-12 16:23:40,111 - METRIC - INFO - {"loss": 0.1025070920586586, "accuracy": 0.9677870869636536, "energy_consumption": 73.89562207644252, "selected": false, "client_name": "sta6"}
2026-06-12 16:23:40,445 - METRIC - INFO - {"loss": 0.09239573776721954, "accuracy": 0.970588207244873, "energy_consumption": 73.73131019985559, "selected": false, "client_name": "sta7"}
2026-06-12 16:23:41,021 - METRIC - INFO - {"loss": 0.1102471873164177, "accuracy": 0.9649859666824341, "energy_consumption": 73.70526899559349, "selected": false, "client_name": "sta12"}
2026-06-12 16:23:43,175 - METRIC - INFO - {"loss": 0.07924456894397736, "accuracy": 0.976190447807312, "energy_consumption": 74.27928548147553, "selected": false, "client_name": "sta13"}
2026-06-12 16:23:43,339 - METRIC - INFO - {"loss": 0.0828818827867508, "accuracy": 0.9726890921592712, "energy_consumption": 74.07689293283718, "selected": false, "client_name": "sta19"}
2026-06-12 16:23:43,675 - METRIC - INFO - {"loss": 0.08058962225914001, "accuracy": 0.9782913327217102, "energy_consumption": 74.22309940317297, "selected": false, "client_name": "sta10"}
2026-06-12 16:23:44,334 - METRIC - INFO - {"loss": 0.10199249535799026, "accuracy": 0.9663865566253662, "energy_consumption": 73.81669801154635, "selected": false, "client_name": "sta9"}
2026-06-12 16:23:44,370 - METRIC - INFO - {"loss": 0.08696626871824265, "accuracy": 0.9726890921592712, "energy_consumption": 74.04858446126333, "selected": false, "client_name": "sta8"}
2026-06-12 16:23:45,178 - METRIC - INFO - mean_accuracy: 0.9720238000154495

2026-06-12 16:23:45,179 - METRIC - INFO - round: 21
2026-06-12 16:23:45,179 - METRIC - INFO - n_selected: 20
2026-06-12 16:23:45,179 - METRIC - INFO - {"selected_trainers": ["sta0", "sta1", "sta10", "sta11", "sta12", "sta13", "sta14", "sta15", "sta16", "sta17", "sta18", "sta19", "sta2", "sta3", "sta4", "sta5", "sta6", "sta7", "sta8", "sta9"]}
2026-06-12 16:23:57,194 - EXECUT - INFO - received weights from trainer sta1!
2026-06-12 16:23:59,021 - EXECUT - INFO - received weights from trainer sta2!
2026-06-12 16:24:00,826 - EXECUT - INFO - received weights from trainer sta5!
2026-06-12 16:24:01,961 - EXECUT - INFO - received weights from trainer sta3!
2026-06-12 16:24:06,568 - EXECUT - INFO - received weights from trainer sta0!
2026-06-12 16:24:10,347 - EXECUT - INFO - received weights from trainer sta18!
2026-06-12 16:24:13,546 - EXECUT - INFO - received weights from trainer sta17!
2026-06-12 16:24:16,067 - EXECUT - INFO - received weights from trainer sta11!
2026-06-12 16:24:20,645 - EXECUT - INFO - received weights from trainer sta6!
2026-06-12 16:24:21,729 - EXECUT - INFO - received weights from trainer sta19!
2026-06-12 16:24:24,134 - EXECUT - INFO - received weights from trainer sta7!
2026-06-12 16:24:26,397 - EXECUT - INFO - received weights from trainer sta13!
2026-06-12 16:24:29,274 - EXECUT - INFO - received weights from trainer sta16!
2026-06-12 16:24:31,046 - EXECUT - INFO - received weights from trainer sta15!
2026-06-12 16:24:31,944 - EXECUT - INFO - received weights from trainer sta9!
2026-06-12 16:24:35,456 - EXECUT - INFO - received weights from trainer sta8!
2026-06-12 16:24:39,454 - EXECUT - INFO - received weights from trainer sta12!
2026-06-12 16:24:41,038 - EXECUT - INFO - received weights from trainer sta14!
2026-06-12 16:24:43,936 - EXECUT - INFO - received weights from trainer sta4!
2026-06-12 16:24:47,807 - EXECUT - INFO - received weights from trainer sta10!
2026-06-12 16:24:49,122 - EXECUT - INFO - sent aggregated weights to trainers!
2026-06-12 16:26:22,175 - METRIC - INFO - {"loss": 0.07709426432847977, "accuracy": 0.9803921580314636, "energy_consumption": 78.63257103502775, "selected": false, "client_name": "sta18"}
2026-06-12 16:26:22,928 - METRIC - INFO - {"loss": 0.08288104832172394, "accuracy": 0.9733893275260925, "energy_consumption": 79.18892844911244, "selected": false, "client_name": "sta16"}
2026-06-12 16:26:24,359 - METRIC - INFO - {"loss": 0.08132445067167282, "accuracy": 0.9733893275260925, "energy_consumption": 78.70210403646196, "selected": false, "client_name": "sta5"}
2026-06-12 16:26:25,354 - METRIC - INFO - {"loss": 0.08678148686885834, "accuracy": 0.9782913327217102, "energy_consumption": 78.37556537259026, "selected": false, "client_name": "sta17"}
2026-06-12 16:26:25,364 - METRIC - INFO - {"loss": 0.07542172074317932, "accuracy": 0.9768907427787781, "energy_consumption": 79.24718005716797, "selected": false, "client_name": "sta13"}
2026-06-12 16:26:26,378 - METRIC - INFO - {"loss": 0.10548482835292816, "accuracy": 0.9663865566253662, "energy_consumption": 78.92991887625877, "selected": false, "client_name": "sta12"}
2026-06-12 16:26:27,302 - METRIC - INFO - {"loss": 0.08931351453065872, "accuracy": 0.9747899174690247, "energy_consumption": 78.85194679474334, "selected": false, "client_name": "sta15"}
2026-06-12 16:26:27,387 - METRIC - INFO - {"loss": 0.09527133405208588, "accuracy": 0.9663865566253662, "energy_consumption": 79.02356161419675, "selected": false, "client_name": "sta6"}
2026-06-12 16:26:27,413 - METRIC - INFO - {"loss": 0.07668799161911011, "accuracy": 0.9775910377502441, "energy_consumption": 79.29137248042232, "selected": false, "client_name": "sta10"}
2026-06-12 16:26:27,471 - METRIC - INFO - {"loss": 0.07950103282928467, "accuracy": 0.9775910377502441, "energy_consumption": 79.10001366359384, "selected": false, "client_name": "sta2"}
2026-06-12 16:26:28,229 - METRIC - INFO - {"loss": 0.08991056680679321, "accuracy": 0.9740896224975586, "energy_consumption": 79.08456458722132, "selected": false, "client_name": "sta11"}
2026-06-12 16:26:28,291 - METRIC - INFO - {"loss": 0.08486127853393555, "accuracy": 0.9719887971878052, "energy_consumption": 79.02324523749056, "selected": false, "client_name": "sta7"}
2026-06-12 16:26:28,473 - METRIC - INFO - {"loss": 0.0784701257944107, "accuracy": 0.976190447807312, "energy_consumption": 79.21367896790193, "selected": false, "client_name": "sta19"}
2026-06-12 16:26:28,482 - METRIC - INFO - {"loss": 0.09497589617967606, "accuracy": 0.9691876769065857, "energy_consumption": 78.72922009717885, "selected": false, "client_name": "sta4"}
2026-06-12 16:26:28,593 - METRIC - INFO - {"loss": 0.08126986026763916, "accuracy": 0.976190447807312, "energy_consumption": 78.83497169996511, "selected": false, "client_name": "sta3"}
2026-06-12 16:26:29,153 - METRIC - INFO - {"loss": 0.10231530666351318, "accuracy": 0.970588207244873, "energy_consumption": 79.6730878401639, "selected": false, "client_name": "sta0"}
2026-06-12 16:26:29,792 - METRIC - INFO - {"loss": 0.0841417983174324, "accuracy": 0.9754902124404907, "energy_consumption": 79.2356078774274, "selected": false, "client_name": "sta8"}
2026-06-12 16:26:29,829 - METRIC - INFO - {"loss": 0.09245523810386658, "accuracy": 0.970588207244873, "energy_consumption": 79.30343397634924, "selected": false, "client_name": "sta14"}
2026-06-12 16:26:29,907 - METRIC - INFO - {"loss": 0.07417640089988708, "accuracy": 0.9796918630599976, "energy_consumption": 78.80712997916802, "selected": false, "client_name": "sta1"}
2026-06-12 16:26:30,676 - METRIC - INFO - {"loss": 0.09743442386388779, "accuracy": 0.9698879718780518, "energy_consumption": 79.0101370743858, "selected": false, "client_name": "sta9"}
2026-06-12 16:26:31,225 - METRIC - INFO - mean_accuracy: 0.9739495724439621

2026-06-12 16:26:31,226 - METRIC - INFO - round: 22
2026-06-12 16:26:31,226 - METRIC - INFO - n_selected: 20
2026-06-12 16:26:31,226 - METRIC - INFO - {"selected_trainers": ["sta0", "sta1", "sta10", "sta11", "sta12", "sta13", "sta14", "sta15", "sta16", "sta17", "sta18", "sta19", "sta2", "sta3", "sta4", "sta5", "sta6", "sta7", "sta8", "sta9"]}
2026-06-12 16:26:41,521 - EXECUT - INFO - received weights from trainer sta5!
2026-06-12 16:26:44,366 - EXECUT - INFO - received weights from trainer sta6!
2026-06-12 16:26:46,078 - EXECUT - INFO - received weights from trainer sta15!
2026-06-12 16:26:50,859 - EXECUT - INFO - received weights from trainer sta0!
2026-06-12 16:26:56,713 - EXECUT - INFO - received weights from trainer sta13!
2026-06-12 16:27:00,455 - EXECUT - INFO - received weights from trainer sta10!
2026-06-12 16:27:03,368 - EXECUT - INFO - received weights from trainer sta19!
2026-06-12 16:27:07,931 - EXECUT - INFO - received weights from trainer sta2!
2026-06-12 16:27:09,501 - EXECUT - INFO - received weights from trainer sta16!
2026-06-12 16:27:13,911 - EXECUT - INFO - received weights from trainer sta18!
2026-06-12 16:27:15,914 - EXECUT - INFO - received weights from trainer sta7!
2026-06-12 16:27:18,038 - EXECUT - INFO - received weights from trainer sta12!
2026-06-12 16:27:21,633 - EXECUT - INFO - received weights from trainer sta1!
2026-06-12 16:27:24,931 - EXECUT - INFO - received weights from trainer sta4!
2026-06-12 16:27:27,785 - EXECUT - INFO - received weights from trainer sta3!
2026-06-12 16:27:28,267 - EXECUT - INFO - received weights from trainer sta11!
2026-06-12 16:27:29,369 - EXECUT - INFO - received weights from trainer sta9!
2026-06-12 16:27:32,017 - EXECUT - INFO - received weights from trainer sta17!
2026-06-12 16:27:35,704 - EXECUT - INFO - received weights from trainer sta8!
2026-06-12 16:27:41,623 - EXECUT - INFO - received weights from trainer sta14!
2026-06-12 16:27:42,214 - EXECUT - INFO - sent aggregated weights to trainers!
2026-06-12 16:29:15,061 - METRIC - INFO - {"loss": 0.06987036019563675, "accuracy": 0.9810924530029297, "energy_consumption": 84.61958163642068, "selected": false, "client_name": "sta13"}
2026-06-12 16:29:17,063 - METRIC - INFO - {"loss": 0.09784044325351715, "accuracy": 0.970588207244873, "energy_consumption": 85.06099660537464, "selected": false, "client_name": "sta0"}
2026-06-12 16:29:18,093 - METRIC - INFO - {"loss": 0.0801587700843811, "accuracy": 0.9719887971878052, "energy_consumption": 83.95413219502414, "selected": false, "client_name": "sta5"}
2026-06-12 16:29:18,449 - METRIC - INFO - {"loss": 0.07019811868667603, "accuracy": 0.9796918630599976, "energy_consumption": 84.09672107860068, "selected": false, "client_name": "sta18"}
2026-06-12 16:29:18,480 - METRIC - INFO - {"loss": 0.08028286695480347, "accuracy": 0.9747899174690247, "energy_consumption": 84.22033093154968, "selected": false, "client_name": "sta7"}
2026-06-12 16:29:18,682 - METRIC - INFO - {"loss": 0.08866104483604431, "accuracy": 0.9747899174690247, "energy_consumption": 84.75025868442796, "selected": false, "client_name": "sta14"}
2026-06-12 16:29:18,796 - METRIC - INFO - {"loss": 0.07328543066978455, "accuracy": 0.9789915680885315, "energy_consumption": 84.54015304800687, "selected": false, "client_name": "sta19"}
2026-06-12 16:29:19,721 - METRIC - INFO - {"loss": 0.08369576930999756, "accuracy": 0.976190447807312, "energy_consumption": 83.9194613620424, "selected": false, "client_name": "sta17"}
2026-06-12 16:29:19,818 - METRIC - INFO - {"loss": 0.07354665547609329, "accuracy": 0.9789915680885315, "energy_consumption": 84.78383277746724, "selected": false, "client_name": "sta10"}
2026-06-12 16:29:20,276 - METRIC - INFO - {"loss": 0.09089529514312744, "accuracy": 0.970588207244873, "energy_consumption": 84.02157807092826, "selected": false, "client_name": "sta4"}
2026-06-12 16:29:21,318 - METRIC - INFO - {"loss": 0.0708036795258522, "accuracy": 0.9789915680885315, "energy_consumption": 84.13738422157384, "selected": false, "client_name": "sta1"}
2026-06-12 16:29:21,746 - METRIC - INFO - {"loss": 0.08565733581781387, "accuracy": 0.9754902124404907, "energy_consumption": 84.5416750241587, "selected": false, "client_name": "sta11"}
2026-06-12 16:29:21,998 - METRIC - INFO - {"loss": 0.07652342319488525, "accuracy": 0.9803921580314636, "energy_consumption": 84.50314202341855, "selected": false, "client_name": "sta2"}
2026-06-12 16:29:22,544 - METRIC - INFO - {"loss": 0.09464962780475616, "accuracy": 0.9698879718780518, "energy_consumption": 84.47238365190903, "selected": false, "client_name": "sta9"}
2026-06-12 16:29:22,594 - METRIC - INFO - {"loss": 0.09002897888422012, "accuracy": 0.9691876769065857, "energy_consumption": 84.54552593941405, "selected": false, "client_name": "sta6"}
2026-06-12 16:29:23,101 - METRIC - INFO - {"loss": 0.07805469632148743, "accuracy": 0.9775910377502441, "energy_consumption": 84.14654156073878, "selected": false, "client_name": "sta3"}
2026-06-12 16:29:23,354 - METRIC - INFO - {"loss": 0.08098962157964706, "accuracy": 0.9740896224975586, "energy_consumption": 84.80218472941543, "selected": false, "client_name": "sta16"}
2026-06-12 16:29:23,473 - METRIC - INFO - {"loss": 0.09029948711395264, "accuracy": 0.9733893275260925, "energy_consumption": 84.39883600247708, "selected": false, "client_name": "sta15"}
2026-06-12 16:29:23,872 - METRIC - INFO - {"loss": 0.07892602682113647, "accuracy": 0.976190447807312, "energy_consumption": 84.67444088739961, "selected": false, "client_name": "sta8"}
2026-06-12 16:29:24,352 - METRIC - INFO - {"loss": 0.10241936147212982, "accuracy": 0.9684873819351196, "energy_consumption": 84.55717741123175, "selected": false, "client_name": "sta12"}
2026-06-12 16:29:25,316 - METRIC - INFO - mean_accuracy: 0.9750700175762177

2026-06-12 16:29:25,317 - METRIC - INFO - round: 23
2026-06-12 16:29:25,317 - METRIC - INFO - n_selected: 20
2026-06-12 16:29:25,317 - METRIC - INFO - {"selected_trainers": ["sta0", "sta1", "sta10", "sta11", "sta12", "sta13", "sta14", "sta15", "sta16", "sta17", "sta18", "sta19", "sta2", "sta3", "sta4", "sta5", "sta6", "sta7", "sta8", "sta9"]}
2026-06-12 16:29:34,962 - EXECUT - INFO - received weights from trainer sta4!
2026-06-12 16:29:39,015 - EXECUT - INFO - received weights from trainer sta1!
2026-06-12 16:29:41,251 - EXECUT - INFO - received weights from trainer sta10!
2026-06-12 16:29:43,216 - EXECUT - INFO - received weights from trainer sta18!
2026-06-12 16:29:44,776 - EXECUT - INFO - received weights from trainer sta8!
2026-06-12 16:29:46,319 - EXECUT - INFO - received weights from trainer sta0!
2026-06-12 16:29:49,065 - EXECUT - INFO - received weights from trainer sta17!
2026-06-12 16:29:52,227 - EXECUT - INFO - received weights from trainer sta15!
2026-06-12 16:29:54,421 - EXECUT - INFO - received weights from trainer sta13!
2026-06-12 16:29:57,308 - EXECUT - INFO - received weights from trainer sta12!
2026-06-12 16:30:00,116 - EXECUT - INFO - received weights from trainer sta3!
2026-06-12 16:30:01,697 - EXECUT - INFO - received weights from trainer sta2!
2026-06-12 16:30:04,131 - EXECUT - INFO - received weights from trainer sta16!
2026-06-12 16:30:08,592 - EXECUT - INFO - received weights from trainer sta19!
2026-06-12 16:30:11,954 - EXECUT - INFO - received weights from trainer sta5!
2026-06-12 16:30:13,460 - EXECUT - INFO - received weights from trainer sta9!
2026-06-12 16:30:14,855 - EXECUT - INFO - received weights from trainer sta6!
2026-06-12 16:30:19,503 - EXECUT - INFO - received weights from trainer sta14!
2026-06-12 16:30:21,728 - EXECUT - INFO - received weights from trainer sta7!
2026-06-12 16:30:26,702 - EXECUT - INFO - received weights from trainer sta11!
2026-06-12 16:30:27,250 - EXECUT - INFO - sent aggregated weights to trainers!
2026-06-12 16:31:46,727 - METRIC - INFO - {"loss": 0.08072993904352188, "accuracy": 0.9747899174690247, "energy_consumption": 89.22602233136608, "selected": false, "client_name": "sta15"}
2026-06-12 16:31:49,892 - METRIC - INFO - {"loss": 0.09815406054258347, "accuracy": 0.9726890921592712, "energy_consumption": 89.3581721029741, "selected": false, "client_name": "sta12"}
2026-06-12 16:31:51,771 - METRIC - INFO - {"loss": 0.07559116929769516, "accuracy": 0.9747899174690247, "energy_consumption": 89.04740791135079, "selected": false, "client_name": "sta5"}
2026-06-12 16:31:53,676 - METRIC - INFO - {"loss": 0.06635769456624985, "accuracy": 0.9810924530029297, "energy_consumption": 89.29621995691288, "selected": false, "client_name": "sta18"}
2026-06-12 16:31:54,380 - METRIC - INFO - {"loss": 0.06596139818429947, "accuracy": 0.981792688369751, "energy_consumption": 89.9533792044696, "selected": false, "client_name": "sta13"}
2026-06-12 16:31:55,904 - METRIC - INFO - {"loss": 0.07302232086658478, "accuracy": 0.9796918630599976, "energy_consumption": 89.59892641529238, "selected": false, "client_name": "sta2"}
2026-06-12 16:31:56,292 - METRIC - INFO - {"loss": 0.08469564467668533, "accuracy": 0.9747899174690247, "energy_consumption": 89.89780263542727, "selected": false, "client_name": "sta14"}
2026-06-12 16:31:56,728 - METRIC - INFO - {"loss": 0.06778880208730698, "accuracy": 0.9796918630599976, "energy_consumption": 89.32936927948408, "selected": false, "client_name": "sta1"}
2026-06-12 16:31:56,836 - METRIC - INFO - {"loss": 0.07733578234910965, "accuracy": 0.9740896224975586, "energy_consumption": 89.76993714429953, "selected": false, "client_name": "sta16"}
2026-06-12 16:31:58,250 - METRIC - INFO - {"loss": 0.07594814151525497, "accuracy": 0.9747899174690247, "energy_consumption": 89.45640227930836, "selected": false, "client_name": "sta7"}
2026-06-12 16:31:58,700 - METRIC - INFO - {"loss": 0.07435468584299088, "accuracy": 0.9789915680885315, "energy_consumption": 89.34718133064283, "selected": false, "client_name": "sta3"}
2026-06-12 16:31:58,894 - METRIC - INFO - {"loss": 0.08472612500190735, "accuracy": 0.9698879718780518, "energy_consumption": 89.75865623891589, "selected": false, "client_name": "sta6"}
2026-06-12 16:31:59,578 - METRIC - INFO - {"loss": 0.09474387019872665, "accuracy": 0.9719887971878052, "energy_consumption": 90.46899115380076, "selected": false, "client_name": "sta0"}
2026-06-12 16:31:59,580 - METRIC - INFO - {"loss": 0.07064033299684525, "accuracy": 0.9796918630599976, "energy_consumption": 89.97488496328988, "selected": false, "client_name": "sta19"}
2026-06-12 16:32:00,296 - METRIC - INFO - {"loss": 0.07386000454425812, "accuracy": 0.9768907427787781, "energy_consumption": 89.92195546811202, "selected": false, "client_name": "sta8"}
2026-06-12 16:32:00,342 - METRIC - INFO - {"loss": 0.08065465092658997, "accuracy": 0.9747899174690247, "energy_consumption": 89.88328931937487, "selected": false, "client_name": "sta11"}
2026-06-12 16:32:00,422 - METRIC - INFO - {"loss": 0.08128079026937485, "accuracy": 0.976190447807312, "energy_consumption": 89.33905604105166, "selected": false, "client_name": "sta17"}
2026-06-12 16:32:00,976 - METRIC - INFO - {"loss": 0.08712447434663773, "accuracy": 0.9698879718780518, "energy_consumption": 89.23569402230477, "selected": false, "client_name": "sta4"}
2026-06-12 16:32:01,239 - METRIC - INFO - {"loss": 0.07035356760025024, "accuracy": 0.981792688369751, "energy_consumption": 90.22045625934554, "selected": false, "client_name": "sta10"}
2026-06-12 16:32:02,357 - METRIC - INFO - {"loss": 0.09431830793619156, "accuracy": 0.9726890921592712, "energy_consumption": 89.7741200568783, "selected": false, "client_name": "sta9"}
2026-06-12 16:32:03,345 - METRIC - INFO - mean_accuracy: 0.976050415635109

2026-06-12 16:32:03,346 - METRIC - INFO - round: 24
2026-06-12 16:32:03,346 - METRIC - INFO - n_selected: 20
2026-06-12 16:32:03,346 - METRIC - INFO - {"selected_trainers": ["sta0", "sta1", "sta10", "sta11", "sta12", "sta13", "sta14", "sta15", "sta16", "sta17", "sta18", "sta19", "sta2", "sta3", "sta4", "sta5", "sta6", "sta7", "sta8", "sta9"]}
2026-06-12 16:32:12,434 - EXECUT - INFO - received weights from trainer sta0!
2026-06-12 16:32:16,865 - EXECUT - INFO - received weights from trainer sta3!
2026-06-12 16:32:18,845 - EXECUT - INFO - received weights from trainer sta2!
2026-06-12 16:32:20,166 - EXECUT - INFO - received weights from trainer sta4!
2026-06-12 16:32:23,824 - EXECUT - INFO - received weights from trainer sta8!
2026-06-12 16:32:24,710 - EXECUT - INFO - received weights from trainer sta17!
2026-06-12 16:32:26,746 - EXECUT - INFO - received weights from trainer sta10!
2026-06-12 16:32:27,835 - EXECUT - INFO - received weights from trainer sta11!
2026-06-12 16:32:30,692 - EXECUT - INFO - received weights from trainer sta15!
2026-06-12 16:32:35,342 - EXECUT - INFO - received weights from trainer sta7!
2026-06-12 16:32:39,409 - EXECUT - INFO - received weights from trainer sta14!
2026-06-12 16:32:42,295 - EXECUT - INFO - received weights from trainer sta19!
2026-06-12 16:32:47,155 - EXECUT - INFO - received weights from trainer sta18!
2026-06-12 16:32:49,397 - EXECUT - INFO - received weights from trainer sta13!
2026-06-12 16:32:52,082 - EXECUT - INFO - received weights from trainer sta16!
2026-06-12 16:32:55,008 - EXECUT - INFO - received weights from trainer sta12!
2026-06-12 16:32:57,455 - EXECUT - INFO - received weights from trainer sta9!
2026-06-12 16:33:03,002 - EXECUT - INFO - received weights from trainer sta6!
2026-06-12 16:33:05,973 - EXECUT - INFO - received weights from trainer sta1!
2026-06-12 16:33:10,199 - EXECUT - INFO - received weights from trainer sta5!
2026-06-12 16:33:11,308 - EXECUT - INFO - sent aggregated weights to trainers!
2026-06-12 16:34:34,301 - METRIC - INFO - {"loss": 0.07860323041677475, "accuracy": 0.9775910377502441, "energy_consumption": 94.96252573948892, "selected": false, "client_name": "sta11"}
2026-06-12 16:34:36,595 - METRIC - INFO - {"loss": 0.06589854508638382, "accuracy": 0.981792688369751, "energy_consumption": 95.34367423312649, "selected": false, "client_name": "sta10"}
2026-06-12 16:34:38,643 - METRIC - INFO - {"loss": 0.07915347814559937, "accuracy": 0.9768907427787781, "energy_consumption": 95.08920489824142, "selected": false, "client_name": "sta15"}
2026-06-12 16:34:38,649 - METRIC - INFO - {"loss": 0.07367880642414093, "accuracy": 0.976190447807312, "energy_consumption": 95.43503264776216, "selected": false, "client_name": "sta16"}
2026-06-12 16:34:39,112 - METRIC - INFO - {"loss": 0.06439967453479767, "accuracy": 0.9810924530029297, "energy_consumption": 94.89673854040262, "selected": false, "client_name": "sta18"}
2026-06-12 16:34:40,294 - METRIC - INFO - {"loss": 0.07259275764226913, "accuracy": 0.9789915680885315, "energy_consumption": 94.87547046865518, "selected": false, "client_name": "sta7"}
2026-06-12 16:34:40,350 - METRIC - INFO - {"loss": 0.07803281396627426, "accuracy": 0.9775910377502441, "energy_consumption": 94.6973497695002, "selected": false, "client_name": "sta17"}
2026-06-12 16:34:40,420 - METRIC - INFO - {"loss": 0.08161436766386032, "accuracy": 0.970588207244873, "energy_consumption": 95.08998198380246, "selected": false, "client_name": "sta6"}
2026-06-12 16:34:41,053 - METRIC - INFO - {"loss": 0.09027343988418579, "accuracy": 0.9740896224975586, "energy_consumption": 95.94607948090359, "selected": false, "client_name": "sta0"}
2026-06-12 16:34:41,593 - METRIC - INFO - {"loss": 0.07608292251825333, "accuracy": 0.9754902124404907, "energy_consumption": 94.78495533367416, "selected": false, "client_name": "sta5"}
2026-06-12 16:34:42,509 - METRIC - INFO - {"loss": 0.07050487399101257, "accuracy": 0.9796918630599976, "energy_consumption": 94.62276270446827, "selected": false, "client_name": "sta3"}
2026-06-12 16:34:42,744 - METRIC - INFO - {"loss": 0.0805118978023529, "accuracy": 0.9775910377502441, "energy_consumption": 95.5921603662051, "selected": false, "client_name": "sta14"}
2026-06-12 16:34:43,343 - METRIC - INFO - {"loss": 0.06367892026901245, "accuracy": 0.9810924530029297, "energy_consumption": 94.89846661268979, "selected": false, "client_name": "sta1"}
2026-06-12 16:34:43,481 - METRIC - INFO - {"loss": 0.09425634145736694, "accuracy": 0.9726890921592712, "energy_consumption": 95.03040525879123, "selected": false, "client_name": "sta12"}
2026-06-12 16:34:44,022 - METRIC - INFO - {"loss": 0.08731517195701599, "accuracy": 0.9719887971878052, "energy_consumption": 95.33523298329433, "selected": false, "client_name": "sta9"}
2026-06-12 16:34:44,069 - METRIC - INFO - {"loss": 0.06413266062736511, "accuracy": 0.9838935732841492, "energy_consumption": 95.53507633052476, "selected": false, "client_name": "sta13"}
2026-06-12 16:34:44,443 - METRIC - INFO - {"loss": 0.06683441251516342, "accuracy": 0.9803921580314636, "energy_consumption": 95.44049070149543, "selected": false, "client_name": "sta19"}
2026-06-12 16:34:45,304 - METRIC - INFO - {"loss": 0.08437787741422653, "accuracy": 0.9712885022163391, "energy_consumption": 94.69582420729866, "selected": false, "client_name": "sta4"}
2026-06-12 16:34:45,367 - METRIC - INFO - {"loss": 0.07012757658958435, "accuracy": 0.9775910377502441, "energy_consumption": 95.078400608451, "selected": false, "client_name": "sta2"}
2026-06-12 16:34:46,136 - METRIC - INFO - {"loss": 0.07240749150514603, "accuracy": 0.9782913327217102, "energy_consumption": 95.42583604007953, "selected": false, "client_name": "sta8"}
2026-06-12 16:34:46,403 - METRIC - INFO - mean_accuracy: 0.9772408932447434

2026-06-12 16:34:46,404 - METRIC - INFO - round: 25
2026-06-12 16:34:46,404 - METRIC - INFO - n_selected: 20
2026-06-12 16:34:46,404 - METRIC - INFO - {"selected_trainers": ["sta0", "sta1", "sta10", "sta11", "sta12", "sta13", "sta14", "sta15", "sta16", "sta17", "sta18", "sta19", "sta2", "sta3", "sta4", "sta5", "sta6", "sta7", "sta8", "sta9"]}
2026-06-12 16:34:55,622 - EXECUT - INFO - received weights from trainer sta5!
2026-06-12 16:34:58,505 - EXECUT - INFO - received weights from trainer sta6!
2026-06-12 16:35:02,938 - EXECUT - INFO - received weights from trainer sta1!
2026-06-12 16:35:05,168 - EXECUT - INFO - received weights from trainer sta0!
2026-06-12 16:35:07,601 - EXECUT - INFO - received weights from trainer sta11!
2026-06-12 16:35:10,668 - EXECUT - INFO - received weights from trainer sta8!
2026-06-12 16:35:13,148 - EXECUT - INFO - received weights from trainer sta9!
2026-06-12 16:35:17,306 - EXECUT - INFO - received weights from trainer sta4!
2026-06-12 16:35:19,733 - EXECUT - INFO - received weights from trainer sta18!
2026-06-12 16:35:23,469 - EXECUT - INFO - received weights from trainer sta10!
2026-06-12 16:35:26,073 - EXECUT - INFO - received weights from trainer sta12!
2026-06-12 16:35:30,585 - EXECUT - INFO - received weights from trainer sta15!
2026-06-12 16:35:32,976 - EXECUT - INFO - received weights from trainer sta2!
2026-06-12 16:35:35,780 - EXECUT - INFO - received weights from trainer sta17!
2026-06-12 16:35:40,092 - EXECUT - INFO - received weights from trainer sta3!
2026-06-12 16:35:43,746 - EXECUT - INFO - received weights from trainer sta7!
2026-06-12 16:35:48,116 - EXECUT - INFO - received weights from trainer sta16!
2026-06-12 16:35:51,731 - EXECUT - INFO - received weights from trainer sta19!
2026-06-12 16:35:54,214 - EXECUT - INFO - received weights from trainer sta14!
2026-06-12 16:35:57,279 - EXECUT - INFO - received weights from trainer sta13!
2026-06-12 16:35:58,333 - EXECUT - INFO - sent aggregated weights to trainers!
2026-06-12 16:37:18,068 - METRIC - INFO - {"loss": 0.07840906083583832, "accuracy": 0.9698879718780518, "energy_consumption": 100.42935395192075, "selected": false, "client_name": "sta6"}
2026-06-12 16:37:21,760 - METRIC - INFO - {"loss": 0.08168254047632217, "accuracy": 0.9754902124404907, "energy_consumption": 101.07278818810877, "selected": false, "client_name": "sta14"}
2026-06-12 16:37:21,934 - METRIC - INFO - {"loss": 0.07593454420566559, "accuracy": 0.9782913327217102, "energy_consumption": 100.39243015131916, "selected": false, "client_name": "sta17"}
2026-06-12 16:37:23,217 - METRIC - INFO - {"loss": 0.08732128888368607, "accuracy": 0.9747899174690247, "energy_consumption": 101.63721145014667, "selected": false, "client_name": "sta0"}
2026-06-12 16:37:23,226 - METRIC - INFO - {"loss": 0.06175924465060234, "accuracy": 0.981792688369751, "energy_consumption": 101.10289372845953, "selected": false, "client_name": "sta13"}
2026-06-12 16:37:23,291 - METRIC - INFO - {"loss": 0.09321925789117813, "accuracy": 0.9733893275260925, "energy_consumption": 100.64961538647549, "selected": false, "client_name": "sta12"}
2026-06-12 16:37:23,474 - METRIC - INFO - {"loss": 0.07232069224119186, "accuracy": 0.9754902124404907, "energy_consumption": 100.27784861921792, "selected": false, "client_name": "sta5"}
2026-06-12 16:37:24,240 - METRIC - INFO - {"loss": 0.07163137942552567, "accuracy": 0.976190447807312, "energy_consumption": 101.2270324792563, "selected": false, "client_name": "sta16"}
2026-06-12 16:37:24,457 - METRIC - INFO - {"loss": 0.06368141621351242, "accuracy": 0.982492983341217, "energy_consumption": 101.17573628037391, "selected": false, "client_name": "sta10"}
2026-06-12 16:37:24,829 - METRIC - INFO - {"loss": 0.07489082962274551, "accuracy": 0.9775910377502441, "energy_consumption": 100.88883098138437, "selected": false, "client_name": "sta15"}
2026-06-12 16:37:25,053 - METRIC - INFO - {"loss": 0.06348910927772522, "accuracy": 0.981792688369751, "energy_consumption": 100.50094087454318, "selected": false, "client_name": "sta1"}
2026-06-12 16:37:25,199 - METRIC - INFO - {"loss": 0.06667275726795197, "accuracy": 0.9810924530029297, "energy_consumption": 100.66154231333786, "selected": false, "client_name": "sta2"}
2026-06-12 16:37:25,313 - METRIC - INFO - {"loss": 0.07134565711021423, "accuracy": 0.9768907427787781, "energy_consumption": 100.43772806822892, "selected": false, "client_name": "sta7"}
2026-06-12 16:37:25,717 - METRIC - INFO - {"loss": 0.06840287894010544, "accuracy": 0.9782913327217102, "energy_consumption": 100.36596899295932, "selected": false, "client_name": "sta3"}
2026-06-12 16:37:26,290 - METRIC - INFO - {"loss": 0.0649421364068985, "accuracy": 0.981792688369751, "energy_consumption": 101.17758276383687, "selected": false, "client_name": "sta19"}
2026-06-12 16:37:26,408 - METRIC - INFO - {"loss": 0.08041707426309586, "accuracy": 0.9740896224975586, "energy_consumption": 100.25205576639415, "selected": false, "client_name": "sta4"}
2026-06-12 16:37:27,301 - METRIC - INFO - {"loss": 0.06941834092140198, "accuracy": 0.9803921580314636, "energy_consumption": 101.05617509520945, "selected": false, "client_name": "sta8"}
2026-06-12 16:37:28,906 - METRIC - INFO - {"loss": 0.08738430589437485, "accuracy": 0.9712885022163391, "energy_consumption": 100.90288242502294, "selected": false, "client_name": "sta9"}
2026-06-12 16:37:28,940 - METRIC - INFO - {"loss": 0.07403846085071564, "accuracy": 0.9754902124404907, "energy_consumption": 100.9334932630073, "selected": false, "client_name": "sta11"}
2026-06-12 16:37:29,296 - METRIC - INFO - {"loss": 0.06490649282932281, "accuracy": 0.9831932783126831, "energy_consumption": 100.70594802549161, "selected": false, "client_name": "sta18"}
2026-06-12 16:37:29,428 - METRIC - INFO - mean_accuracy: 0.977485990524292

2026-06-12 16:37:29,428 - METRIC - INFO - round: 26
2026-06-12 16:37:29,428 - METRIC - INFO - n_selected: 20
2026-06-12 16:37:29,428 - METRIC - INFO - {"selected_trainers": ["sta0", "sta1", "sta10", "sta11", "sta12", "sta13", "sta14", "sta15", "sta16", "sta17", "sta18", "sta19", "sta2", "sta3", "sta4", "sta5", "sta6", "sta7", "sta8", "sta9"]}
2026-06-12 16:37:41,125 - EXECUT - INFO - received weights from trainer sta3!
2026-06-12 16:37:44,211 - EXECUT - INFO - received weights from trainer sta7!
2026-06-12 16:37:45,246 - EXECUT - INFO - received weights from trainer sta0!
2026-06-12 16:37:46,494 - EXECUT - INFO - received weights from trainer sta6!
2026-06-12 16:37:47,284 - EXECUT - INFO - received weights from trainer sta5!
2026-06-12 16:37:50,215 - EXECUT - INFO - received weights from trainer sta2!
2026-06-12 16:37:53,308 - EXECUT - INFO - received weights from trainer sta13!
2026-06-12 16:37:55,295 - EXECUT - INFO - received weights from trainer sta16!
2026-06-12 16:37:57,396 - EXECUT - INFO - received weights from trainer sta14!
2026-06-12 16:37:59,816 - EXECUT - INFO - received weights from trainer sta12!
2026-06-12 16:38:04,221 - EXECUT - INFO - received weights from trainer sta19!
2026-06-12 16:38:05,394 - EXECUT - INFO - received weights from trainer sta1!
2026-06-12 16:38:06,958 - EXECUT - INFO - received weights from trainer sta8!
2026-06-12 16:38:09,978 - EXECUT - INFO - received weights from trainer sta17!
2026-06-12 16:38:12,312 - EXECUT - INFO - received weights from trainer sta15!
2026-06-12 16:38:12,491 - EXECUT - INFO - received weights from trainer sta4!
2026-06-12 16:38:13,997 - EXECUT - INFO - received weights from trainer sta18!
2026-06-12 16:38:15,986 - EXECUT - INFO - received weights from trainer sta10!
2026-06-12 16:38:17,627 - EXECUT - INFO - received weights from trainer sta9!
2026-06-12 16:38:18,743 - EXECUT - INFO - received weights from trainer sta11!
2026-06-12 16:38:19,312 - EXECUT - INFO - sent aggregated weights to trainers!
2026-06-12 16:39:34,379 - METRIC - INFO - {"loss": 0.06725853681564331, "accuracy": 0.9789915680885315, "energy_consumption": 105.21269244102352, "selected": false, "client_name": "sta7"}
2026-06-12 16:39:40,624 - METRIC - INFO - {"loss": 0.08864320814609528, "accuracy": 0.9740896224975586, "energy_consumption": 105.7094195300964, "selected": false, "client_name": "sta12"}
2026-06-12 16:39:40,939 - METRIC - INFO - {"loss": 0.061065252870321274, "accuracy": 0.982492983341217, "energy_consumption": 105.50857235594934, "selected": false, "client_name": "sta18"}
2026-06-12 16:39:42,110 - METRIC - INFO - {"loss": 0.0842466726899147, "accuracy": 0.9754902124404907, "energy_consumption": 106.70163453090687, "selected": false, "client_name": "sta0"}
2026-06-12 16:39:43,716 - METRIC - INFO - {"loss": 0.07729071378707886, "accuracy": 0.970588207244873, "energy_consumption": 105.72601895118044, "selected": false, "client_name": "sta6"}
2026-06-12 16:39:43,776 - METRIC - INFO - {"loss": 0.05973921716213226, "accuracy": 0.9845938086509705, "energy_consumption": 106.24156435830454, "selected": false, "client_name": "sta13"}
2026-06-12 16:39:44,218 - METRIC - INFO - {"loss": 0.0775524452328682, "accuracy": 0.9754902124404907, "energy_consumption": 106.26477090459551, "selected": false, "client_name": "sta14"}
2026-06-12 16:39:45,152 - METRIC - INFO - {"loss": 0.07185576856136322, "accuracy": 0.9782913327217102, "energy_consumption": 105.87001275085996, "selected": false, "client_name": "sta11"}
2026-06-12 16:39:45,800 - METRIC - INFO - {"loss": 0.07058676332235336, "accuracy": 0.9782913327217102, "energy_consumption": 106.33220461717816, "selected": false, "client_name": "sta16"}
2026-06-12 16:39:46,122 - METRIC - INFO - {"loss": 0.07139401137828827, "accuracy": 0.9789915680885315, "energy_consumption": 106.06766643156293, "selected": false, "client_name": "sta15"}
2026-06-12 16:39:46,343 - METRIC - INFO - {"loss": 0.06763777881860733, "accuracy": 0.9789915680885315, "energy_consumption": 105.29902768041305, "selected": false, "client_name": "sta5"}
2026-06-12 16:39:46,813 - METRIC - INFO - {"loss": 0.07755601406097412, "accuracy": 0.976190447807312, "energy_consumption": 105.34003078758965, "selected": false, "client_name": "sta4"}
2026-06-12 16:39:46,903 - METRIC - INFO - {"loss": 0.060687191784381866, "accuracy": 0.9838935732841492, "energy_consumption": 106.24383761826176, "selected": false, "client_name": "sta10"}
2026-06-12 16:39:46,923 - METRIC - INFO - {"loss": 0.06513971835374832, "accuracy": 0.9810924530029297, "energy_consumption": 105.52664436552166, "selected": false, "client_name": "sta3"}
2026-06-12 16:39:46,937 - METRIC - INFO - {"loss": 0.07401523739099503, "accuracy": 0.9803921580314636, "energy_consumption": 105.75006741964091, "selected": false, "client_name": "sta17"}
2026-06-12 16:39:47,145 - METRIC - INFO - {"loss": 0.06071052327752113, "accuracy": 0.9838935732841492, "energy_consumption": 105.49892834562773, "selected": false, "client_name": "sta1"}
2026-06-12 16:39:48,122 - METRIC - INFO - {"loss": 0.0667954832315445, "accuracy": 0.9796918630599976, "energy_consumption": 106.12108846337792, "selected": false, "client_name": "sta8"}
2026-06-12 16:39:48,485 - METRIC - INFO - {"loss": 0.06452859193086624, "accuracy": 0.982492983341217, "energy_consumption": 105.64090533878151, "selected": false, "client_name": "sta2"}
2026-06-12 16:39:48,820 - METRIC - INFO - {"loss": 0.061763908714056015, "accuracy": 0.9838935732841492, "energy_consumption": 106.40189497562488, "selected": false, "client_name": "sta19"}
2026-06-12 16:39:49,562 - METRIC - INFO - {"loss": 0.0840369313955307, "accuracy": 0.9740896224975586, "energy_consumption": 106.00052919756057, "selected": false, "client_name": "sta9"}
2026-06-12 16:39:50,407 - METRIC - INFO - mean_accuracy: 0.979096633195877

2026-06-12 16:39:50,408 - METRIC - INFO - round: 27
2026-06-12 16:39:50,408 - METRIC - INFO - n_selected: 20
2026-06-12 16:39:50,408 - METRIC - INFO - {"selected_trainers": ["sta0", "sta1", "sta10", "sta11", "sta12", "sta13", "sta14", "sta15", "sta16", "sta17", "sta18", "sta19", "sta2", "sta3", "sta4", "sta5", "sta6", "sta7", "sta8", "sta9"]}
2026-06-12 16:40:00,155 - EXECUT - INFO - received weights from trainer sta2!
2026-06-12 16:40:02,336 - EXECUT - INFO - received weights from trainer sta7!
2026-06-12 16:40:05,680 - EXECUT - INFO - received weights from trainer sta14!
2026-06-12 16:40:07,886 - EXECUT - INFO - received weights from trainer sta19!
2026-06-12 16:40:08,740 - EXECUT - INFO - received weights from trainer sta15!
2026-06-12 16:40:09,788 - EXECUT - INFO - received weights from trainer sta0!
2026-06-12 16:40:10,194 - EXECUT - INFO - received weights from trainer sta16!
2026-06-12 16:40:11,028 - EXECUT - INFO - received weights from trainer sta18!
2026-06-12 16:40:13,239 - EXECUT - INFO - received weights from trainer sta1!
2026-06-12 16:40:14,668 - EXECUT - INFO - received weights from trainer sta5!
2026-06-12 16:40:16,190 - EXECUT - INFO - received weights from trainer sta3!
2026-06-12 16:40:17,202 - EXECUT - INFO - received weights from trainer sta8!
2026-06-12 16:40:17,839 - EXECUT - INFO - received weights from trainer sta17!
2026-06-12 16:40:18,648 - EXECUT - INFO - received weights from trainer sta13!
2026-06-12 16:40:19,060 - EXECUT - INFO - received weights from trainer sta6!
2026-06-12 16:40:19,645 - EXECUT - INFO - received weights from trainer sta11!
2026-06-12 16:40:21,584 - EXECUT - INFO - received weights from trainer sta12!
2026-06-12 16:40:23,157 - EXECUT - INFO - received weights from trainer sta4!
2026-06-12 16:40:23,333 - EXECUT - INFO - received weights from trainer sta10!
2026-06-12 16:40:26,404 - EXECUT - INFO - received weights from trainer sta9!
2026-06-12 16:40:27,271 - EXECUT - INFO - sent aggregated weights to trainers!
2026-06-12 16:41:43,692 - METRIC - INFO - {"loss": 0.05744744464755058, "accuracy": 0.9838935732841492, "energy_consumption": 110.67678340219969, "selected": false, "client_name": "sta13"}
2026-06-12 16:41:47,536 - METRIC - INFO - {"loss": 0.06748411804437637, "accuracy": 0.9789915680885315, "energy_consumption": 109.9477477030015, "selected": false, "client_name": "sta7"}
2026-06-12 16:41:49,380 - METRIC - INFO - {"loss": 0.06653022021055222, "accuracy": 0.9796918630599976, "energy_consumption": 109.8320534304357, "selected": false, "client_name": "sta5"}
2026-06-12 16:41:49,942 - METRIC - INFO - {"loss": 0.07307595759630203, "accuracy": 0.970588207244873, "energy_consumption": 110.21251391751643, "selected": false, "client_name": "sta6"}
2026-06-12 16:41:50,066 - METRIC - INFO - {"loss": 0.07025450468063354, "accuracy": 0.9796918630599976, "energy_consumption": 110.48328290133503, "selected": false, "client_name": "sta11"}
2026-06-12 16:41:50,769 - METRIC - INFO - {"loss": 0.05806512013077736, "accuracy": 0.982492983341217, "energy_consumption": 109.85617597721256, "selected": false, "client_name": "sta1"}
2026-06-12 16:41:50,876 - METRIC - INFO - {"loss": 0.07164640724658966, "accuracy": 0.9803921580314636, "energy_consumption": 110.3070663040543, "selected": false, "client_name": "sta17"}
2026-06-12 16:41:51,226 - METRIC - INFO - {"loss": 0.06233302876353264, "accuracy": 0.9810924530029297, "energy_consumption": 110.09704191804958, "selected": false, "client_name": "sta3"}
2026-06-12 16:41:51,913 - METRIC - INFO - {"loss": 0.087164968252182, "accuracy": 0.9768907427787781, "energy_consumption": 110.63207428415855, "selected": false, "client_name": "sta12"}
2026-06-12 16:41:52,165 - METRIC - INFO - {"loss": 0.07395663112401962, "accuracy": 0.976190447807312, "energy_consumption": 110.97702012451045, "selected": false, "client_name": "sta14"}
2026-06-12 16:41:52,170 - METRIC - INFO - {"loss": 0.06691540777683258, "accuracy": 0.9768907427787781, "energy_consumption": 110.94909604855233, "selected": false, "client_name": "sta16"}
2026-06-12 16:41:52,543 - METRIC - INFO - {"loss": 0.06110358610749245, "accuracy": 0.981792688369751, "energy_consumption": 110.88475055278172, "selected": false, "client_name": "sta10"}
2026-06-12 16:41:52,852 - METRIC - INFO - {"loss": 0.06305406987667084, "accuracy": 0.981792688369751, "energy_consumption": 110.20465147298225, "selected": false, "client_name": "sta2"}
2026-06-12 16:41:53,565 - METRIC - INFO - {"loss": 0.07575470209121704, "accuracy": 0.9754902124404907, "energy_consumption": 109.85589192264202, "selected": false, "client_name": "sta4"}
2026-06-12 16:41:53,666 - METRIC - INFO - {"loss": 0.06403277814388275, "accuracy": 0.9803921580314636, "energy_consumption": 110.71947821409493, "selected": false, "client_name": "sta8"}
2026-06-12 16:41:54,367 - METRIC - INFO - {"loss": 0.06901092827320099, "accuracy": 0.9789915680885315, "energy_consumption": 110.85829208236969, "selected": false, "client_name": "sta15"}
2026-06-12 16:41:54,411 - METRIC - INFO - {"loss": 0.059023480862379074, "accuracy": 0.981792688369751, "energy_consumption": 110.4659536237293, "selected": false, "client_name": "sta18"}
2026-06-12 16:41:54,753 - METRIC - INFO - {"loss": 0.06093931943178177, "accuracy": 0.9845938086509705, "energy_consumption": 111.04643951842246, "selected": false, "client_name": "sta19"}
2026-06-12 16:41:54,762 - METRIC - INFO - {"loss": 0.08184683322906494, "accuracy": 0.9754902124404907, "energy_consumption": 111.65213627992983, "selected": false, "client_name": "sta0"}
2026-06-12 16:41:56,259 - METRIC - INFO - {"loss": 0.08471247553825378, "accuracy": 0.9747899174690247, "energy_consumption": 110.70354476348167, "selected": false, "client_name": "sta9"}
2026-06-12 16:41:56,362 - METRIC - INFO - mean_accuracy: 0.9790966272354126

2026-06-12 16:41:56,363 - METRIC - INFO - round: 28
2026-06-12 16:41:56,363 - METRIC - INFO - n_selected: 20
2026-06-12 16:41:56,363 - METRIC - INFO - {"selected_trainers": ["sta0", "sta1", "sta10", "sta11", "sta12", "sta13", "sta14", "sta15", "sta16", "sta17", "sta18", "sta19", "sta2", "sta3", "sta4", "sta5", "sta6", "sta7", "sta8", "sta9"]}
2026-06-12 16:42:05,114 - EXECUT - INFO - received weights from trainer sta4!
2026-06-12 16:42:08,601 - EXECUT - INFO - received weights from trainer sta6!
2026-06-12 16:42:09,674 - EXECUT - INFO - received weights from trainer sta3!
2026-06-12 16:42:12,348 - EXECUT - INFO - received weights from trainer sta11!
2026-06-12 16:42:12,757 - EXECUT - INFO - received weights from trainer sta13!
2026-06-12 16:42:14,643 - EXECUT - INFO - received weights from trainer sta8!
2026-06-12 16:42:15,210 - EXECUT - INFO - received weights from trainer sta15!
2026-06-12 16:42:15,597 - EXECUT - INFO - received weights from trainer sta12!
2026-06-12 16:42:17,764 - EXECUT - INFO - received weights from trainer sta1!
2026-06-12 16:42:18,591 - EXECUT - INFO - received weights from trainer sta2!
2026-06-12 16:42:20,857 - EXECUT - INFO - received weights from trainer sta0!
2026-06-12 16:42:23,525 - EXECUT - INFO - received weights from trainer sta5!
2026-06-12 16:42:26,795 - EXECUT - INFO - received weights from trainer sta10!
2026-06-12 16:42:29,076 - EXECUT - INFO - received weights from trainer sta16!
2026-06-12 16:42:30,809 - EXECUT - INFO - received weights from trainer sta14!
2026-06-12 16:42:31,853 - EXECUT - INFO - received weights from trainer sta7!
2026-06-12 16:42:34,519 - EXECUT - INFO - received weights from trainer sta19!
2026-06-12 16:42:35,629 - EXECUT - INFO - received weights from trainer sta17!
2026-06-12 16:42:40,005 - EXECUT - INFO - received weights from trainer sta9!
2026-06-12 16:42:41,330 - EXECUT - INFO - received weights from trainer sta18!
2026-06-12 16:42:42,226 - EXECUT - INFO - sent aggregated weights to trainers!
2026-06-12 16:43:58,661 - METRIC - INFO - {"loss": 0.07133612036705017, "accuracy": 0.9740896224975586, "energy_consumption": 115.05051776452335, "selected": false, "client_name": "sta6"}
2026-06-12 16:44:00,070 - METRIC - INFO - {"loss": 0.05735653266310692, "accuracy": 0.9831932783126831, "energy_consumption": 115.53675769078485, "selected": false, "client_name": "sta10"}
2026-06-12 16:44:00,373 - METRIC - INFO - {"loss": 0.06735855340957642, "accuracy": 0.9782913327217102, "energy_consumption": 115.5911955793149, "selected": false, "client_name": "sta15"}
2026-06-12 16:44:00,696 - METRIC - INFO - {"loss": 0.07243125885725021, "accuracy": 0.9782913327217102, "energy_consumption": 115.97740658506727, "selected": false, "client_name": "sta14"}
2026-06-12 16:44:02,373 - METRIC - INFO - {"loss": 0.06421346962451935, "accuracy": 0.9796918630599976, "energy_consumption": 115.05086590860834, "selected": false, "client_name": "sta7"}
2026-06-12 16:44:02,801 - METRIC - INFO - {"loss": 0.06490299850702286, "accuracy": 0.976190447807312, "energy_consumption": 115.97310789521555, "selected": false, "client_name": "sta16"}
2026-06-12 16:44:03,699 - METRIC - INFO - {"loss": 0.06058869883418083, "accuracy": 0.982492983341217, "energy_consumption": 115.05664260417261, "selected": false, "client_name": "sta2"}
2026-06-12 16:44:03,856 - METRIC - INFO - {"loss": 0.07077740132808685, "accuracy": 0.9796918630599976, "energy_consumption": 115.30118781309783, "selected": false, "client_name": "sta17"}
2026-06-12 16:44:03,968 - METRIC - INFO - {"loss": 0.08573167771100998, "accuracy": 0.9754902124404907, "energy_consumption": 115.71622822933973, "selected": false, "client_name": "sta12"}
2026-06-12 16:44:04,129 - METRIC - INFO - {"loss": 0.06757258623838425, "accuracy": 0.9803921580314636, "energy_consumption": 115.45368827940746, "selected": false, "client_name": "sta11"}
2026-06-12 16:44:04,689 - METRIC - INFO - {"loss": 0.056933965533971786, "accuracy": 0.9838935732841492, "energy_consumption": 114.93617594777506, "selected": false, "client_name": "sta1"}
2026-06-12 16:44:05,040 - METRIC - INFO - {"loss": 0.055907923728227615, "accuracy": 0.9852941036224365, "energy_consumption": 115.90465148126799, "selected": false, "client_name": "sta13"}
2026-06-12 16:44:06,105 - METRIC - INFO - {"loss": 0.06498207151889801, "accuracy": 0.9810924530029297, "energy_consumption": 114.93196954784143, "selected": false, "client_name": "sta5"}
2026-06-12 16:44:06,153 - METRIC - INFO - {"loss": 0.05602128058671951, "accuracy": 0.9845938086509705, "energy_consumption": 115.45621598041173, "selected": false, "client_name": "sta18"}
2026-06-12 16:44:06,181 - METRIC - INFO - {"loss": 0.08259934931993484, "accuracy": 0.9740896224975586, "energy_consumption": 115.64225454891789, "selected": false, "client_name": "sta9"}
2026-06-12 16:44:06,273 - METRIC - INFO - {"loss": 0.06142030656337738, "accuracy": 0.9803921580314636, "energy_consumption": 115.07977785070008, "selected": false, "client_name": "sta3"}
2026-06-12 16:44:06,639 - METRIC - INFO - {"loss": 0.0794718861579895, "accuracy": 0.9775910377502441, "energy_consumption": 116.59998375914515, "selected": false, "client_name": "sta0"}
2026-06-12 16:44:06,774 - METRIC - INFO - {"loss": 0.059442199766635895, "accuracy": 0.9852941036224365, "energy_consumption": 116.12797570442515, "selected": false, "client_name": "sta19"}
2026-06-12 16:44:08,221 - METRIC - INFO - {"loss": 0.07440363615751266, "accuracy": 0.976190447807312, "energy_consumption": 114.91879467562526, "selected": false, "client_name": "sta4"}
2026-06-12 16:44:08,613 - METRIC - INFO - {"loss": 0.06278444826602936, "accuracy": 0.9796918630599976, "energy_consumption": 115.79485246645044, "selected": false, "client_name": "sta8"}
2026-06-12 16:44:09,317 - METRIC - INFO - mean_accuracy: 0.9797969132661819

2026-06-12 16:44:09,317 - METRIC - INFO - round: 29
2026-06-12 16:44:09,317 - METRIC - INFO - n_selected: 20
2026-06-12 16:44:09,317 - METRIC - INFO - {"selected_trainers": ["sta0", "sta1", "sta10", "sta11", "sta12", "sta13", "sta14", "sta15", "sta16", "sta17", "sta18", "sta19", "sta2", "sta3", "sta4", "sta5", "sta6", "sta7", "sta8", "sta9"]}
2026-06-12 16:44:19,884 - EXECUT - INFO - received weights from trainer sta6!
2026-06-12 16:44:22,026 - EXECUT - INFO - received weights from trainer sta5!
2026-06-12 16:44:24,335 - EXECUT - INFO - received weights from trainer sta9!
2026-06-12 16:44:25,499 - EXECUT - INFO - received weights from trainer sta2!
2026-06-12 16:44:27,288 - EXECUT - INFO - received weights from trainer sta4!
2026-06-12 16:44:29,464 - EXECUT - INFO - received weights from trainer sta8!
2026-06-12 16:44:33,793 - EXECUT - INFO - received weights from trainer sta10!
2026-06-12 16:44:33,936 - EXECUT - INFO - received weights from trainer sta16!
2026-06-12 16:44:34,078 - EXECUT - INFO - received weights from trainer sta12!
2026-06-12 16:44:34,466 - EXECUT - INFO - received weights from trainer sta15!
2026-06-12 16:44:37,088 - EXECUT - INFO - received weights from trainer sta1!
2026-06-12 16:44:37,228 - EXECUT - INFO - received weights from trainer sta11!
2026-06-12 16:44:37,368 - EXECUT - INFO - received weights from trainer sta7!
2026-06-12 16:44:39,308 - EXECUT - INFO - received weights from trainer sta0!
2026-06-12 16:44:39,476 - EXECUT - INFO - received weights from trainer sta13!
2026-06-12 16:44:40,551 - EXECUT - INFO - received weights from trainer sta14!
2026-06-12 16:44:40,931 - EXECUT - INFO - received weights from trainer sta18!
2026-06-12 16:44:41,077 - EXECUT - INFO - received weights from trainer sta19!
2026-06-12 16:44:41,218 - EXECUT - INFO - received weights from trainer sta17!
2026-06-12 16:44:42,033 - EXECUT - INFO - received weights from trainer sta3!
2026-06-12 16:44:43,152 - EXECUT - INFO - sent aggregated weights to trainers!
2026-06-12 16:45:57,993 - METRIC - INFO - {"loss": 0.05288206413388252, "accuracy": 0.9859943985939026, "energy_consumption": 120.24859608863048, "selected": false, "client_name": "sta13"}
2026-06-12 16:45:59,044 - METRIC - INFO - {"loss": 0.05700085684657097, "accuracy": 0.9838935732841492, "energy_consumption": 120.4872840430345, "selected": false, "client_name": "sta19"}
2026-06-12 16:45:59,255 - METRIC - INFO - {"loss": 0.08416140824556351, "accuracy": 0.9754902124404907, "energy_consumption": 120.17297324809336, "selected": false, "client_name": "sta12"}
2026-06-12 16:45:59,946 - METRIC - INFO - {"loss": 0.06371338665485382, "accuracy": 0.9796918630599976, "energy_consumption": 120.1997107452943, "selected": false, "client_name": "sta15"}
2026-06-12 16:46:00,935 - METRIC - INFO - {"loss": 0.069295234978199, "accuracy": 0.9747899174690247, "energy_consumption": 119.77840349390915, "selected": false, "client_name": "sta6"}
2026-06-12 16:46:01,074 - METRIC - INFO - {"loss": 0.07120662182569504, "accuracy": 0.9782913327217102, "energy_consumption": 119.21274655918687, "selected": false, "client_name": "sta4"}
2026-06-12 16:46:01,131 - METRIC - INFO - {"loss": 0.06022324413061142, "accuracy": 0.981792688369751, "energy_consumption": 119.53381198265834, "selected": false, "client_name": "sta2"}
2026-06-12 16:46:01,366 - METRIC - INFO - {"loss": 0.07763855159282684, "accuracy": 0.9782913327217102, "energy_consumption": 121.06929310287114, "selected": false, "client_name": "sta0"}
2026-06-12 16:46:02,034 - METRIC - INFO - {"loss": 0.06166454404592514, "accuracy": 0.981792688369751, "energy_consumption": 119.39135907331834, "selected": false, "client_name": "sta5"}
2026-06-12 16:46:02,314 - METRIC - INFO - {"loss": 0.061860352754592896, "accuracy": 0.9782913327217102, "energy_consumption": 119.4898947219696, "selected": false, "client_name": "sta7"}
2026-06-12 16:46:02,594 - METRIC - INFO - {"loss": 0.08165285736322403, "accuracy": 0.9740896224975586, "energy_consumption": 120.18912491683518, "selected": false, "client_name": "sta9"}
2026-06-12 16:46:02,936 - METRIC - INFO - {"loss": 0.06958632916212082, "accuracy": 0.9789915680885315, "energy_consumption": 119.9888585714971, "selected": false, "client_name": "sta17"}
2026-06-12 16:46:03,025 - METRIC - INFO - {"loss": 0.053835224360227585, "accuracy": 0.9845938086509705, "energy_consumption": 120.03672795797637, "selected": false, "client_name": "sta18"}
2026-06-12 16:46:03,255 - METRIC - INFO - {"loss": 0.06483455002307892, "accuracy": 0.9775910377502441, "energy_consumption": 120.61237041863546, "selected": false, "client_name": "sta16"}
2026-06-12 16:46:03,552 - METRIC - INFO - {"loss": 0.05441915616393089, "accuracy": 0.9831932783126831, "energy_consumption": 120.29059983247451, "selected": false, "client_name": "sta10"}
2026-06-12 16:46:04,306 - METRIC - INFO - {"loss": 0.07107794284820557, "accuracy": 0.9768907427787781, "energy_consumption": 120.7159383491288, "selected": false, "client_name": "sta14"}
2026-06-12 16:46:04,626 - METRIC - INFO - {"loss": 0.054956045001745224, "accuracy": 0.9845938086509705, "energy_consumption": 119.50688800450611, "selected": false, "client_name": "sta1"}
2026-06-12 16:46:05,087 - METRIC - INFO - {"loss": 0.05863287299871445, "accuracy": 0.9810924530029297, "energy_consumption": 119.63860864548025, "selected": false, "client_name": "sta3"}
2026-06-12 16:46:05,964 - METRIC - INFO - {"loss": 0.06420780718326569, "accuracy": 0.981792688369751, "energy_consumption": 120.2743659532214, "selected": false, "client_name": "sta11"}
2026-06-12 16:46:06,437 - METRIC - INFO - {"loss": 0.06061432138085365, "accuracy": 0.9796918630599976, "energy_consumption": 120.38792432775378, "selected": false, "client_name": "sta8"}
2026-06-12 16:46:07,239 - METRIC - INFO - mean_accuracy: 0.9800420105457306

2026-06-12 16:46:07,239 - METRIC - INFO - round: 30
2026-06-12 16:46:07,240 - METRIC - INFO - n_selected: 20
2026-06-12 16:46:07,240 - METRIC - INFO - {"selected_trainers": ["sta0", "sta1", "sta10", "sta11", "sta12", "sta13", "sta14", "sta15", "sta16", "sta17", "sta18", "sta19", "sta2", "sta3", "sta4", "sta5", "sta6", "sta7", "sta8", "sta9"]}
2026-06-12 16:46:16,203 - EXECUT - INFO - received weights from trainer sta4!
2026-06-12 16:46:17,767 - EXECUT - INFO - received weights from trainer sta0!
2026-06-12 16:46:20,384 - EXECUT - INFO - received weights from trainer sta6!
2026-06-12 16:46:21,277 - EXECUT - INFO - received weights from trainer sta14!
2026-06-12 16:46:24,129 - EXECUT - INFO - received weights from trainer sta1!
2026-06-12 16:46:25,878 - EXECUT - INFO - received weights from trainer sta10!
2026-06-12 16:46:30,485 - EXECUT - INFO - received weights from trainer sta18!
2026-06-12 16:46:32,476 - EXECUT - INFO - received weights from trainer sta3!
2026-06-12 16:46:33,546 - EXECUT - INFO - received weights from trainer sta9!
2026-06-12 16:46:35,642 - EXECUT - INFO - received weights from trainer sta2!
2026-06-12 16:46:36,041 - EXECUT - INFO - received weights from trainer sta19!
2026-06-12 16:46:38,699 - EXECUT - INFO - received weights from trainer sta5!
2026-06-12 16:46:40,915 - EXECUT - INFO - received weights from trainer sta17!
2026-06-12 16:46:46,386 - EXECUT - INFO - received weights from trainer sta12!
2026-06-12 16:46:48,154 - EXECUT - INFO - received weights from trainer sta7!
2026-06-12 16:46:51,048 - EXECUT - INFO - received weights from trainer sta16!
2026-06-12 16:46:52,781 - EXECUT - INFO - received weights from trainer sta8!
2026-06-12 16:46:54,791 - EXECUT - INFO - received weights from trainer sta13!
2026-06-12 16:46:55,645 - EXECUT - INFO - received weights from trainer sta11!
2026-06-12 16:46:55,811 - EXECUT - INFO - received weights from trainer sta15!
2026-06-12 16:46:57,099 - EXECUT - INFO - sent aggregated weights to trainers!
2026-06-12 16:48:12,276 - METRIC - INFO - {"loss": 0.062222108244895935, "accuracy": 0.9789915680885315, "energy_consumption": 125.3389148747661, "selected": false, "client_name": "sta11"}
2026-06-12 16:48:13,570 - METRIC - INFO - {"loss": 0.06184281408786774, "accuracy": 0.982492983341217, "energy_consumption": 124.56224556709905, "selected": false, "client_name": "sta5"}
2026-06-12 16:48:14,559 - METRIC - INFO - {"loss": 0.0544741116464138, "accuracy": 0.9852941036224365, "energy_consumption": 125.84682280317108, "selected": false, "client_name": "sta19"}
2026-06-12 16:48:14,645 - METRIC - INFO - {"loss": 0.07445503771305084, "accuracy": 0.9796918630599976, "energy_consumption": 126.27520321364739, "selected": false, "client_name": "sta0"}
2026-06-12 16:48:14,740 - METRIC - INFO - {"loss": 0.07918311655521393, "accuracy": 0.9754902124404907, "energy_consumption": 125.62289438465665, "selected": false, "client_name": "sta12"}
2026-06-12 16:48:14,983 - METRIC - INFO - {"loss": 0.050837192684412, "accuracy": 0.9859943985939026, "energy_consumption": 125.78666466439216, "selected": false, "client_name": "sta13"}
2026-06-12 16:48:16,013 - METRIC - INFO - {"loss": 0.06907222419977188, "accuracy": 0.9768907427787781, "energy_consumption": 126.07966685218821, "selected": false, "client_name": "sta14"}
2026-06-12 16:48:16,058 - METRIC - INFO - {"loss": 0.06847480684518814, "accuracy": 0.9747899174690247, "energy_consumption": 125.02947157981404, "selected": false, "client_name": "sta6"}
2026-06-12 16:48:16,113 - METRIC - INFO - {"loss": 0.05765048786997795, "accuracy": 0.982492983341217, "energy_consumption": 124.78397282973816, "selected": false, "client_name": "sta2"}
2026-06-12 16:48:16,831 - METRIC - INFO - {"loss": 0.06576967239379883, "accuracy": 0.9831932783126831, "energy_consumption": 125.31483397131117, "selected": false, "client_name": "sta17"}
2026-06-12 16:48:17,299 - METRIC - INFO - {"loss": 0.06890875846147537, "accuracy": 0.976190447807312, "energy_consumption": 124.402527739893, "selected": false, "client_name": "sta4"}
2026-06-12 16:48:17,675 - METRIC - INFO - {"loss": 0.0619523711502552, "accuracy": 0.9775910377502441, "energy_consumption": 125.97508174087565, "selected": false, "client_name": "sta16"}
2026-06-12 16:48:18,029 - METRIC - INFO - {"loss": 0.053399477154016495, "accuracy": 0.9845938086509705, "energy_consumption": 125.33880351488341, "selected": false, "client_name": "sta18"}
2026-06-12 16:48:18,034 - METRIC - INFO - {"loss": 0.059916358441114426, "accuracy": 0.9789915680885315, "energy_consumption": 124.69466776404838, "selected": false, "client_name": "sta7"}
2026-06-12 16:48:18,496 - METRIC - INFO - {"loss": 0.0562136210501194, "accuracy": 0.9810924530029297, "energy_consumption": 124.88965214882259, "selected": false, "client_name": "sta3"}
2026-06-12 16:48:18,624 - METRIC - INFO - {"loss": 0.05498808994889259, "accuracy": 0.9831932783126831, "energy_consumption": 124.65051212323837, "selected": false, "client_name": "sta1"}
2026-06-12 16:48:18,624 - METRIC - INFO - {"loss": 0.06151488795876503, "accuracy": 0.9803921580314636, "energy_consumption": 125.84014460550824, "selected": false, "client_name": "sta15"}
2026-06-12 16:48:19,225 - METRIC - INFO - {"loss": 0.06003110110759735, "accuracy": 0.9796918630599976, "energy_consumption": 125.62513594399643, "selected": false, "client_name": "sta8"}
2026-06-12 16:48:21,524 - METRIC - INFO - {"loss": 0.053043413907289505, "accuracy": 0.9831932783126831, "energy_consumption": 125.7830110406932, "selected": false, "client_name": "sta10"}
2026-06-12 16:48:22,630 - METRIC - INFO - {"loss": 0.0803930014371872, "accuracy": 0.9747899174690247, "energy_consumption": 125.78852564465275, "selected": false, "client_name": "sta9"}
2026-06-12 16:48:23,189 - METRIC - INFO - mean_accuracy: 0.9802520930767059

2026-06-12 16:48:23,195 - METRIC - INFO - stop_condition: rounds
