2026-07-01 16:36:28,765 - EXECUT - INFO - starting server...
2026-07-01 16:36:33,586 - EXECUT - INFO - trainer number sta0 just joined the pool
2026-07-01 16:36:33,688 - EXECUT - INFO - trainer number sta1 just joined the pool
2026-07-01 16:36:33,766 - EXECUT - INFO - trainer number sta4 just joined the pool
2026-07-01 16:36:33,813 - EXECUT - INFO - trainer number sta3 just joined the pool
2026-07-01 16:36:33,855 - EXECUT - INFO - trainer number sta5 just joined the pool
2026-07-01 16:36:33,897 - EXECUT - INFO - trainer number sta2 just joined the pool
2026-07-01 16:36:33,987 - EXECUT - INFO - trainer number sta6 just joined the pool
2026-07-01 16:36:34,042 - EXECUT - INFO - trainer number sta7 just joined the pool
2026-07-01 16:36:34,106 - EXECUT - INFO - trainer number sta8 just joined the pool
2026-07-01 16:36:34,227 - EXECUT - INFO - trainer number sta10 just joined the pool
2026-07-01 16:36:34,321 - EXECUT - INFO - trainer number sta9 just joined the pool
2026-07-01 16:36:34,775 - EXECUT - INFO - mensagem de data_sz recebida: 
 {'id': 'sta0', 'dataset_sz': 747088320}
2026-07-01 16:36:34,775 - EXECUT - INFO - mensagem de data_sz recebida: 
 {'id': 'sta1', 'dataset_sz': 684321792}
2026-07-01 16:36:34,816 - EXECUT - INFO - mensagem de data_sz recebida: 
 {'id': 'sta10', 'dataset_sz': 748350720}
2026-07-01 16:36:34,816 - EXECUT - INFO - mensagem de data_sz recebida: 
 {'id': 'sta2', 'dataset_sz': 1128383616}
2026-07-01 16:36:34,816 - EXECUT - INFO - mensagem de data_sz recebida: 
 {'id': 'sta3', 'dataset_sz': 1047438528}
2026-07-01 16:36:34,816 - EXECUT - INFO - mensagem de data_sz recebida: 
 {'id': 'sta5', 'dataset_sz': 1135301568}
2026-07-01 16:36:34,816 - EXECUT - INFO - mensagem de data_sz recebida: 
 {'id': 'sta8', 'dataset_sz': 352361088}
2026-07-01 16:36:34,816 - EXECUT - INFO - mensagem de data_sz recebida: 
 {'id': 'sta6', 'dataset_sz': 995528640}
2026-07-01 16:36:34,816 - EXECUT - INFO - mensagem de data_sz recebida: 
 {'id': 'sta7', 'dataset_sz': 1026684672}
2026-07-01 16:36:34,816 - EXECUT - INFO - mensagem de data_sz recebida: 
 {'id': 'sta4', 'dataset_sz': 436285440}
2026-07-01 16:36:34,816 - EXECUT - INFO - mensagem de data_sz recebida: 
 {'id': 'sta9', 'dataset_sz': 1102428672}
2026-07-01 16:36:35,775 - METRIC - INFO - round: 1
2026-07-01 16:36:35,775 - METRIC - INFO - n_selected: 11
2026-07-01 16:36:35,775 - METRIC - INFO - {"selected_trainers": ["sta0", "sta1", "sta10", "sta2", "sta3", "sta4", "sta5", "sta6", "sta7", "sta8", "sta9"]}
2026-07-01 16:36:41,060 - EXECUT - INFO - received weights from trainer sta4!
2026-07-01 16:36:41,612 - EXECUT - INFO - received weights from trainer sta8!
2026-07-01 16:36:44,953 - EXECUT - INFO - received weights from trainer sta10!
2026-07-01 16:36:46,440 - EXECUT - INFO - received weights from trainer sta1!
2026-07-01 16:36:46,618 - EXECUT - INFO - received weights from trainer sta0!
2026-07-01 16:36:47,628 - EXECUT - INFO - received weights from trainer sta2!
2026-07-01 16:36:48,297 - EXECUT - INFO - received weights from trainer sta6!
2026-07-01 16:36:48,818 - EXECUT - INFO - received weights from trainer sta9!
2026-07-01 16:36:49,635 - EXECUT - INFO - received weights from trainer sta3!
2026-07-01 16:36:50,361 - EXECUT - INFO - received weights from trainer sta5!
2026-07-01 16:36:50,502 - EXECUT - INFO - received weights from trainer sta7!
2026-07-01 16:36:51,475 - EXECUT - INFO - sent aggregated weights to trainers!
2026-07-01 16:36:51,995 - METRIC - INFO - {"loss": 0.40935471653938293, "accuracy": 0.8950086236000061, "energy_consumption": 1055.536910403805, "selected": false, "client_name": "sta8"}
2026-07-01 16:36:52,001 - METRIC - INFO - {"loss": 0.3830239474773407, "accuracy": 0.8986111283302307, "energy_consumption": 1304.2575074533177, "selected": false, "client_name": "sta4"}
2026-07-01 16:36:52,037 - METRIC - INFO - {"loss": 0.3027288019657135, "accuracy": 0.9153845906257629, "energy_consumption": 1056.2486286778874, "selected": false, "client_name": "sta10"}
2026-07-01 16:36:52,111 - METRIC - INFO - {"loss": 0.3237753212451935, "accuracy": 0.9046652913093567, "energy_consumption": 1265.3322866080148, "selected": false, "client_name": "sta0"}
2026-07-01 16:36:52,114 - METRIC - INFO - {"loss": 0.3211035430431366, "accuracy": 0.9149690270423889, "energy_consumption": 1193.926108606506, "selected": false, "client_name": "sta1"}
2026-07-01 16:36:52,120 - METRIC - INFO - {"loss": 0.27762824296951294, "accuracy": 0.9180988073348999, "energy_consumption": 1371.4786572738635, "selected": false, "client_name": "sta2"}
2026-07-01 16:36:52,134 - METRIC - INFO - {"loss": 0.23915359377861023, "accuracy": 0.9345794320106506, "energy_consumption": 1036.4698773690411, "selected": false, "client_name": "sta9"}
2026-07-01 16:36:52,142 - METRIC - INFO - {"loss": 0.27593544125556946, "accuracy": 0.9208523631095886, "energy_consumption": 1029.3931457152453, "selected": false, "client_name": "sta6"}
2026-07-01 16:36:52,169 - METRIC - INFO - {"loss": 0.2647944688796997, "accuracy": 0.9216083288192749, "energy_consumption": 1188.8294359500321, "selected": false, "client_name": "sta3"}
2026-07-01 16:36:52,183 - METRIC - INFO - {"loss": 0.2841872572898865, "accuracy": 0.9170601963996887, "energy_consumption": 1057.5609693502663, "selected": false, "client_name": "sta7"}
2026-07-01 16:36:52,212 - METRIC - INFO - {"loss": 0.2650165259838104, "accuracy": 0.9220709800720215, "energy_consumption": 1208.7247546960004, "selected": false, "client_name": "sta5"}
2026-07-01 16:36:52,476 - METRIC - INFO - mean_accuracy: 0.9148098880594427

2026-07-01 16:36:52,476 - METRIC - INFO - round: 2
2026-07-01 16:36:52,476 - METRIC - INFO - n_selected: 11
2026-07-01 16:36:52,476 - METRIC - INFO - {"selected_trainers": ["sta0", "sta1", "sta10", "sta2", "sta3", "sta4", "sta5", "sta6", "sta7", "sta8", "sta9"]}
2026-07-01 16:36:57,316 - EXECUT - INFO - received weights from trainer sta8!
2026-07-01 16:36:57,459 - EXECUT - INFO - received weights from trainer sta4!
2026-07-01 16:37:01,517 - EXECUT - INFO - received weights from trainer sta10!
2026-07-01 16:37:02,617 - EXECUT - INFO - received weights from trainer sta1!
2026-07-01 16:37:02,909 - EXECUT - INFO - received weights from trainer sta0!
2026-07-01 16:37:04,117 - EXECUT - INFO - received weights from trainer sta2!
2026-07-01 16:37:04,692 - EXECUT - INFO - received weights from trainer sta6!
2026-07-01 16:37:05,313 - EXECUT - INFO - received weights from trainer sta9!
2026-07-01 16:37:05,889 - EXECUT - INFO - received weights from trainer sta3!
2026-07-01 16:37:06,699 - EXECUT - INFO - received weights from trainer sta5!
2026-07-01 16:37:06,738 - EXECUT - INFO - received weights from trainer sta7!
2026-07-01 16:37:07,301 - EXECUT - INFO - sent aggregated weights to trainers!
2026-07-01 16:37:07,751 - METRIC - INFO - {"loss": 1.158128261566162, "accuracy": 0.7013888955116272, "energy_consumption": 1834.8472963209226, "selected": false, "client_name": "sta4"}
2026-07-01 16:37:07,757 - METRIC - INFO - {"loss": 1.6640121936798096, "accuracy": 0.6213425397872925, "energy_consumption": 1612.3326600639052, "selected": false, "client_name": "sta8"}
2026-07-01 16:37:07,821 - METRIC - INFO - {"loss": 0.5869926810264587, "accuracy": 0.8429149985313416, "energy_consumption": 1625.179139377435, "selected": false, "client_name": "sta10"}
2026-07-01 16:37:07,849 - METRIC - INFO - {"loss": 0.6405631303787231, "accuracy": 0.8361381888389587, "energy_consumption": 1566.0578128120426, "selected": false, "client_name": "sta1"}
2026-07-01 16:37:07,865 - METRIC - INFO - {"loss": 0.43011900782585144, "accuracy": 0.8775510191917419, "energy_consumption": 1873.2490647572533, "selected": false, "client_name": "sta2"}
2026-07-01 16:37:07,891 - METRIC - INFO - {"loss": 0.4166010320186615, "accuracy": 0.8900494575500488, "energy_consumption": 1575.610321806765, "selected": false, "client_name": "sta9"}
2026-07-01 16:37:07,939 - METRIC - INFO - {"loss": 0.4695832431316376, "accuracy": 0.8669710755348206, "energy_consumption": 1454.3365399765264, "selected": false, "client_name": "sta6"}
2026-07-01 16:37:07,952 - METRIC - INFO - {"loss": 0.4529518485069275, "accuracy": 0.8730112910270691, "energy_consumption": 1589.2797121679823, "selected": false, "client_name": "sta3"}
2026-07-01 16:37:07,966 - METRIC - INFO - {"loss": 0.5918632745742798, "accuracy": 0.838945209980011, "energy_consumption": 1656.2498277707343, "selected": false, "client_name": "sta0"}
2026-07-01 16:37:07,989 - METRIC - INFO - {"loss": 0.4581117630004883, "accuracy": 0.8716056942939758, "energy_consumption": 1425.4936173527506, "selected": false, "client_name": "sta7"}
2026-07-01 16:37:08,000 - METRIC - INFO - {"loss": 0.4267631769180298, "accuracy": 0.8804376721382141, "energy_consumption": 1637.6418972929946, "selected": false, "client_name": "sta5"}
2026-07-01 16:37:08,304 - METRIC - INFO - mean_accuracy: 0.827305094762282

2026-07-01 16:37:08,304 - METRIC - INFO - round: 3
2026-07-01 16:37:08,304 - METRIC - INFO - n_selected: 11
2026-07-01 16:37:08,304 - METRIC - INFO - {"selected_trainers": ["sta0", "sta1", "sta10", "sta2", "sta3", "sta4", "sta5", "sta6", "sta7", "sta8", "sta9"]}
2026-07-01 16:37:13,210 - EXECUT - INFO - received weights from trainer sta8!
2026-07-01 16:37:13,311 - EXECUT - INFO - received weights from trainer sta4!
2026-07-01 16:37:17,289 - EXECUT - INFO - received weights from trainer sta10!
2026-07-01 16:37:18,459 - EXECUT - INFO - received weights from trainer sta1!
2026-07-01 16:37:18,754 - EXECUT - INFO - received weights from trainer sta0!
2026-07-01 16:37:19,884 - EXECUT - INFO - received weights from trainer sta2!
2026-07-01 16:37:20,520 - EXECUT - INFO - received weights from trainer sta6!
2026-07-01 16:37:21,129 - EXECUT - INFO - received weights from trainer sta9!
2026-07-01 16:37:21,698 - EXECUT - INFO - received weights from trainer sta3!
2026-07-01 16:37:22,585 - EXECUT - INFO - received weights from trainer sta5!
2026-07-01 16:37:29,327 - EXECUT - INFO - received weights from trainer sta7!
2026-07-01 16:37:30,087 - EXECUT - INFO - sent aggregated weights to trainers!
2026-07-01 16:37:30,560 - METRIC - INFO - {"loss": 0.3486767113208771, "accuracy": 0.913941502571106, "energy_consumption": 2433.936665633586, "selected": false, "client_name": "sta8"}
2026-07-01 16:37:30,600 - METRIC - INFO - {"loss": 0.37906578183174133, "accuracy": 0.8902778029441833, "energy_consumption": 2509.631211507454, "selected": false, "client_name": "sta4"}
2026-07-01 16:37:30,621 - METRIC - INFO - {"loss": 0.32015761733055115, "accuracy": 0.908906877040863, "energy_consumption": 2471.299180540215, "selected": false, "client_name": "sta10"}
2026-07-01 16:37:30,629 - METRIC - INFO - {"loss": 0.2846342921257019, "accuracy": 0.9143394231796265, "energy_consumption": 2674.926787048279, "selected": false, "client_name": "sta2"}
2026-07-01 16:37:30,658 - METRIC - INFO - {"loss": 0.32104185223579407, "accuracy": 0.9105402827262878, "energy_consumption": 2109.234938813201, "selected": false, "client_name": "sta1"}
2026-07-01 16:37:30,673 - METRIC - INFO - {"loss": 0.29222241044044495, "accuracy": 0.916765034198761, "energy_consumption": 1974.454481683805, "selected": false, "client_name": "sta7"}
2026-07-01 16:37:30,680 - METRIC - INFO - {"loss": 0.2690180242061615, "accuracy": 0.9230346083641052, "energy_consumption": 2407.9730677649027, "selected": false, "client_name": "sta9"}
2026-07-01 16:37:30,712 - METRIC - INFO - {"loss": 0.29257991909980774, "accuracy": 0.9178082346916199, "energy_consumption": 2099.1926661066873, "selected": false, "client_name": "sta6"}
2026-07-01 16:37:30,730 - METRIC - INFO - {"loss": 0.2800125777721405, "accuracy": 0.9167333841323853, "energy_consumption": 2149.2205272273827, "selected": false, "client_name": "sta5"}
2026-07-01 16:37:30,768 - METRIC - INFO - {"loss": 0.3209189474582672, "accuracy": 0.9038539528846741, "energy_consumption": 2223.95777402696, "selected": false, "client_name": "sta0"}
2026-07-01 16:37:30,770 - METRIC - INFO - {"loss": 0.2867283225059509, "accuracy": 0.915533721446991, "energy_consumption": 2183.4903268781077, "selected": false, "client_name": "sta3"}
2026-07-01 16:37:31,089 - METRIC - INFO - mean_accuracy: 0.9119758931073275

2026-07-01 16:37:31,089 - METRIC - INFO - round: 4
2026-07-01 16:37:31,089 - METRIC - INFO - n_selected: 11
2026-07-01 16:37:31,089 - METRIC - INFO - {"selected_trainers": ["sta0", "sta1", "sta10", "sta2", "sta3", "sta4", "sta5", "sta6", "sta7", "sta8", "sta9"]}
2026-07-01 16:37:35,904 - EXECUT - INFO - received weights from trainer sta8!
2026-07-01 16:37:36,042 - EXECUT - INFO - received weights from trainer sta4!
2026-07-01 16:37:40,071 - EXECUT - INFO - received weights from trainer sta10!
2026-07-01 16:37:41,281 - EXECUT - INFO - received weights from trainer sta1!
2026-07-01 16:37:41,486 - EXECUT - INFO - received weights from trainer sta0!
2026-07-01 16:37:42,606 - EXECUT - INFO - received weights from trainer sta2!
2026-07-01 16:37:43,361 - EXECUT - INFO - received weights from trainer sta6!
2026-07-01 16:37:43,879 - EXECUT - INFO - received weights from trainer sta9!
2026-07-01 16:37:44,450 - EXECUT - INFO - received weights from trainer sta3!
2026-07-01 16:37:45,303 - EXECUT - INFO - received weights from trainer sta5!
2026-07-01 16:37:45,467 - EXECUT - INFO - received weights from trainer sta7!
2026-07-01 16:37:45,872 - EXECUT - INFO - sent aggregated weights to trainers!
2026-07-01 16:37:46,203 - METRIC - INFO - {"loss": 0.25838547945022583, "accuracy": 0.9268502593040466, "energy_consumption": 2971.2164755803747, "selected": false, "client_name": "sta8"}
2026-07-01 16:37:46,282 - METRIC - INFO - {"loss": 0.2779631018638611, "accuracy": 0.918055534362793, "energy_consumption": 3003.959112632967, "selected": false, "client_name": "sta4"}
2026-07-01 16:37:46,291 - METRIC - INFO - {"loss": 0.23333215713500977, "accuracy": 0.9307692050933838, "energy_consumption": 3030.382541032288, "selected": false, "client_name": "sta10"}
2026-07-01 16:37:46,315 - METRIC - INFO - {"loss": 0.209098681807518, "accuracy": 0.9390440583229065, "energy_consumption": 3222.2272207078863, "selected": false, "client_name": "sta2"}
2026-07-01 16:37:46,344 - METRIC - INFO - {"loss": 0.19416344165802002, "accuracy": 0.9428257346153259, "energy_consumption": 2922.8099630093325, "selected": false, "client_name": "sta9"}
2026-07-01 16:37:46,392 - METRIC - INFO - {"loss": 0.2320130318403244, "accuracy": 0.9309123158454895, "energy_consumption": 2430.200903456627, "selected": false, "client_name": "sta1"}
2026-07-01 16:37:46,406 - METRIC - INFO - {"loss": 0.21064388751983643, "accuracy": 0.9396851062774658, "energy_consumption": 2533.0815907273436, "selected": false, "client_name": "sta5"}
2026-07-01 16:37:46,435 - METRIC - INFO - {"loss": 0.23403842747211456, "accuracy": 0.9237322807312012, "energy_consumption": 2585.567041984895, "selected": false, "client_name": "sta0"}
2026-07-01 16:37:46,446 - METRIC - INFO - {"loss": 0.21093973517417908, "accuracy": 0.9354932308197021, "energy_consumption": 2583.895819976306, "selected": false, "client_name": "sta3"}
2026-07-01 16:37:46,460 - METRIC - INFO - {"loss": 0.21883727610111237, "accuracy": 0.9369863271713257, "energy_consumption": 2544.0706314262575, "selected": false, "client_name": "sta6"}
2026-07-01 16:37:46,596 - METRIC - INFO - {"loss": 0.21738766133785248, "accuracy": 0.9374262094497681, "energy_consumption": 2332.4376769928344, "selected": false, "client_name": "sta7"}
2026-07-01 16:37:46,875 - METRIC - INFO - mean_accuracy: 0.9328891147266735

2026-07-01 16:37:46,875 - METRIC - INFO - round: 5
2026-07-01 16:37:46,875 - METRIC - INFO - n_selected: 11
2026-07-01 16:37:46,875 - METRIC - INFO - {"selected_trainers": ["sta0", "sta1", "sta10", "sta2", "sta3", "sta4", "sta5", "sta6", "sta7", "sta8", "sta9"]}
2026-07-01 16:37:51,726 - EXECUT - INFO - received weights from trainer sta8!
2026-07-01 16:37:51,788 - EXECUT - INFO - received weights from trainer sta4!
2026-07-01 16:37:55,893 - EXECUT - INFO - received weights from trainer sta10!
2026-07-01 16:37:56,989 - EXECUT - INFO - received weights from trainer sta1!
2026-07-01 16:37:57,296 - EXECUT - INFO - received weights from trainer sta0!
2026-07-01 16:37:58,473 - EXECUT - INFO - received weights from trainer sta2!
2026-07-01 16:37:59,088 - EXECUT - INFO - received weights from trainer sta6!
2026-07-01 16:37:59,755 - EXECUT - INFO - received weights from trainer sta9!
2026-07-01 16:38:00,213 - EXECUT - INFO - received weights from trainer sta3!
2026-07-01 16:38:01,102 - EXECUT - INFO - received weights from trainer sta5!
2026-07-01 16:38:01,212 - EXECUT - INFO - received weights from trainer sta7!
2026-07-01 16:38:01,602 - EXECUT - INFO - sent aggregated weights to trainers!
2026-07-01 16:38:02,032 - METRIC - INFO - {"loss": 0.20968884229660034, "accuracy": 0.9312499761581421, "energy_consumption": 3513.2077284540032, "selected": false, "client_name": "sta4"}
2026-07-01 16:38:02,113 - METRIC - INFO - {"loss": 0.16568410396575928, "accuracy": 0.9519025683403015, "energy_consumption": 2987.9489591749275, "selected": false, "client_name": "sta6"}
2026-07-01 16:38:02,166 - METRIC - INFO - {"loss": 0.16568578779697418, "accuracy": 0.9578313231468201, "energy_consumption": 3535.943070940095, "selected": false, "client_name": "sta8"}
2026-07-01 16:38:02,185 - METRIC - INFO - {"loss": 0.1658778339624405, "accuracy": 0.9518890380859375, "energy_consumption": 2702.047760658382, "selected": false, "client_name": "sta7"}
2026-07-01 16:38:02,213 - METRIC - INFO - {"loss": 0.1772601455450058, "accuracy": 0.9403651356697083, "energy_consumption": 2975.0200253527773, "selected": false, "client_name": "sta0"}
2026-07-01 16:38:02,225 - METRIC - INFO - {"loss": 0.17730844020843506, "accuracy": 0.947773277759552, "energy_consumption": 3584.345021537116, "selected": false, "client_name": "sta10"}
2026-07-01 16:38:02,225 - METRIC - INFO - {"loss": 0.17312799394130707, "accuracy": 0.9468556046485901, "energy_consumption": 2771.214435260338, "selected": false, "client_name": "sta1"}
2026-07-01 16:38:02,256 - METRIC - INFO - {"loss": 0.15746887028217316, "accuracy": 0.9516648650169373, "energy_consumption": 3765.7812163948133, "selected": false, "client_name": "sta2"}
2026-07-01 16:38:02,258 - METRIC - INFO - {"loss": 0.14667387306690216, "accuracy": 0.9582188129425049, "energy_consumption": 3483.9519434275744, "selected": false, "client_name": "sta9"}
2026-07-01 16:38:02,294 - METRIC - INFO - {"loss": 0.15627163648605347, "accuracy": 0.95356285572052, "energy_consumption": 2928.0037034487395, "selected": false, "client_name": "sta5"}
2026-07-01 16:38:02,393 - METRIC - INFO - {"loss": 0.15680579841136932, "accuracy": 0.9534278512001038, "energy_consumption": 3033.6082004197883, "selected": false, "client_name": "sta3"}
2026-07-01 16:38:02,604 - METRIC - INFO - mean_accuracy: 0.9495219371535562

2026-07-01 16:38:02,604 - METRIC - INFO - round: 6
2026-07-01 16:38:02,604 - METRIC - INFO - n_selected: 11
2026-07-01 16:38:02,604 - METRIC - INFO - {"selected_trainers": ["sta0", "sta1", "sta10", "sta2", "sta3", "sta4", "sta5", "sta6", "sta7", "sta8", "sta9"]}
2026-07-01 16:38:07,421 - EXECUT - INFO - received weights from trainer sta8!
2026-07-01 16:38:07,575 - EXECUT - INFO - received weights from trainer sta4!
2026-07-01 16:38:11,571 - EXECUT - INFO - received weights from trainer sta10!
2026-07-01 16:38:12,743 - EXECUT - INFO - received weights from trainer sta1!
2026-07-01 16:38:13,002 - EXECUT - INFO - received weights from trainer sta0!
2026-07-01 16:38:14,715 - EXECUT - INFO - received weights from trainer sta6!
2026-07-01 16:38:15,403 - EXECUT - INFO - received weights from trainer sta9!
2026-07-01 16:38:15,867 - EXECUT - INFO - received weights from trainer sta3!
2026-07-01 16:38:16,828 - EXECUT - INFO - received weights from trainer sta5!
2026-07-01 16:38:23,345 - EXECUT - INFO - received weights from trainer sta2!
2026-07-01 16:38:23,581 - EXECUT - INFO - received weights from trainer sta7!
2026-07-01 16:38:24,266 - EXECUT - INFO - sent aggregated weights to trainers!
2026-07-01 16:38:24,659 - METRIC - INFO - {"loss": 0.12697702646255493, "accuracy": 0.9621374607086182, "energy_consumption": 4401.033881691818, "selected": false, "client_name": "sta2"}
2026-07-01 16:38:24,662 - METRIC - INFO - {"loss": 0.125088170170784, "accuracy": 0.9707400798797607, "energy_consumption": 4312.100317692889, "selected": false, "client_name": "sta8"}
2026-07-01 16:38:24,670 - METRIC - INFO - {"loss": 0.1611609011888504, "accuracy": 0.9486111402511597, "energy_consumption": 4328.770087386481, "selected": false, "client_name": "sta4"}
2026-07-01 16:38:24,708 - METRIC - INFO - {"loss": 0.13919582962989807, "accuracy": 0.9591093063354492, "energy_consumption": 4385.678224610952, "selected": false, "client_name": "sta10"}
2026-07-01 16:38:24,731 - METRIC - INFO - {"loss": 0.13056999444961548, "accuracy": 0.9625570774078369, "energy_consumption": 3636.2926070826416, "selected": false, "client_name": "sta6"}
2026-07-01 16:38:24,780 - METRIC - INFO - {"loss": 0.11277782917022705, "accuracy": 0.970588207244873, "energy_consumption": 4275.706167562349, "selected": false, "client_name": "sta9"}
2026-07-01 16:38:24,786 - METRIC - INFO - {"loss": 0.1396755427122116, "accuracy": 0.9553752541542053, "energy_consumption": 3530.557578194156, "selected": false, "client_name": "sta0"}
2026-07-01 16:38:24,790 - METRIC - INFO - {"loss": 0.13885875046253204, "accuracy": 0.9570416212081909, "energy_consumption": 3305.011767038835, "selected": false, "client_name": "sta1"}
2026-07-01 16:38:24,797 - METRIC - INFO - {"loss": 0.12695197761058807, "accuracy": 0.9631705284118652, "energy_consumption": 3530.4456760038315, "selected": false, "client_name": "sta5"}
2026-07-01 16:38:24,863 - METRIC - INFO - {"loss": 0.12572908401489258, "accuracy": 0.9621058702468872, "energy_consumption": 3584.7398971173366, "selected": false, "client_name": "sta3"}
2026-07-01 16:38:24,873 - METRIC - INFO - {"loss": 0.13573630154132843, "accuracy": 0.96074378490448, "energy_consumption": 3260.135602092295, "selected": false, "client_name": "sta7"}
2026-07-01 16:38:25,268 - METRIC - INFO - mean_accuracy: 0.961107302795757

2026-07-01 16:38:25,269 - METRIC - INFO - round: 7
2026-07-01 16:38:25,269 - METRIC - INFO - n_selected: 11
2026-07-01 16:38:25,269 - METRIC - INFO - {"selected_trainers": ["sta0", "sta1", "sta10", "sta2", "sta3", "sta4", "sta5", "sta6", "sta7", "sta8", "sta9"]}
2026-07-01 16:38:30,162 - EXECUT - INFO - received weights from trainer sta8!
2026-07-01 16:38:30,342 - EXECUT - INFO - received weights from trainer sta4!
2026-07-01 16:38:34,261 - EXECUT - INFO - received weights from trainer sta10!
2026-07-01 16:38:35,395 - EXECUT - INFO - received weights from trainer sta1!
2026-07-01 16:38:35,795 - EXECUT - INFO - received weights from trainer sta0!
2026-07-01 16:38:36,781 - EXECUT - INFO - received weights from trainer sta2!
2026-07-01 16:38:37,439 - EXECUT - INFO - received weights from trainer sta6!
2026-07-01 16:38:38,153 - EXECUT - INFO - received weights from trainer sta9!
2026-07-01 16:38:38,669 - EXECUT - INFO - received weights from trainer sta3!
2026-07-01 16:38:39,518 - EXECUT - INFO - received weights from trainer sta5!
2026-07-01 16:38:46,250 - EXECUT - INFO - received weights from trainer sta7!
2026-07-01 16:38:46,900 - EXECUT - INFO - sent aggregated weights to trainers!
2026-07-01 16:38:47,289 - METRIC - INFO - {"loss": 0.13226506114006042, "accuracy": 0.9583333134651184, "energy_consumption": 5153.643880600229, "selected": false, "client_name": "sta4"}
2026-07-01 16:38:47,294 - METRIC - INFO - {"loss": 0.1010412648320198, "accuracy": 0.977624773979187, "energy_consumption": 5099.154925272571, "selected": false, "client_name": "sta8"}
2026-07-01 16:38:47,303 - METRIC - INFO - {"loss": 0.10704437643289566, "accuracy": 0.9664339423179626, "energy_consumption": 5161.9150545161965, "selected": false, "client_name": "sta2"}
2026-07-01 16:38:47,353 - METRIC - INFO - {"loss": 0.11741146445274353, "accuracy": 0.9663967490196228, "energy_consumption": 5207.455612754827, "selected": false, "client_name": "sta10"}
2026-07-01 16:38:47,373 - METRIC - INFO - {"loss": 0.1101900264620781, "accuracy": 0.9665144681930542, "energy_consumption": 4266.013391934612, "selected": false, "client_name": "sta6"}
2026-07-01 16:38:47,404 - METRIC - INFO - {"loss": 0.1006581038236618, "accuracy": 0.9738867282867432, "energy_consumption": 5063.955373024446, "selected": false, "client_name": "sta9"}
2026-07-01 16:38:47,431 - METRIC - INFO - {"loss": 0.10528194159269333, "accuracy": 0.9693087935447693, "energy_consumption": 4114.695582918447, "selected": false, "client_name": "sta5"}
2026-07-01 16:38:47,434 - METRIC - INFO - {"loss": 0.1169070228934288, "accuracy": 0.9647058844566345, "energy_consumption": 3979.5814669344068, "selected": false, "client_name": "sta0"}
2026-07-01 16:38:47,450 - METRIC - INFO - {"loss": 0.11348961293697357, "accuracy": 0.9636846780776978, "energy_consumption": 3761.6851457317252, "selected": false, "client_name": "sta1"}
2026-07-01 16:38:47,489 - METRIC - INFO - {"loss": 0.10287140309810638, "accuracy": 0.9713624715805054, "energy_consumption": 4165.17926195204, "selected": false, "client_name": "sta3"}
2026-07-01 16:38:47,521 - METRIC - INFO - {"loss": 0.11209387332201004, "accuracy": 0.9693034291267395, "energy_consumption": 3797.5245691126065, "selected": false, "client_name": "sta7"}
2026-07-01 16:38:47,903 - METRIC - INFO - mean_accuracy: 0.9679595665498213

2026-07-01 16:38:47,903 - METRIC - INFO - round: 8
2026-07-01 16:38:47,903 - METRIC - INFO - n_selected: 11
2026-07-01 16:38:47,903 - METRIC - INFO - {"selected_trainers": ["sta0", "sta1", "sta10", "sta2", "sta3", "sta4", "sta5", "sta6", "sta7", "sta8", "sta9"]}
2026-07-01 16:38:52,796 - EXECUT - INFO - received weights from trainer sta8!
2026-07-01 16:38:52,874 - EXECUT - INFO - received weights from trainer sta4!
2026-07-01 16:38:58,139 - EXECUT - INFO - received weights from trainer sta1!
2026-07-01 16:38:58,330 - EXECUT - INFO - received weights from trainer sta10!
2026-07-01 16:38:58,415 - EXECUT - INFO - received weights from trainer sta0!
2026-07-01 16:38:59,525 - EXECUT - INFO - received weights from trainer sta2!
2026-07-01 16:39:00,113 - EXECUT - INFO - received weights from trainer sta6!
2026-07-01 16:39:00,724 - EXECUT - INFO - received weights from trainer sta9!
2026-07-01 16:39:01,382 - EXECUT - INFO - received weights from trainer sta3!
2026-07-01 16:39:02,185 - EXECUT - INFO - received weights from trainer sta5!
2026-07-01 16:39:02,292 - EXECUT - INFO - received weights from trainer sta7!
2026-07-01 16:39:02,518 - EXECUT - INFO - sent aggregated weights to trainers!
2026-07-01 16:39:02,834 - METRIC - INFO - {"loss": 0.1114581823348999, "accuracy": 0.9659722447395325, "energy_consumption": 5699.914448499386, "selected": false, "client_name": "sta4"}
2026-07-01 16:39:02,880 - METRIC - INFO - {"loss": 0.08535656332969666, "accuracy": 0.979345977306366, "energy_consumption": 5597.813396394048, "selected": false, "client_name": "sta8"}
2026-07-01 16:39:02,923 - METRIC - INFO - {"loss": 0.09436968713998795, "accuracy": 0.9709989428520203, "energy_consumption": 5679.264597448894, "selected": false, "client_name": "sta2"}
2026-07-01 16:39:02,943 - METRIC - INFO - {"loss": 0.10282813012599945, "accuracy": 0.9704453349113464, "energy_consumption": 5626.309514518783, "selected": false, "client_name": "sta10"}
2026-07-01 16:39:03,014 - METRIC - INFO - {"loss": 0.08230698853731155, "accuracy": 0.9763606190681458, "energy_consumption": 5604.597593621942, "selected": false, "client_name": "sta9"}
2026-07-01 16:39:03,027 - METRIC - INFO - {"loss": 0.09034586697816849, "accuracy": 0.9725195169448853, "energy_consumption": 4561.638857833985, "selected": false, "client_name": "sta3"}
2026-07-01 16:39:03,035 - METRIC - INFO - {"loss": 0.09449943155050278, "accuracy": 0.9735159873962402, "energy_consumption": 4708.251403773261, "selected": false, "client_name": "sta6"}
2026-07-01 16:39:03,044 - METRIC - INFO - {"loss": 0.10044734925031662, "accuracy": 0.9691683650016785, "energy_consumption": 4319.521622201684, "selected": false, "client_name": "sta0"}
2026-07-01 16:39:03,067 - METRIC - INFO - {"loss": 0.09787207096815109, "accuracy": 0.9703277349472046, "energy_consumption": 4088.200941310115, "selected": false, "client_name": "sta1"}
2026-07-01 16:39:03,085 - METRIC - INFO - {"loss": 0.09094128012657166, "accuracy": 0.972511351108551, "energy_consumption": 4516.7555751254695, "selected": false, "client_name": "sta5"}
2026-07-01 16:39:03,108 - METRIC - INFO - {"loss": 0.09715843200683594, "accuracy": 0.9725501537322998, "energy_consumption": 4152.599499850998, "selected": false, "client_name": "sta7"}
2026-07-01 16:39:03,520 - METRIC - INFO - mean_accuracy: 0.9721560207280245

2026-07-01 16:39:03,520 - METRIC - INFO - round: 9
2026-07-01 16:39:03,520 - METRIC - INFO - n_selected: 11
2026-07-01 16:39:03,520 - METRIC - INFO - {"selected_trainers": ["sta0", "sta1", "sta10", "sta2", "sta3", "sta4", "sta5", "sta6", "sta7", "sta8", "sta9"]}
2026-07-01 16:39:08,400 - EXECUT - INFO - received weights from trainer sta8!
2026-07-01 16:39:08,462 - EXECUT - INFO - received weights from trainer sta4!
2026-07-01 16:39:12,467 - EXECUT - INFO - received weights from trainer sta10!
2026-07-01 16:39:13,945 - EXECUT - INFO - received weights from trainer sta1!
2026-07-01 16:39:14,000 - EXECUT - INFO - received weights from trainer sta0!
2026-07-01 16:39:15,008 - EXECUT - INFO - received weights from trainer sta2!
2026-07-01 16:39:15,690 - EXECUT - INFO - received weights from trainer sta6!
2026-07-01 16:39:16,362 - EXECUT - INFO - received weights from trainer sta9!
2026-07-01 16:39:16,967 - EXECUT - INFO - received weights from trainer sta3!
2026-07-01 16:39:17,771 - EXECUT - INFO - received weights from trainer sta7!
2026-07-01 16:39:17,834 - EXECUT - INFO - received weights from trainer sta5!
2026-07-01 16:39:18,198 - EXECUT - INFO - sent aggregated weights to trainers!
2026-07-01 16:39:18,522 - METRIC - INFO - {"loss": 0.09868456423282623, "accuracy": 0.9701389074325562, "energy_consumption": 6222.820492431701, "selected": false, "client_name": "sta4"}
2026-07-01 16:39:18,542 - METRIC - INFO - {"loss": 0.07651644200086594, "accuracy": 0.9827883243560791, "energy_consumption": 6122.546604366178, "selected": false, "client_name": "sta8"}
2026-07-01 16:39:18,591 - METRIC - INFO - {"loss": 0.08196134120225906, "accuracy": 0.9742212891578674, "energy_consumption": 6192.630025504407, "selected": false, "client_name": "sta2"}
2026-07-01 16:39:18,616 - METRIC - INFO - {"loss": 0.08820027858018875, "accuracy": 0.9728745222091675, "energy_consumption": 6196.849434917468, "selected": false, "client_name": "sta10"}
2026-07-01 16:39:18,656 - METRIC - INFO - {"loss": 0.08539530634880066, "accuracy": 0.9756468534469604, "energy_consumption": 5142.443941044981, "selected": false, "client_name": "sta6"}
2026-07-01 16:39:18,679 - METRIC - INFO - {"loss": 0.07054591178894043, "accuracy": 0.978559672832489, "energy_consumption": 6157.560104440987, "selected": false, "client_name": "sta9"}
2026-07-01 16:39:18,710 - METRIC - INFO - {"loss": 0.08842398971319199, "accuracy": 0.9703853726387024, "energy_consumption": 4678.532329028241, "selected": false, "client_name": "sta0"}
2026-07-01 16:39:18,710 - METRIC - INFO - {"loss": 0.08265937119722366, "accuracy": 0.9757014513015747, "energy_consumption": 4970.105020833704, "selected": false, "client_name": "sta3"}
2026-07-01 16:39:18,721 - METRIC - INFO - {"loss": 0.08902236074209213, "accuracy": 0.971656322479248, "energy_consumption": 4428.7328984381265, "selected": false, "client_name": "sta1"}
2026-07-01 16:39:18,737 - METRIC - INFO - {"loss": 0.08226805180311203, "accuracy": 0.9743794798851013, "energy_consumption": 4924.60463661128, "selected": false, "client_name": "sta5"}
2026-07-01 16:39:18,768 - METRIC - INFO - {"loss": 0.08762799948453903, "accuracy": 0.973435640335083, "energy_consumption": 4527.474981037209, "selected": false, "client_name": "sta7"}
2026-07-01 16:39:19,201 - METRIC - INFO - mean_accuracy: 0.9745261669158936

2026-07-01 16:39:19,201 - METRIC - INFO - round: 10
2026-07-01 16:39:19,201 - METRIC - INFO - n_selected: 11
2026-07-01 16:39:19,201 - METRIC - INFO - {"selected_trainers": ["sta0", "sta1", "sta10", "sta2", "sta3", "sta4", "sta5", "sta6", "sta7", "sta8", "sta9"]}
2026-07-01 16:39:24,106 - EXECUT - INFO - received weights from trainer sta8!
2026-07-01 16:39:24,202 - EXECUT - INFO - received weights from trainer sta4!
2026-07-01 16:39:28,199 - EXECUT - INFO - received weights from trainer sta10!
2026-07-01 16:39:29,390 - EXECUT - INFO - received weights from trainer sta1!
2026-07-01 16:39:29,673 - EXECUT - INFO - received weights from trainer sta0!
2026-07-01 16:39:30,837 - EXECUT - INFO - received weights from trainer sta2!
2026-07-01 16:39:31,346 - EXECUT - INFO - received weights from trainer sta6!
2026-07-01 16:39:32,066 - EXECUT - INFO - received weights from trainer sta9!
2026-07-01 16:39:32,632 - EXECUT - INFO - received weights from trainer sta3!
2026-07-01 16:39:33,471 - EXECUT - INFO - received weights from trainer sta5!
2026-07-01 16:39:33,505 - EXECUT - INFO - received weights from trainer sta7!
2026-07-01 16:39:34,010 - EXECUT - INFO - sent aggregated weights to trainers!
2026-07-01 16:39:34,386 - METRIC - INFO - {"loss": 0.06840244680643082, "accuracy": 0.9819276928901672, "energy_consumption": 6645.099955343171, "selected": false, "client_name": "sta8"}
2026-07-01 16:39:34,387 - METRIC - INFO - {"loss": 0.08958473056554794, "accuracy": 0.9736111164093018, "energy_consumption": 6745.365631043541, "selected": false, "client_name": "sta4"}
2026-07-01 16:39:34,431 - METRIC - INFO - {"loss": 0.07952816784381866, "accuracy": 0.9736841917037964, "energy_consumption": 6769.923533922205, "selected": false, "client_name": "sta10"}
2026-07-01 16:39:34,444 - METRIC - INFO - {"loss": 0.07575863599777222, "accuracy": 0.9766380190849304, "energy_consumption": 6713.520093241854, "selected": false, "client_name": "sta2"}
2026-07-01 16:39:34,490 - METRIC - INFO - {"loss": 0.070404052734375, "accuracy": 0.9791727066040039, "energy_consumption": 5395.715031749228, "selected": false, "client_name": "sta3"}
2026-07-01 16:39:34,493 - METRIC - INFO - {"loss": 0.07613327354192734, "accuracy": 0.976560115814209, "energy_consumption": 5592.610406897803, "selected": false, "client_name": "sta6"}
2026-07-01 16:39:34,504 - METRIC - INFO - {"loss": 0.07222265750169754, "accuracy": 0.9783827066421509, "energy_consumption": 5333.707478779654, "selected": false, "client_name": "sta5"}
2026-07-01 16:39:34,504 - METRIC - INFO - {"loss": 0.06420581042766571, "accuracy": 0.9796591401100159, "energy_consumption": 6732.1605586301275, "selected": false, "client_name": "sta9"}
2026-07-01 16:39:34,531 - METRIC - INFO - {"loss": 0.08302725851535797, "accuracy": 0.9732251763343811, "energy_consumption": 5037.863996737906, "selected": false, "client_name": "sta0"}
2026-07-01 16:39:34,532 - METRIC - INFO - {"loss": 0.07906820625066757, "accuracy": 0.9760921001434326, "energy_consumption": 4904.560297978785, "selected": false, "client_name": "sta7"}
2026-07-01 16:39:34,569 - METRIC - INFO - {"loss": 0.07891497761011124, "accuracy": 0.9760850071907043, "energy_consumption": 4785.95886694311, "selected": false, "client_name": "sta1"}
2026-07-01 16:39:35,012 - METRIC - INFO - mean_accuracy: 0.976821633902463

2026-07-01 16:39:35,012 - METRIC - INFO - round: 11
2026-07-01 16:39:35,012 - METRIC - INFO - n_selected: 11
2026-07-01 16:39:35,012 - METRIC - INFO - {"selected_trainers": ["sta0", "sta1", "sta10", "sta2", "sta3", "sta4", "sta5", "sta6", "sta7", "sta8", "sta9"]}
2026-07-01 16:39:39,880 - EXECUT - INFO - received weights from trainer sta8!
2026-07-01 16:39:39,976 - EXECUT - INFO - received weights from trainer sta4!
2026-07-01 16:39:44,005 - EXECUT - INFO - received weights from trainer sta10!
2026-07-01 16:39:45,197 - EXECUT - INFO - received weights from trainer sta1!
2026-07-01 16:39:45,474 - EXECUT - INFO - received weights from trainer sta0!
2026-07-01 16:39:46,600 - EXECUT - INFO - received weights from trainer sta2!
2026-07-01 16:39:47,197 - EXECUT - INFO - received weights from trainer sta6!
2026-07-01 16:39:47,826 - EXECUT - INFO - received weights from trainer sta9!
2026-07-01 16:39:49,287 - EXECUT - INFO - received weights from trainer sta7!
2026-07-01 16:39:49,315 - EXECUT - INFO - received weights from trainer sta5!
2026-07-01 16:39:55,804 - EXECUT - INFO - received weights from trainer sta3!
2026-07-01 16:39:56,734 - EXECUT - INFO - sent aggregated weights to trainers!
2026-07-01 16:39:57,055 - METRIC - INFO - {"loss": 0.08360365778207779, "accuracy": 0.9750000238418579, "energy_consumption": 7504.159902431796, "selected": false, "client_name": "sta4"}
2026-07-01 16:39:57,092 - METRIC - INFO - {"loss": 0.06556250900030136, "accuracy": 0.9836488962173462, "energy_consumption": 7296.812507087441, "selected": false, "client_name": "sta8"}
2026-07-01 16:39:57,137 - METRIC - INFO - {"loss": 0.06878983974456787, "accuracy": 0.9777121543884277, "energy_consumption": 7507.225515075696, "selected": false, "client_name": "sta2"}
2026-07-01 16:39:57,162 - METRIC - INFO - {"loss": 0.07088398933410645, "accuracy": 0.9773279428482056, "energy_consumption": 7602.527703064602, "selected": false, "client_name": "sta10"}
2026-07-01 16:39:57,216 - METRIC - INFO - {"loss": 0.059921156615018845, "accuracy": 0.9810335636138916, "energy_consumption": 7418.933343099974, "selected": false, "client_name": "sta9"}
2026-07-01 16:39:57,224 - METRIC - INFO - {"loss": 0.06949014961719513, "accuracy": 0.9789954423904419, "energy_consumption": 6244.627046752892, "selected": false, "client_name": "sta6"}
2026-07-01 16:39:57,232 - METRIC - INFO - {"loss": 0.0751267671585083, "accuracy": 0.9765279293060303, "energy_consumption": 5309.1250364117395, "selected": false, "client_name": "sta1"}
2026-07-01 16:39:57,262 - METRIC - INFO - {"loss": 0.072884701192379, "accuracy": 0.9780933260917664, "energy_consumption": 5585.568595166157, "selected": false, "client_name": "sta0"}
2026-07-01 16:39:57,293 - METRIC - INFO - {"loss": 0.07023269683122635, "accuracy": 0.9773151874542236, "energy_consumption": 5929.332777688297, "selected": false, "client_name": "sta5"}
2026-07-01 16:39:57,297 - METRIC - INFO - {"loss": 0.06553663313388824, "accuracy": 0.9797512292861938, "energy_consumption": 6009.588616733361, "selected": false, "client_name": "sta3"}
2026-07-01 16:39:57,323 - METRIC - INFO - {"loss": 0.07076321542263031, "accuracy": 0.978158175945282, "energy_consumption": 5443.761984060729, "selected": false, "client_name": "sta7"}
2026-07-01 16:39:57,737 - METRIC - INFO - mean_accuracy: 0.9785058064894243

2026-07-01 16:39:57,737 - METRIC - INFO - round: 12
2026-07-01 16:39:57,737 - METRIC - INFO - n_selected: 11
2026-07-01 16:39:57,737 - METRIC - INFO - {"selected_trainers": ["sta0", "sta1", "sta10", "sta2", "sta3", "sta4", "sta5", "sta6", "sta7", "sta8", "sta9"]}
2026-07-01 16:40:02,600 - EXECUT - INFO - received weights from trainer sta8!
2026-07-01 16:40:02,781 - EXECUT - INFO - received weights from trainer sta4!
2026-07-01 16:40:06,718 - EXECUT - INFO - received weights from trainer sta10!
2026-07-01 16:40:07,913 - EXECUT - INFO - received weights from trainer sta1!
2026-07-01 16:40:08,214 - EXECUT - INFO - received weights from trainer sta0!
2026-07-01 16:40:09,351 - EXECUT - INFO - received weights from trainer sta2!
2026-07-01 16:40:09,907 - EXECUT - INFO - received weights from trainer sta6!
2026-07-01 16:40:10,580 - EXECUT - INFO - received weights from trainer sta9!
2026-07-01 16:40:11,078 - EXECUT - INFO - received weights from trainer sta3!
2026-07-01 16:40:11,961 - EXECUT - INFO - received weights from trainer sta5!
2026-07-01 16:40:12,171 - EXECUT - INFO - received weights from trainer sta7!
2026-07-01 16:40:13,547 - EXECUT - INFO - sent aggregated weights to trainers!
2026-07-01 16:40:13,865 - METRIC - INFO - {"loss": 0.0784636065363884, "accuracy": 0.9784722328186035, "energy_consumption": 8043.955009824028, "selected": false, "client_name": "sta4"}
2026-07-01 16:40:13,945 - METRIC - INFO - {"loss": 0.06510932743549347, "accuracy": 0.9795918464660645, "energy_consumption": 8036.416727822303, "selected": false, "client_name": "sta2"}
2026-07-01 16:40:13,983 - METRIC - INFO - {"loss": 0.06605416536331177, "accuracy": 0.9797570705413818, "energy_consumption": 8314.314896186515, "selected": false, "client_name": "sta10"}
2026-07-01 16:40:13,983 - METRIC - INFO - {"loss": 0.05989077314734459, "accuracy": 0.9845094680786133, "energy_consumption": 7891.2249612997, "selected": false, "client_name": "sta8"}
2026-07-01 16:40:14,040 - METRIC - INFO - {"loss": 0.054465290158987045, "accuracy": 0.9832325577735901, "energy_consumption": 8114.772718621243, "selected": false, "client_name": "sta9"}
2026-07-01 16:40:14,064 - METRIC - INFO - {"loss": 0.070514015853405, "accuracy": 0.9809330701828003, "energy_consumption": 5946.321519113776, "selected": false, "client_name": "sta0"}
2026-07-01 16:40:14,078 - METRIC - INFO - {"loss": 0.0649956464767456, "accuracy": 0.9805175065994263, "energy_consumption": 6685.176332836573, "selected": false, "client_name": "sta6"}
2026-07-01 16:40:14,082 - METRIC - INFO - {"loss": 0.06392407417297363, "accuracy": 0.9807846546173096, "energy_consumption": 6319.966267210044, "selected": false, "client_name": "sta5"}
2026-07-01 16:40:14,093 - METRIC - INFO - {"loss": 0.061960697174072266, "accuracy": 0.9806190133094788, "energy_consumption": 6425.758518217695, "selected": false, "client_name": "sta3"}
2026-07-01 16:40:14,101 - METRIC - INFO - {"loss": 0.069129079580307, "accuracy": 0.9782993793487549, "energy_consumption": 5648.351581527011, "selected": false, "client_name": "sta1"}
2026-07-01 16:40:14,104 - METRIC - INFO - {"loss": 0.06804218888282776, "accuracy": 0.9787485003471375, "energy_consumption": 5798.808072906464, "selected": false, "client_name": "sta7"}
2026-07-01 16:40:14,549 - METRIC - INFO - mean_accuracy: 0.9804968454621055

2026-07-01 16:40:14,549 - METRIC - INFO - round: 13
2026-07-01 16:40:14,549 - METRIC - INFO - n_selected: 11
2026-07-01 16:40:14,549 - METRIC - INFO - {"selected_trainers": ["sta0", "sta1", "sta10", "sta2", "sta3", "sta4", "sta5", "sta6", "sta7", "sta8", "sta9"]}
2026-07-01 16:40:19,379 - EXECUT - INFO - received weights from trainer sta8!
2026-07-01 16:40:19,474 - EXECUT - INFO - received weights from trainer sta4!
2026-07-01 16:40:23,574 - EXECUT - INFO - received weights from trainer sta10!
2026-07-01 16:40:24,747 - EXECUT - INFO - received weights from trainer sta1!
2026-07-01 16:40:25,015 - EXECUT - INFO - received weights from trainer sta0!
2026-07-01 16:40:26,072 - EXECUT - INFO - received weights from trainer sta2!
2026-07-01 16:40:26,757 - EXECUT - INFO - received weights from trainer sta6!
2026-07-01 16:40:27,422 - EXECUT - INFO - received weights from trainer sta9!
2026-07-01 16:40:27,978 - EXECUT - INFO - received weights from trainer sta3!
2026-07-01 16:40:28,835 - EXECUT - INFO - received weights from trainer sta5!
2026-07-01 16:40:28,879 - EXECUT - INFO - received weights from trainer sta7!
2026-07-01 16:40:29,306 - EXECUT - INFO - sent aggregated weights to trainers!
2026-07-01 16:40:29,651 - METRIC - INFO - {"loss": 0.0736708715558052, "accuracy": 0.9777777791023254, "energy_consumption": 8568.360808612868, "selected": false, "client_name": "sta4"}
2026-07-01 16:40:29,669 - METRIC - INFO - {"loss": 0.05569371208548546, "accuracy": 0.9853700399398804, "energy_consumption": 8426.660825697149, "selected": false, "client_name": "sta8"}
2026-07-01 16:40:29,726 - METRIC - INFO - {"loss": 0.06040061265230179, "accuracy": 0.9821862578392029, "energy_consumption": 8882.09896592115, "selected": false, "client_name": "sta10"}
2026-07-01 16:40:29,767 - METRIC - INFO - {"loss": 0.061351947486400604, "accuracy": 0.9814715385437012, "energy_consumption": 8537.217405505726, "selected": false, "client_name": "sta2"}
2026-07-01 16:40:29,787 - METRIC - INFO - {"loss": 0.05131864547729492, "accuracy": 0.9840571880340576, "energy_consumption": 8661.585552997523, "selected": false, "client_name": "sta9"}
2026-07-01 16:40:29,795 - METRIC - INFO - {"loss": 0.0630999356508255, "accuracy": 0.9802131056785583, "energy_consumption": 7094.500166212565, "selected": false, "client_name": "sta6"}
2026-07-01 16:40:29,832 - METRIC - INFO - {"loss": 0.06298460066318512, "accuracy": 0.9801217317581177, "energy_consumption": 6305.654305685395, "selected": false, "client_name": "sta0"}
2026-07-01 16:40:29,833 - METRIC - INFO - {"loss": 0.05627979338169098, "accuracy": 0.9829331636428833, "energy_consumption": 6838.102367772471, "selected": false, "client_name": "sta3"}
2026-07-01 16:40:29,836 - METRIC - INFO - {"loss": 0.06602440029382706, "accuracy": 0.978742241859436, "energy_consumption": 5978.964754457136, "selected": false, "client_name": "sta1"}
2026-07-01 16:40:29,855 - METRIC - INFO - {"loss": 0.0593535490334034, "accuracy": 0.9821190237998962, "energy_consumption": 6711.063975013078, "selected": false, "client_name": "sta5"}
2026-07-01 16:40:29,909 - METRIC - INFO - {"loss": 0.06149095296859741, "accuracy": 0.9814049601554871, "energy_consumption": 6154.6716521466715, "selected": false, "client_name": "sta7"}
2026-07-01 16:40:30,307 - METRIC - INFO - mean_accuracy: 0.9814906391230497

2026-07-01 16:40:30,307 - METRIC - INFO - round: 14
2026-07-01 16:40:30,307 - METRIC - INFO - n_selected: 11
2026-07-01 16:40:30,307 - METRIC - INFO - {"selected_trainers": ["sta0", "sta1", "sta10", "sta2", "sta3", "sta4", "sta5", "sta6", "sta7", "sta8", "sta9"]}
2026-07-01 16:40:35,236 - EXECUT - INFO - received weights from trainer sta8!
2026-07-01 16:40:35,303 - EXECUT - INFO - received weights from trainer sta4!
2026-07-01 16:40:39,297 - EXECUT - INFO - received weights from trainer sta10!
2026-07-01 16:40:40,492 - EXECUT - INFO - received weights from trainer sta1!
2026-07-01 16:40:40,769 - EXECUT - INFO - received weights from trainer sta0!
2026-07-01 16:40:41,875 - EXECUT - INFO - received weights from trainer sta2!
2026-07-01 16:40:42,587 - EXECUT - INFO - received weights from trainer sta6!
2026-07-01 16:40:43,235 - EXECUT - INFO - received weights from trainer sta9!
2026-07-01 16:40:44,500 - EXECUT - INFO - received weights from trainer sta5!
2026-07-01 16:40:51,093 - EXECUT - INFO - received weights from trainer sta3!
2026-07-01 16:40:51,317 - EXECUT - INFO - received weights from trainer sta7!
2026-07-01 16:40:52,044 - EXECUT - INFO - sent aggregated weights to trainers!
2026-07-01 16:40:52,368 - METRIC - INFO - {"loss": 0.06940329819917679, "accuracy": 0.9791666865348816, "energy_consumption": 9334.064813790788, "selected": false, "client_name": "sta4"}
2026-07-01 16:40:52,399 - METRIC - INFO - {"loss": 0.05224021524190903, "accuracy": 0.9862306118011475, "energy_consumption": 9177.576640670752, "selected": false, "client_name": "sta8"}
2026-07-01 16:40:52,440 - METRIC - INFO - {"loss": 0.057186733931303024, "accuracy": 0.9814715385437012, "energy_consumption": 9316.024146607546, "selected": false, "client_name": "sta2"}
2026-07-01 16:40:52,461 - METRIC - INFO - {"loss": 0.056682292371988297, "accuracy": 0.9846153855323792, "energy_consumption": 9584.331010130816, "selected": false, "client_name": "sta10"}
2026-07-01 16:40:52,510 - METRIC - INFO - {"loss": 0.06257465481758118, "accuracy": 0.9808219075202942, "energy_consumption": 7720.577838082587, "selected": false, "client_name": "sta6"}
2026-07-01 16:40:52,522 - METRIC - INFO - {"loss": 0.054339028894901276, "accuracy": 0.9829331636428833, "energy_consumption": 7443.199915894756, "selected": false, "client_name": "sta3"}
2026-07-01 16:40:52,532 - METRIC - INFO - {"loss": 0.05331305041909218, "accuracy": 0.9826827645301819, "energy_consumption": 9352.959031167828, "selected": false, "client_name": "sta9"}
2026-07-01 16:40:52,549 - METRIC - INFO - {"loss": 0.06032870337367058, "accuracy": 0.9813387393951416, "energy_consumption": 6826.625122126155, "selected": false, "client_name": "sta0"}
2026-07-01 16:40:52,580 - METRIC - INFO - {"loss": 0.05740726366639137, "accuracy": 0.9813184142112732, "energy_consumption": 7312.335344049927, "selected": false, "client_name": "sta5"}
2026-07-01 16:40:52,581 - METRIC - INFO - {"loss": 0.06053200736641884, "accuracy": 0.98228520154953, "energy_consumption": 6499.20714715078, "selected": false, "client_name": "sta1"}
2026-07-01 16:40:52,599 - METRIC - INFO - {"loss": 0.05935727804899216, "accuracy": 0.9817001223564148, "energy_consumption": 6698.215553317424, "selected": false, "client_name": "sta7"}
2026-07-01 16:40:53,045 - METRIC - INFO - mean_accuracy: 0.9822331396016207

2026-07-01 16:40:53,045 - METRIC - INFO - round: 15
2026-07-01 16:40:53,045 - METRIC - INFO - n_selected: 11
2026-07-01 16:40:53,045 - METRIC - INFO - {"selected_trainers": ["sta0", "sta1", "sta10", "sta2", "sta3", "sta4", "sta5", "sta6", "sta7", "sta8", "sta9"]}
2026-07-01 16:40:57,889 - EXECUT - INFO - received weights from trainer sta8!
2026-07-01 16:40:58,430 - EXECUT - INFO - received weights from trainer sta4!
2026-07-01 16:41:02,077 - EXECUT - INFO - received weights from trainer sta10!
2026-07-01 16:41:03,271 - EXECUT - INFO - received weights from trainer sta1!
2026-07-01 16:41:03,546 - EXECUT - INFO - received weights from trainer sta0!
2026-07-01 16:41:05,214 - EXECUT - INFO - received weights from trainer sta6!
2026-07-01 16:41:05,919 - EXECUT - INFO - received weights from trainer sta9!
2026-07-01 16:41:06,526 - EXECUT - INFO - received weights from trainer sta3!
2026-07-01 16:41:07,304 - EXECUT - INFO - received weights from trainer sta5!
2026-07-01 16:41:07,321 - EXECUT - INFO - received weights from trainer sta7!
2026-07-01 16:41:13,760 - EXECUT - INFO - received weights from trainer sta2!
2026-07-01 16:41:14,817 - EXECUT - INFO - sent aggregated weights to trainers!
2026-07-01 16:41:15,166 - METRIC - INFO - {"loss": 0.06724420189857483, "accuracy": 0.9798611402511597, "energy_consumption": 10090.902170498706, "selected": false, "client_name": "sta4"}
2026-07-01 16:41:15,174 - METRIC - INFO - {"loss": 0.049810100346803665, "accuracy": 0.9853700399398804, "energy_consumption": 9803.568173880052, "selected": false, "client_name": "sta8"}
2026-07-01 16:41:15,216 - METRIC - INFO - {"loss": 0.05446647107601166, "accuracy": 0.9838056564331055, "energy_consumption": 10407.950793181833, "selected": false, "client_name": "sta10"}
2026-07-01 16:41:15,226 - METRIC - INFO - {"loss": 0.05987171828746796, "accuracy": 0.9813387393951416, "energy_consumption": 7349.781221288283, "selected": false, "client_name": "sta0"}
2026-07-01 16:41:15,231 - METRIC - INFO - {"loss": 0.07705213874578476, "accuracy": 0.9763695001602173, "energy_consumption": 10098.403025411591, "selected": false, "client_name": "sta2"}
2026-07-01 16:41:15,235 - METRIC - INFO - {"loss": 0.058576550334692, "accuracy": 0.9827280640602112, "energy_consumption": 7011.90168637396, "selected": false, "client_name": "sta1"}
2026-07-01 16:41:15,276 - METRIC - INFO - {"loss": 0.05449659004807472, "accuracy": 0.9820395708084106, "energy_consumption": 8330.325565999645, "selected": false, "client_name": "sta6"}
2026-07-01 16:41:15,296 - METRIC - INFO - {"loss": 0.045075252652168274, "accuracy": 0.9851566553115845, "energy_consumption": 10165.769090732992, "selected": false, "client_name": "sta9"}
2026-07-01 16:41:15,341 - METRIC - INFO - {"loss": 0.05080894008278847, "accuracy": 0.983801007270813, "energy_consumption": 8018.819845491034, "selected": false, "client_name": "sta3"}
2026-07-01 16:41:15,356 - METRIC - INFO - {"loss": 0.05350736901164055, "accuracy": 0.9839872121810913, "energy_consumption": 7921.196339628909, "selected": false, "client_name": "sta5"}
2026-07-01 16:41:15,370 - METRIC - INFO - {"loss": 0.0560743547976017, "accuracy": 0.9834710955619812, "energy_consumption": 7210.9089503061505, "selected": false, "client_name": "sta7"}
2026-07-01 16:41:15,818 - METRIC - INFO - mean_accuracy: 0.9825389710339633

2026-07-01 16:41:15,818 - METRIC - INFO - round: 16
2026-07-01 16:41:15,818 - METRIC - INFO - n_selected: 11
2026-07-01 16:41:15,818 - METRIC - INFO - {"selected_trainers": ["sta0", "sta1", "sta10", "sta2", "sta3", "sta4", "sta5", "sta6", "sta7", "sta8", "sta9"]}
2026-07-01 16:41:20,721 - EXECUT - INFO - received weights from trainer sta8!
2026-07-01 16:41:20,797 - EXECUT - INFO - received weights from trainer sta4!
2026-07-01 16:41:24,786 - EXECUT - INFO - received weights from trainer sta10!
2026-07-01 16:41:26,006 - EXECUT - INFO - received weights from trainer sta1!
2026-07-01 16:41:26,265 - EXECUT - INFO - received weights from trainer sta0!
2026-07-01 16:41:27,397 - EXECUT - INFO - received weights from trainer sta2!
2026-07-01 16:41:28,082 - EXECUT - INFO - received weights from trainer sta6!
2026-07-01 16:41:28,760 - EXECUT - INFO - received weights from trainer sta9!
2026-07-01 16:41:29,270 - EXECUT - INFO - received weights from trainer sta3!
2026-07-01 16:41:30,084 - EXECUT - INFO - received weights from trainer sta5!
2026-07-01 16:41:30,189 - EXECUT - INFO - received weights from trainer sta7!
2026-07-01 16:41:30,598 - EXECUT - INFO - sent aggregated weights to trainers!
2026-07-01 16:41:30,918 - METRIC - INFO - {"loss": 0.06432545185089111, "accuracy": 0.980555534362793, "energy_consumption": 10642.093871940851, "selected": false, "client_name": "sta4"}
2026-07-01 16:41:31,040 - METRIC - INFO - {"loss": 0.04755584895610809, "accuracy": 0.9870912432670593, "energy_consumption": 10296.419288043127, "selected": false, "client_name": "sta8"}
2026-07-01 16:41:31,058 - METRIC - INFO - {"loss": 0.054280899465084076, "accuracy": 0.9820395708084106, "energy_consumption": 8751.540300531648, "selected": false, "client_name": "sta6"}
2026-07-01 16:41:31,075 - METRIC - INFO - {"loss": 0.044614989310503006, "accuracy": 0.9851566553115845, "energy_consumption": 10684.083054486793, "selected": false, "client_name": "sta9"}
2026-07-01 16:41:31,084 - METRIC - INFO - {"loss": 0.05195501074194908, "accuracy": 0.9834534525871277, "energy_consumption": 8302.894256109343, "selected": false, "client_name": "sta5"}
2026-07-01 16:41:31,124 - METRIC - INFO - {"loss": 0.05348338186740875, "accuracy": 0.9822770953178406, "energy_consumption": 10626.300903776251, "selected": false, "client_name": "sta2"}
2026-07-01 16:41:31,124 - METRIC - INFO - {"loss": 0.05678902938961983, "accuracy": 0.98228520154953, "energy_consumption": 7353.8600410061135, "selected": false, "client_name": "sta1"}
2026-07-01 16:41:31,125 - METRIC - INFO - {"loss": 0.052487943321466446, "accuracy": 0.983400821685791, "energy_consumption": 10925.196226902875, "selected": false, "client_name": "sta10"}
2026-07-01 16:41:31,209 - METRIC - INFO - {"loss": 0.05493328347802162, "accuracy": 0.9843565821647644, "energy_consumption": 7553.6258665999385, "selected": false, "client_name": "sta7"}
2026-07-01 16:41:31,225 - METRIC - INFO - {"loss": 0.055374875664711, "accuracy": 0.9809330701828003, "energy_consumption": 7707.209135577244, "selected": false, "client_name": "sta0"}
2026-07-01 16:41:31,240 - METRIC - INFO - {"loss": 0.049120157957077026, "accuracy": 0.9843795299530029, "energy_consumption": 8440.816596937897, "selected": false, "client_name": "sta3"}
2026-07-01 16:41:31,599 - METRIC - INFO - mean_accuracy: 0.9832662506537004

2026-07-01 16:41:31,599 - METRIC - INFO - round: 17
2026-07-01 16:41:31,599 - METRIC - INFO - n_selected: 11
2026-07-01 16:41:31,600 - METRIC - INFO - {"selected_trainers": ["sta0", "sta1", "sta10", "sta2", "sta3", "sta4", "sta5", "sta6", "sta7", "sta8", "sta9"]}
2026-07-01 16:41:36,496 - EXECUT - INFO - received weights from trainer sta8!
2026-07-01 16:41:36,616 - EXECUT - INFO - received weights from trainer sta4!
2026-07-01 16:41:40,643 - EXECUT - INFO - received weights from trainer sta10!
2026-07-01 16:41:41,782 - EXECUT - INFO - received weights from trainer sta1!
2026-07-01 16:41:42,046 - EXECUT - INFO - received weights from trainer sta0!
2026-07-01 16:41:43,316 - EXECUT - INFO - received weights from trainer sta2!
2026-07-01 16:41:43,838 - EXECUT - INFO - received weights from trainer sta6!
2026-07-01 16:41:44,455 - EXECUT - INFO - received weights from trainer sta9!
2026-07-01 16:41:44,977 - EXECUT - INFO - received weights from trainer sta3!
2026-07-01 16:41:45,778 - EXECUT - INFO - received weights from trainer sta5!
2026-07-01 16:41:45,931 - EXECUT - INFO - received weights from trainer sta7!
2026-07-01 16:41:46,328 - EXECUT - INFO - sent aggregated weights to trainers!
2026-07-01 16:41:46,628 - METRIC - INFO - {"loss": 0.062104128301143646, "accuracy": 0.9819444417953491, "energy_consumption": 11177.08424701095, "selected": false, "client_name": "sta4"}
2026-07-01 16:41:46,677 - METRIC - INFO - {"loss": 0.046461109071969986, "accuracy": 0.9836488962173462, "energy_consumption": 10828.240424580217, "selected": false, "client_name": "sta8"}
2026-07-01 16:41:46,708 - METRIC - INFO - {"loss": 0.051726747304201126, "accuracy": 0.9833512306213379, "energy_consumption": 11145.395555003515, "selected": false, "client_name": "sta2"}
2026-07-01 16:41:46,726 - METRIC - INFO - {"loss": 0.05155593901872635, "accuracy": 0.9854251146316528, "energy_consumption": 11499.712651544369, "selected": false, "client_name": "sta10"}
2026-07-01 16:41:46,799 - METRIC - INFO - {"loss": 0.04208347201347351, "accuracy": 0.9865310788154602, "energy_consumption": 11216.262424949831, "selected": false, "client_name": "sta9"}
2026-07-01 16:41:46,818 - METRIC - INFO - {"loss": 0.05314945802092552, "accuracy": 0.9833671450614929, "energy_consumption": 8100.842210115264, "selected": false, "client_name": "sta0"}
2026-07-01 16:41:46,840 - METRIC - INFO - {"loss": 0.04776564985513687, "accuracy": 0.983801007270813, "energy_consumption": 8861.28051597599, "selected": false, "client_name": "sta3"}
2026-07-01 16:41:46,851 - METRIC - INFO - {"loss": 0.05029234662652016, "accuracy": 0.9821190237998962, "energy_consumption": 8710.028741911983, "selected": false, "client_name": "sta5"}
2026-07-01 16:41:46,857 - METRIC - INFO - {"loss": 0.05634625628590584, "accuracy": 0.9818423390388489, "energy_consumption": 7729.319117804062, "selected": false, "client_name": "sta1"}
2026-07-01 16:41:46,920 - METRIC - INFO - {"loss": 0.05213576927781105, "accuracy": 0.9832572340965271, "energy_consumption": 9183.68772739146, "selected": false, "client_name": "sta6"}
2026-07-01 16:41:47,053 - METRIC - INFO - {"loss": 0.0526299774646759, "accuracy": 0.9843565821647644, "energy_consumption": 7912.416310153832, "selected": false, "client_name": "sta7"}
2026-07-01 16:41:47,331 - METRIC - INFO - mean_accuracy: 0.9836040085012262

2026-07-01 16:41:47,331 - METRIC - INFO - round: 18
2026-07-01 16:41:47,331 - METRIC - INFO - n_selected: 11
2026-07-01 16:41:47,331 - METRIC - INFO - {"selected_trainers": ["sta0", "sta1", "sta10", "sta2", "sta3", "sta4", "sta5", "sta6", "sta7", "sta8", "sta9"]}
2026-07-01 16:41:52,169 - EXECUT - INFO - received weights from trainer sta8!
2026-07-01 16:41:52,299 - EXECUT - INFO - received weights from trainer sta4!
2026-07-01 16:41:56,317 - EXECUT - INFO - received weights from trainer sta10!
2026-07-01 16:41:57,573 - EXECUT - INFO - received weights from trainer sta1!
2026-07-01 16:41:57,799 - EXECUT - INFO - received weights from trainer sta0!
2026-07-01 16:41:58,852 - EXECUT - INFO - received weights from trainer sta2!
2026-07-01 16:41:59,530 - EXECUT - INFO - received weights from trainer sta6!
2026-07-01 16:42:00,263 - EXECUT - INFO - received weights from trainer sta9!
2026-07-01 16:42:00,819 - EXECUT - INFO - received weights from trainer sta3!
2026-07-01 16:42:01,561 - EXECUT - INFO - received weights from trainer sta5!
2026-07-01 16:42:01,650 - EXECUT - INFO - received weights from trainer sta7!
2026-07-01 16:42:02,084 - EXECUT - INFO - sent aggregated weights to trainers!
2026-07-01 16:42:02,405 - METRIC - INFO - {"loss": 0.06032916158437729, "accuracy": 0.981249988079071, "energy_consumption": 11707.446501487622, "selected": false, "client_name": "sta4"}
2026-07-01 16:42:02,464 - METRIC - INFO - {"loss": 0.059599753469228745, "accuracy": 0.9836488962173462, "energy_consumption": 11348.193136564247, "selected": false, "client_name": "sta8"}
2026-07-01 16:42:02,496 - METRIC - INFO - {"loss": 0.04965168237686157, "accuracy": 0.9849624037742615, "energy_consumption": 11658.620405416103, "selected": false, "client_name": "sta2"}
2026-07-01 16:42:02,506 - METRIC - INFO - {"loss": 0.0486176535487175, "accuracy": 0.9850202202796936, "energy_consumption": 12098.121070284766, "selected": false, "client_name": "sta10"}
2026-07-01 16:42:02,553 - METRIC - INFO - {"loss": 0.0396592803299427, "accuracy": 0.9862561821937561, "energy_consumption": 11761.752942314784, "selected": false, "client_name": "sta9"}
2026-07-01 16:42:02,560 - METRIC - INFO - {"loss": 0.05199195072054863, "accuracy": 0.9825558066368103, "energy_consumption": 8495.335925664016, "selected": false, "client_name": "sta0"}
2026-07-01 16:42:02,562 - METRIC - INFO - {"loss": 0.05295059457421303, "accuracy": 0.9844995737075806, "energy_consumption": 8095.165892019896, "selected": false, "client_name": "sta1"}
2026-07-01 16:42:02,566 - METRIC - INFO - {"loss": 0.048355139791965485, "accuracy": 0.9838660359382629, "energy_consumption": 9595.250340148083, "selected": false, "client_name": "sta6"}
2026-07-01 16:42:02,586 - METRIC - INFO - {"loss": 0.046439532190561295, "accuracy": 0.9843795299530029, "energy_consumption": 9273.74107627472, "selected": false, "client_name": "sta3"}
2026-07-01 16:42:02,609 - METRIC - INFO - {"loss": 0.047741834074258804, "accuracy": 0.9837203025817871, "energy_consumption": 9119.968999300481, "selected": false, "client_name": "sta5"}
2026-07-01 16:42:02,680 - METRIC - INFO - {"loss": 0.04959528520703316, "accuracy": 0.9852420091629028, "energy_consumption": 8303.967201947353, "selected": false, "client_name": "sta7"}
2026-07-01 16:42:03,086 - METRIC - INFO - mean_accuracy: 0.9841273589567705

2026-07-01 16:42:03,086 - METRIC - INFO - round: 19
2026-07-01 16:42:03,086 - METRIC - INFO - n_selected: 11
2026-07-01 16:42:03,086 - METRIC - INFO - {"selected_trainers": ["sta0", "sta1", "sta10", "sta2", "sta3", "sta4", "sta5", "sta6", "sta7", "sta8", "sta9"]}
2026-07-01 16:42:07,948 - EXECUT - INFO - received weights from trainer sta8!
2026-07-01 16:42:08,018 - EXECUT - INFO - received weights from trainer sta4!
2026-07-01 16:42:12,138 - EXECUT - INFO - received weights from trainer sta10!
2026-07-01 16:42:13,272 - EXECUT - INFO - received weights from trainer sta1!
2026-07-01 16:42:13,583 - EXECUT - INFO - received weights from trainer sta0!
2026-07-01 16:42:14,671 - EXECUT - INFO - received weights from trainer sta2!
2026-07-01 16:42:15,270 - EXECUT - INFO - received weights from trainer sta6!
2026-07-01 16:42:15,923 - EXECUT - INFO - received weights from trainer sta9!
2026-07-01 16:42:16,566 - EXECUT - INFO - received weights from trainer sta3!
2026-07-01 16:42:17,358 - EXECUT - INFO - received weights from trainer sta5!
2026-07-01 16:42:17,379 - EXECUT - INFO - received weights from trainer sta7!
2026-07-01 16:42:17,835 - EXECUT - INFO - sent aggregated weights to trainers!
2026-07-01 16:42:18,201 - METRIC - INFO - {"loss": 0.043109774589538574, "accuracy": 0.9862306118011475, "energy_consumption": 11877.449095400198, "selected": false, "client_name": "sta8"}
2026-07-01 16:42:18,243 - METRIC - INFO - {"loss": 0.04880979657173157, "accuracy": 0.9841568470001221, "energy_consumption": 12196.855098110947, "selected": false, "client_name": "sta2"}
2026-07-01 16:42:18,291 - METRIC - INFO - {"loss": 0.04489097371697426, "accuracy": 0.9882591366767883, "energy_consumption": 12682.289268430624, "selected": false, "client_name": "sta10"}
2026-07-01 16:42:18,296 - METRIC - INFO - {"loss": 0.05762868374586105, "accuracy": 0.980555534362793, "energy_consumption": 12223.089945651423, "selected": false, "client_name": "sta4"}
2026-07-01 16:42:18,353 - METRIC - INFO - {"loss": 0.04698898270726204, "accuracy": 0.9841704964637756, "energy_consumption": 10030.4991170013, "selected": false, "client_name": "sta6"}
2026-07-01 16:42:18,368 - METRIC - INFO - {"loss": 0.050222430378198624, "accuracy": 0.9841784834861755, "energy_consumption": 8890.472743800614, "selected": false, "client_name": "sta0"}
2026-07-01 16:42:18,375 - METRIC - INFO - {"loss": 0.04553131014108658, "accuracy": 0.984090268611908, "energy_consumption": 9706.693515064326, "selected": false, "client_name": "sta3"}
2026-07-01 16:42:18,422 - METRIC - INFO - {"loss": 0.04825432598590851, "accuracy": 0.9852420091629028, "energy_consumption": 8685.62788132673, "selected": false, "client_name": "sta7"}
2026-07-01 16:42:18,455 - METRIC - INFO - {"loss": 0.03861027956008911, "accuracy": 0.9854315519332886, "energy_consumption": 12308.396125653646, "selected": false, "client_name": "sta9"}
2026-07-01 16:42:18,507 - METRIC - INFO - {"loss": 0.046235669404268265, "accuracy": 0.985321581363678, "energy_consumption": 9523.453302634312, "selected": false, "client_name": "sta5"}
2026-07-01 16:42:18,512 - METRIC - INFO - {"loss": 0.05469471216201782, "accuracy": 0.9818423390388489, "energy_consumption": 8476.356097938258, "selected": false, "client_name": "sta1"}
2026-07-01 16:42:18,837 - METRIC - INFO - mean_accuracy: 0.9844980781728571

2026-07-01 16:42:18,837 - METRIC - INFO - round: 20
2026-07-01 16:42:18,837 - METRIC - INFO - n_selected: 11
2026-07-01 16:42:18,837 - METRIC - INFO - {"selected_trainers": ["sta0", "sta1", "sta10", "sta2", "sta3", "sta4", "sta5", "sta6", "sta7", "sta8", "sta9"]}
2026-07-01 16:42:23,726 - EXECUT - INFO - received weights from trainer sta8!
2026-07-01 16:42:23,782 - EXECUT - INFO - received weights from trainer sta4!
2026-07-01 16:42:27,860 - EXECUT - INFO - received weights from trainer sta10!
2026-07-01 16:42:29,053 - EXECUT - INFO - received weights from trainer sta1!
2026-07-01 16:42:29,333 - EXECUT - INFO - received weights from trainer sta0!
2026-07-01 16:42:30,334 - EXECUT - INFO - received weights from trainer sta2!
2026-07-01 16:42:31,050 - EXECUT - INFO - received weights from trainer sta6!
2026-07-01 16:42:31,700 - EXECUT - INFO - received weights from trainer sta9!
2026-07-01 16:42:32,212 - EXECUT - INFO - received weights from trainer sta3!
2026-07-01 16:42:33,118 - EXECUT - INFO - received weights from trainer sta5!
2026-07-01 16:42:39,823 - EXECUT - INFO - received weights from trainer sta7!
2026-07-01 16:42:40,679 - EXECUT - INFO - sent aggregated weights to trainers!
2026-07-01 16:42:41,045 - METRIC - INFO - {"loss": 0.0410807728767395, "accuracy": 0.9870912432670593, "energy_consumption": 12634.560635141994, "selected": false, "client_name": "sta8"}
2026-07-01 16:42:41,086 - METRIC - INFO - {"loss": 0.059450361877679825, "accuracy": 0.9826388955116272, "energy_consumption": 12993.04659266049, "selected": false, "client_name": "sta4"}
2026-07-01 16:42:41,105 - METRIC - INFO - {"loss": 0.04454921931028366, "accuracy": 0.9874494075775146, "energy_consumption": 13548.821833205868, "selected": false, "client_name": "sta10"}
2026-07-01 16:42:41,112 - METRIC - INFO - {"loss": 0.0505206435918808, "accuracy": 0.9849424362182617, "energy_consumption": 8980.83003813346, "selected": false, "client_name": "sta1"}
2026-07-01 16:42:41,117 - METRIC - INFO - {"loss": 0.04749545082449913, "accuracy": 0.9852309226989746, "energy_consumption": 12996.317323101437, "selected": false, "client_name": "sta2"}
2026-07-01 16:42:41,144 - METRIC - INFO - {"loss": 0.04321017116308212, "accuracy": 0.9846687912940979, "energy_consumption": 10307.076862807951, "selected": false, "client_name": "sta3"}
2026-07-01 16:42:41,165 - METRIC - INFO - {"loss": 0.04652400314807892, "accuracy": 0.983561635017395, "energy_consumption": 10557.598617526597, "selected": false, "client_name": "sta6"}
2026-07-01 16:42:41,172 - METRIC - INFO - {"loss": 0.03668767213821411, "accuracy": 0.9862561821937561, "energy_consumption": 13116.144202501662, "selected": false, "client_name": "sta9"}
2026-07-01 16:42:41,190 - METRIC - INFO - {"loss": 0.04421401768922806, "accuracy": 0.9850547313690186, "energy_consumption": 10116.424515218318, "selected": false, "client_name": "sta5"}
2026-07-01 16:42:41,198 - METRIC - INFO - {"loss": 0.04967649653553963, "accuracy": 0.9855371713638306, "energy_consumption": 9150.723068458003, "selected": false, "client_name": "sta7"}
2026-07-01 16:42:41,200 - METRIC - INFO - {"loss": 0.05008089169859886, "accuracy": 0.9833671450614929, "energy_consumption": 9463.986313962432, "selected": false, "client_name": "sta0"}
2026-07-01 16:42:41,680 - METRIC - INFO - mean_accuracy: 0.9850725965066389

2026-07-01 16:42:41,680 - METRIC - INFO - round: 21
2026-07-01 16:42:41,680 - METRIC - INFO - n_selected: 11
2026-07-01 16:42:41,680 - METRIC - INFO - {"selected_trainers": ["sta0", "sta1", "sta10", "sta2", "sta3", "sta4", "sta5", "sta6", "sta7", "sta8", "sta9"]}
2026-07-01 16:42:46,528 - EXECUT - INFO - received weights from trainer sta8!
2026-07-01 16:42:47,121 - EXECUT - INFO - received weights from trainer sta4!
2026-07-01 16:42:50,674 - EXECUT - INFO - received weights from trainer sta10!
2026-07-01 16:42:51,883 - EXECUT - INFO - received weights from trainer sta1!
2026-07-01 16:42:52,185 - EXECUT - INFO - received weights from trainer sta0!
2026-07-01 16:42:53,324 - EXECUT - INFO - received weights from trainer sta2!
2026-07-01 16:42:53,917 - EXECUT - INFO - received weights from trainer sta6!
2026-07-01 16:42:54,561 - EXECUT - INFO - received weights from trainer sta9!
2026-07-01 16:42:55,164 - EXECUT - INFO - received weights from trainer sta3!
2026-07-01 16:42:55,937 - EXECUT - INFO - received weights from trainer sta5!
2026-07-01 16:42:55,986 - EXECUT - INFO - received weights from trainer sta7!
2026-07-01 16:42:56,372 - EXECUT - INFO - sent aggregated weights to trainers!
2026-07-01 16:42:56,680 - METRIC - INFO - {"loss": 0.05539567768573761, "accuracy": 0.9819444417953491, "energy_consumption": 13520.598624176666, "selected": false, "client_name": "sta4"}
2026-07-01 16:42:56,728 - METRIC - INFO - {"loss": 0.04012567177414894, "accuracy": 0.9862306118011475, "energy_consumption": 13118.672521897544, "selected": false, "client_name": "sta8"}
2026-07-01 16:42:56,753 - METRIC - INFO - {"loss": 0.04600680246949196, "accuracy": 0.9846938848495483, "energy_consumption": 13492.814683448129, "selected": false, "client_name": "sta2"}
2026-07-01 16:42:56,791 - METRIC - INFO - {"loss": 0.041516661643981934, "accuracy": 0.9882591366767883, "energy_consumption": 14109.099550936635, "selected": false, "client_name": "sta10"}
2026-07-01 16:42:56,849 - METRIC - INFO - {"loss": 0.035897329449653625, "accuracy": 0.9879054427146912, "energy_consumption": 13613.182246737197, "selected": false, "client_name": "sta9"}
2026-07-01 16:42:56,850 - METRIC - INFO - {"loss": 0.04871537163853645, "accuracy": 0.9844748973846436, "energy_consumption": 10981.934214947787, "selected": false, "client_name": "sta6"}
2026-07-01 16:42:56,877 - METRIC - INFO - {"loss": 0.049589358270168304, "accuracy": 0.9844995737075806, "energy_consumption": 9314.5623790637, "selected": false, "client_name": "sta1"}
2026-07-01 16:42:56,883 - METRIC - INFO - {"loss": 0.048161160200834274, "accuracy": 0.9841784834861755, "energy_consumption": 9826.583439443906, "selected": false, "client_name": "sta0"}
2026-07-01 16:42:56,890 - METRIC - INFO - {"loss": 0.043486688286066055, "accuracy": 0.9852473139762878, "energy_consumption": 10704.398764758045, "selected": false, "client_name": "sta3"}
2026-07-01 16:42:56,917 - METRIC - INFO - {"loss": 0.0425705686211586, "accuracy": 0.9858553409576416, "energy_consumption": 10538.481609849641, "selected": false, "client_name": "sta5"}
2026-07-01 16:42:56,928 - METRIC - INFO - {"loss": 0.049553368240594864, "accuracy": 0.9852420091629028, "energy_consumption": 9499.634613705219, "selected": false, "client_name": "sta7"}
2026-07-01 16:42:57,374 - METRIC - INFO - mean_accuracy: 0.9853210124102506

2026-07-01 16:42:57,374 - METRIC - INFO - round: 22
2026-07-01 16:42:57,374 - METRIC - INFO - n_selected: 11
2026-07-01 16:42:57,374 - METRIC - INFO - {"selected_trainers": ["sta0", "sta1", "sta10", "sta2", "sta3", "sta4", "sta5", "sta6", "sta7", "sta8", "sta9"]}
2026-07-01 16:43:02,214 - EXECUT - INFO - received weights from trainer sta8!
2026-07-01 16:43:02,326 - EXECUT - INFO - received weights from trainer sta4!
2026-07-01 16:43:06,383 - EXECUT - INFO - received weights from trainer sta10!
2026-07-01 16:43:07,540 - EXECUT - INFO - received weights from trainer sta1!
2026-07-01 16:43:07,921 - EXECUT - INFO - received weights from trainer sta0!
2026-07-01 16:43:08,939 - EXECUT - INFO - received weights from trainer sta2!
2026-07-01 16:43:09,609 - EXECUT - INFO - received weights from trainer sta6!
2026-07-01 16:43:10,283 - EXECUT - INFO - received weights from trainer sta9!
2026-07-01 16:43:10,778 - EXECUT - INFO - received weights from trainer sta3!
2026-07-01 16:43:11,526 - EXECUT - INFO - received weights from trainer sta5!
2026-07-01 16:43:11,670 - EXECUT - INFO - received weights from trainer sta7!
2026-07-01 16:43:12,008 - EXECUT - INFO - sent aggregated weights to trainers!
2026-07-01 16:43:12,357 - METRIC - INFO - {"loss": 0.05431107431650162, "accuracy": 0.981249988079071, "energy_consumption": 14055.525793499148, "selected": false, "client_name": "sta4"}
2026-07-01 16:43:12,367 - METRIC - INFO - {"loss": 0.03941018506884575, "accuracy": 0.9879518151283264, "energy_consumption": 13689.023636708158, "selected": false, "client_name": "sta8"}
2026-07-01 16:43:12,412 - METRIC - INFO - {"loss": 0.045922622084617615, "accuracy": 0.9854994416236877, "energy_consumption": 14022.909091441628, "selected": false, "client_name": "sta2"}
2026-07-01 16:43:12,440 - METRIC - INFO - {"loss": 0.04141110181808472, "accuracy": 0.9874494075775146, "energy_consumption": 14686.446597449565, "selected": false, "client_name": "sta10"}
2026-07-01 16:43:12,489 - METRIC - INFO - {"loss": 0.03576427698135376, "accuracy": 0.9876305460929871, "energy_consumption": 14183.920821360814, "selected": false, "client_name": "sta9"}
2026-07-01 16:43:12,503 - METRIC - INFO - {"loss": 0.043263476341962814, "accuracy": 0.9847792983055115, "energy_consumption": 11417.52837691836, "selected": false, "client_name": "sta6"}
2026-07-01 16:43:12,529 - METRIC - INFO - {"loss": 0.04657682031393051, "accuracy": 0.9837728142738342, "energy_consumption": 10216.543334366239, "selected": false, "client_name": "sta0"}
2026-07-01 16:43:12,559 - METRIC - INFO - {"loss": 0.04175758361816406, "accuracy": 0.9858553409576416, "energy_consumption": 10844.82435997562, "selected": false, "client_name": "sta5"}
2026-07-01 16:43:12,561 - METRIC - INFO - {"loss": 0.04105205461382866, "accuracy": 0.9846687912940979, "energy_consumption": 11107.112451536846, "selected": false, "client_name": "sta3"}
2026-07-01 16:43:12,562 - METRIC - INFO - {"loss": 0.050786301493644714, "accuracy": 0.9849424362182617, "energy_consumption": 9659.013706074742, "selected": false, "client_name": "sta1"}
2026-07-01 16:43:12,592 - METRIC - INFO - {"loss": 0.04775650054216385, "accuracy": 0.9864226579666138, "energy_consumption": 9867.48982592225, "selected": false, "client_name": "sta7"}
2026-07-01 16:43:13,009 - METRIC - INFO - mean_accuracy: 0.9854747761379589

2026-07-01 16:43:13,009 - METRIC - INFO - round: 23
2026-07-01 16:43:13,009 - METRIC - INFO - n_selected: 11
2026-07-01 16:43:13,009 - METRIC - INFO - {"selected_trainers": ["sta0", "sta1", "sta10", "sta2", "sta3", "sta4", "sta5", "sta6", "sta7", "sta8", "sta9"]}
2026-07-01 16:43:17,930 - EXECUT - INFO - received weights from trainer sta8!
2026-07-01 16:43:18,006 - EXECUT - INFO - received weights from trainer sta4!
2026-07-01 16:43:22,017 - EXECUT - INFO - received weights from trainer sta10!
2026-07-01 16:43:23,215 - EXECUT - INFO - received weights from trainer sta1!
2026-07-01 16:43:23,531 - EXECUT - INFO - received weights from trainer sta0!
2026-07-01 16:43:24,558 - EXECUT - INFO - received weights from trainer sta2!
2026-07-01 16:43:25,264 - EXECUT - INFO - received weights from trainer sta6!
2026-07-01 16:43:25,858 - EXECUT - INFO - received weights from trainer sta9!
2026-07-01 16:43:26,443 - EXECUT - INFO - received weights from trainer sta3!
2026-07-01 16:43:27,293 - EXECUT - INFO - received weights from trainer sta5!
2026-07-01 16:43:27,316 - EXECUT - INFO - received weights from trainer sta7!
2026-07-01 16:43:27,773 - EXECUT - INFO - sent aggregated weights to trainers!
2026-07-01 16:43:28,133 - METRIC - INFO - {"loss": 0.052747827023267746, "accuracy": 0.9826388955116272, "energy_consumption": 14576.521654511107, "selected": false, "client_name": "sta4"}
2026-07-01 16:43:28,142 - METRIC - INFO - {"loss": 0.03751060739159584, "accuracy": 0.9896729588508606, "energy_consumption": 14258.48868429001, "selected": false, "client_name": "sta8"}
2026-07-01 16:43:28,153 - METRIC - INFO - {"loss": 0.044339705258607864, "accuracy": 0.9854994416236877, "energy_consumption": 14560.404392572662, "selected": false, "client_name": "sta2"}
2026-07-01 16:43:28,185 - METRIC - INFO - {"loss": 0.04144340381026268, "accuracy": 0.9874494075775146, "energy_consumption": 15249.390981914787, "selected": false, "client_name": "sta10"}
2026-07-01 16:43:28,229 - METRIC - INFO - {"loss": 0.04217711463570595, "accuracy": 0.9844748973846436, "energy_consumption": 11849.833849578263, "selected": false, "client_name": "sta6"}
2026-07-01 16:43:28,230 - METRIC - INFO - {"loss": 0.03993199020624161, "accuracy": 0.9868059158325195, "energy_consumption": 14747.960636607275, "selected": false, "client_name": "sta9"}
2026-07-01 16:43:28,250 - METRIC - INFO - {"loss": 0.05012107267975807, "accuracy": 0.98228520154953, "energy_consumption": 10035.848051669282, "selected": false, "client_name": "sta1"}
2026-07-01 16:43:28,254 - METRIC - INFO - {"loss": 0.042848024517297745, "accuracy": 0.9850547313690186, "energy_consumption": 11253.731934260257, "selected": false, "client_name": "sta5"}
2026-07-01 16:43:28,265 - METRIC - INFO - {"loss": 0.0455293282866478, "accuracy": 0.9845841526985168, "energy_consumption": 10614.578551838578, "selected": false, "client_name": "sta0"}
2026-07-01 16:43:28,285 - METRIC - INFO - {"loss": 0.044184643775224686, "accuracy": 0.9867178201675415, "energy_consumption": 10252.218573227687, "selected": false, "client_name": "sta7"}
2026-07-01 16:43:28,289 - METRIC - INFO - {"loss": 0.3762965798377991, "accuracy": 0.8802430033683777, "energy_consumption": 11527.769056401467, "selected": false, "client_name": "sta3"}
2026-07-01 16:43:28,775 - METRIC - INFO - mean_accuracy: 0.9759478569030762

2026-07-01 16:43:28,775 - METRIC - INFO - round: 24
2026-07-01 16:43:28,775 - METRIC - INFO - n_selected: 11
2026-07-01 16:43:28,775 - METRIC - INFO - {"selected_trainers": ["sta0", "sta1", "sta10", "sta2", "sta3", "sta4", "sta5", "sta6", "sta7", "sta8", "sta9"]}
2026-07-01 16:43:33,636 - EXECUT - INFO - received weights from trainer sta8!
2026-07-01 16:43:33,745 - EXECUT - INFO - received weights from trainer sta4!
2026-07-01 16:43:37,757 - EXECUT - INFO - received weights from trainer sta10!
2026-07-01 16:43:38,924 - EXECUT - INFO - received weights from trainer sta1!
2026-07-01 16:43:39,256 - EXECUT - INFO - received weights from trainer sta0!
2026-07-01 16:43:40,349 - EXECUT - INFO - received weights from trainer sta2!
2026-07-01 16:43:40,951 - EXECUT - INFO - received weights from trainer sta6!
2026-07-01 16:43:41,632 - EXECUT - INFO - received weights from trainer sta9!
2026-07-01 16:43:42,241 - EXECUT - INFO - received weights from trainer sta3!
2026-07-01 16:43:43,069 - EXECUT - INFO - received weights from trainer sta5!
2026-07-01 16:43:43,214 - EXECUT - INFO - received weights from trainer sta7!
2026-07-01 16:43:44,535 - EXECUT - INFO - sent aggregated weights to trainers!
2026-07-01 16:43:44,841 - METRIC - INFO - {"loss": 0.05205637589097023, "accuracy": 0.9826388955116272, "energy_consumption": 15110.578783187086, "selected": false, "client_name": "sta4"}
2026-07-01 16:43:44,877 - METRIC - INFO - {"loss": 0.037567973136901855, "accuracy": 0.9896729588508606, "energy_consumption": 14815.7836923081, "selected": false, "client_name": "sta8"}
2026-07-01 16:43:44,914 - METRIC - INFO - {"loss": 0.043489791452884674, "accuracy": 0.9865735769271851, "energy_consumption": 15109.399820103861, "selected": false, "client_name": "sta2"}
2026-07-01 16:43:44,935 - METRIC - INFO - {"loss": 0.039429109543561935, "accuracy": 0.986639678478241, "energy_consumption": 15810.110274141502, "selected": false, "client_name": "sta10"}
2026-07-01 16:43:44,999 - METRIC - INFO - {"loss": 0.03353675827383995, "accuracy": 0.9881803393363953, "energy_consumption": 15318.912971943078, "selected": false, "client_name": "sta9"}
2026-07-01 16:43:45,007 - METRIC - INFO - {"loss": 0.04228874295949936, "accuracy": 0.9853881001472473, "energy_consumption": 12403.352149356939, "selected": false, "client_name": "sta6"}
2026-07-01 16:43:45,029 - METRIC - INFO - {"loss": 0.04445112496614456, "accuracy": 0.9853955507278442, "energy_consumption": 10999.863903653953, "selected": false, "client_name": "sta0"}
2026-07-01 16:43:45,052 - METRIC - INFO - {"loss": 0.04134790971875191, "accuracy": 0.9832224249839783, "energy_consumption": 11927.86669072557, "selected": false, "client_name": "sta3"}
2026-07-01 16:43:45,067 - METRIC - INFO - {"loss": 0.04041096568107605, "accuracy": 0.9863891005516052, "energy_consumption": 11756.393007623345, "selected": false, "client_name": "sta5"}
2026-07-01 16:43:45,071 - METRIC - INFO - {"loss": 0.048123545944690704, "accuracy": 0.9827280640602112, "energy_consumption": 10415.02047273757, "selected": false, "client_name": "sta1"}
2026-07-01 16:43:45,133 - METRIC - INFO - {"loss": 0.04356241226196289, "accuracy": 0.9876033067703247, "energy_consumption": 10736.760900595476, "selected": false, "client_name": "sta7"}
2026-07-01 16:43:45,537 - METRIC - INFO - mean_accuracy: 0.9858574542132291

2026-07-01 16:43:45,537 - METRIC - INFO - round: 25
2026-07-01 16:43:45,537 - METRIC - INFO - n_selected: 11
2026-07-01 16:43:45,537 - METRIC - INFO - {"selected_trainers": ["sta0", "sta1", "sta10", "sta2", "sta3", "sta4", "sta5", "sta6", "sta7", "sta8", "sta9"]}
2026-07-01 16:43:50,413 - EXECUT - INFO - received weights from trainer sta8!
2026-07-01 16:43:50,601 - EXECUT - INFO - received weights from trainer sta4!
2026-07-01 16:43:54,572 - EXECUT - INFO - received weights from trainer sta10!
2026-07-01 16:43:55,744 - EXECUT - INFO - received weights from trainer sta1!
2026-07-01 16:43:56,029 - EXECUT - INFO - received weights from trainer sta0!
2026-07-01 16:43:57,156 - EXECUT - INFO - received weights from trainer sta2!
2026-07-01 16:43:57,791 - EXECUT - INFO - received weights from trainer sta6!
2026-07-01 16:43:58,412 - EXECUT - INFO - received weights from trainer sta9!
2026-07-01 16:43:59,021 - EXECUT - INFO - received weights from trainer sta3!
2026-07-01 16:43:59,826 - EXECUT - INFO - received weights from trainer sta5!
2026-07-01 16:43:59,875 - EXECUT - INFO - received weights from trainer sta7!
2026-07-01 16:44:00,169 - EXECUT - INFO - sent aggregated weights to trainers!
2026-07-01 16:44:00,530 - METRIC - INFO - {"loss": 0.03843144699931145, "accuracy": 0.9896729588508606, "energy_consumption": 15352.003710736608, "selected": false, "client_name": "sta8"}
2026-07-01 16:44:00,534 - METRIC - INFO - {"loss": 0.051518481224775314, "accuracy": 0.9847221970558167, "energy_consumption": 15663.983424337486, "selected": false, "client_name": "sta4"}
2026-07-01 16:44:00,571 - METRIC - INFO - {"loss": 0.047855693846940994, "accuracy": 0.9849624037742615, "energy_consumption": 15647.420097992788, "selected": false, "client_name": "sta2"}
2026-07-01 16:44:00,595 - METRIC - INFO - {"loss": 0.04093321040272713, "accuracy": 0.9878542423248291, "energy_consumption": 16397.042835657016, "selected": false, "client_name": "sta10"}
2026-07-01 16:44:00,648 - METRIC - INFO - {"loss": 0.040264666080474854, "accuracy": 0.9869102239608765, "energy_consumption": 12828.474088939696, "selected": false, "client_name": "sta6"}
2026-07-01 16:44:00,656 - METRIC - INFO - {"loss": 0.03325524181127548, "accuracy": 0.9884551763534546, "energy_consumption": 15854.577233214686, "selected": false, "client_name": "sta9"}
2026-07-01 16:44:00,661 - METRIC - INFO - {"loss": 0.05153758078813553, "accuracy": 0.98228520154953, "energy_consumption": 10758.263131929043, "selected": false, "client_name": "sta1"}
2026-07-01 16:44:00,691 - METRIC - INFO - {"loss": 0.043101124465465546, "accuracy": 0.9858012199401855, "energy_consumption": 11383.238216844287, "selected": false, "client_name": "sta0"}
2026-07-01 16:44:00,699 - METRIC - INFO - {"loss": 0.040538184344768524, "accuracy": 0.9835116863250732, "energy_consumption": 12327.115814434761, "selected": false, "client_name": "sta3"}
2026-07-01 16:44:00,711 - METRIC - INFO - {"loss": 0.039682261645793915, "accuracy": 0.9861222505569458, "energy_consumption": 12163.146788065078, "selected": false, "client_name": "sta5"}
2026-07-01 16:44:00,789 - METRIC - INFO - {"loss": 0.04251930117607117, "accuracy": 0.9867178201675415, "energy_consumption": 11109.870871555246, "selected": false, "client_name": "sta7"}
2026-07-01 16:44:01,170 - METRIC - INFO - mean_accuracy: 0.9860923073508523

2026-07-01 16:44:01,170 - METRIC - INFO - round: 26
2026-07-01 16:44:01,170 - METRIC - INFO - n_selected: 11
2026-07-01 16:44:01,170 - METRIC - INFO - {"selected_trainers": ["sta0", "sta1", "sta10", "sta2", "sta3", "sta4", "sta5", "sta6", "sta7", "sta8", "sta9"]}
2026-07-01 16:44:06,028 - EXECUT - INFO - received weights from trainer sta8!
2026-07-01 16:44:06,145 - EXECUT - INFO - received weights from trainer sta4!
2026-07-01 16:44:10,233 - EXECUT - INFO - received weights from trainer sta10!
2026-07-01 16:44:11,310 - EXECUT - INFO - received weights from trainer sta1!
2026-07-01 16:44:11,687 - EXECUT - INFO - received weights from trainer sta0!
2026-07-01 16:44:12,806 - EXECUT - INFO - received weights from trainer sta2!
2026-07-01 16:44:13,392 - EXECUT - INFO - received weights from trainer sta6!
2026-07-01 16:44:14,078 - EXECUT - INFO - received weights from trainer sta9!
2026-07-01 16:44:14,578 - EXECUT - INFO - received weights from trainer sta3!
2026-07-01 16:44:15,425 - EXECUT - INFO - received weights from trainer sta5!
2026-07-01 16:44:15,440 - EXECUT - INFO - received weights from trainer sta7!
2026-07-01 16:44:15,817 - EXECUT - INFO - sent aggregated weights to trainers!
2026-07-01 16:44:16,172 - METRIC - INFO - {"loss": 0.035349734127521515, "accuracy": 0.9905335903167725, "energy_consumption": 15893.861930405608, "selected": false, "client_name": "sta8"}
2026-07-01 16:44:16,178 - METRIC - INFO - {"loss": 0.05007702112197876, "accuracy": 0.9833333492279053, "energy_consumption": 16197.023359567054, "selected": false, "client_name": "sta4"}
2026-07-01 16:44:16,224 - METRIC - INFO - {"loss": 0.03821564465761185, "accuracy": 0.9890688061714172, "energy_consumption": 16975.76963232838, "selected": false, "client_name": "sta10"}
2026-07-01 16:44:16,251 - METRIC - INFO - {"loss": 0.04220570996403694, "accuracy": 0.9868420958518982, "energy_consumption": 16187.93526455686, "selected": false, "client_name": "sta2"}
2026-07-01 16:44:16,269 - METRIC - INFO - {"loss": 0.04092642664909363, "accuracy": 0.9861151576042175, "energy_consumption": 12730.915838354238, "selected": false, "client_name": "sta3"}
2026-07-01 16:44:16,292 - METRIC - INFO - {"loss": 0.05424291640520096, "accuracy": 0.9824079275131226, "energy_consumption": 16408.25340804615, "selected": false, "client_name": "sta9"}
2026-07-01 16:44:16,316 - METRIC - INFO - {"loss": 0.04143909364938736, "accuracy": 0.9847792983055115, "energy_consumption": 13287.084290913548, "selected": false, "client_name": "sta6"}
2026-07-01 16:44:16,322 - METRIC - INFO - {"loss": 0.04399293288588524, "accuracy": 0.9849898815155029, "energy_consumption": 11763.92106326244, "selected": false, "client_name": "sta0"}
2026-07-01 16:44:16,338 - METRIC - INFO - {"loss": 0.04107941314578056, "accuracy": 0.9863891005516052, "energy_consumption": 12571.397823901276, "selected": false, "client_name": "sta5"}
2026-07-01 16:44:16,357 - METRIC - INFO - {"loss": 0.047324422746896744, "accuracy": 0.9844995737075806, "energy_consumption": 11128.87947871634, "selected": false, "client_name": "sta1"}
2026-07-01 16:44:16,358 - METRIC - INFO - {"loss": 0.04084353893995285, "accuracy": 0.9876033067703247, "energy_consumption": 11483.269679589514, "selected": false, "client_name": "sta7"}
2026-07-01 16:44:16,819 - METRIC - INFO - mean_accuracy: 0.9860510988668962

2026-07-01 16:44:16,819 - METRIC - INFO - round: 27
2026-07-01 16:44:16,819 - METRIC - INFO - n_selected: 11
2026-07-01 16:44:16,819 - METRIC - INFO - {"selected_trainers": ["sta0", "sta1", "sta10", "sta2", "sta3", "sta4", "sta5", "sta6", "sta7", "sta8", "sta9"]}
2026-07-01 16:44:21,669 - EXECUT - INFO - received weights from trainer sta8!
2026-07-01 16:44:21,756 - EXECUT - INFO - received weights from trainer sta4!
2026-07-01 16:44:25,883 - EXECUT - INFO - received weights from trainer sta10!
2026-07-01 16:44:27,027 - EXECUT - INFO - received weights from trainer sta1!
2026-07-01 16:44:29,032 - EXECUT - INFO - received weights from trainer sta6!
2026-07-01 16:44:29,650 - EXECUT - INFO - received weights from trainer sta9!
2026-07-01 16:44:30,250 - EXECUT - INFO - received weights from trainer sta3!
2026-07-01 16:44:31,139 - EXECUT - INFO - received weights from trainer sta7!
2026-07-01 16:44:37,472 - EXECUT - INFO - received weights from trainer sta0!
2026-07-01 16:44:37,545 - EXECUT - INFO - received weights from trainer sta2!
2026-07-01 16:44:37,712 - EXECUT - INFO - received weights from trainer sta5!
2026-07-01 16:44:38,519 - EXECUT - INFO - sent aggregated weights to trainers!
2026-07-01 16:44:38,924 - METRIC - INFO - {"loss": 0.04886791110038757, "accuracy": 0.9836137890815735, "energy_consumption": 11656.543435659669, "selected": false, "client_name": "sta1"}
2026-07-01 16:44:38,932 - METRIC - INFO - {"loss": 0.044903308153152466, "accuracy": 0.9868420958518982, "energy_consumption": 16985.730417196482, "selected": false, "client_name": "sta2"}
2026-07-01 16:44:38,936 - METRIC - INFO - {"loss": 0.03947991132736206, "accuracy": 0.9858299493789673, "energy_consumption": 17819.65183625794, "selected": false, "client_name": "sta10"}
2026-07-01 16:44:38,939 - METRIC - INFO - {"loss": 0.0491805337369442, "accuracy": 0.9854166507720947, "energy_consumption": 16986.969443851027, "selected": false, "client_name": "sta4"}
2026-07-01 16:44:38,980 - METRIC - INFO - {"loss": 0.0391780361533165, "accuracy": 0.9853700399398804, "energy_consumption": 16694.734071358595, "selected": false, "client_name": "sta8"}
2026-07-01 16:44:38,994 - METRIC - INFO - {"loss": 0.03785578906536102, "accuracy": 0.9881278276443481, "energy_consumption": 13848.510278703907, "selected": false, "client_name": "sta6"}
2026-07-01 16:44:39,003 - METRIC - INFO - {"loss": 0.03173776715993881, "accuracy": 0.9890049695968628, "energy_consumption": 17244.82583866262, "selected": false, "client_name": "sta9"}
2026-07-01 16:44:39,017 - METRIC - INFO - {"loss": 0.04203466698527336, "accuracy": 0.9876033067703247, "energy_consumption": 11940.312315645519, "selected": false, "client_name": "sta7"}
2026-07-01 16:44:39,022 - METRIC - INFO - {"loss": 0.04227663576602936, "accuracy": 0.9853955507278442, "energy_consumption": 12328.131514763285, "selected": false, "client_name": "sta0"}
2026-07-01 16:44:39,029 - METRIC - INFO - {"loss": 0.039896734058856964, "accuracy": 0.9843795299530029, "energy_consumption": 13341.21671232842, "selected": false, "client_name": "sta3"}
2026-07-01 16:44:39,057 - METRIC - INFO - {"loss": 0.037943463772535324, "accuracy": 0.9866560101509094, "energy_consumption": 13167.277680257159, "selected": false, "client_name": "sta5"}
2026-07-01 16:44:39,520 - METRIC - INFO - mean_accuracy: 0.9862036108970642

2026-07-01 16:44:39,520 - METRIC - INFO - round: 28
2026-07-01 16:44:39,520 - METRIC - INFO - n_selected: 11
2026-07-01 16:44:39,520 - METRIC - INFO - {"selected_trainers": ["sta0", "sta1", "sta10", "sta2", "sta3", "sta4", "sta5", "sta6", "sta7", "sta8", "sta9"]}
2026-07-01 16:44:44,435 - EXECUT - INFO - received weights from trainer sta8!
2026-07-01 16:44:44,483 - EXECUT - INFO - received weights from trainer sta4!
2026-07-01 16:44:48,489 - EXECUT - INFO - received weights from trainer sta10!
2026-07-01 16:44:49,777 - EXECUT - INFO - received weights from trainer sta1!
2026-07-01 16:44:49,975 - EXECUT - INFO - received weights from trainer sta0!
2026-07-01 16:44:51,170 - EXECUT - INFO - received weights from trainer sta2!
2026-07-01 16:44:51,807 - EXECUT - INFO - received weights from trainer sta6!
2026-07-01 16:44:52,382 - EXECUT - INFO - received weights from trainer sta9!
2026-07-01 16:44:52,921 - EXECUT - INFO - received weights from trainer sta3!
2026-07-01 16:44:53,819 - EXECUT - INFO - received weights from trainer sta5!
2026-07-01 16:44:53,857 - EXECUT - INFO - received weights from trainer sta7!
2026-07-01 16:44:54,303 - EXECUT - INFO - sent aggregated weights to trainers!
2026-07-01 16:44:54,660 - METRIC - INFO - {"loss": 0.04869729280471802, "accuracy": 0.9861111044883728, "energy_consumption": 17496.346520949333, "selected": false, "client_name": "sta4"}
2026-07-01 16:44:54,665 - METRIC - INFO - {"loss": 0.03401758894324303, "accuracy": 0.9905335903167725, "energy_consumption": 17192.01670839898, "selected": false, "client_name": "sta8"}
2026-07-01 16:44:54,801 - METRIC - INFO - {"loss": 0.03163834288716316, "accuracy": 0.9895547032356262, "energy_consumption": 17796.046077917188, "selected": false, "client_name": "sta9"}
2026-07-01 16:44:54,802 - METRIC - INFO - {"loss": 0.038017649203538895, "accuracy": 0.9872146248817444, "energy_consumption": 14255.415958146748, "selected": false, "client_name": "sta6"}
2026-07-01 16:44:54,830 - METRIC - INFO - {"loss": 0.04209417477250099, "accuracy": 0.9873791337013245, "energy_consumption": 17523.963563280256, "selected": false, "client_name": "sta2"}
2026-07-01 16:44:54,846 - METRIC - INFO - {"loss": 0.037118759006261826, "accuracy": 0.9878542423248291, "energy_consumption": 18377.091999464505, "selected": false, "client_name": "sta10"}
2026-07-01 16:44:54,853 - METRIC - INFO - {"loss": 0.047209274023771286, "accuracy": 0.9840567111968994, "energy_consumption": 11985.881127827039, "selected": false, "client_name": "sta1"}
2026-07-01 16:44:54,867 - METRIC - INFO - {"loss": 0.0378853902220726, "accuracy": 0.9863891005516052, "energy_consumption": 13591.518744528847, "selected": false, "client_name": "sta5"}
2026-07-01 16:44:54,901 - METRIC - INFO - {"loss": 0.041963472962379456, "accuracy": 0.9881936311721802, "energy_consumption": 12290.58095229236, "selected": false, "client_name": "sta7"}
2026-07-01 16:44:54,936 - METRIC - INFO - {"loss": 0.041577886790037155, "accuracy": 0.9858012199401855, "energy_consumption": 12703.267064578216, "selected": false, "client_name": "sta0"}
2026-07-01 16:44:54,982 - METRIC - INFO - {"loss": 0.03787875920534134, "accuracy": 0.9864044189453125, "energy_consumption": 13747.694529470198, "selected": false, "client_name": "sta3"}
2026-07-01 16:44:55,306 - METRIC - INFO - mean_accuracy: 0.987226589159532

2026-07-01 16:44:55,306 - METRIC - INFO - round: 29
2026-07-01 16:44:55,306 - METRIC - INFO - n_selected: 11
2026-07-01 16:44:55,306 - METRIC - INFO - {"selected_trainers": ["sta0", "sta1", "sta10", "sta2", "sta3", "sta4", "sta5", "sta6", "sta7", "sta8", "sta9"]}
2026-07-01 16:45:00,190 - EXECUT - INFO - received weights from trainer sta8!
2026-07-01 16:45:00,306 - EXECUT - INFO - received weights from trainer sta4!
2026-07-01 16:45:04,233 - EXECUT - INFO - received weights from trainer sta10!
2026-07-01 16:45:05,513 - EXECUT - INFO - received weights from trainer sta1!
2026-07-01 16:45:05,850 - EXECUT - INFO - received weights from trainer sta0!
2026-07-01 16:45:06,898 - EXECUT - INFO - received weights from trainer sta2!
2026-07-01 16:45:07,491 - EXECUT - INFO - received weights from trainer sta6!
2026-07-01 16:45:08,180 - EXECUT - INFO - received weights from trainer sta9!
2026-07-01 16:45:08,735 - EXECUT - INFO - received weights from trainer sta3!
2026-07-01 16:45:09,521 - EXECUT - INFO - received weights from trainer sta5!
2026-07-01 16:45:09,588 - EXECUT - INFO - received weights from trainer sta7!
2026-07-01 16:45:10,021 - EXECUT - INFO - sent aggregated weights to trainers!
2026-07-01 16:45:10,402 - METRIC - INFO - {"loss": 0.034250881522893906, "accuracy": 0.9905335903167725, "energy_consumption": 17726.76792356014, "selected": false, "client_name": "sta8"}
2026-07-01 16:45:10,405 - METRIC - INFO - {"loss": 0.04712454974651337, "accuracy": 0.9854166507720947, "energy_consumption": 18016.340060465627, "selected": false, "client_name": "sta4"}
2026-07-01 16:45:10,422 - METRIC - INFO - {"loss": 0.041999008506536484, "accuracy": 0.9860365390777588, "energy_consumption": 18074.650594877436, "selected": false, "client_name": "sta2"}
2026-07-01 16:45:10,449 - METRIC - INFO - {"loss": 0.036577120423316956, "accuracy": 0.9882591366767883, "energy_consumption": 18947.54686358992, "selected": false, "client_name": "sta10"}
2026-07-01 16:45:10,515 - METRIC - INFO - {"loss": 0.030826305970549583, "accuracy": 0.9890049695968628, "energy_consumption": 18380.112665720055, "selected": false, "client_name": "sta9"}
2026-07-01 16:45:10,517 - METRIC - INFO - {"loss": 0.03826676681637764, "accuracy": 0.9878234267234802, "energy_consumption": 14685.554208464973, "selected": false, "client_name": "sta6"}
2026-07-01 16:45:10,530 - METRIC - INFO - {"loss": 0.04536860063672066, "accuracy": 0.9844995737075806, "energy_consumption": 12356.800450896495, "selected": false, "client_name": "sta1"}
2026-07-01 16:45:10,543 - METRIC - INFO - {"loss": 0.04141050577163696, "accuracy": 0.9862068891525269, "energy_consumption": 13098.884970900546, "selected": false, "client_name": "sta0"}
2026-07-01 16:45:10,559 - METRIC - INFO - {"loss": 0.042118217796087265, "accuracy": 0.9866936802864075, "energy_consumption": 14166.247286956148, "selected": false, "client_name": "sta3"}
2026-07-01 16:45:10,568 - METRIC - INFO - {"loss": 0.03696136921644211, "accuracy": 0.987189769744873, "energy_consumption": 14020.920374640677, "selected": false, "client_name": "sta5"}
2026-07-01 16:45:10,589 - METRIC - INFO - {"loss": 0.0405050553381443, "accuracy": 0.9878984689712524, "energy_consumption": 12654.834751738725, "selected": false, "client_name": "sta7"}
2026-07-01 16:45:11,023 - METRIC - INFO - mean_accuracy: 0.9872329722751271

2026-07-01 16:45:11,023 - METRIC - INFO - round: 30
2026-07-01 16:45:11,023 - METRIC - INFO - n_selected: 11
2026-07-01 16:45:11,023 - METRIC - INFO - {"selected_trainers": ["sta0", "sta1", "sta10", "sta2", "sta3", "sta4", "sta5", "sta6", "sta7", "sta8", "sta9"]}
2026-07-01 16:45:15,863 - EXECUT - INFO - received weights from trainer sta8!
2026-07-01 16:45:15,999 - EXECUT - INFO - received weights from trainer sta4!
2026-07-01 16:45:19,918 - EXECUT - INFO - received weights from trainer sta10!
2026-07-01 16:45:21,193 - EXECUT - INFO - received weights from trainer sta1!
2026-07-01 16:45:21,544 - EXECUT - INFO - received weights from trainer sta0!
2026-07-01 16:45:22,533 - EXECUT - INFO - received weights from trainer sta2!
2026-07-01 16:45:23,258 - EXECUT - INFO - received weights from trainer sta6!
2026-07-01 16:45:23,898 - EXECUT - INFO - received weights from trainer sta9!
2026-07-01 16:45:24,518 - EXECUT - INFO - received weights from trainer sta3!
2026-07-01 16:45:25,281 - EXECUT - INFO - received weights from trainer sta5!
2026-07-01 16:45:25,392 - EXECUT - INFO - received weights from trainer sta7!
2026-07-01 16:45:25,669 - EXECUT - INFO - sent aggregated weights to trainers!
2026-07-01 16:45:26,048 - METRIC - INFO - {"loss": 0.03297291323542595, "accuracy": 0.9905335903167725, "energy_consumption": 18289.971512845004, "selected": false, "client_name": "sta8"}
2026-07-01 16:45:26,084 - METRIC - INFO - {"loss": 0.035701725631952286, "accuracy": 0.9886639714241028, "energy_consumption": 19527.035453692624, "selected": false, "client_name": "sta10"}
2026-07-01 16:45:26,088 - METRIC - INFO - {"loss": 0.04236525669693947, "accuracy": 0.9854994416236877, "energy_consumption": 18605.486196116737, "selected": false, "client_name": "sta2"}
2026-07-01 16:45:26,115 - METRIC - INFO - {"loss": 0.046534497290849686, "accuracy": 0.9854166507720947, "energy_consumption": 18521.86784413876, "selected": false, "client_name": "sta4"}
2026-07-01 16:45:26,119 - METRIC - INFO - {"loss": 0.0391724668443203, "accuracy": 0.9850836992263794, "energy_consumption": 15107.91493796558, "selected": false, "client_name": "sta6"}
2026-07-01 16:45:26,149 - METRIC - INFO - {"loss": 0.030553990975022316, "accuracy": 0.9892798066139221, "energy_consumption": 18946.29119595713, "selected": false, "client_name": "sta9"}
2026-07-01 16:45:26,164 - METRIC - INFO - {"loss": 0.04092887043952942, "accuracy": 0.9866125583648682, "energy_consumption": 13490.967221370565, "selected": false, "client_name": "sta0"}
2026-07-01 16:45:26,164 - METRIC - INFO - {"loss": 0.038713157176971436, "accuracy": 0.9858258366584778, "energy_consumption": 14557.531339103469, "selected": false, "client_name": "sta3"}
2026-07-01 16:45:26,167 - METRIC - INFO - {"loss": 0.0449725016951561, "accuracy": 0.9849424362182617, "energy_consumption": 12742.707472478034, "selected": false, "client_name": "sta1"}
2026-07-01 16:45:26,201 - METRIC - INFO - {"loss": 0.039762068539857864, "accuracy": 0.9887839555740356, "energy_consumption": 13030.006715269708, "selected": false, "client_name": "sta7"}
2026-07-01 16:45:26,215 - METRIC - INFO - {"loss": 0.036543700844049454, "accuracy": 0.9866560101509094, "energy_consumption": 14442.17640396329, "selected": false, "client_name": "sta5"}
2026-07-01 16:45:26,672 - METRIC - INFO - mean_accuracy: 0.9870270869948647

2026-07-01 16:45:26,672 - METRIC - INFO - round: 31
2026-07-01 16:45:26,672 - METRIC - INFO - n_selected: 11
2026-07-01 16:45:26,672 - METRIC - INFO - {"selected_trainers": ["sta0", "sta1", "sta10", "sta2", "sta3", "sta4", "sta5", "sta6", "sta7", "sta8", "sta9"]}
2026-07-01 16:45:31,521 - EXECUT - INFO - received weights from trainer sta8!
2026-07-01 16:45:31,646 - EXECUT - INFO - received weights from trainer sta4!
2026-07-01 16:45:35,736 - EXECUT - INFO - received weights from trainer sta10!
2026-07-01 16:45:36,794 - EXECUT - INFO - received weights from trainer sta1!
2026-07-01 16:45:37,163 - EXECUT - INFO - received weights from trainer sta0!
2026-07-01 16:45:38,262 - EXECUT - INFO - received weights from trainer sta2!
2026-07-01 16:45:38,832 - EXECUT - INFO - received weights from trainer sta6!
2026-07-01 16:45:39,504 - EXECUT - INFO - received weights from trainer sta9!
2026-07-01 16:45:40,052 - EXECUT - INFO - received weights from trainer sta3!
2026-07-01 16:45:40,865 - EXECUT - INFO - received weights from trainer sta5!
2026-07-01 16:45:41,021 - EXECUT - INFO - received weights from trainer sta7!
2026-07-01 16:45:41,404 - EXECUT - INFO - sent aggregated weights to trainers!
2026-07-01 16:45:41,761 - METRIC - INFO - {"loss": 0.03323143720626831, "accuracy": 0.9913941621780396, "energy_consumption": 18882.829962762295, "selected": false, "client_name": "sta8"}
2026-07-01 16:45:41,817 - METRIC - INFO - {"loss": 0.03467806428670883, "accuracy": 0.9882591366767883, "energy_consumption": 20095.666473834175, "selected": false, "client_name": "sta10"}
2026-07-01 16:45:41,828 - METRIC - INFO - {"loss": 0.040398914366960526, "accuracy": 0.9873791337013245, "energy_consumption": 19140.655130036226, "selected": false, "client_name": "sta2"}
2026-07-01 16:45:41,878 - METRIC - INFO - {"loss": 0.030598023906350136, "accuracy": 0.9892798066139221, "energy_consumption": 19510.350014011165, "selected": false, "client_name": "sta9"}
2026-07-01 16:45:41,895 - METRIC - INFO - {"loss": 0.04476118087768555, "accuracy": 0.9849898815155029, "energy_consumption": 13885.159175263447, "selected": false, "client_name": "sta0"}
2026-07-01 16:45:41,904 - METRIC - INFO - {"loss": 0.046445634216070175, "accuracy": 0.9847221970558167, "energy_consumption": 19060.837647597713, "selected": false, "client_name": "sta4"}
2026-07-01 16:45:41,919 - METRIC - INFO - {"loss": 0.034961774945259094, "accuracy": 0.9869228601455688, "energy_consumption": 14747.732190171617, "selected": false, "client_name": "sta5"}
2026-07-01 16:45:41,934 - METRIC - INFO - {"loss": 0.03745928406715393, "accuracy": 0.9869829416275024, "energy_consumption": 14974.309805393112, "selected": false, "client_name": "sta3"}
2026-07-01 16:45:41,954 - METRIC - INFO - {"loss": 0.04501591622829437, "accuracy": 0.9849424362182617, "energy_consumption": 13105.854996693755, "selected": false, "client_name": "sta1"}
2026-07-01 16:45:42,013 - METRIC - INFO - {"loss": 0.038415633141994476, "accuracy": 0.9859969615936279, "energy_consumption": 15536.17135262373, "selected": false, "client_name": "sta6"}
2026-07-01 16:45:42,097 - METRIC - INFO - {"loss": 0.04086092859506607, "accuracy": 0.9878984689712524, "energy_consumption": 13395.523570587302, "selected": false, "client_name": "sta7"}
2026-07-01 16:45:42,406 - METRIC - INFO - mean_accuracy: 0.9871607260270552

2026-07-01 16:45:42,406 - METRIC - INFO - round: 32
2026-07-01 16:45:42,406 - METRIC - INFO - n_selected: 11
2026-07-01 16:45:42,406 - METRIC - INFO - {"selected_trainers": ["sta0", "sta1", "sta10", "sta2", "sta3", "sta4", "sta5", "sta6", "sta7", "sta8", "sta9"]}
2026-07-01 16:45:47,380 - EXECUT - INFO - received weights from trainer sta4!
2026-07-01 16:45:47,977 - EXECUT - INFO - received weights from trainer sta8!
2026-07-01 16:45:51,452 - EXECUT - INFO - received weights from trainer sta10!
2026-07-01 16:45:52,610 - EXECUT - INFO - received weights from trainer sta1!
2026-07-01 16:45:52,849 - EXECUT - INFO - received weights from trainer sta0!
2026-07-01 16:45:54,048 - EXECUT - INFO - received weights from trainer sta2!
2026-07-01 16:45:54,657 - EXECUT - INFO - received weights from trainer sta6!
2026-07-01 16:45:55,265 - EXECUT - INFO - received weights from trainer sta9!
2026-07-01 16:45:55,801 - EXECUT - INFO - received weights from trainer sta3!
2026-07-01 16:45:56,698 - EXECUT - INFO - received weights from trainer sta5!
2026-07-01 16:45:56,797 - EXECUT - INFO - received weights from trainer sta7!
2026-07-01 16:45:57,146 - EXECUT - INFO - sent aggregated weights to trainers!
2026-07-01 16:45:57,495 - METRIC - INFO - {"loss": 0.04704337567090988, "accuracy": 0.9840278029441833, "energy_consumption": 19611.55198906643, "selected": false, "client_name": "sta4"}
2026-07-01 16:45:57,522 - METRIC - INFO - {"loss": 0.03212190046906471, "accuracy": 0.9905335903167725, "energy_consumption": 19442.37448725049, "selected": false, "client_name": "sta8"}
2026-07-01 16:45:57,524 - METRIC - INFO - {"loss": 0.04158587008714676, "accuracy": 0.9863050580024719, "energy_consumption": 19673.808438709722, "selected": false, "client_name": "sta2"}
2026-07-01 16:45:57,557 - METRIC - INFO - {"loss": 0.03599061444401741, "accuracy": 0.9870445132255554, "energy_consumption": 20612.67890450524, "selected": false, "client_name": "sta10"}
2026-07-01 16:45:57,622 - METRIC - INFO - {"loss": 0.03177783265709877, "accuracy": 0.9901044368743896, "energy_consumption": 20065.153442333987, "selected": false, "client_name": "sta9"}
2026-07-01 16:45:57,623 - METRIC - INFO - {"loss": 0.036954931914806366, "accuracy": 0.9872146248817444, "energy_consumption": 15978.336321263834, "selected": false, "client_name": "sta6"}
2026-07-01 16:45:57,656 - METRIC - INFO - {"loss": 0.040050771087408066, "accuracy": 0.9870182275772095, "energy_consumption": 14270.886125327754, "selected": false, "client_name": "sta0"}
2026-07-01 16:45:57,680 - METRIC - INFO - {"loss": 0.03644956648349762, "accuracy": 0.9866936802864075, "energy_consumption": 15376.659591162095, "selected": false, "client_name": "sta3"}
2026-07-01 16:45:57,680 - METRIC - INFO - {"loss": 0.03539099916815758, "accuracy": 0.9866560101509094, "energy_consumption": 15271.648324452572, "selected": false, "client_name": "sta5"}
2026-07-01 16:45:57,702 - METRIC - INFO - {"loss": 0.03884130343794823, "accuracy": 0.9887839555740356, "energy_consumption": 13763.170324434308, "selected": false, "client_name": "sta7"}
2026-07-01 16:45:57,787 - METRIC - INFO - {"loss": 0.04513150826096535, "accuracy": 0.9840567111968994, "energy_consumption": 13456.255683255698, "selected": false, "client_name": "sta1"}
2026-07-01 16:45:58,149 - METRIC - INFO - mean_accuracy: 0.9871307828209617

2026-07-01 16:45:58,149 - METRIC - INFO - round: 33
2026-07-01 16:45:58,149 - METRIC - INFO - n_selected: 11
2026-07-01 16:45:58,149 - METRIC - INFO - {"selected_trainers": ["sta0", "sta1", "sta10", "sta2", "sta3", "sta4", "sta5", "sta6", "sta7", "sta8", "sta9"]}
2026-07-01 16:46:03,027 - EXECUT - INFO - received weights from trainer sta8!
2026-07-01 16:46:03,106 - EXECUT - INFO - received weights from trainer sta4!
2026-07-01 16:46:07,198 - EXECUT - INFO - received weights from trainer sta10!
2026-07-01 16:46:08,551 - EXECUT - INFO - received weights from trainer sta0!
2026-07-01 16:46:08,585 - EXECUT - INFO - received weights from trainer sta1!
2026-07-01 16:46:09,755 - EXECUT - INFO - received weights from trainer sta2!
2026-07-01 16:46:10,413 - EXECUT - INFO - received weights from trainer sta6!
2026-07-01 16:46:11,099 - EXECUT - INFO - received weights from trainer sta9!
2026-07-01 16:46:11,530 - EXECUT - INFO - received weights from trainer sta3!
2026-07-01 16:46:12,360 - EXECUT - INFO - received weights from trainer sta5!
2026-07-01 16:46:12,475 - EXECUT - INFO - received weights from trainer sta7!
2026-07-01 16:46:12,784 - EXECUT - INFO - sent aggregated weights to trainers!
2026-07-01 16:46:13,142 - METRIC - INFO - {"loss": 0.0456358976662159, "accuracy": 0.9854166507720947, "energy_consumption": 20033.60962107301, "selected": false, "client_name": "sta4"}
2026-07-01 16:46:13,159 - METRIC - INFO - {"loss": 0.03248414397239685, "accuracy": 0.9905335903167725, "energy_consumption": 19976.61146771495, "selected": false, "client_name": "sta8"}
2026-07-01 16:46:13,218 - METRIC - INFO - {"loss": 0.038172151893377304, "accuracy": 0.9870445132255554, "energy_consumption": 21187.38816813119, "selected": false, "client_name": "sta10"}
2026-07-01 16:46:13,219 - METRIC - INFO - {"loss": 0.040148042142391205, "accuracy": 0.9881847500801086, "energy_consumption": 20204.620556592614, "selected": false, "client_name": "sta2"}
2026-07-01 16:46:13,277 - METRIC - INFO - {"loss": 0.037432413548231125, "accuracy": 0.9863013625144958, "energy_consumption": 16415.67402750111, "selected": false, "client_name": "sta6"}
2026-07-01 16:46:13,304 - METRIC - INFO - {"loss": 0.03723835200071335, "accuracy": 0.9869829416275024, "energy_consumption": 15790.914328970663, "selected": false, "client_name": "sta3"}
2026-07-01 16:46:13,310 - METRIC - INFO - {"loss": 0.04066642001271248, "accuracy": 0.9870182275772095, "energy_consumption": 14657.995728059432, "selected": false, "client_name": "sta0"}
2026-07-01 16:46:13,384 - METRIC - INFO - {"loss": 0.03932356461882591, "accuracy": 0.9878984689712524, "energy_consumption": 14140.41374832938, "selected": false, "client_name": "sta7"}
2026-07-01 16:46:13,392 - METRIC - INFO - {"loss": 0.028798675164580345, "accuracy": 0.9895547032356262, "energy_consumption": 20619.29258382745, "selected": false, "client_name": "sta9"}
2026-07-01 16:46:13,453 - METRIC - INFO - {"loss": 0.04569678008556366, "accuracy": 0.9853852987289429, "energy_consumption": 13826.81869067313, "selected": false, "client_name": "sta1"}
2026-07-01 16:46:13,471 - METRIC - INFO - {"loss": 0.03581792861223221, "accuracy": 0.9874566197395325, "energy_consumption": 15582.130006124273, "selected": false, "client_name": "sta5"}
2026-07-01 16:46:13,786 - METRIC - INFO - mean_accuracy: 0.987434284253554

2026-07-01 16:46:13,786 - METRIC - INFO - round: 34
2026-07-01 16:46:13,786 - METRIC - INFO - n_selected: 11
2026-07-01 16:46:13,786 - METRIC - INFO - {"selected_trainers": ["sta0", "sta1", "sta10", "sta2", "sta3", "sta4", "sta5", "sta6", "sta7", "sta8", "sta9"]}
2026-07-01 16:46:18,647 - EXECUT - INFO - received weights from trainer sta8!
2026-07-01 16:46:18,724 - EXECUT - INFO - received weights from trainer sta4!
2026-07-01 16:46:22,794 - EXECUT - INFO - received weights from trainer sta10!
2026-07-01 16:46:23,921 - EXECUT - INFO - received weights from trainer sta1!
2026-07-01 16:46:24,267 - EXECUT - INFO - received weights from trainer sta0!
2026-07-01 16:46:25,323 - EXECUT - INFO - received weights from trainer sta2!
2026-07-01 16:46:25,982 - EXECUT - INFO - received weights from trainer sta6!
2026-07-01 16:46:26,668 - EXECUT - INFO - received weights from trainer sta9!
2026-07-01 16:46:27,260 - EXECUT - INFO - received weights from trainer sta3!
2026-07-01 16:46:28,042 - EXECUT - INFO - received weights from trainer sta5!
2026-07-01 16:46:28,156 - EXECUT - INFO - received weights from trainer sta7!
2026-07-01 16:46:28,396 - EXECUT - INFO - sent aggregated weights to trainers!
2026-07-01 16:46:28,711 - METRIC - INFO - {"loss": 0.04574292525649071, "accuracy": 0.9854166507720947, "energy_consumption": 20558.020263470262, "selected": false, "client_name": "sta4"}
2026-07-01 16:46:28,746 - METRIC - INFO - {"loss": 0.032711222767829895, "accuracy": 0.9905335903167725, "energy_consumption": 20531.889783801365, "selected": false, "client_name": "sta8"}
2026-07-01 16:46:28,790 - METRIC - INFO - {"loss": 0.039540063589811325, "accuracy": 0.9873791337013245, "energy_consumption": 20728.001344783454, "selected": false, "client_name": "sta2"}
2026-07-01 16:46:28,798 - METRIC - INFO - {"loss": 0.032915472984313965, "accuracy": 0.9894737005233765, "energy_consumption": 21764.224707694648, "selected": false, "client_name": "sta10"}
2026-07-01 16:46:28,863 - METRIC - INFO - {"loss": 0.029769601300358772, "accuracy": 0.9892798066139221, "energy_consumption": 21173.867845860717, "selected": false, "client_name": "sta9"}
2026-07-01 16:46:28,889 - METRIC - INFO - {"loss": 0.039895541965961456, "accuracy": 0.9874239563941956, "energy_consumption": 15041.10817910609, "selected": false, "client_name": "sta0"}
2026-07-01 16:46:28,892 - METRIC - INFO - {"loss": 0.0452209897339344, "accuracy": 0.9836137890815735, "energy_consumption": 14192.413683285007, "selected": false, "client_name": "sta1"}
2026-07-01 16:46:28,900 - METRIC - INFO - {"loss": 0.037576138973236084, "accuracy": 0.9866057634353638, "energy_consumption": 16840.7806168904, "selected": false, "client_name": "sta6"}
2026-07-01 16:46:28,937 - METRIC - INFO - {"loss": 0.03368586674332619, "accuracy": 0.9882572889328003, "energy_consumption": 15978.229467825882, "selected": false, "client_name": "sta5"}
2026-07-01 16:46:28,951 - METRIC - INFO - {"loss": 0.037898845970630646, "accuracy": 0.9866936802864075, "energy_consumption": 16225.876181563559, "selected": false, "client_name": "sta3"}
2026-07-01 16:46:28,992 - METRIC - INFO - {"loss": 0.03835552930831909, "accuracy": 0.987308144569397, "energy_consumption": 14537.354498360979, "selected": false, "client_name": "sta7"}
2026-07-01 16:46:29,397 - METRIC - INFO - mean_accuracy: 0.9874532276933844

2026-07-01 16:46:29,397 - METRIC - INFO - round: 35
2026-07-01 16:46:29,397 - METRIC - INFO - n_selected: 11
2026-07-01 16:46:29,397 - METRIC - INFO - {"selected_trainers": ["sta0", "sta1", "sta10", "sta2", "sta3", "sta4", "sta5", "sta6", "sta7", "sta8", "sta9"]}
2026-07-01 16:46:34,300 - EXECUT - INFO - received weights from trainer sta8!
2026-07-01 16:46:34,808 - EXECUT - INFO - received weights from trainer sta4!
2026-07-01 16:46:38,394 - EXECUT - INFO - received weights from trainer sta10!
2026-07-01 16:46:39,509 - EXECUT - INFO - received weights from trainer sta1!
2026-07-01 16:46:39,882 - EXECUT - INFO - received weights from trainer sta0!
2026-07-01 16:46:41,029 - EXECUT - INFO - received weights from trainer sta2!
2026-07-01 16:46:41,607 - EXECUT - INFO - received weights from trainer sta6!
2026-07-01 16:46:42,253 - EXECUT - INFO - received weights from trainer sta9!
2026-07-01 16:46:42,816 - EXECUT - INFO - received weights from trainer sta3!
2026-07-01 16:46:43,620 - EXECUT - INFO - received weights from trainer sta5!
2026-07-01 16:46:43,794 - EXECUT - INFO - received weights from trainer sta7!
2026-07-01 16:46:44,039 - EXECUT - INFO - sent aggregated weights to trainers!
2026-07-01 16:46:44,407 - METRIC - INFO - {"loss": 0.04529843479394913, "accuracy": 0.9868055582046509, "energy_consumption": 21064.79438612317, "selected": false, "client_name": "sta4"}
2026-07-01 16:46:44,439 - METRIC - INFO - {"loss": 0.03155510500073433, "accuracy": 0.9905335903167725, "energy_consumption": 21098.72662042945, "selected": false, "client_name": "sta8"}
2026-07-01 16:46:44,476 - METRIC - INFO - {"loss": 0.03302992507815361, "accuracy": 0.9882591366767883, "energy_consumption": 22360.46974150294, "selected": false, "client_name": "sta10"}
2026-07-01 16:46:44,494 - METRIC - INFO - {"loss": 0.04097728803753853, "accuracy": 0.9868420958518982, "energy_consumption": 21258.881545533943, "selected": false, "client_name": "sta2"}
2026-07-01 16:46:44,533 - METRIC - INFO - {"loss": 0.03066256269812584, "accuracy": 0.9898295998573303, "energy_consumption": 21716.259372698572, "selected": false, "client_name": "sta9"}
2026-07-01 16:46:44,542 - METRIC - INFO - {"loss": 0.042978838086128235, "accuracy": 0.9871567487716675, "energy_consumption": 14538.508766015573, "selected": false, "client_name": "sta1"}
2026-07-01 16:46:44,558 - METRIC - INFO - {"loss": 0.0360565260052681, "accuracy": 0.9890410900115967, "energy_consumption": 17268.856659884997, "selected": false, "client_name": "sta6"}
2026-07-01 16:46:44,563 - METRIC - INFO - {"loss": 0.03379998356103897, "accuracy": 0.9877235293388367, "energy_consumption": 16381.051740098837, "selected": false, "client_name": "sta5"}
2026-07-01 16:46:44,565 - METRIC - INFO - {"loss": 0.03935936093330383, "accuracy": 0.9866125583648682, "energy_consumption": 15421.845076557825, "selected": false, "client_name": "sta0"}
2026-07-01 16:46:44,585 - METRIC - INFO - {"loss": 0.03671833127737045, "accuracy": 0.9872722029685974, "energy_consumption": 16652.294045862254, "selected": false, "client_name": "sta3"}
2026-07-01 16:46:44,599 - METRIC - INFO - {"loss": 0.04068379104137421, "accuracy": 0.9876033067703247, "energy_consumption": 14909.551452252457, "selected": false, "client_name": "sta7"}
2026-07-01 16:46:45,040 - METRIC - INFO - mean_accuracy: 0.9879708561030301

2026-07-01 16:46:45,040 - METRIC - INFO - round: 36
2026-07-01 16:46:45,040 - METRIC - INFO - n_selected: 11
2026-07-01 16:46:45,040 - METRIC - INFO - {"selected_trainers": ["sta0", "sta1", "sta10", "sta2", "sta3", "sta4", "sta5", "sta6", "sta7", "sta8", "sta9"]}
2026-07-01 16:46:49,906 - EXECUT - INFO - received weights from trainer sta8!
2026-07-01 16:46:50,065 - EXECUT - INFO - received weights from trainer sta4!
2026-07-01 16:46:54,063 - EXECUT - INFO - received weights from trainer sta10!
2026-07-01 16:46:55,266 - EXECUT - INFO - received weights from trainer sta1!
2026-07-01 16:46:55,521 - EXECUT - INFO - received weights from trainer sta0!
2026-07-01 16:46:56,637 - EXECUT - INFO - received weights from trainer sta2!
2026-07-01 16:46:57,273 - EXECUT - INFO - received weights from trainer sta6!
2026-07-01 16:46:57,899 - EXECUT - INFO - received weights from trainer sta9!
2026-07-01 16:46:58,471 - EXECUT - INFO - received weights from trainer sta3!
2026-07-01 16:47:05,938 - EXECUT - INFO - received weights from trainer sta5!
2026-07-01 16:47:06,049 - EXECUT - INFO - received weights from trainer sta7!
2026-07-01 16:47:06,760 - EXECUT - INFO - sent aggregated weights to trainers!
2026-07-01 16:47:07,124 - METRIC - INFO - {"loss": 0.03150245547294617, "accuracy": 0.9905335903167725, "energy_consumption": 21868.11711846361, "selected": false, "client_name": "sta8"}
2026-07-01 16:47:07,132 - METRIC - INFO - {"loss": 0.04504847526550293, "accuracy": 0.9854166507720947, "energy_consumption": 21850.209868714377, "selected": false, "client_name": "sta4"}
2026-07-01 16:47:07,181 - METRIC - INFO - {"loss": 0.03296349570155144, "accuracy": 0.9894737005233765, "energy_consumption": 23192.548589856287, "selected": false, "client_name": "sta10"}
2026-07-01 16:47:07,198 - METRIC - INFO - {"loss": 0.04092135280370712, "accuracy": 0.9876477122306824, "energy_consumption": 21896.821555324605, "selected": false, "client_name": "sta2"}
2026-07-01 16:47:07,235 - METRIC - INFO - {"loss": 0.0366215780377388, "accuracy": 0.9872146248817444, "energy_consumption": 17904.796448186145, "selected": false, "client_name": "sta6"}
2026-07-01 16:47:07,236 - METRIC - INFO - {"loss": 0.029058191925287247, "accuracy": 0.9898295998573303, "energy_consumption": 22505.483222787465, "selected": false, "client_name": "sta9"}
2026-07-01 16:47:07,248 - METRIC - INFO - {"loss": 0.03455138951539993, "accuracy": 0.9874566197395325, "energy_consumption": 16985.067292773594, "selected": false, "client_name": "sta5"}
2026-07-01 16:47:07,277 - METRIC - INFO - {"loss": 0.03627317026257515, "accuracy": 0.9872722029685974, "energy_consumption": 17191.771126426644, "selected": false, "client_name": "sta3"}
2026-07-01 16:47:07,278 - METRIC - INFO - {"loss": 0.038761455565690994, "accuracy": 0.9874239563941956, "energy_consumption": 15955.068030726467, "selected": false, "client_name": "sta0"}
2026-07-01 16:47:07,291 - METRIC - INFO - {"loss": 0.04315643385052681, "accuracy": 0.9862710237503052, "energy_consumption": 15053.878803062067, "selected": false, "client_name": "sta1"}
2026-07-01 16:47:07,378 - METRIC - INFO - {"loss": 0.03749297186732292, "accuracy": 0.9876033067703247, "energy_consumption": 15463.230178145792, "selected": false, "client_name": "sta7"}
2026-07-01 16:47:07,762 - METRIC - INFO - mean_accuracy: 0.9878311807459051

2026-07-01 16:47:07,762 - METRIC - INFO - round: 37
2026-07-01 16:47:07,762 - METRIC - INFO - n_selected: 11
2026-07-01 16:47:07,762 - METRIC - INFO - {"selected_trainers": ["sta0", "sta1", "sta10", "sta2", "sta3", "sta4", "sta5", "sta6", "sta7", "sta8", "sta9"]}
2026-07-01 16:47:12,712 - EXECUT - INFO - received weights from trainer sta8!
2026-07-01 16:47:12,733 - EXECUT - INFO - received weights from trainer sta4!
2026-07-01 16:47:16,799 - EXECUT - INFO - received weights from trainer sta10!
2026-07-01 16:47:17,939 - EXECUT - INFO - received weights from trainer sta1!
2026-07-01 16:47:18,239 - EXECUT - INFO - received weights from trainer sta0!
2026-07-01 16:47:19,295 - EXECUT - INFO - received weights from trainer sta2!
2026-07-01 16:47:20,002 - EXECUT - INFO - received weights from trainer sta6!
2026-07-01 16:47:20,654 - EXECUT - INFO - received weights from trainer sta9!
2026-07-01 16:47:21,225 - EXECUT - INFO - received weights from trainer sta3!
2026-07-01 16:47:22,031 - EXECUT - INFO - received weights from trainer sta5!
2026-07-01 16:47:22,045 - EXECUT - INFO - received weights from trainer sta7!
2026-07-01 16:47:22,603 - EXECUT - INFO - sent aggregated weights to trainers!
2026-07-01 16:47:22,949 - METRIC - INFO - {"loss": 0.030570415779948235, "accuracy": 0.9905335903167725, "energy_consumption": 22383.83156943669, "selected": false, "client_name": "sta8"}
2026-07-01 16:47:22,954 - METRIC - INFO - {"loss": 0.044963687658309937, "accuracy": 0.9854166507720947, "energy_consumption": 22357.347314362065, "selected": false, "client_name": "sta4"}
2026-07-01 16:47:23,001 - METRIC - INFO - {"loss": 0.03961106762290001, "accuracy": 0.9876477122306824, "energy_consumption": 22540.93571621377, "selected": false, "client_name": "sta2"}
2026-07-01 16:47:23,004 - METRIC - INFO - {"loss": 0.032899949699640274, "accuracy": 0.9882591366767883, "energy_consumption": 23763.22971055819, "selected": false, "client_name": "sta10"}
2026-07-01 16:47:23,066 - METRIC - INFO - {"loss": 0.02945406548678875, "accuracy": 0.9898295998573303, "energy_consumption": 23029.76199162535, "selected": false, "client_name": "sta9"}
2026-07-01 16:47:23,097 - METRIC - INFO - {"loss": 0.03579597920179367, "accuracy": 0.9878234267234802, "energy_consumption": 18323.54145622727, "selected": false, "client_name": "sta6"}
2026-07-01 16:47:23,105 - METRIC - INFO - {"loss": 0.038676485419273376, "accuracy": 0.9866125583648682, "energy_consumption": 16309.525139962154, "selected": false, "client_name": "sta0"}
2026-07-01 16:47:23,118 - METRIC - INFO - {"loss": 0.043857596814632416, "accuracy": 0.9853852987289429, "energy_consumption": 15417.117299694832, "selected": false, "client_name": "sta1"}
2026-07-01 16:47:23,129 - METRIC - INFO - {"loss": 0.03279123082756996, "accuracy": 0.9879903793334961, "energy_consumption": 17393.087852860048, "selected": false, "client_name": "sta5"}
2026-07-01 16:47:23,145 - METRIC - INFO - {"loss": 0.035894375294446945, "accuracy": 0.9875614643096924, "energy_consumption": 17572.147104403444, "selected": false, "client_name": "sta3"}
2026-07-01 16:47:23,168 - METRIC - INFO - {"loss": 0.04309040307998657, "accuracy": 0.986127495765686, "energy_consumption": 15831.804917248168, "selected": false, "client_name": "sta7"}
2026-07-01 16:47:23,605 - METRIC - INFO - mean_accuracy: 0.9875624830072577

2026-07-01 16:47:23,605 - METRIC - INFO - round: 38
2026-07-01 16:47:23,605 - METRIC - INFO - n_selected: 11
2026-07-01 16:47:23,605 - METRIC - INFO - {"selected_trainers": ["sta0", "sta1", "sta10", "sta2", "sta3", "sta4", "sta5", "sta6", "sta7", "sta8", "sta9"]}
2026-07-01 16:47:28,502 - EXECUT - INFO - received weights from trainer sta8!
2026-07-01 16:47:28,989 - EXECUT - INFO - received weights from trainer sta4!
2026-07-01 16:47:32,587 - EXECUT - INFO - received weights from trainer sta10!
2026-07-01 16:47:33,777 - EXECUT - INFO - received weights from trainer sta1!
2026-07-01 16:47:34,095 - EXECUT - INFO - received weights from trainer sta0!
2026-07-01 16:47:35,139 - EXECUT - INFO - received weights from trainer sta2!
2026-07-01 16:47:35,797 - EXECUT - INFO - received weights from trainer sta6!
2026-07-01 16:47:36,484 - EXECUT - INFO - received weights from trainer sta9!
2026-07-01 16:47:36,959 - EXECUT - INFO - received weights from trainer sta3!
2026-07-01 16:47:37,797 - EXECUT - INFO - received weights from trainer sta5!
2026-07-01 16:47:37,938 - EXECUT - INFO - received weights from trainer sta7!
2026-07-01 16:47:38,378 - EXECUT - INFO - sent aggregated weights to trainers!
2026-07-01 16:47:38,697 - METRIC - INFO - {"loss": 0.04460225999355316, "accuracy": 0.9861111044883728, "energy_consumption": 22871.781121915068, "selected": false, "client_name": "sta4"}
2026-07-01 16:47:38,785 - METRIC - INFO - {"loss": 0.03224924951791763, "accuracy": 0.9890688061714172, "energy_consumption": 24316.670267333415, "selected": false, "client_name": "sta10"}
2026-07-01 16:47:38,797 - METRIC - INFO - {"loss": 0.040092479437589645, "accuracy": 0.9881847500801086, "energy_consumption": 22931.834625084033, "selected": false, "client_name": "sta2"}
2026-07-01 16:47:38,841 - METRIC - INFO - {"loss": 0.03062484599649906, "accuracy": 0.9905335903167725, "energy_consumption": 22927.92402938444, "selected": false, "client_name": "sta8"}
2026-07-01 16:47:38,868 - METRIC - INFO - {"loss": 0.028142889961600304, "accuracy": 0.9912039637565613, "energy_consumption": 23596.629597640655, "selected": false, "client_name": "sta9"}
2026-07-01 16:47:38,877 - METRIC - INFO - {"loss": 0.03650202974677086, "accuracy": 0.9872146248817444, "energy_consumption": 18749.521031626726, "selected": false, "client_name": "sta6"}
2026-07-01 16:47:38,881 - METRIC - INFO - {"loss": 0.03804584965109825, "accuracy": 0.9882352948188782, "energy_consumption": 16694.555709739678, "selected": false, "client_name": "sta0"}
2026-07-01 16:47:38,910 - METRIC - INFO - {"loss": 0.04546491429209709, "accuracy": 0.9836137890815735, "energy_consumption": 15769.324182666407, "selected": false, "client_name": "sta1"}
2026-07-01 16:47:38,913 - METRIC - INFO - {"loss": 0.0368233323097229, "accuracy": 0.9875614643096924, "energy_consumption": 17963.597719365916, "selected": false, "client_name": "sta3"}
2026-07-01 16:47:38,924 - METRIC - INFO - {"loss": 0.033519525080919266, "accuracy": 0.9866560101509094, "energy_consumption": 17823.777795647282, "selected": false, "client_name": "sta5"}
2026-07-01 16:47:38,988 - METRIC - INFO - {"loss": 0.03840918093919754, "accuracy": 0.9878984689712524, "energy_consumption": 16204.698830926174, "selected": false, "client_name": "sta7"}
2026-07-01 16:47:39,379 - METRIC - INFO - mean_accuracy: 0.9878438060933893

2026-07-01 16:47:39,379 - METRIC - INFO - round: 39
2026-07-01 16:47:39,379 - METRIC - INFO - n_selected: 11
2026-07-01 16:47:39,379 - METRIC - INFO - {"selected_trainers": ["sta0", "sta1", "sta10", "sta2", "sta3", "sta4", "sta5", "sta6", "sta7", "sta8", "sta9"]}
2026-07-01 16:47:44,337 - EXECUT - INFO - received weights from trainer sta8!
2026-07-01 16:47:44,421 - EXECUT - INFO - received weights from trainer sta4!
2026-07-01 16:47:48,365 - EXECUT - INFO - received weights from trainer sta10!
2026-07-01 16:47:49,537 - EXECUT - INFO - received weights from trainer sta1!
2026-07-01 16:47:49,877 - EXECUT - INFO - received weights from trainer sta0!
2026-07-01 16:47:50,979 - EXECUT - INFO - received weights from trainer sta2!
2026-07-01 16:47:51,544 - EXECUT - INFO - received weights from trainer sta6!
2026-07-01 16:47:52,316 - EXECUT - INFO - received weights from trainer sta9!
2026-07-01 16:47:52,764 - EXECUT - INFO - received weights from trainer sta3!
2026-07-01 16:47:53,571 - EXECUT - INFO - received weights from trainer sta5!
2026-07-01 16:47:53,755 - EXECUT - INFO - received weights from trainer sta7!
2026-07-01 16:47:54,152 - EXECUT - INFO - sent aggregated weights to trainers!
2026-07-01 16:47:54,501 - METRIC - INFO - {"loss": 0.07340674102306366, "accuracy": 0.9767642021179199, "energy_consumption": 23439.272273347877, "selected": false, "client_name": "sta8"}
2026-07-01 16:47:54,523 - METRIC - INFO - {"loss": 0.045540519058704376, "accuracy": 0.9854166507720947, "energy_consumption": 23416.30265549514, "selected": false, "client_name": "sta4"}
2026-07-01 16:47:54,539 - METRIC - INFO - {"loss": 0.03922739252448082, "accuracy": 0.9884532690048218, "energy_consumption": 23442.50101226489, "selected": false, "client_name": "sta2"}
2026-07-01 16:47:54,626 - METRIC - INFO - {"loss": 0.027742566540837288, "accuracy": 0.9909290671348572, "energy_consumption": 24150.487511002757, "selected": false, "client_name": "sta9"}
2026-07-01 16:47:54,640 - METRIC - INFO - {"loss": 0.03555227816104889, "accuracy": 0.9875190258026123, "energy_consumption": 19178.891335972956, "selected": false, "client_name": "sta6"}
2026-07-01 16:47:54,670 - METRIC - INFO - {"loss": 0.03384669870138168, "accuracy": 0.9879903793334961, "energy_consumption": 18232.863932329503, "selected": false, "client_name": "sta5"}
2026-07-01 16:47:54,671 - METRIC - INFO - {"loss": 0.03828452527523041, "accuracy": 0.9867178201675415, "energy_consumption": 16579.710222017366, "selected": false, "client_name": "sta7"}
2026-07-01 16:47:54,673 - METRIC - INFO - {"loss": 0.03293256834149361, "accuracy": 0.9890688061714172, "energy_consumption": 24895.634988852413, "selected": false, "client_name": "sta10"}
2026-07-01 16:47:54,682 - METRIC - INFO - {"loss": 0.04053367301821709, "accuracy": 0.9858258366584778, "energy_consumption": 18358.58200962444, "selected": false, "client_name": "sta3"}
2026-07-01 16:47:54,727 - METRIC - INFO - {"loss": 0.043348368257284164, "accuracy": 0.9849424362182617, "energy_consumption": 16135.020832751796, "selected": false, "client_name": "sta1"}
2026-07-01 16:47:54,804 - METRIC - INFO - {"loss": 0.03834807500243187, "accuracy": 0.9862068891525269, "energy_consumption": 17076.552475078246, "selected": false, "client_name": "sta0"}
2026-07-01 16:47:55,154 - METRIC - INFO - mean_accuracy: 0.9863485802303661

2026-07-01 16:47:55,154 - METRIC - INFO - round: 40
2026-07-01 16:47:55,154 - METRIC - INFO - n_selected: 11
2026-07-01 16:47:55,154 - METRIC - INFO - {"selected_trainers": ["sta0", "sta1", "sta10", "sta2", "sta3", "sta4", "sta5", "sta6", "sta7", "sta8", "sta9"]}
2026-07-01 16:48:00,233 - EXECUT - INFO - received weights from trainer sta4!
2026-07-01 16:48:00,726 - EXECUT - INFO - received weights from trainer sta8!
2026-07-01 16:48:04,129 - EXECUT - INFO - received weights from trainer sta10!
2026-07-01 16:48:05,262 - EXECUT - INFO - received weights from trainer sta1!
2026-07-01 16:48:06,687 - EXECUT - INFO - received weights from trainer sta2!
2026-07-01 16:48:07,374 - EXECUT - INFO - received weights from trainer sta6!
2026-07-01 16:48:08,037 - EXECUT - INFO - received weights from trainer sta9!
2026-07-01 16:48:08,601 - EXECUT - INFO - received weights from trainer sta3!
2026-07-01 16:48:09,423 - EXECUT - INFO - received weights from trainer sta5!
2026-07-01 16:48:09,441 - EXECUT - INFO - received weights from trainer sta7!
2026-07-01 16:48:15,797 - EXECUT - INFO - received weights from trainer sta0!
2026-07-01 16:48:16,956 - EXECUT - INFO - sent aggregated weights to trainers!
2026-07-01 16:48:17,307 - METRIC - INFO - {"loss": 0.04438207671046257, "accuracy": 0.9861111044883728, "energy_consumption": 24222.62580784621, "selected": false, "client_name": "sta4"}
2026-07-01 16:48:17,323 - METRIC - INFO - {"loss": 0.030262919142842293, "accuracy": 0.9913941621780396, "energy_consumption": 24237.463616275647, "selected": false, "client_name": "sta8"}
2026-07-01 16:48:17,379 - METRIC - INFO - {"loss": 0.03128949552774429, "accuracy": 0.9894737005233765, "energy_consumption": 25710.58758737011, "selected": false, "client_name": "sta10"}
2026-07-01 16:48:17,433 - METRIC - INFO - {"loss": 0.035850994288921356, "accuracy": 0.9875190258026123, "energy_consumption": 19818.436131338687, "selected": false, "client_name": "sta6"}
2026-07-01 16:48:17,436 - METRIC - INFO - {"loss": 0.02862210012972355, "accuracy": 0.9909290671348572, "energy_consumption": 24960.13422570024, "selected": false, "client_name": "sta9"}
2026-07-01 16:48:17,442 - METRIC - INFO - {"loss": 0.04080155864357948, "accuracy": 0.9876477122306824, "energy_consumption": 24236.66417014431, "selected": false, "client_name": "sta2"}
2026-07-01 16:48:17,465 - METRIC - INFO - {"loss": 0.039746012538671494, "accuracy": 0.9866125583648682, "energy_consumption": 17626.635281309293, "selected": false, "client_name": "sta0"}
2026-07-01 16:48:17,492 - METRIC - INFO - {"loss": 0.03269914537668228, "accuracy": 0.9858553409576416, "energy_consumption": 18843.636367397157, "selected": false, "client_name": "sta5"}
2026-07-01 16:48:17,499 - METRIC - INFO - {"loss": 0.04493844881653786, "accuracy": 0.9849424362182617, "energy_consumption": 16578.923956957908, "selected": false, "client_name": "sta1"}
2026-07-01 16:48:17,567 - METRIC - INFO - {"loss": 0.03830832988023758, "accuracy": 0.9881936311721802, "energy_consumption": 17116.647688127596, "selected": false, "client_name": "sta7"}
2026-07-01 16:48:17,620 - METRIC - INFO - {"loss": 0.03630591928958893, "accuracy": 0.9881399869918823, "energy_consumption": 18946.58983810231, "selected": false, "client_name": "sta3"}
2026-07-01 16:48:17,959 - METRIC - INFO - mean_accuracy: 0.9878926114602522

2026-07-01 16:48:17,959 - METRIC - INFO - round: 41
2026-07-01 16:48:17,959 - METRIC - INFO - n_selected: 11
2026-07-01 16:48:17,959 - METRIC - INFO - {"selected_trainers": ["sta0", "sta1", "sta10", "sta2", "sta3", "sta4", "sta5", "sta6", "sta7", "sta8", "sta9"]}
2026-07-01 16:48:22,777 - EXECUT - INFO - received weights from trainer sta8!
2026-07-01 16:48:22,962 - EXECUT - INFO - received weights from trainer sta4!
2026-07-01 16:48:28,029 - EXECUT - INFO - received weights from trainer sta1!
2026-07-01 16:48:28,378 - EXECUT - INFO - received weights from trainer sta10!
2026-07-01 16:48:28,432 - EXECUT - INFO - received weights from trainer sta0!
2026-07-01 16:48:29,583 - EXECUT - INFO - received weights from trainer sta2!
2026-07-01 16:48:30,194 - EXECUT - INFO - received weights from trainer sta6!
2026-07-01 16:48:30,850 - EXECUT - INFO - received weights from trainer sta9!
2026-07-01 16:48:31,344 - EXECUT - INFO - received weights from trainer sta3!
2026-07-01 16:48:32,249 - EXECUT - INFO - received weights from trainer sta5!
2026-07-01 16:48:32,318 - EXECUT - INFO - received weights from trainer sta7!
2026-07-01 16:48:32,702 - EXECUT - INFO - sent aggregated weights to trainers!
2026-07-01 16:48:33,040 - METRIC - INFO - {"loss": 0.04402012377977371, "accuracy": 0.9847221970558167, "energy_consumption": 24773.36454534655, "selected": false, "client_name": "sta4"}
2026-07-01 16:48:33,050 - METRIC - INFO - {"loss": 0.03107318840920925, "accuracy": 0.9913941621780396, "energy_consumption": 24773.95219353802, "selected": false, "client_name": "sta8"}
2026-07-01 16:48:33,109 - METRIC - INFO - {"loss": 0.040182556957006454, "accuracy": 0.9876477122306824, "energy_consumption": 24741.03993854225, "selected": false, "client_name": "sta2"}
2026-07-01 16:48:33,113 - METRIC - INFO - {"loss": 0.030856171622872353, "accuracy": 0.9894737005233765, "energy_consumption": 26269.858449010015, "selected": false, "client_name": "sta10"}
2026-07-01 16:48:33,173 - METRIC - INFO - {"loss": 0.028401657938957214, "accuracy": 0.9906542301177979, "energy_consumption": 25490.18721550789, "selected": false, "client_name": "sta9"}
2026-07-01 16:48:33,189 - METRIC - INFO - {"loss": 0.036081813275814056, "accuracy": 0.9878507256507874, "energy_consumption": 19337.218442398796, "selected": false, "client_name": "sta3"}
2026-07-01 16:48:33,212 - METRIC - INFO - {"loss": 0.036293551325798035, "accuracy": 0.9875190258026123, "energy_consumption": 20249.15701890667, "selected": false, "client_name": "sta6"}
2026-07-01 16:48:33,222 - METRIC - INFO - {"loss": 0.03908080607652664, "accuracy": 0.9866125583648682, "energy_consumption": 17892.30654949356, "selected": false, "client_name": "sta0"}
2026-07-01 16:48:33,223 - METRIC - INFO - {"loss": 0.03267792612314224, "accuracy": 0.9874566197395325, "energy_consumption": 19255.043568038753, "selected": false, "client_name": "sta5"}
2026-07-01 16:48:33,247 - METRIC - INFO - {"loss": 0.03879476711153984, "accuracy": 0.9881936311721802, "energy_consumption": 17465.272321126376, "selected": false, "client_name": "sta7"}
2026-07-01 16:48:33,250 - METRIC - INFO - {"loss": 0.042006175965070724, "accuracy": 0.9853852987289429, "energy_consumption": 16905.334130910247, "selected": false, "client_name": "sta1"}
2026-07-01 16:48:33,703 - METRIC - INFO - mean_accuracy: 0.987900896505876

2026-07-01 16:48:33,703 - METRIC - INFO - round: 42
2026-07-01 16:48:33,703 - METRIC - INFO - n_selected: 11
2026-07-01 16:48:33,703 - METRIC - INFO - {"selected_trainers": ["sta0", "sta1", "sta10", "sta2", "sta3", "sta4", "sta5", "sta6", "sta7", "sta8", "sta9"]}
2026-07-01 16:48:38,535 - EXECUT - INFO - received weights from trainer sta8!
2026-07-01 16:48:38,625 - EXECUT - INFO - received weights from trainer sta4!
2026-07-01 16:48:42,755 - EXECUT - INFO - received weights from trainer sta10!
2026-07-01 16:48:43,865 - EXECUT - INFO - received weights from trainer sta1!
2026-07-01 16:48:44,225 - EXECUT - INFO - received weights from trainer sta0!
2026-07-01 16:48:45,274 - EXECUT - INFO - received weights from trainer sta2!
2026-07-01 16:48:45,821 - EXECUT - INFO - received weights from trainer sta6!
2026-07-01 16:48:46,469 - EXECUT - INFO - received weights from trainer sta9!
2026-07-01 16:48:47,186 - EXECUT - INFO - received weights from trainer sta3!
2026-07-01 16:48:47,953 - EXECUT - INFO - received weights from trainer sta5!
2026-07-01 16:48:48,075 - EXECUT - INFO - received weights from trainer sta7!
2026-07-01 16:48:48,399 - EXECUT - INFO - sent aggregated weights to trainers!
2026-07-01 16:48:48,732 - METRIC - INFO - {"loss": 0.04412183165550232, "accuracy": 0.9854166507720947, "energy_consumption": 25295.35176785553, "selected": false, "client_name": "sta4"}
2026-07-01 16:48:48,772 - METRIC - INFO - {"loss": 0.030880700796842575, "accuracy": 0.9905335903167725, "energy_consumption": 25310.059461732217, "selected": false, "client_name": "sta8"}
2026-07-01 16:48:48,830 - METRIC - INFO - {"loss": 0.0300886332988739, "accuracy": 0.9902834296226501, "energy_consumption": 26828.983950504575, "selected": false, "client_name": "sta10"}
2026-07-01 16:48:48,849 - METRIC - INFO - {"loss": 0.04010229930281639, "accuracy": 0.9881847500801086, "energy_consumption": 25267.718478075938, "selected": false, "client_name": "sta2"}
2026-07-01 16:48:48,879 - METRIC - INFO - {"loss": 0.037434447556734085, "accuracy": 0.9874239563941956, "energy_consumption": 18288.325924821685, "selected": false, "client_name": "sta0"}
2026-07-01 16:48:48,883 - METRIC - INFO - {"loss": 0.02820238284766674, "accuracy": 0.9909290671348572, "energy_consumption": 26052.3706001028, "selected": false, "client_name": "sta9"}
2026-07-01 16:48:48,884 - METRIC - INFO - {"loss": 0.03639667481184006, "accuracy": 0.9872722029685974, "energy_consumption": 19761.88348991582, "selected": false, "client_name": "sta3"}
2026-07-01 16:48:48,886 - METRIC - INFO - {"loss": 0.04152149707078934, "accuracy": 0.9867138862609863, "energy_consumption": 17241.798511064902, "selected": false, "client_name": "sta1"}
2026-07-01 16:48:48,949 - METRIC - INFO - {"loss": 0.03424961119890213, "accuracy": 0.9866560101509094, "energy_consumption": 19663.6874587301, "selected": false, "client_name": "sta5"}
2026-07-01 16:48:49,024 - METRIC - INFO - {"loss": 0.035215362906455994, "accuracy": 0.9887366890907288, "energy_consumption": 20690.08470726344, "selected": false, "client_name": "sta6"}
2026-07-01 16:48:49,124 - METRIC - INFO - {"loss": 0.03799523413181305, "accuracy": 0.9881936311721802, "energy_consumption": 17838.36546354006, "selected": false, "client_name": "sta7"}
2026-07-01 16:48:49,401 - METRIC - INFO - mean_accuracy: 0.9882130785421892

2026-07-01 16:48:49,401 - METRIC - INFO - round: 43
2026-07-01 16:48:49,401 - METRIC - INFO - n_selected: 11
2026-07-01 16:48:49,401 - METRIC - INFO - {"selected_trainers": ["sta0", "sta1", "sta10", "sta2", "sta3", "sta4", "sta5", "sta6", "sta7", "sta8", "sta9"]}
2026-07-01 16:48:54,245 - EXECUT - INFO - received weights from trainer sta8!
2026-07-01 16:48:54,379 - EXECUT - INFO - received weights from trainer sta4!
2026-07-01 16:48:58,427 - EXECUT - INFO - received weights from trainer sta10!
2026-07-01 16:48:59,573 - EXECUT - INFO - received weights from trainer sta1!
2026-07-01 16:48:59,849 - EXECUT - INFO - received weights from trainer sta0!
2026-07-01 16:49:00,946 - EXECUT - INFO - received weights from trainer sta2!
2026-07-01 16:49:01,643 - EXECUT - INFO - received weights from trainer sta6!
2026-07-01 16:49:02,174 - EXECUT - INFO - received weights from trainer sta9!
2026-07-01 16:49:02,773 - EXECUT - INFO - received weights from trainer sta3!
2026-07-01 16:49:03,698 - EXECUT - INFO - received weights from trainer sta7!
2026-07-01 16:49:03,738 - EXECUT - INFO - received weights from trainer sta5!
2026-07-01 16:49:04,175 - EXECUT - INFO - sent aggregated weights to trainers!
2026-07-01 16:49:04,563 - METRIC - INFO - {"loss": 0.030366061255335808, "accuracy": 0.9913941621780396, "energy_consumption": 25828.140830006865, "selected": false, "client_name": "sta8"}
2026-07-01 16:49:04,565 - METRIC - INFO - {"loss": 0.044423263520002365, "accuracy": 0.9833333492279053, "energy_consumption": 25822.339231623504, "selected": false, "client_name": "sta4"}
2026-07-01 16:49:04,594 - METRIC - INFO - {"loss": 0.0399644561111927, "accuracy": 0.9884532690048218, "energy_consumption": 25793.95284533147, "selected": false, "client_name": "sta2"}
2026-07-01 16:49:04,627 - METRIC - INFO - {"loss": 0.03141492232680321, "accuracy": 0.9894737005233765, "energy_consumption": 27251.852289691113, "selected": false, "client_name": "sta10"}
2026-07-01 16:49:04,676 - METRIC - INFO - {"loss": 0.029204273596405983, "accuracy": 0.9898295998573303, "energy_consumption": 26587.799467917328, "selected": false, "client_name": "sta9"}
2026-07-01 16:49:04,688 - METRIC - INFO - {"loss": 0.04252634570002556, "accuracy": 0.9853852987289429, "energy_consumption": 17584.306669115216, "selected": false, "client_name": "sta1"}
2026-07-01 16:49:04,689 - METRIC - INFO - {"loss": 0.035170212388038635, "accuracy": 0.9890410900115967, "energy_consumption": 21107.91991153076, "selected": false, "client_name": "sta6"}
2026-07-01 16:49:04,723 - METRIC - INFO - {"loss": 0.03755221888422966, "accuracy": 0.9866125583648682, "energy_consumption": 18657.38333665435, "selected": false, "client_name": "sta0"}
2026-07-01 16:49:04,725 - METRIC - INFO - {"loss": 0.03804507851600647, "accuracy": 0.9884887933731079, "energy_consumption": 18216.227027177032, "selected": false, "client_name": "sta7"}
2026-07-01 16:49:04,728 - METRIC - INFO - {"loss": 0.032818447798490524, "accuracy": 0.9869228601455688, "energy_consumption": 20059.120141141342, "selected": false, "client_name": "sta5"}
2026-07-01 16:49:04,742 - METRIC - INFO - {"loss": 0.036296796053647995, "accuracy": 0.9881399869918823, "energy_consumption": 20177.656129576186, "selected": false, "client_name": "sta3"}
2026-07-01 16:49:05,177 - METRIC - INFO - mean_accuracy: 0.987915878946131

2026-07-01 16:49:05,177 - METRIC - INFO - round: 44
2026-07-01 16:49:05,177 - METRIC - INFO - n_selected: 11
2026-07-01 16:49:05,177 - METRIC - INFO - {"selected_trainers": ["sta0", "sta1", "sta10", "sta2", "sta3", "sta4", "sta5", "sta6", "sta7", "sta8", "sta9"]}
2026-07-01 16:49:10,040 - EXECUT - INFO - received weights from trainer sta8!
2026-07-01 16:49:10,159 - EXECUT - INFO - received weights from trainer sta4!
2026-07-01 16:49:14,164 - EXECUT - INFO - received weights from trainer sta10!
2026-07-01 16:49:15,324 - EXECUT - INFO - received weights from trainer sta1!
2026-07-01 16:49:16,704 - EXECUT - INFO - received weights from trainer sta2!
2026-07-01 16:49:17,324 - EXECUT - INFO - received weights from trainer sta6!
2026-07-01 16:49:18,105 - EXECUT - INFO - received weights from trainer sta9!
2026-07-01 16:49:18,604 - EXECUT - INFO - received weights from trainer sta3!
2026-07-01 16:49:19,419 - EXECUT - INFO - received weights from trainer sta5!
2026-07-01 16:49:19,441 - EXECUT - INFO - received weights from trainer sta7!
2026-07-01 16:49:25,839 - EXECUT - INFO - received weights from trainer sta0!
2026-07-01 16:49:26,878 - EXECUT - INFO - sent aggregated weights to trainers!
2026-07-01 16:49:27,271 - METRIC - INFO - {"loss": 0.0309581495821476, "accuracy": 0.9922547340393066, "energy_consumption": 26608.961277408533, "selected": false, "client_name": "sta8"}
2026-07-01 16:49:27,297 - METRIC - INFO - {"loss": 0.029840786010026932, "accuracy": 0.9890688061714172, "energy_consumption": 28110.66005680504, "selected": false, "client_name": "sta10"}
2026-07-01 16:49:27,313 - METRIC - INFO - {"loss": 0.040209997445344925, "accuracy": 0.9879162311553955, "energy_consumption": 26595.859283484297, "selected": false, "client_name": "sta2"}
2026-07-01 16:49:27,361 - METRIC - INFO - {"loss": 0.035346366465091705, "accuracy": 0.9872146248817444, "energy_consumption": 21751.473375740552, "selected": false, "client_name": "sta6"}
2026-07-01 16:49:27,367 - METRIC - INFO - {"loss": 0.04620383679866791, "accuracy": 0.9854166507720947, "energy_consumption": 26570.30971093566, "selected": false, "client_name": "sta4"}
2026-07-01 16:49:27,368 - METRIC - INFO - {"loss": 0.03712325543165207, "accuracy": 0.9878507256507874, "energy_consumption": 20792.633566674667, "selected": false, "client_name": "sta3"}
2026-07-01 16:49:27,380 - METRIC - INFO - {"loss": 0.032589346170425415, "accuracy": 0.9869228601455688, "energy_consumption": 20653.393948189976, "selected": false, "client_name": "sta5"}
2026-07-01 16:49:27,384 - METRIC - INFO - {"loss": 0.027175957337021828, "accuracy": 0.9912039637565613, "energy_consumption": 27375.71865240894, "selected": false, "client_name": "sta9"}
2026-07-01 16:49:27,395 - METRIC - INFO - {"loss": 0.03642629459500313, "accuracy": 0.9884887933731079, "energy_consumption": 18764.21488929468, "selected": false, "client_name": "sta7"}
2026-07-01 16:49:27,398 - METRIC - INFO - {"loss": 0.03878821060061455, "accuracy": 0.9853955507278442, "energy_consumption": 19211.94874030132, "selected": false, "client_name": "sta0"}
2026-07-01 16:49:27,435 - METRIC - INFO - {"loss": 0.0430615097284317, "accuracy": 0.985828161239624, "energy_consumption": 18099.375769958915, "selected": false, "client_name": "sta1"}
2026-07-01 16:49:27,879 - METRIC - INFO - mean_accuracy: 0.9879601001739502

2026-07-01 16:49:27,879 - METRIC - INFO - round: 45
2026-07-01 16:49:27,879 - METRIC - INFO - n_selected: 11
2026-07-01 16:49:27,879 - METRIC - INFO - {"selected_trainers": ["sta0", "sta1", "sta10", "sta2", "sta3", "sta4", "sta5", "sta6", "sta7", "sta8", "sta9"]}
2026-07-01 16:49:32,769 - EXECUT - INFO - received weights from trainer sta8!
2026-07-01 16:49:32,884 - EXECUT - INFO - received weights from trainer sta4!
2026-07-01 16:49:36,896 - EXECUT - INFO - received weights from trainer sta10!
2026-07-01 16:49:37,994 - EXECUT - INFO - received weights from trainer sta1!
2026-07-01 16:49:38,307 - EXECUT - INFO - received weights from trainer sta0!
2026-07-01 16:49:39,419 - EXECUT - INFO - received weights from trainer sta2!
2026-07-01 16:49:40,072 - EXECUT - INFO - received weights from trainer sta6!
2026-07-01 16:49:40,794 - EXECUT - INFO - received weights from trainer sta9!
2026-07-01 16:49:41,347 - EXECUT - INFO - received weights from trainer sta3!
2026-07-01 16:49:42,227 - EXECUT - INFO - received weights from trainer sta7!
2026-07-01 16:49:42,251 - EXECUT - INFO - received weights from trainer sta5!
2026-07-01 16:49:42,583 - EXECUT - INFO - sent aggregated weights to trainers!
2026-07-01 16:49:42,953 - METRIC - INFO - {"loss": 0.0301472470164299, "accuracy": 0.9905335903167725, "energy_consumption": 27097.880806587997, "selected": false, "client_name": "sta8"}
2026-07-01 16:49:42,954 - METRIC - INFO - {"loss": 0.043758269399404526, "accuracy": 0.9854166507720947, "energy_consumption": 27094.049827988176, "selected": false, "client_name": "sta4"}
2026-07-01 16:49:42,990 - METRIC - INFO - {"loss": 0.03898230195045471, "accuracy": 0.9881847500801086, "energy_consumption": 27104.893362562972, "selected": false, "client_name": "sta2"}
2026-07-01 16:49:42,998 - METRIC - INFO - {"loss": 0.02912319079041481, "accuracy": 0.9902834296226501, "energy_consumption": 28624.476168689263, "selected": false, "client_name": "sta10"}
2026-07-01 16:49:43,083 - METRIC - INFO - {"loss": 0.02702803537249565, "accuracy": 0.9917536973953247, "energy_consumption": 27938.740305535484, "selected": false, "client_name": "sta9"}
2026-07-01 16:49:43,094 - METRIC - INFO - {"loss": 0.037516284734010696, "accuracy": 0.9874239563941956, "energy_consumption": 19569.223835907538, "selected": false, "client_name": "sta0"}
2026-07-01 16:49:43,099 - METRIC - INFO - {"loss": 0.03487258404493332, "accuracy": 0.9884322881698608, "energy_consumption": 22192.53871653806, "selected": false, "client_name": "sta6"}
2026-07-01 16:49:43,129 - METRIC - INFO - {"loss": 0.03312334045767784, "accuracy": 0.9882572889328003, "energy_consumption": 21056.211524679504, "selected": false, "client_name": "sta5"}
2026-07-01 16:49:43,138 - METRIC - INFO - {"loss": 0.03857075423002243, "accuracy": 0.9887839555740356, "energy_consumption": 19127.093889107065, "selected": false, "client_name": "sta7"}
2026-07-01 16:49:43,139 - METRIC - INFO - {"loss": 0.04334965720772743, "accuracy": 0.9849424362182617, "energy_consumption": 18421.204025333787, "selected": false, "client_name": "sta1"}
2026-07-01 16:49:43,140 - METRIC - INFO - {"loss": 0.03654792532324791, "accuracy": 0.9878507256507874, "energy_consumption": 21200.078611648845, "selected": false, "client_name": "sta3"}
2026-07-01 16:49:43,585 - METRIC - INFO - mean_accuracy: 0.9883511608297174

2026-07-01 16:49:43,586 - METRIC - INFO - round: 46
2026-07-01 16:49:43,586 - METRIC - INFO - n_selected: 11
2026-07-01 16:49:43,586 - METRIC - INFO - {"selected_trainers": ["sta0", "sta1", "sta10", "sta2", "sta3", "sta4", "sta5", "sta6", "sta7", "sta8", "sta9"]}
2026-07-01 16:49:48,426 - EXECUT - INFO - received weights from trainer sta8!
2026-07-01 16:49:48,598 - EXECUT - INFO - received weights from trainer sta4!
2026-07-01 16:49:52,549 - EXECUT - INFO - received weights from trainer sta10!
2026-07-01 16:49:53,818 - EXECUT - INFO - received weights from trainer sta1!
2026-07-01 16:49:54,105 - EXECUT - INFO - received weights from trainer sta0!
2026-07-01 16:49:55,129 - EXECUT - INFO - received weights from trainer sta2!
2026-07-01 16:49:55,765 - EXECUT - INFO - received weights from trainer sta6!
2026-07-01 16:49:56,529 - EXECUT - INFO - received weights from trainer sta9!
2026-07-01 16:49:57,012 - EXECUT - INFO - received weights from trainer sta3!
2026-07-01 16:49:57,884 - EXECUT - INFO - received weights from trainer sta7!
2026-07-01 16:49:57,898 - EXECUT - INFO - received weights from trainer sta5!
2026-07-01 16:49:58,206 - EXECUT - INFO - sent aggregated weights to trainers!
2026-07-01 16:49:58,521 - METRIC - INFO - {"loss": 0.04444527626037598, "accuracy": 0.9847221970558167, "energy_consumption": 27624.16588684149, "selected": false, "client_name": "sta4"}
2026-07-01 16:49:58,562 - METRIC - INFO - {"loss": 0.027773505076766014, "accuracy": 0.9905335903167725, "energy_consumption": 27491.91340019107, "selected": false, "client_name": "sta8"}
2026-07-01 16:49:58,581 - METRIC - INFO - {"loss": 0.03982068970799446, "accuracy": 0.9881847500801086, "energy_consumption": 27635.532174427695, "selected": false, "client_name": "sta2"}
2026-07-01 16:49:58,601 - METRIC - INFO - {"loss": 0.028503041714429855, "accuracy": 0.991093099117279, "energy_consumption": 29160.437091680848, "selected": false, "client_name": "sta10"}
2026-07-01 16:49:58,677 - METRIC - INFO - {"loss": 0.02704966440796852, "accuracy": 0.9912039637565613, "energy_consumption": 28362.58035167712, "selected": false, "client_name": "sta9"}
2026-07-01 16:49:58,692 - METRIC - INFO - {"loss": 0.03540679067373276, "accuracy": 0.9884322881698608, "energy_consumption": 22627.132081926564, "selected": false, "client_name": "sta6"}
2026-07-01 16:49:58,703 - METRIC - INFO - {"loss": 0.032606158405542374, "accuracy": 0.9869228601455688, "energy_consumption": 21463.840340430383, "selected": false, "client_name": "sta5"}
2026-07-01 16:49:58,710 - METRIC - INFO - {"loss": 0.03773568198084831, "accuracy": 0.9870182275772095, "energy_consumption": 19931.544276557503, "selected": false, "client_name": "sta0"}
2026-07-01 16:49:58,713 - METRIC - INFO - {"loss": 0.035894665867090225, "accuracy": 0.9881399869918823, "energy_consumption": 21616.831669729138, "selected": false, "client_name": "sta3"}
2026-07-01 16:49:58,732 - METRIC - INFO - {"loss": 0.0424935445189476, "accuracy": 0.9853852987289429, "energy_consumption": 18772.1325467083, "selected": false, "client_name": "sta1"}
2026-07-01 16:49:58,814 - METRIC - INFO - {"loss": 0.038908541202545166, "accuracy": 0.9876033067703247, "energy_consumption": 19495.143763748874, "selected": false, "client_name": "sta7"}
2026-07-01 16:49:59,208 - METRIC - INFO - mean_accuracy: 0.9881126880645752

2026-07-01 16:49:59,208 - METRIC - INFO - round: 47
2026-07-01 16:49:59,208 - METRIC - INFO - n_selected: 11
2026-07-01 16:49:59,208 - METRIC - INFO - {"selected_trainers": ["sta0", "sta1", "sta10", "sta2", "sta3", "sta4", "sta5", "sta6", "sta7", "sta8", "sta9"]}
2026-07-01 16:50:04,049 - EXECUT - INFO - received weights from trainer sta8!
2026-07-01 16:50:04,610 - EXECUT - INFO - received weights from trainer sta4!
2026-07-01 16:50:08,244 - EXECUT - INFO - received weights from trainer sta10!
2026-07-01 16:50:09,406 - EXECUT - INFO - received weights from trainer sta1!
2026-07-01 16:50:09,697 - EXECUT - INFO - received weights from trainer sta0!
2026-07-01 16:50:10,816 - EXECUT - INFO - received weights from trainer sta2!
2026-07-01 16:50:11,434 - EXECUT - INFO - received weights from trainer sta6!
2026-07-01 16:50:12,040 - EXECUT - INFO - received weights from trainer sta9!
2026-07-01 16:50:12,630 - EXECUT - INFO - received weights from trainer sta3!
2026-07-01 16:50:13,461 - EXECUT - INFO - received weights from trainer sta5!
2026-07-01 16:50:13,495 - EXECUT - INFO - received weights from trainer sta7!
2026-07-01 16:50:14,024 - EXECUT - INFO - sent aggregated weights to trainers!
2026-07-01 16:50:14,353 - METRIC - INFO - {"loss": 0.043484099209308624, "accuracy": 0.9833333492279053, "energy_consumption": 28164.296035935808, "selected": false, "client_name": "sta4"}
2026-07-01 16:50:14,406 - METRIC - INFO - {"loss": 0.02926466427743435, "accuracy": 0.9913941621780396, "energy_consumption": 28185.62983603637, "selected": false, "client_name": "sta8"}
2026-07-01 16:50:14,414 - METRIC - INFO - {"loss": 0.03949863463640213, "accuracy": 0.9881847500801086, "energy_consumption": 28185.389468453246, "selected": false, "client_name": "sta2"}
2026-07-01 16:50:14,428 - METRIC - INFO - {"loss": 0.029667599126696587, "accuracy": 0.9902834296226501, "energy_consumption": 29732.994911979804, "selected": false, "client_name": "sta10"}
2026-07-01 16:50:14,509 - METRIC - INFO - {"loss": 0.04832495376467705, "accuracy": 0.9844748973846436, "energy_consumption": 23072.2509097576, "selected": false, "client_name": "sta6"}
2026-07-01 16:50:14,540 - METRIC - INFO - {"loss": 0.0371440052986145, "accuracy": 0.9881399869918823, "energy_consumption": 22023.662008743093, "selected": false, "client_name": "sta3"}
2026-07-01 16:50:14,569 - METRIC - INFO - {"loss": 0.03744743764400482, "accuracy": 0.9870182275772095, "energy_consumption": 20326.32860656308, "selected": false, "client_name": "sta0"}
2026-07-01 16:50:14,600 - METRIC - INFO - {"loss": 0.03802460432052612, "accuracy": 0.9887839555740356, "energy_consumption": 19853.64992438273, "selected": false, "client_name": "sta7"}
2026-07-01 16:50:14,614 - METRIC - INFO - {"loss": 0.026919366791844368, "accuracy": 0.9914788603782654, "energy_consumption": 28914.168682336607, "selected": false, "client_name": "sta9"}
2026-07-01 16:50:14,669 - METRIC - INFO - {"loss": 0.032746925950050354, "accuracy": 0.9882572889328003, "energy_consumption": 21877.761313298164, "selected": false, "client_name": "sta5"}
2026-07-01 16:50:14,703 - METRIC - INFO - {"loss": 0.04193505644798279, "accuracy": 0.9862710237503052, "energy_consumption": 19124.678303340213, "selected": false, "client_name": "sta1"}
2026-07-01 16:50:15,025 - METRIC - INFO - mean_accuracy: 0.9879654483361677

2026-07-01 16:50:15,026 - METRIC - INFO - round: 48
2026-07-01 16:50:15,026 - METRIC - INFO - n_selected: 11
2026-07-01 16:50:15,026 - METRIC - INFO - {"selected_trainers": ["sta0", "sta1", "sta10", "sta2", "sta3", "sta4", "sta5", "sta6", "sta7", "sta8", "sta9"]}
2026-07-01 16:50:19,883 - EXECUT - INFO - received weights from trainer sta8!
2026-07-01 16:50:19,941 - EXECUT - INFO - received weights from trainer sta4!
2026-07-01 16:50:24,001 - EXECUT - INFO - received weights from trainer sta10!
2026-07-01 16:50:25,151 - EXECUT - INFO - received weights from trainer sta1!
2026-07-01 16:50:25,563 - EXECUT - INFO - received weights from trainer sta0!
2026-07-01 16:50:27,242 - EXECUT - INFO - received weights from trainer sta6!
2026-07-01 16:50:28,445 - EXECUT - INFO - received weights from trainer sta3!
2026-07-01 16:50:29,273 - EXECUT - INFO - received weights from trainer sta7!
2026-07-01 16:50:29,333 - EXECUT - INFO - received weights from trainer sta5!
2026-07-01 16:50:35,742 - EXECUT - INFO - received weights from trainer sta2!
2026-07-01 16:50:36,036 - EXECUT - INFO - received weights from trainer sta9!
2026-07-01 16:50:36,838 - EXECUT - INFO - sent aggregated weights to trainers!
2026-07-01 16:50:37,157 - METRIC - INFO - {"loss": 0.04379245638847351, "accuracy": 0.9854166507720947, "energy_consumption": 28955.174986494712, "selected": false, "client_name": "sta4"}
2026-07-01 16:50:37,195 - METRIC - INFO - {"loss": 0.029240291565656662, "accuracy": 0.9905335903167725, "energy_consumption": 28846.251657817847, "selected": false, "client_name": "sta8"}
2026-07-01 16:50:37,247 - METRIC - INFO - {"loss": 0.02916112169623375, "accuracy": 0.9902834296226501, "energy_consumption": 30563.40849706992, "selected": false, "client_name": "sta10"}
2026-07-01 16:50:37,254 - METRIC - INFO - {"loss": 0.03941993787884712, "accuracy": 0.9879162311553955, "energy_consumption": 28956.65100619723, "selected": false, "client_name": "sta2"}
2026-07-01 16:50:37,290 - METRIC - INFO - {"loss": 0.0372404120862484, "accuracy": 0.9862068891525269, "energy_consumption": 20891.02907632356, "selected": false, "client_name": "sta0"}
2026-07-01 16:50:37,308 - METRIC - INFO - {"loss": 0.02727706916630268, "accuracy": 0.9906542301177979, "energy_consumption": 29743.035072648654, "selected": false, "client_name": "sta9"}
2026-07-01 16:50:37,350 - METRIC - INFO - {"loss": 0.035986240953207016, "accuracy": 0.9875190258026123, "energy_consumption": 23714.102300846036, "selected": false, "client_name": "sta6"}
2026-07-01 16:50:37,354 - METRIC - INFO - {"loss": 0.0359460823237896, "accuracy": 0.9875614643096924, "energy_consumption": 22613.946130213048, "selected": false, "client_name": "sta3"}
2026-07-01 16:50:37,377 - METRIC - INFO - {"loss": 0.032606832683086395, "accuracy": 0.9882572889328003, "energy_consumption": 22469.605351440885, "selected": false, "client_name": "sta5"}
2026-07-01 16:50:37,377 - METRIC - INFO - {"loss": 0.043518416583538055, "accuracy": 0.9862710237503052, "energy_consumption": 19654.55781009035, "selected": false, "client_name": "sta1"}
2026-07-01 16:50:37,413 - METRIC - INFO - {"loss": 0.03724486753344536, "accuracy": 0.9884887933731079, "energy_consumption": 20399.904518504183, "selected": false, "client_name": "sta7"}
2026-07-01 16:50:37,840 - METRIC - INFO - mean_accuracy: 0.9881007833914324

2026-07-01 16:50:37,840 - METRIC - INFO - round: 49
2026-07-01 16:50:37,840 - METRIC - INFO - n_selected: 11
2026-07-01 16:50:37,840 - METRIC - INFO - {"selected_trainers": ["sta0", "sta1", "sta10", "sta2", "sta3", "sta4", "sta5", "sta6", "sta7", "sta8", "sta9"]}
2026-07-01 16:50:42,714 - EXECUT - INFO - received weights from trainer sta8!
2026-07-01 16:50:42,777 - EXECUT - INFO - received weights from trainer sta4!
2026-07-01 16:50:46,934 - EXECUT - INFO - received weights from trainer sta10!
2026-07-01 16:50:47,999 - EXECUT - INFO - received weights from trainer sta1!
2026-07-01 16:50:48,329 - EXECUT - INFO - received weights from trainer sta0!
2026-07-01 16:50:49,394 - EXECUT - INFO - received weights from trainer sta2!
2026-07-01 16:50:50,018 - EXECUT - INFO - received weights from trainer sta6!
2026-07-01 16:50:50,749 - EXECUT - INFO - received weights from trainer sta9!
2026-07-01 16:50:51,270 - EXECUT - INFO - received weights from trainer sta3!
2026-07-01 16:50:52,064 - EXECUT - INFO - received weights from trainer sta5!
2026-07-01 16:50:52,168 - EXECUT - INFO - received weights from trainer sta7!
2026-07-01 16:50:52,712 - EXECUT - INFO - sent aggregated weights to trainers!
2026-07-01 16:50:53,079 - METRIC - INFO - {"loss": 0.043979182839393616, "accuracy": 0.9847221970558167, "energy_consumption": 29479.371409722604, "selected": false, "client_name": "sta4"}
2026-07-01 16:50:53,127 - METRIC - INFO - {"loss": 0.040045104920864105, "accuracy": 0.9876477122306824, "energy_consumption": 29495.99774839094, "selected": false, "client_name": "sta2"}
2026-07-01 16:50:53,133 - METRIC - INFO - {"loss": 0.03088337555527687, "accuracy": 0.9890688061714172, "energy_consumption": 31098.598584740692, "selected": false, "client_name": "sta10"}
2026-07-01 16:50:53,195 - METRIC - INFO - {"loss": 0.029651684686541557, "accuracy": 0.9922547340393066, "energy_consumption": 29307.904047315547, "selected": false, "client_name": "sta8"}
2026-07-01 16:50:53,200 - METRIC - INFO - {"loss": 0.026190634816884995, "accuracy": 0.9906542301177979, "energy_consumption": 30244.625427749583, "selected": false, "client_name": "sta9"}
2026-07-01 16:50:53,231 - METRIC - INFO - {"loss": 0.03603856638073921, "accuracy": 0.9866057634353638, "energy_consumption": 24140.477847536495, "selected": false, "client_name": "sta6"}
2026-07-01 16:50:53,237 - METRIC - INFO - {"loss": 0.03620648756623268, "accuracy": 0.9878507256507874, "energy_consumption": 23012.406501528818, "selected": false, "client_name": "sta3"}
2026-07-01 16:50:53,247 - METRIC - INFO - {"loss": 0.03239447623491287, "accuracy": 0.9879903793334961, "energy_consumption": 22876.49149092939, "selected": false, "client_name": "sta5"}
2026-07-01 16:50:53,253 - METRIC - INFO - {"loss": 0.036599431186914444, "accuracy": 0.9878296256065369, "energy_consumption": 21262.25898371593, "selected": false, "client_name": "sta0"}
2026-07-01 16:50:53,270 - METRIC - INFO - {"loss": 0.0426316037774086, "accuracy": 0.985828161239624, "energy_consumption": 19997.55820262686, "selected": false, "client_name": "sta1"}
2026-07-01 16:50:53,314 - METRIC - INFO - {"loss": 0.03628921136260033, "accuracy": 0.9884887933731079, "energy_consumption": 20771.719708002423, "selected": false, "client_name": "sta7"}
2026-07-01 16:50:53,715 - METRIC - INFO - mean_accuracy: 0.9880855571139943

2026-07-01 16:50:53,715 - METRIC - INFO - round: 50
2026-07-01 16:50:53,715 - METRIC - INFO - n_selected: 11
2026-07-01 16:50:53,715 - METRIC - INFO - {"selected_trainers": ["sta0", "sta1", "sta10", "sta2", "sta3", "sta4", "sta5", "sta6", "sta7", "sta8", "sta9"]}
2026-07-01 16:50:58,644 - EXECUT - INFO - received weights from trainer sta8!
2026-07-01 16:50:58,689 - EXECUT - INFO - received weights from trainer sta4!
2026-07-01 16:51:02,770 - EXECUT - INFO - received weights from trainer sta10!
2026-07-01 16:51:03,866 - EXECUT - INFO - received weights from trainer sta1!
2026-07-01 16:51:04,253 - EXECUT - INFO - received weights from trainer sta0!
2026-07-01 16:51:05,248 - EXECUT - INFO - received weights from trainer sta2!
2026-07-01 16:51:05,967 - EXECUT - INFO - received weights from trainer sta6!
2026-07-01 16:51:07,112 - EXECUT - INFO - received weights from trainer sta3!
2026-07-01 16:51:07,979 - EXECUT - INFO - received weights from trainer sta5!
2026-07-01 16:51:08,102 - EXECUT - INFO - received weights from trainer sta7!
2026-07-01 16:51:14,750 - EXECUT - INFO - received weights from trainer sta9!
2026-07-01 16:51:15,357 - EXECUT - INFO - sent aggregated weights to trainers!
2026-07-01 16:51:15,728 - METRIC - INFO - {"loss": 0.029334746301174164, "accuracy": 0.9913941621780396, "energy_consumption": 30098.890580891522, "selected": false, "client_name": "sta8"}
2026-07-01 16:51:15,741 - METRIC - INFO - {"loss": 0.043892864137887955, "accuracy": 0.9840278029441833, "energy_consumption": 30266.250535347725, "selected": false, "client_name": "sta4"}
2026-07-01 16:51:15,775 - METRIC - INFO - {"loss": 0.04274093359708786, "accuracy": 0.9862710237503052, "energy_consumption": 20546.91301901248, "selected": false, "client_name": "sta1"}
2026-07-01 16:51:15,797 - METRIC - INFO - {"loss": 0.03948886692523956, "accuracy": 0.9879162311553955, "energy_consumption": 30275.014469883245, "selected": false, "client_name": "sta2"}
2026-07-01 16:51:15,836 - METRIC - INFO - {"loss": 0.036637719720602036, "accuracy": 0.9869102239608765, "energy_consumption": 24701.03941889386, "selected": false, "client_name": "sta6"}
2026-07-01 16:51:15,842 - METRIC - INFO - {"loss": 0.03575358912348747, "accuracy": 0.9881399869918823, "energy_consumption": 23610.45018855476, "selected": false, "client_name": "sta3"}
2026-07-01 16:51:15,849 - METRIC - INFO - {"loss": 0.026500092819333076, "accuracy": 0.9912039637565613, "energy_consumption": 31066.342510222323, "selected": false, "client_name": "sta9"}
2026-07-01 16:51:15,886 - METRIC - INFO - {"loss": 0.028896424919366837, "accuracy": 0.9898785352706909, "energy_consumption": 31944.676394736405, "selected": false, "client_name": "sta10"}
2026-07-01 16:51:15,905 - METRIC - INFO - {"loss": 0.03252008184790611, "accuracy": 0.9877235293388367, "energy_consumption": 23467.3515384199, "selected": false, "client_name": "sta5"}
2026-07-01 16:51:15,958 - METRIC - INFO - {"loss": 0.03628551959991455, "accuracy": 0.9881936311721802, "energy_consumption": 21230.770704505383, "selected": false, "client_name": "sta7"}
2026-07-01 16:51:16,017 - METRIC - INFO - {"loss": 0.03724178671836853, "accuracy": 0.9870182275772095, "energy_consumption": 21834.149209550225, "selected": false, "client_name": "sta0"}
2026-07-01 16:51:16,360 - METRIC - INFO - mean_accuracy: 0.9880615743723783

2026-07-01 16:51:16,360 - METRIC - INFO - round: 51
2026-07-01 16:51:16,360 - METRIC - INFO - n_selected: 11
2026-07-01 16:51:16,360 - METRIC - INFO - {"selected_trainers": ["sta0", "sta1", "sta10", "sta2", "sta3", "sta4", "sta5", "sta6", "sta7", "sta8", "sta9"]}
2026-07-01 16:51:21,260 - EXECUT - INFO - received weights from trainer sta8!
2026-07-01 16:51:21,376 - EXECUT - INFO - received weights from trainer sta4!
2026-07-01 16:51:25,319 - EXECUT - INFO - received weights from trainer sta10!
2026-07-01 16:51:26,522 - EXECUT - INFO - received weights from trainer sta1!
2026-07-01 16:51:26,895 - EXECUT - INFO - received weights from trainer sta0!
2026-07-01 16:51:27,886 - EXECUT - INFO - received weights from trainer sta2!
2026-07-01 16:51:28,594 - EXECUT - INFO - received weights from trainer sta6!
2026-07-01 16:51:29,271 - EXECUT - INFO - received weights from trainer sta9!
2026-07-01 16:51:29,779 - EXECUT - INFO - received weights from trainer sta3!
2026-07-01 16:51:30,561 - EXECUT - INFO - received weights from trainer sta5!
2026-07-01 16:51:30,715 - EXECUT - INFO - received weights from trainer sta7!
2026-07-01 16:51:31,039 - EXECUT - INFO - sent aggregated weights to trainers!
2026-07-01 16:51:31,401 - METRIC - INFO - {"loss": 0.04314850643277168, "accuracy": 0.9840278029441833, "energy_consumption": 30817.579200713015, "selected": false, "client_name": "sta4"}
2026-07-01 16:51:31,421 - METRIC - INFO - {"loss": 0.029482504352927208, "accuracy": 0.9913941621780396, "energy_consumption": 30602.394872870012, "selected": false, "client_name": "sta8"}
2026-07-01 16:51:31,438 - METRIC - INFO - {"loss": 0.039139825850725174, "accuracy": 0.9879162311553955, "energy_consumption": 30769.552873723147, "selected": false, "client_name": "sta2"}
2026-07-01 16:51:31,462 - METRIC - INFO - {"loss": 0.029092388227581978, "accuracy": 0.9894737005233765, "energy_consumption": 32528.926054771564, "selected": false, "client_name": "sta10"}
2026-07-01 16:51:31,500 - METRIC - INFO - {"loss": 0.026698926463723183, "accuracy": 0.9912039637565613, "energy_consumption": 31567.987960272392, "selected": false, "client_name": "sta9"}
2026-07-01 16:51:31,535 - METRIC - INFO - {"loss": 0.03583123907446861, "accuracy": 0.9872146248817444, "energy_consumption": 25141.30907890337, "selected": false, "client_name": "sta6"}
2026-07-01 16:51:31,568 - METRIC - INFO - {"loss": 0.03679943457245827, "accuracy": 0.9882352948188782, "energy_consumption": 22208.823933920532, "selected": false, "client_name": "sta0"}
2026-07-01 16:51:31,569 - METRIC - INFO - {"loss": 0.032724641263484955, "accuracy": 0.9869228601455688, "energy_consumption": 23772.87703376728, "selected": false, "client_name": "sta5"}
2026-07-01 16:51:31,573 - METRIC - INFO - {"loss": 0.036384355276823044, "accuracy": 0.988718569278717, "energy_consumption": 23997.13844545252, "selected": false, "client_name": "sta3"}
2026-07-01 16:51:31,581 - METRIC - INFO - {"loss": 0.03873223438858986, "accuracy": 0.9884887933731079, "energy_consumption": 21597.643973722134, "selected": false, "client_name": "sta7"}
2026-07-01 16:51:31,585 - METRIC - INFO - {"loss": 0.04345530644059181, "accuracy": 0.985828161239624, "energy_consumption": 20903.803216387612, "selected": false, "client_name": "sta1"}
2026-07-01 16:51:32,040 - METRIC - INFO - mean_accuracy: 0.9881294694813815

2026-07-01 16:51:32,040 - METRIC - INFO - round: 52
2026-07-01 16:51:32,040 - METRIC - INFO - n_selected: 11
2026-07-01 16:51:32,040 - METRIC - INFO - {"selected_trainers": ["sta0", "sta1", "sta10", "sta2", "sta3", "sta4", "sta5", "sta6", "sta7", "sta8", "sta9"]}
2026-07-01 16:51:36,884 - EXECUT - INFO - received weights from trainer sta8!
2026-07-01 16:51:37,020 - EXECUT - INFO - received weights from trainer sta4!
2026-07-01 16:51:41,036 - EXECUT - INFO - received weights from trainer sta10!
2026-07-01 16:51:42,233 - EXECUT - INFO - received weights from trainer sta1!
2026-07-01 16:51:42,568 - EXECUT - INFO - received weights from trainer sta0!
2026-07-01 16:51:43,603 - EXECUT - INFO - received weights from trainer sta2!
2026-07-01 16:51:44,232 - EXECUT - INFO - received weights from trainer sta6!
2026-07-01 16:51:44,827 - EXECUT - INFO - received weights from trainer sta9!
2026-07-01 16:51:45,483 - EXECUT - INFO - received weights from trainer sta3!
2026-07-01 16:51:46,226 - EXECUT - INFO - received weights from trainer sta5!
2026-07-01 16:51:46,376 - EXECUT - INFO - received weights from trainer sta7!
2026-07-01 16:51:46,654 - EXECUT - INFO - sent aggregated weights to trainers!
2026-07-01 16:51:47,000 - METRIC - INFO - {"loss": 0.04318983107805252, "accuracy": 0.9861111044883728, "energy_consumption": 31238.08063720709, "selected": false, "client_name": "sta4"}
2026-07-01 16:51:47,033 - METRIC - INFO - {"loss": 0.02987942099571228, "accuracy": 0.9913941621780396, "energy_consumption": 31160.715310447016, "selected": false, "client_name": "sta8"}
2026-07-01 16:51:47,052 - METRIC - INFO - {"loss": 0.03990239277482033, "accuracy": 0.9879162311553955, "energy_consumption": 31300.564194586845, "selected": false, "client_name": "sta2"}
2026-07-01 16:51:47,072 - METRIC - INFO - {"loss": 0.027834579348564148, "accuracy": 0.9906882643699646, "energy_consumption": 33115.48675082512, "selected": false, "client_name": "sta10"}
2026-07-01 16:51:47,134 - METRIC - INFO - {"loss": 0.026335353031754494, "accuracy": 0.9909290671348572, "energy_consumption": 32125.965988808253, "selected": false, "client_name": "sta9"}
2026-07-01 16:51:47,146 - METRIC - INFO - {"loss": 0.036097485572099686, "accuracy": 0.9890410900115967, "energy_consumption": 25574.71218926042, "selected": false, "client_name": "sta6"}
2026-07-01 16:51:47,180 - METRIC - INFO - {"loss": 0.03674136847257614, "accuracy": 0.9862068891525269, "energy_consumption": 22611.193810913057, "selected": false, "client_name": "sta0"}
2026-07-01 16:51:47,205 - METRIC - INFO - {"loss": 0.0364372693002224, "accuracy": 0.9881399869918823, "energy_consumption": 24411.375482239408, "selected": false, "client_name": "sta3"}
2026-07-01 16:51:47,205 - METRIC - INFO - {"loss": 0.03291752189397812, "accuracy": 0.9882572889328003, "energy_consumption": 24168.433004292994, "selected": false, "client_name": "sta5"}
2026-07-01 16:51:47,206 - METRIC - INFO - {"loss": 0.042149413377046585, "accuracy": 0.9871567487716675, "energy_consumption": 21272.36945743082, "selected": false, "client_name": "sta1"}
2026-07-01 16:51:47,264 - METRIC - INFO - {"loss": 0.03855402395129204, "accuracy": 0.9881936311721802, "energy_consumption": 21990.006972098865, "selected": false, "client_name": "sta7"}
2026-07-01 16:51:47,656 - METRIC - INFO - mean_accuracy: 0.9885485876690258

2026-07-01 16:51:47,656 - METRIC - INFO - round: 53
2026-07-01 16:51:47,656 - METRIC - INFO - n_selected: 11
2026-07-01 16:51:47,656 - METRIC - INFO - {"selected_trainers": ["sta0", "sta1", "sta10", "sta2", "sta3", "sta4", "sta5", "sta6", "sta7", "sta8", "sta9"]}
2026-07-01 16:51:52,541 - EXECUT - INFO - received weights from trainer sta8!
2026-07-01 16:51:52,653 - EXECUT - INFO - received weights from trainer sta4!
2026-07-01 16:51:56,614 - EXECUT - INFO - received weights from trainer sta10!
2026-07-01 16:51:57,820 - EXECUT - INFO - received weights from trainer sta1!
2026-07-01 16:51:58,089 - EXECUT - INFO - received weights from trainer sta0!
2026-07-01 16:51:59,234 - EXECUT - INFO - received weights from trainer sta2!
2026-07-01 16:51:59,842 - EXECUT - INFO - received weights from trainer sta6!
2026-07-01 16:52:00,506 - EXECUT - INFO - received weights from trainer sta9!
2026-07-01 16:52:01,036 - EXECUT - INFO - received weights from trainer sta3!
2026-07-01 16:52:01,893 - EXECUT - INFO - received weights from trainer sta5!
2026-07-01 16:52:02,039 - EXECUT - INFO - received weights from trainer sta7!
2026-07-01 16:52:02,392 - EXECUT - INFO - sent aggregated weights to trainers!
2026-07-01 16:52:02,766 - METRIC - INFO - {"loss": 0.04311547428369522, "accuracy": 0.9847221970558167, "energy_consumption": 31769.43189368711, "selected": false, "client_name": "sta4"}
2026-07-01 16:52:02,769 - METRIC - INFO - {"loss": 0.029012594372034073, "accuracy": 0.9905335903167725, "energy_consumption": 31719.4460121257, "selected": false, "client_name": "sta8"}
2026-07-01 16:52:02,808 - METRIC - INFO - {"loss": 0.028494052588939667, "accuracy": 0.9902834296226501, "energy_consumption": 33698.10361625555, "selected": false, "client_name": "sta10"}
2026-07-01 16:52:02,858 - METRIC - INFO - {"loss": 0.026171039789915085, "accuracy": 0.9906542301177979, "energy_consumption": 32682.02425870153, "selected": false, "client_name": "sta9"}
2026-07-01 16:52:02,875 - METRIC - INFO - {"loss": 0.04214397445321083, "accuracy": 0.9871567487716675, "energy_consumption": 21642.0525419903, "selected": false, "client_name": "sta1"}
2026-07-01 16:52:02,881 - METRIC - INFO - {"loss": 0.03606492653489113, "accuracy": 0.9878234267234802, "energy_consumption": 26005.635137970974, "selected": false, "client_name": "sta6"}
2026-07-01 16:52:02,907 - METRIC - INFO - {"loss": 0.037513136863708496, "accuracy": 0.9866125583648682, "energy_consumption": 22996.33034899382, "selected": false, "client_name": "sta0"}
2026-07-01 16:52:02,922 - METRIC - INFO - {"loss": 0.0361463725566864, "accuracy": 0.9874566197395325, "energy_consumption": 24571.40691591781, "selected": false, "client_name": "sta5"}
2026-07-01 16:52:02,929 - METRIC - INFO - {"loss": 0.03626764565706253, "accuracy": 0.9881936311721802, "energy_consumption": 22364.570166719033, "selected": false, "client_name": "sta7"}
2026-07-01 16:52:02,935 - METRIC - INFO - {"loss": 0.0402831956744194, "accuracy": 0.9879162311553955, "energy_consumption": 31839.616485377337, "selected": false, "client_name": "sta2"}
2026-07-01 16:52:03,039 - METRIC - INFO - {"loss": 0.03593308851122856, "accuracy": 0.989007830619812, "energy_consumption": 24835.823460117856, "selected": false, "client_name": "sta3"}
2026-07-01 16:52:03,394 - METRIC - INFO - mean_accuracy: 0.9882145903327249

2026-07-01 16:52:03,394 - METRIC - INFO - round: 54
2026-07-01 16:52:03,394 - METRIC - INFO - n_selected: 11
2026-07-01 16:52:03,394 - METRIC - INFO - {"selected_trainers": ["sta0", "sta1", "sta10", "sta2", "sta3", "sta4", "sta5", "sta6", "sta7", "sta8", "sta9"]}
2026-07-01 16:52:08,301 - EXECUT - INFO - received weights from trainer sta8!
2026-07-01 16:52:08,328 - EXECUT - INFO - received weights from trainer sta4!
2026-07-01 16:52:12,343 - EXECUT - INFO - received weights from trainer sta10!
2026-07-01 16:52:13,547 - EXECUT - INFO - received weights from trainer sta1!
2026-07-01 16:52:13,850 - EXECUT - INFO - received weights from trainer sta0!
2026-07-01 16:52:14,985 - EXECUT - INFO - received weights from trainer sta2!
2026-07-01 16:52:15,597 - EXECUT - INFO - received weights from trainer sta6!
2026-07-01 16:52:16,234 - EXECUT - INFO - received weights from trainer sta9!
2026-07-01 16:52:16,790 - EXECUT - INFO - received weights from trainer sta3!
2026-07-01 16:52:17,619 - EXECUT - INFO - received weights from trainer sta5!
2026-07-01 16:52:17,784 - EXECUT - INFO - received weights from trainer sta7!
2026-07-01 16:52:18,144 - EXECUT - INFO - sent aggregated weights to trainers!
2026-07-01 16:52:18,476 - METRIC - INFO - {"loss": 0.04401075467467308, "accuracy": 0.9854166507720947, "energy_consumption": 32273.68271474449, "selected": false, "client_name": "sta4"}
2026-07-01 16:52:18,546 - METRIC - INFO - {"loss": 0.028984462842345238, "accuracy": 0.9905335903167725, "energy_consumption": 32258.871600488867, "selected": false, "client_name": "sta8"}
2026-07-01 16:52:18,569 - METRIC - INFO - {"loss": 0.03949984535574913, "accuracy": 0.9881847500801086, "energy_consumption": 32353.046594972468, "selected": false, "client_name": "sta2"}
2026-07-01 16:52:18,597 - METRIC - INFO - {"loss": 0.027792913839221, "accuracy": 0.991093099117279, "energy_consumption": 34283.908916097185, "selected": false, "client_name": "sta10"}
2026-07-01 16:52:18,624 - METRIC - INFO - {"loss": 0.025925038382411003, "accuracy": 0.9909290671348572, "energy_consumption": 33252.031985762536, "selected": false, "client_name": "sta9"}
2026-07-01 16:52:18,656 - METRIC - INFO - {"loss": 0.04248521849513054, "accuracy": 0.9875614643096924, "energy_consumption": 25251.06056157394, "selected": false, "client_name": "sta3"}
2026-07-01 16:52:18,672 - METRIC - INFO - {"loss": 0.03725097328424454, "accuracy": 0.9853955507278442, "energy_consumption": 23359.815464364547, "selected": false, "client_name": "sta0"}
2026-07-01 16:52:18,686 - METRIC - INFO - {"loss": 0.032263342291116714, "accuracy": 0.9885241389274597, "energy_consumption": 24971.557552439823, "selected": false, "client_name": "sta5"}
2026-07-01 16:52:18,700 - METRIC - INFO - {"loss": 0.04717531427741051, "accuracy": 0.9844995737075806, "energy_consumption": 21977.941317164634, "selected": false, "client_name": "sta1"}
2026-07-01 16:52:18,779 - METRIC - INFO - {"loss": 0.035762637853622437, "accuracy": 0.9878234267234802, "energy_consumption": 26456.95085764232, "selected": false, "client_name": "sta6"}
2026-07-01 16:52:18,864 - METRIC - INFO - {"loss": 0.03842305392026901, "accuracy": 0.9881936311721802, "energy_consumption": 22734.52842186922, "selected": false, "client_name": "sta7"}
2026-07-01 16:52:19,145 - METRIC - INFO - mean_accuracy: 0.9880140857263044

2026-07-01 16:52:19,145 - METRIC - INFO - round: 55
2026-07-01 16:52:19,145 - METRIC - INFO - n_selected: 11
2026-07-01 16:52:19,145 - METRIC - INFO - {"selected_trainers": ["sta0", "sta1", "sta10", "sta2", "sta3", "sta4", "sta5", "sta6", "sta7", "sta8", "sta9"]}
2026-07-01 16:52:24,149 - EXECUT - INFO - received weights from trainer sta4!
2026-07-01 16:52:24,726 - EXECUT - INFO - received weights from trainer sta8!
2026-07-01 16:52:28,198 - EXECUT - INFO - received weights from trainer sta10!
2026-07-01 16:52:29,296 - EXECUT - INFO - received weights from trainer sta1!
2026-07-01 16:52:29,596 - EXECUT - INFO - received weights from trainer sta0!
2026-07-01 16:52:30,746 - EXECUT - INFO - received weights from trainer sta2!
2026-07-01 16:52:31,331 - EXECUT - INFO - received weights from trainer sta6!
2026-07-01 16:52:32,069 - EXECUT - INFO - received weights from trainer sta9!
2026-07-01 16:52:32,588 - EXECUT - INFO - received weights from trainer sta3!
2026-07-01 16:52:33,341 - EXECUT - INFO - received weights from trainer sta5!
2026-07-01 16:52:33,482 - EXECUT - INFO - received weights from trainer sta7!
2026-07-01 16:52:33,886 - EXECUT - INFO - sent aggregated weights to trainers!
2026-07-01 16:52:34,280 - METRIC - INFO - {"loss": 0.03061499074101448, "accuracy": 0.9913941621780396, "energy_consumption": 32791.540602614616, "selected": false, "client_name": "sta8"}
2026-07-01 16:52:34,303 - METRIC - INFO - {"loss": 0.02724379301071167, "accuracy": 0.9914979934692383, "energy_consumption": 34866.011196539774, "selected": false, "client_name": "sta10"}
2026-07-01 16:52:34,314 - METRIC - INFO - {"loss": 0.036425936967134476, "accuracy": 0.9866125583648682, "energy_consumption": 23744.470429286073, "selected": false, "client_name": "sta0"}
2026-07-01 16:52:34,332 - METRIC - INFO - {"loss": 0.04449392110109329, "accuracy": 0.9853852987289429, "energy_consumption": 22343.85394205374, "selected": false, "client_name": "sta1"}
2026-07-01 16:52:34,338 - METRIC - INFO - {"loss": 0.04286327213048935, "accuracy": 0.9854166507720947, "energy_consumption": 32792.46253801676, "selected": false, "client_name": "sta4"}
2026-07-01 16:52:34,342 - METRIC - INFO - {"loss": 0.03981182351708412, "accuracy": 0.9884532690048218, "energy_consumption": 32888.03084944867, "selected": false, "client_name": "sta2"}
2026-07-01 16:52:34,371 - METRIC - INFO - {"loss": 0.026396648958325386, "accuracy": 0.9906542301177979, "energy_consumption": 33785.62263759649, "selected": false, "client_name": "sta9"}
2026-07-01 16:52:34,376 - METRIC - INFO - {"loss": 0.03585105761885643, "accuracy": 0.988718569278717, "energy_consumption": 25571.23977258491, "selected": false, "client_name": "sta3"}
2026-07-01 16:52:34,388 - METRIC - INFO - {"loss": 0.04529617726802826, "accuracy": 0.9850836992263794, "energy_consumption": 26901.062942688946, "selected": false, "client_name": "sta6"}
2026-07-01 16:52:34,429 - METRIC - INFO - {"loss": 0.0332130528986454, "accuracy": 0.9877235293388367, "energy_consumption": 25371.04486505457, "selected": false, "client_name": "sta5"}
2026-07-01 16:52:34,474 - METRIC - INFO - {"loss": 0.03789088875055313, "accuracy": 0.9881936311721802, "energy_consumption": 23127.64387473123, "selected": false, "client_name": "sta7"}
2026-07-01 16:52:34,887 - METRIC - INFO - mean_accuracy: 0.9881030537865378

2026-07-01 16:52:34,887 - METRIC - INFO - round: 56
2026-07-01 16:52:34,888 - METRIC - INFO - n_selected: 11
2026-07-01 16:52:34,888 - METRIC - INFO - {"selected_trainers": ["sta0", "sta1", "sta10", "sta2", "sta3", "sta4", "sta5", "sta6", "sta7", "sta8", "sta9"]}
2026-07-01 16:52:39,773 - EXECUT - INFO - received weights from trainer sta8!
2026-07-01 16:52:40,295 - EXECUT - INFO - received weights from trainer sta4!
2026-07-01 16:52:43,857 - EXECUT - INFO - received weights from trainer sta10!
2026-07-01 16:52:45,348 - EXECUT - INFO - received weights from trainer sta0!
2026-07-01 16:52:45,362 - EXECUT - INFO - received weights from trainer sta1!
2026-07-01 16:52:46,438 - EXECUT - INFO - received weights from trainer sta2!
2026-07-01 16:52:47,116 - EXECUT - INFO - received weights from trainer sta6!
2026-07-01 16:52:47,818 - EXECUT - INFO - received weights from trainer sta9!
2026-07-01 16:52:48,311 - EXECUT - INFO - received weights from trainer sta3!
2026-07-01 16:52:49,180 - EXECUT - INFO - received weights from trainer sta7!
2026-07-01 16:52:55,787 - EXECUT - INFO - received weights from trainer sta5!
2026-07-01 16:52:56,539 - EXECUT - INFO - sent aggregated weights to trainers!
2026-07-01 16:52:56,892 - METRIC - INFO - {"loss": 0.0284695066511631, "accuracy": 0.9913941621780396, "energy_consumption": 33553.27618902991, "selected": false, "client_name": "sta8"}
2026-07-01 16:52:56,900 - METRIC - INFO - {"loss": 0.043684590607881546, "accuracy": 0.9854166507720947, "energy_consumption": 33583.58036148288, "selected": false, "client_name": "sta4"}
2026-07-01 16:52:56,951 - METRIC - INFO - {"loss": 0.027901869267225266, "accuracy": 0.9902834296226501, "energy_consumption": 35725.90309428543, "selected": false, "client_name": "sta10"}
2026-07-01 16:52:56,975 - METRIC - INFO - {"loss": 0.03594692051410675, "accuracy": 0.9866125583648682, "energy_consumption": 24304.354906838777, "selected": false, "client_name": "sta0"}
2026-07-01 16:52:56,986 - METRIC - INFO - {"loss": 0.03925531730055809, "accuracy": 0.9881847500801086, "energy_consumption": 33572.95150249913, "selected": false, "client_name": "sta2"}
2026-07-01 16:52:57,005 - METRIC - INFO - {"loss": 0.04367488995194435, "accuracy": 0.9846687912940979, "energy_consumption": 26167.231928713787, "selected": false, "client_name": "sta3"}
2026-07-01 16:52:57,012 - METRIC - INFO - {"loss": 0.03571214899420738, "accuracy": 0.9887366890907288, "energy_consumption": 27532.80744108082, "selected": false, "client_name": "sta6"}
2026-07-01 16:52:57,014 - METRIC - INFO - {"loss": 0.025942645967006683, "accuracy": 0.9909290671348572, "energy_consumption": 34597.52780799173, "selected": false, "client_name": "sta9"}
2026-07-01 16:52:57,014 - METRIC - INFO - {"loss": 0.044068776071071625, "accuracy": 0.9844995737075806, "energy_consumption": 22798.123436250236, "selected": false, "client_name": "sta1"}
2026-07-01 16:52:57,064 - METRIC - INFO - {"loss": 0.0337328240275383, "accuracy": 0.9882572889328003, "energy_consumption": 25966.15725983011, "selected": false, "client_name": "sta5"}
2026-07-01 16:52:57,145 - METRIC - INFO - {"loss": 0.03706624358892441, "accuracy": 0.9884887933731079, "energy_consumption": 23675.085766336193, "selected": false, "client_name": "sta7"}
2026-07-01 16:52:57,541 - METRIC - INFO - mean_accuracy: 0.9879519776864485

2026-07-01 16:52:57,541 - METRIC - INFO - round: 57
2026-07-01 16:52:57,541 - METRIC - INFO - n_selected: 11
2026-07-01 16:52:57,541 - METRIC - INFO - {"selected_trainers": ["sta0", "sta1", "sta10", "sta2", "sta3", "sta4", "sta5", "sta6", "sta7", "sta8", "sta9"]}
2026-07-01 16:53:02,423 - EXECUT - INFO - received weights from trainer sta8!
2026-07-01 16:53:02,545 - EXECUT - INFO - received weights from trainer sta4!
2026-07-01 16:53:06,553 - EXECUT - INFO - received weights from trainer sta10!
2026-07-01 16:53:07,764 - EXECUT - INFO - received weights from trainer sta1!
2026-07-01 16:53:08,062 - EXECUT - INFO - received weights from trainer sta0!
2026-07-01 16:53:09,064 - EXECUT - INFO - received weights from trainer sta2!
2026-07-01 16:53:09,775 - EXECUT - INFO - received weights from trainer sta6!
2026-07-01 16:53:10,480 - EXECUT - INFO - received weights from trainer sta9!
2026-07-01 16:53:11,014 - EXECUT - INFO - received weights from trainer sta3!
2026-07-01 16:53:11,855 - EXECUT - INFO - received weights from trainer sta7!
2026-07-01 16:53:11,868 - EXECUT - INFO - received weights from trainer sta5!
2026-07-01 16:53:12,170 - EXECUT - INFO - sent aggregated weights to trainers!
2026-07-01 16:53:12,496 - METRIC - INFO - {"loss": 0.04347490519285202, "accuracy": 0.9847221970558167, "energy_consumption": 34125.782419807656, "selected": false, "client_name": "sta4"}
2026-07-01 16:53:12,542 - METRIC - INFO - {"loss": 0.029258117079734802, "accuracy": 0.9905335903167725, "energy_consumption": 34048.739527613056, "selected": false, "client_name": "sta8"}
2026-07-01 16:53:12,573 - METRIC - INFO - {"loss": 0.03941204026341438, "accuracy": 0.9884532690048218, "energy_consumption": 34097.41186549975, "selected": false, "client_name": "sta2"}
2026-07-01 16:53:12,602 - METRIC - INFO - {"loss": 0.027068961411714554, "accuracy": 0.991093099117279, "energy_consumption": 36289.4914361725, "selected": false, "client_name": "sta10"}
2026-07-01 16:53:12,645 - METRIC - INFO - {"loss": 0.025381699204444885, "accuracy": 0.9914788603782654, "energy_consumption": 35135.51258781726, "selected": false, "client_name": "sta9"}
2026-07-01 16:53:12,678 - METRIC - INFO - {"loss": 0.04358348250389099, "accuracy": 0.9844995737075806, "energy_consumption": 23121.618805903, "selected": false, "client_name": "sta1"}
2026-07-01 16:53:12,688 - METRIC - INFO - {"loss": 0.03597774729132652, "accuracy": 0.9866125583648682, "energy_consumption": 24687.720225420744, "selected": false, "client_name": "sta0"}
2026-07-01 16:53:12,696 - METRIC - INFO - {"loss": 0.03561294451355934, "accuracy": 0.9881278276443481, "energy_consumption": 27957.375800820148, "selected": false, "client_name": "sta6"}
2026-07-01 16:53:12,699 - METRIC - INFO - {"loss": 0.03722163289785385, "accuracy": 0.9881399869918823, "energy_consumption": 26536.343553606726, "selected": false, "client_name": "sta3"}
2026-07-01 16:53:12,708 - METRIC - INFO - {"loss": 0.03279000148177147, "accuracy": 0.9874566197395325, "energy_consumption": 26355.074861690344, "selected": false, "client_name": "sta5"}
2026-07-01 16:53:12,740 - METRIC - INFO - {"loss": 0.03801335394382477, "accuracy": 0.9884887933731079, "energy_consumption": 24019.802899219598, "selected": false, "client_name": "sta7"}
2026-07-01 16:53:13,173 - METRIC - INFO - mean_accuracy: 0.988146034154025

2026-07-01 16:53:13,173 - METRIC - INFO - round: 58
2026-07-01 16:53:13,173 - METRIC - INFO - n_selected: 11
2026-07-01 16:53:13,173 - METRIC - INFO - {"selected_trainers": ["sta0", "sta1", "sta10", "sta2", "sta3", "sta4", "sta5", "sta6", "sta7", "sta8", "sta9"]}
2026-07-01 16:53:18,039 - EXECUT - INFO - received weights from trainer sta8!
2026-07-01 16:53:18,143 - EXECUT - INFO - received weights from trainer sta4!
2026-07-01 16:53:22,201 - EXECUT - INFO - received weights from trainer sta10!
2026-07-01 16:53:23,351 - EXECUT - INFO - received weights from trainer sta1!
2026-07-01 16:53:23,670 - EXECUT - INFO - received weights from trainer sta0!
2026-07-01 16:53:24,782 - EXECUT - INFO - received weights from trainer sta2!
2026-07-01 16:53:25,429 - EXECUT - INFO - received weights from trainer sta6!
2026-07-01 16:53:25,996 - EXECUT - INFO - received weights from trainer sta9!
2026-07-01 16:53:26,582 - EXECUT - INFO - received weights from trainer sta3!
2026-07-01 16:53:27,396 - EXECUT - INFO - received weights from trainer sta5!
2026-07-01 16:53:27,556 - EXECUT - INFO - received weights from trainer sta7!
2026-07-01 16:53:27,815 - EXECUT - INFO - sent aggregated weights to trainers!
2026-07-01 16:53:28,170 - METRIC - INFO - {"loss": 0.04285372048616409, "accuracy": 0.9847221970558167, "energy_consumption": 34657.41104536636, "selected": false, "client_name": "sta4"}
2026-07-01 16:53:28,188 - METRIC - INFO - {"loss": 0.029052605852484703, "accuracy": 0.9905335903167725, "energy_consumption": 34524.198250374815, "selected": false, "client_name": "sta8"}
2026-07-01 16:53:28,217 - METRIC - INFO - {"loss": 0.04141373559832573, "accuracy": 0.9876477122306824, "energy_consumption": 34628.83815637132, "selected": false, "client_name": "sta2"}
2026-07-01 16:53:28,227 - METRIC - INFO - {"loss": 0.027138562873005867, "accuracy": 0.991093099117279, "energy_consumption": 36886.411418651034, "selected": false, "client_name": "sta10"}
2026-07-01 16:53:28,289 - METRIC - INFO - {"loss": 0.025644337758421898, "accuracy": 0.9906542301177979, "energy_consumption": 35691.2523569704, "selected": false, "client_name": "sta9"}
2026-07-01 16:53:28,297 - METRIC - INFO - {"loss": 0.036733102053403854, "accuracy": 0.9878234267234802, "energy_consumption": 28392.537581196088, "selected": false, "client_name": "sta6"}
2026-07-01 16:53:28,313 - METRIC - INFO - {"loss": 0.036210354417562485, "accuracy": 0.9866125583648682, "energy_consumption": 24968.985723807284, "selected": false, "client_name": "sta0"}
2026-07-01 16:53:28,313 - METRIC - INFO - {"loss": 0.04402050003409386, "accuracy": 0.9840567111968994, "energy_consumption": 23488.647386501267, "selected": false, "client_name": "sta1"}
2026-07-01 16:53:28,355 - METRIC - INFO - {"loss": 0.03274908289313316, "accuracy": 0.9879903793334961, "energy_consumption": 26756.89326693354, "selected": false, "client_name": "sta5"}
2026-07-01 16:53:28,359 - METRIC - INFO - {"loss": 0.036488715559244156, "accuracy": 0.9881399869918823, "energy_consumption": 26947.418403868665, "selected": false, "client_name": "sta3"}
2026-07-01 16:53:28,417 - METRIC - INFO - {"loss": 0.03610442206263542, "accuracy": 0.9881936311721802, "energy_consumption": 24394.26131870222, "selected": false, "client_name": "sta7"}
2026-07-01 16:53:28,818 - METRIC - INFO - mean_accuracy: 0.9879515929655596

2026-07-01 16:53:28,818 - METRIC - INFO - round: 59
2026-07-01 16:53:28,818 - METRIC - INFO - n_selected: 11
2026-07-01 16:53:28,818 - METRIC - INFO - {"selected_trainers": ["sta0", "sta1", "sta10", "sta2", "sta3", "sta4", "sta5", "sta6", "sta7", "sta8", "sta9"]}
2026-07-01 16:53:33,737 - EXECUT - INFO - received weights from trainer sta8!
2026-07-01 16:53:33,767 - EXECUT - INFO - received weights from trainer sta4!
2026-07-01 16:53:37,791 - EXECUT - INFO - received weights from trainer sta10!
2026-07-01 16:53:39,001 - EXECUT - INFO - received weights from trainer sta1!
2026-07-01 16:53:39,316 - EXECUT - INFO - received weights from trainer sta0!
2026-07-01 16:53:40,391 - EXECUT - INFO - received weights from trainer sta2!
2026-07-01 16:53:41,773 - EXECUT - INFO - received weights from trainer sta9!
2026-07-01 16:53:42,284 - EXECUT - INFO - received weights from trainer sta3!
2026-07-01 16:53:43,183 - EXECUT - INFO - received weights from trainer sta5!
2026-07-01 16:53:43,303 - EXECUT - INFO - received weights from trainer sta7!
2026-07-01 16:53:49,789 - EXECUT - INFO - received weights from trainer sta6!
2026-07-01 16:53:50,467 - EXECUT - INFO - sent aggregated weights to trainers!
2026-07-01 16:53:50,829 - METRIC - INFO - {"loss": 0.04804174602031708, "accuracy": 0.9870912432670593, "energy_consumption": 35285.49003938741, "selected": false, "client_name": "sta8"}
2026-07-01 16:53:50,837 - METRIC - INFO - {"loss": 0.04360683634877205, "accuracy": 0.9854166507720947, "energy_consumption": 35446.32195435579, "selected": false, "client_name": "sta4"}
2026-07-01 16:53:50,892 - METRIC - INFO - {"loss": 0.027291471138596535, "accuracy": 0.9906882643699646, "energy_consumption": 37597.763888638394, "selected": false, "client_name": "sta10"}
2026-07-01 16:53:50,892 - METRIC - INFO - {"loss": 0.03666413202881813, "accuracy": 0.9870182275772095, "energy_consumption": 25538.050685334892, "selected": false, "client_name": "sta0"}
2026-07-01 16:53:50,914 - METRIC - INFO - {"loss": 0.03931273892521858, "accuracy": 0.9881847500801086, "energy_consumption": 35415.28914403168, "selected": false, "client_name": "sta2"}
2026-07-01 16:53:50,939 - METRIC - INFO - {"loss": 0.035817865282297134, "accuracy": 0.9878507256507874, "energy_consumption": 27560.43173329904, "selected": false, "client_name": "sta3"}
2026-07-01 16:53:50,968 - METRIC - INFO - {"loss": 0.025724219158291817, "accuracy": 0.9909290671348572, "energy_consumption": 36503.1993294799, "selected": false, "client_name": "sta9"}
2026-07-01 16:53:50,973 - METRIC - INFO - {"loss": 0.03583432734012604, "accuracy": 0.9884322881698608, "energy_consumption": 29035.98779353705, "selected": false, "client_name": "sta6"}
2026-07-01 16:53:51,006 - METRIC - INFO - {"loss": 0.03270528092980385, "accuracy": 0.9882572889328003, "energy_consumption": 27383.6257668572, "selected": false, "client_name": "sta5"}
2026-07-01 16:53:51,008 - METRIC - INFO - {"loss": 0.035858213901519775, "accuracy": 0.9890791177749634, "energy_consumption": 24945.45591102762, "selected": false, "client_name": "sta7"}
2026-07-01 16:53:51,021 - METRIC - INFO - {"loss": 0.04370787367224693, "accuracy": 0.9849424362182617, "energy_consumption": 23998.16298247132, "selected": false, "client_name": "sta1"}
2026-07-01 16:53:51,470 - METRIC - INFO - mean_accuracy: 0.9879900054498152

2026-07-01 16:53:51,470 - METRIC - INFO - round: 60
2026-07-01 16:53:51,470 - METRIC - INFO - n_selected: 11
2026-07-01 16:53:51,470 - METRIC - INFO - {"selected_trainers": ["sta0", "sta1", "sta10", "sta2", "sta3", "sta4", "sta5", "sta6", "sta7", "sta8", "sta9"]}
2026-07-01 16:53:56,467 - EXECUT - INFO - received weights from trainer sta4!
2026-07-01 16:53:57,073 - EXECUT - INFO - received weights from trainer sta8!
2026-07-01 16:54:00,480 - EXECUT - INFO - received weights from trainer sta10!
2026-07-01 16:54:01,688 - EXECUT - INFO - received weights from trainer sta1!
2026-07-01 16:54:02,024 - EXECUT - INFO - received weights from trainer sta0!
2026-07-01 16:54:03,088 - EXECUT - INFO - received weights from trainer sta2!
2026-07-01 16:54:04,377 - EXECUT - INFO - received weights from trainer sta9!
2026-07-01 16:54:05,065 - EXECUT - INFO - received weights from trainer sta3!
2026-07-01 16:54:05,751 - EXECUT - INFO - received weights from trainer sta5!
2026-07-01 16:54:05,806 - EXECUT - INFO - received weights from trainer sta7!
2026-07-01 16:54:12,393 - EXECUT - INFO - received weights from trainer sta6!
2026-07-01 16:54:13,226 - EXECUT - INFO - sent aggregated weights to trainers!
2026-07-01 16:54:13,523 - METRIC - INFO - {"loss": 0.043297234922647476, "accuracy": 0.9861111044883728, "energy_consumption": 36225.85750276471, "selected": false, "client_name": "sta4"}
2026-07-01 16:54:13,600 - METRIC - INFO - {"loss": 0.039816658943891525, "accuracy": 0.9881847500801086, "energy_consumption": 36199.415284239476, "selected": false, "client_name": "sta2"}
2026-07-01 16:54:13,619 - METRIC - INFO - {"loss": 0.02838854119181633, "accuracy": 0.9894737005233765, "energy_consumption": 38441.01732777664, "selected": false, "client_name": "sta10"}
2026-07-01 16:54:13,670 - METRIC - INFO - {"loss": 0.028941690921783447, "accuracy": 0.9905335903167725, "energy_consumption": 35923.95059809149, "selected": false, "client_name": "sta8"}
2026-07-01 16:54:13,695 - METRIC - INFO - {"loss": 0.025968173518776894, "accuracy": 0.9912039637565613, "energy_consumption": 37179.56064627185, "selected": false, "client_name": "sta9"}
2026-07-01 16:54:13,717 - METRIC - INFO - {"loss": 0.03614227846264839, "accuracy": 0.9887366890907288, "energy_consumption": 29669.744636145784, "selected": false, "client_name": "sta6"}
2026-07-01 16:54:13,729 - METRIC - INFO - {"loss": 0.03553776815533638, "accuracy": 0.9866125583648682, "energy_consumption": 26080.844882820136, "selected": false, "client_name": "sta0"}
2026-07-01 16:54:13,734 - METRIC - INFO - {"loss": 0.0432310625910759, "accuracy": 0.9840567111968994, "energy_consumption": 24496.148566153537, "selected": false, "client_name": "sta1"}
2026-07-01 16:54:13,735 - METRIC - INFO - {"loss": 0.035798799246549606, "accuracy": 0.9878507256507874, "energy_consumption": 28138.44618001836, "selected": false, "client_name": "sta3"}
2026-07-01 16:54:13,735 - METRIC - INFO - {"loss": 0.032730866223573685, "accuracy": 0.9887910485267639, "energy_consumption": 27986.0532649393, "selected": false, "client_name": "sta5"}
2026-07-01 16:54:13,844 - METRIC - INFO - {"loss": 0.036249808967113495, "accuracy": 0.9884887933731079, "energy_consumption": 25485.108723643254, "selected": false, "client_name": "sta7"}
2026-07-01 16:54:14,228 - METRIC - INFO - mean_accuracy: 0.9881857850334861

2026-07-01 16:54:14,228 - METRIC - INFO - round: 61
2026-07-01 16:54:14,228 - METRIC - INFO - n_selected: 11
2026-07-01 16:54:14,228 - METRIC - INFO - {"selected_trainers": ["sta0", "sta1", "sta10", "sta2", "sta3", "sta4", "sta5", "sta6", "sta7", "sta8", "sta9"]}
2026-07-01 16:54:19,055 - EXECUT - INFO - received weights from trainer sta8!
2026-07-01 16:54:19,627 - EXECUT - INFO - received weights from trainer sta4!
2026-07-01 16:54:23,255 - EXECUT - INFO - received weights from trainer sta10!
2026-07-01 16:54:24,512 - EXECUT - INFO - received weights from trainer sta1!
2026-07-01 16:54:24,776 - EXECUT - INFO - received weights from trainer sta0!
2026-07-01 16:54:25,866 - EXECUT - INFO - received weights from trainer sta2!
2026-07-01 16:54:26,417 - EXECUT - INFO - received weights from trainer sta6!
2026-07-01 16:54:27,057 - EXECUT - INFO - received weights from trainer sta9!
2026-07-01 16:54:27,646 - EXECUT - INFO - received weights from trainer sta3!
2026-07-01 16:54:28,466 - EXECUT - INFO - received weights from trainer sta5!
2026-07-01 16:54:28,531 - EXECUT - INFO - received weights from trainer sta7!
2026-07-01 16:54:28,972 - EXECUT - INFO - sent aggregated weights to trainers!
2026-07-01 16:54:29,280 - METRIC - INFO - {"loss": 0.04390205815434456, "accuracy": 0.9847221970558167, "energy_consumption": 36753.81818035266, "selected": false, "client_name": "sta4"}
2026-07-01 16:54:29,315 - METRIC - INFO - {"loss": 0.04300714284181595, "accuracy": 0.9896729588508606, "energy_consumption": 36406.52021215494, "selected": false, "client_name": "sta8"}
2026-07-01 16:54:29,387 - METRIC - INFO - {"loss": 0.040477849543094635, "accuracy": 0.9881847500801086, "energy_consumption": 36731.38601123974, "selected": false, "client_name": "sta2"}
2026-07-01 16:54:29,409 - METRIC - INFO - {"loss": 0.03609469160437584, "accuracy": 0.9881399869918823, "energy_consumption": 28504.770739279407, "selected": false, "client_name": "sta3"}
2026-07-01 16:54:29,455 - METRIC - INFO - {"loss": 0.03642938658595085, "accuracy": 0.9887366890907288, "energy_consumption": 30106.837560709086, "selected": false, "client_name": "sta6"}
2026-07-01 16:54:29,495 - METRIC - INFO - {"loss": 0.026307005435228348, "accuracy": 0.9902834296226501, "energy_consumption": 39008.067577564674, "selected": false, "client_name": "sta10"}
2026-07-01 16:54:29,554 - METRIC - INFO - {"loss": 0.03604918345808983, "accuracy": 0.9858012199401855, "energy_consumption": 26450.467581061097, "selected": false, "client_name": "sta0"}
2026-07-01 16:54:29,555 - METRIC - INFO - {"loss": 0.03616194427013397, "accuracy": 0.9884887933731079, "energy_consumption": 25857.738984998956, "selected": false, "client_name": "sta7"}
2026-07-01 16:54:29,567 - METRIC - INFO - {"loss": 0.026332737877964973, "accuracy": 0.9903793334960938, "energy_consumption": 37666.58200098609, "selected": false, "client_name": "sta9"}
2026-07-01 16:54:29,614 - METRIC - INFO - {"loss": 0.03268056362867355, "accuracy": 0.9885241389274597, "energy_consumption": 28369.255320593595, "selected": false, "client_name": "sta5"}
2026-07-01 16:54:29,637 - METRIC - INFO - {"loss": 0.04215620830655098, "accuracy": 0.9871567487716675, "energy_consumption": 24842.368659736236, "selected": false, "client_name": "sta1"}
2026-07-01 16:54:29,973 - METRIC - INFO - mean_accuracy: 0.9881900223818693

2026-07-01 16:54:29,973 - METRIC - INFO - round: 62
2026-07-01 16:54:29,973 - METRIC - INFO - n_selected: 11
2026-07-01 16:54:29,973 - METRIC - INFO - {"selected_trainers": ["sta0", "sta1", "sta10", "sta2", "sta3", "sta4", "sta5", "sta6", "sta7", "sta8", "sta9"]}
2026-07-01 16:54:34,837 - EXECUT - INFO - received weights from trainer sta8!
2026-07-01 16:54:34,967 - EXECUT - INFO - received weights from trainer sta4!
2026-07-01 16:54:39,074 - EXECUT - INFO - received weights from trainer sta10!
2026-07-01 16:54:40,068 - EXECUT - INFO - received weights from trainer sta1!
2026-07-01 16:54:40,502 - EXECUT - INFO - received weights from trainer sta0!
2026-07-01 16:54:41,626 - EXECUT - INFO - received weights from trainer sta2!
2026-07-01 16:54:42,235 - EXECUT - INFO - received weights from trainer sta6!
2026-07-01 16:54:42,873 - EXECUT - INFO - received weights from trainer sta9!
2026-07-01 16:54:43,366 - EXECUT - INFO - received weights from trainer sta3!
2026-07-01 16:54:44,220 - EXECUT - INFO - received weights from trainer sta5!
2026-07-01 16:54:44,352 - EXECUT - INFO - received weights from trainer sta7!
2026-07-01 16:54:44,605 - EXECUT - INFO - sent aggregated weights to trainers!
2026-07-01 16:54:44,960 - METRIC - INFO - {"loss": 0.04311329498887062, "accuracy": 0.9868055582046509, "energy_consumption": 37291.37495070305, "selected": false, "client_name": "sta4"}
2026-07-01 16:54:45,001 - METRIC - INFO - {"loss": 0.029643405228853226, "accuracy": 0.9913941621780396, "energy_consumption": 36932.47473228852, "selected": false, "client_name": "sta8"}
2026-07-01 16:54:45,015 - METRIC - INFO - {"loss": 0.02687498740851879, "accuracy": 0.991093099117279, "energy_consumption": 39590.012619181616, "selected": false, "client_name": "sta10"}
2026-07-01 16:54:45,016 - METRIC - INFO - {"loss": 0.03970371186733246, "accuracy": 0.9881847500801086, "energy_consumption": 37274.8369982325, "selected": false, "client_name": "sta2"}
2026-07-01 16:54:45,077 - METRIC - INFO - {"loss": 0.02579018846154213, "accuracy": 0.9906542301177979, "energy_consumption": 38230.8886274487, "selected": false, "client_name": "sta9"}
2026-07-01 16:54:45,089 - METRIC - INFO - {"loss": 0.033076949417591095, "accuracy": 0.9877235293388367, "energy_consumption": 28764.822502900173, "selected": false, "client_name": "sta5"}
2026-07-01 16:54:45,098 - METRIC - INFO - {"loss": 0.035738375037908554, "accuracy": 0.9893454909324646, "energy_consumption": 30543.773158375134, "selected": false, "client_name": "sta6"}
2026-07-01 16:54:45,119 - METRIC - INFO - {"loss": 0.03498581796884537, "accuracy": 0.989586353302002, "energy_consumption": 28912.70938381665, "selected": false, "client_name": "sta3"}
2026-07-01 16:54:45,121 - METRIC - INFO - {"loss": 0.036139748990535736, "accuracy": 0.9866125583648682, "energy_consumption": 26838.10595187337, "selected": false, "client_name": "sta0"}
2026-07-01 16:54:45,161 - METRIC - INFO - {"loss": 0.04313941299915314, "accuracy": 0.9862710237503052, "energy_consumption": 25204.75111604627, "selected": false, "client_name": "sta1"}
2026-07-01 16:54:45,203 - METRIC - INFO - {"loss": 0.03868755325675011, "accuracy": 0.9870129823684692, "energy_consumption": 26130.057318506304, "selected": false, "client_name": "sta7"}
2026-07-01 16:54:45,607 - METRIC - INFO - mean_accuracy: 0.9886076125231656

2026-07-01 16:54:45,607 - METRIC - INFO - round: 63
2026-07-01 16:54:45,607 - METRIC - INFO - n_selected: 11
2026-07-01 16:54:45,607 - METRIC - INFO - {"selected_trainers": ["sta0", "sta1", "sta10", "sta2", "sta3", "sta4", "sta5", "sta6", "sta7", "sta8", "sta9"]}
2026-07-01 16:54:50,464 - EXECUT - INFO - received weights from trainer sta8!
2026-07-01 16:54:50,569 - EXECUT - INFO - received weights from trainer sta4!
2026-07-01 16:54:54,555 - EXECUT - INFO - received weights from trainer sta10!
2026-07-01 16:54:55,743 - EXECUT - INFO - received weights from trainer sta1!
2026-07-01 16:54:56,097 - EXECUT - INFO - received weights from trainer sta0!
2026-07-01 16:54:57,213 - EXECUT - INFO - received weights from trainer sta2!
2026-07-01 16:54:57,833 - EXECUT - INFO - received weights from trainer sta6!
2026-07-01 16:54:58,522 - EXECUT - INFO - received weights from trainer sta9!
2026-07-01 16:54:59,089 - EXECUT - INFO - received weights from trainer sta3!
2026-07-01 16:54:59,813 - EXECUT - INFO - received weights from trainer sta5!
2026-07-01 16:54:59,884 - EXECUT - INFO - received weights from trainer sta7!
2026-07-01 16:55:00,333 - EXECUT - INFO - sent aggregated weights to trainers!
2026-07-01 16:55:00,658 - METRIC - INFO - {"loss": 0.04359059780836105, "accuracy": 0.9854166507720947, "energy_consumption": 37810.761671352135, "selected": false, "client_name": "sta4"}
2026-07-01 16:55:00,705 - METRIC - INFO - {"loss": 0.028913993388414383, "accuracy": 0.9905335903167725, "energy_consumption": 37477.85152448975, "selected": false, "client_name": "sta8"}
2026-07-01 16:55:00,716 - METRIC - INFO - {"loss": 0.03959394618868828, "accuracy": 0.9881847500801086, "energy_consumption": 37825.27863402866, "selected": false, "client_name": "sta2"}
2026-07-01 16:55:00,742 - METRIC - INFO - {"loss": 0.02549281157553196, "accuracy": 0.9906882643699646, "energy_consumption": 40171.174053723786, "selected": false, "client_name": "sta10"}
2026-07-01 16:55:00,813 - METRIC - INFO - {"loss": 0.026226960122585297, "accuracy": 0.9898295998573303, "energy_consumption": 38797.185253434385, "selected": false, "client_name": "sta9"}
2026-07-01 16:55:00,820 - METRIC - INFO - {"loss": 0.03649468347430229, "accuracy": 0.9884322881698608, "energy_consumption": 30870.123705229482, "selected": false, "client_name": "sta6"}
2026-07-01 16:55:00,830 - METRIC - INFO - {"loss": 0.03253243491053581, "accuracy": 0.9890578985214233, "energy_consumption": 29175.839951093305, "selected": false, "client_name": "sta5"}
2026-07-01 16:55:00,836 - METRIC - INFO - {"loss": 0.036129117012023926, "accuracy": 0.9862068891525269, "energy_consumption": 27221.42414129338, "selected": false, "client_name": "sta0"}
2026-07-01 16:55:00,839 - METRIC - INFO - {"loss": 0.035268209874629974, "accuracy": 0.9878507256507874, "energy_consumption": 29337.463256362826, "selected": false, "client_name": "sta3"}
2026-07-01 16:55:00,867 - METRIC - INFO - {"loss": 0.04381360486149788, "accuracy": 0.9844995737075806, "energy_consumption": 25570.54233020895, "selected": false, "client_name": "sta1"}
2026-07-01 16:55:00,875 - METRIC - INFO - {"loss": 0.03847524896264076, "accuracy": 0.9881936311721802, "energy_consumption": 26500.01118869835, "selected": false, "client_name": "sta7"}
2026-07-01 16:55:01,335 - METRIC - INFO - mean_accuracy: 0.9880812601609663

2026-07-01 16:55:01,335 - METRIC - INFO - round: 64
2026-07-01 16:55:01,335 - METRIC - INFO - n_selected: 11
2026-07-01 16:55:01,335 - METRIC - INFO - {"selected_trainers": ["sta0", "sta1", "sta10", "sta2", "sta3", "sta4", "sta5", "sta6", "sta7", "sta8", "sta9"]}
2026-07-01 16:55:06,234 - EXECUT - INFO - received weights from trainer sta8!
2026-07-01 16:55:06,291 - EXECUT - INFO - received weights from trainer sta4!
2026-07-01 16:55:10,368 - EXECUT - INFO - received weights from trainer sta10!
2026-07-01 16:55:11,451 - EXECUT - INFO - received weights from trainer sta1!
2026-07-01 16:55:11,869 - EXECUT - INFO - received weights from trainer sta0!
2026-07-01 16:55:13,003 - EXECUT - INFO - received weights from trainer sta2!
2026-07-01 16:55:13,565 - EXECUT - INFO - received weights from trainer sta6!
2026-07-01 16:55:14,236 - EXECUT - INFO - received weights from trainer sta9!
2026-07-01 16:55:14,746 - EXECUT - INFO - received weights from trainer sta3!
2026-07-01 16:55:15,619 - EXECUT - INFO - received weights from trainer sta5!
2026-07-01 16:55:15,667 - EXECUT - INFO - received weights from trainer sta7!
2026-07-01 16:55:16,134 - EXECUT - INFO - sent aggregated weights to trainers!
2026-07-01 16:55:16,433 - METRIC - INFO - {"loss": 0.04315561801195145, "accuracy": 0.9854166507720947, "energy_consumption": 38353.42241229981, "selected": false, "client_name": "sta4"}
2026-07-01 16:55:16,473 - METRIC - INFO - {"loss": 0.032345689833164215, "accuracy": 0.9913941621780396, "energy_consumption": 38033.19145364733, "selected": false, "client_name": "sta8"}
2026-07-01 16:55:16,513 - METRIC - INFO - {"loss": 0.040694814175367355, "accuracy": 0.9881847500801086, "energy_consumption": 38369.06483987069, "selected": false, "client_name": "sta2"}
2026-07-01 16:55:16,518 - METRIC - INFO - {"loss": 0.026628566905856133, "accuracy": 0.9898785352706909, "energy_consumption": 40742.50322326865, "selected": false, "client_name": "sta10"}
2026-07-01 16:55:16,591 - METRIC - INFO - {"loss": 0.025646235793828964, "accuracy": 0.9917536973953247, "energy_consumption": 39355.89482383397, "selected": false, "client_name": "sta9"}
2026-07-01 16:55:16,605 - METRIC - INFO - {"loss": 0.035942163318395615, "accuracy": 0.9881278276443481, "energy_consumption": 31308.85172006752, "selected": false, "client_name": "sta6"}
2026-07-01 16:55:16,631 - METRIC - INFO - {"loss": 0.03608889505267143, "accuracy": 0.9862068891525269, "energy_consumption": 27592.568801002708, "selected": false, "client_name": "sta0"}
2026-07-01 16:55:16,655 - METRIC - INFO - {"loss": 0.035640306770801544, "accuracy": 0.988718569278717, "energy_consumption": 29744.931578003972, "selected": false, "client_name": "sta3"}
2026-07-01 16:55:16,662 - METRIC - INFO - {"loss": 0.03261081501841545, "accuracy": 0.9885241389274597, "energy_consumption": 29610.959660570184, "selected": false, "client_name": "sta5"}
2026-07-01 16:55:16,667 - METRIC - INFO - {"loss": 0.0433829203248024, "accuracy": 0.9867138862609863, "energy_consumption": 25930.294028091415, "selected": false, "client_name": "sta1"}
2026-07-01 16:55:16,723 - METRIC - INFO - {"loss": 0.03747422248125076, "accuracy": 0.9881936311721802, "energy_consumption": 26877.580836081906, "selected": false, "client_name": "sta7"}
2026-07-01 16:55:17,136 - METRIC - INFO - mean_accuracy: 0.9884647943756797

2026-07-01 16:55:17,136 - METRIC - INFO - round: 65
2026-07-01 16:55:17,136 - METRIC - INFO - n_selected: 11
2026-07-01 16:55:17,136 - METRIC - INFO - {"selected_trainers": ["sta0", "sta1", "sta10", "sta2", "sta3", "sta4", "sta5", "sta6", "sta7", "sta8", "sta9"]}
2026-07-01 16:55:22,012 - EXECUT - INFO - received weights from trainer sta8!
2026-07-01 16:55:22,123 - EXECUT - INFO - received weights from trainer sta4!
2026-07-01 16:55:26,156 - EXECUT - INFO - received weights from trainer sta10!
2026-07-01 16:55:27,245 - EXECUT - INFO - received weights from trainer sta1!
2026-07-01 16:55:27,634 - EXECUT - INFO - received weights from trainer sta0!
2026-07-01 16:55:28,754 - EXECUT - INFO - received weights from trainer sta2!
2026-07-01 16:55:29,328 - EXECUT - INFO - received weights from trainer sta6!
2026-07-01 16:55:30,037 - EXECUT - INFO - received weights from trainer sta9!
2026-07-01 16:55:31,392 - EXECUT - INFO - received weights from trainer sta7!
2026-07-01 16:55:31,420 - EXECUT - INFO - received weights from trainer sta5!
2026-07-01 16:55:37,938 - EXECUT - INFO - received weights from trainer sta3!
2026-07-01 16:55:38,789 - EXECUT - INFO - sent aggregated weights to trainers!
2026-07-01 16:55:39,120 - METRIC - INFO - {"loss": 0.0434698686003685, "accuracy": 0.9854166507720947, "energy_consumption": 39015.3114989171, "selected": false, "client_name": "sta4"}
2026-07-01 16:55:39,170 - METRIC - INFO - {"loss": 0.02906123362481594, "accuracy": 0.9905335903167725, "energy_consumption": 38846.3540038986, "selected": false, "client_name": "sta8"}
2026-07-01 16:55:39,217 - METRIC - INFO - {"loss": 0.02677658386528492, "accuracy": 0.991093099117279, "energy_consumption": 41589.90003863444, "selected": false, "client_name": "sta10"}
2026-07-01 16:55:39,228 - METRIC - INFO - {"loss": 0.036212168633937836, "accuracy": 0.9866125583648682, "energy_consumption": 28172.297703144424, "selected": false, "client_name": "sta0"}
2026-07-01 16:55:39,231 - METRIC - INFO - {"loss": 0.04021831974387169, "accuracy": 0.9879162311553955, "energy_consumption": 39147.589531013866, "selected": false, "client_name": "sta2"}
2026-07-01 16:55:39,254 - METRIC - INFO - {"loss": 0.04323900490999222, "accuracy": 0.9871567487716675, "energy_consumption": 26449.302297612012, "selected": false, "client_name": "sta1"}
2026-07-01 16:55:39,272 - METRIC - INFO - {"loss": 0.025086861103773117, "accuracy": 0.9906542301177979, "energy_consumption": 40191.19046430321, "selected": false, "client_name": "sta9"}
2026-07-01 16:55:39,289 - METRIC - INFO - {"loss": 0.03682907670736313, "accuracy": 0.9878234267234802, "energy_consumption": 31964.855672704765, "selected": false, "client_name": "sta6"}
2026-07-01 16:55:39,311 - METRIC - INFO - {"loss": 0.040905535221099854, "accuracy": 0.9872722029685974, "energy_consumption": 30349.508778164527, "selected": false, "client_name": "sta3"}
2026-07-01 16:55:39,338 - METRIC - INFO - {"loss": 0.03224026411771774, "accuracy": 0.9887910485267639, "energy_consumption": 30119.522574754934, "selected": false, "client_name": "sta5"}
2026-07-01 16:55:39,368 - METRIC - INFO - {"loss": 0.03647513687610626, "accuracy": 0.9881936311721802, "energy_consumption": 27430.71359269163, "selected": false, "client_name": "sta7"}
2026-07-01 16:55:39,790 - METRIC - INFO - mean_accuracy: 0.9883148561824452

2026-07-01 16:55:39,790 - METRIC - INFO - round: 66
2026-07-01 16:55:39,790 - METRIC - INFO - n_selected: 11
2026-07-01 16:55:39,790 - METRIC - INFO - {"selected_trainers": ["sta0", "sta1", "sta10", "sta2", "sta3", "sta4", "sta5", "sta6", "sta7", "sta8", "sta9"]}
2026-07-01 16:55:44,708 - EXECUT - INFO - received weights from trainer sta8!
2026-07-01 16:55:44,818 - EXECUT - INFO - received weights from trainer sta4!
2026-07-01 16:55:48,819 - EXECUT - INFO - received weights from trainer sta10!
2026-07-01 16:55:49,929 - EXECUT - INFO - received weights from trainer sta1!
2026-07-01 16:55:50,267 - EXECUT - INFO - received weights from trainer sta0!
2026-07-01 16:55:51,425 - EXECUT - INFO - received weights from trainer sta2!
2026-07-01 16:55:52,004 - EXECUT - INFO - received weights from trainer sta6!
2026-07-01 16:55:52,685 - EXECUT - INFO - received weights from trainer sta9!
2026-07-01 16:55:53,221 - EXECUT - INFO - received weights from trainer sta3!
2026-07-01 16:55:54,098 - EXECUT - INFO - received weights from trainer sta7!
2026-07-01 16:55:54,158 - EXECUT - INFO - received weights from trainer sta5!
2026-07-01 16:55:54,535 - EXECUT - INFO - sent aggregated weights to trainers!
2026-07-01 16:55:54,878 - METRIC - INFO - {"loss": 0.0436398945748806, "accuracy": 0.9861111044883728, "energy_consumption": 39558.83651429787, "selected": false, "client_name": "sta4"}
2026-07-01 16:55:54,902 - METRIC - INFO - {"loss": 0.02931259386241436, "accuracy": 0.9905335903167725, "energy_consumption": 39366.20800552398, "selected": false, "client_name": "sta8"}
2026-07-01 16:55:54,942 - METRIC - INFO - {"loss": 0.026471015065908432, "accuracy": 0.991093099117279, "energy_consumption": 42119.218072974916, "selected": false, "client_name": "sta10"}
2026-07-01 16:55:54,956 - METRIC - INFO - {"loss": 0.04448080435395241, "accuracy": 0.9875996708869934, "energy_consumption": 26788.443326273784, "selected": false, "client_name": "sta1"}
2026-07-01 16:55:54,956 - METRIC - INFO - {"loss": 0.03979524224996567, "accuracy": 0.9887217879295349, "energy_consumption": 39644.5469933622, "selected": false, "client_name": "sta2"}
2026-07-01 16:55:55,004 - METRIC - INFO - {"loss": 0.025751225650310516, "accuracy": 0.9912039637565613, "energy_consumption": 40733.450690771504, "selected": false, "client_name": "sta9"}
2026-07-01 16:55:55,010 - METRIC - INFO - {"loss": 0.03595639392733574, "accuracy": 0.9866125583648682, "energy_consumption": 28532.47907872753, "selected": false, "client_name": "sta0"}
2026-07-01 16:55:55,051 - METRIC - INFO - {"loss": 0.0333310030400753, "accuracy": 0.9890578985214233, "energy_consumption": 30506.1795222476, "selected": false, "client_name": "sta5"}
2026-07-01 16:55:55,054 - METRIC - INFO - {"loss": 0.03509628027677536, "accuracy": 0.9881399869918823, "energy_consumption": 30761.717508948823, "selected": false, "client_name": "sta3"}
2026-07-01 16:55:55,109 - METRIC - INFO - {"loss": 0.03555680438876152, "accuracy": 0.9893454909324646, "energy_consumption": 32390.093329476298, "selected": false, "client_name": "sta6"}
2026-07-01 16:55:55,251 - METRIC - INFO - {"loss": 0.036589913070201874, "accuracy": 0.9887839555740356, "energy_consumption": 27798.73722420153, "selected": false, "client_name": "sta7"}
2026-07-01 16:55:55,538 - METRIC - INFO - mean_accuracy: 0.9888366460800171

2026-07-01 16:55:55,538 - METRIC - INFO - round: 67
2026-07-01 16:55:55,538 - METRIC - INFO - n_selected: 11
2026-07-01 16:55:55,538 - METRIC - INFO - {"selected_trainers": ["sta0", "sta1", "sta10", "sta2", "sta3", "sta4", "sta5", "sta6", "sta7", "sta8", "sta9"]}
2026-07-01 16:56:00,545 - EXECUT - INFO - received weights from trainer sta4!
2026-07-01 16:56:01,097 - EXECUT - INFO - received weights from trainer sta8!
2026-07-01 16:56:04,498 - EXECUT - INFO - received weights from trainer sta10!
2026-07-01 16:56:05,721 - EXECUT - INFO - received weights from trainer sta1!
2026-07-01 16:56:06,001 - EXECUT - INFO - received weights from trainer sta0!
2026-07-01 16:56:07,107 - EXECUT - INFO - received weights from trainer sta2!
2026-07-01 16:56:07,731 - EXECUT - INFO - received weights from trainer sta6!
2026-07-01 16:56:08,493 - EXECUT - INFO - received weights from trainer sta9!
2026-07-01 16:56:08,956 - EXECUT - INFO - received weights from trainer sta3!
2026-07-01 16:56:09,726 - EXECUT - INFO - received weights from trainer sta5!
2026-07-01 16:56:09,882 - EXECUT - INFO - received weights from trainer sta7!
2026-07-01 16:56:10,259 - EXECUT - INFO - sent aggregated weights to trainers!
2026-07-01 16:56:10,635 - METRIC - INFO - {"loss": 0.0435880571603775, "accuracy": 0.9861111044883728, "energy_consumption": 40094.7571582423, "selected": false, "client_name": "sta4"}
2026-07-01 16:56:10,645 - METRIC - INFO - {"loss": 0.030352693051099777, "accuracy": 0.9896729588508606, "energy_consumption": 39914.57450955052, "selected": false, "client_name": "sta8"}
2026-07-01 16:56:10,674 - METRIC - INFO - {"loss": 0.025347581133246422, "accuracy": 0.991093099117279, "energy_consumption": 42688.443519783024, "selected": false, "client_name": "sta10"}
2026-07-01 16:56:10,740 - METRIC - INFO - {"loss": 0.03607025370001793, "accuracy": 0.9881278276443481, "energy_consumption": 32836.648904519614, "selected": false, "client_name": "sta6"}
2026-07-01 16:56:10,744 - METRIC - INFO - {"loss": 0.025311630219221115, "accuracy": 0.9903793334960938, "energy_consumption": 41291.29713898381, "selected": false, "client_name": "sta9"}
2026-07-01 16:56:10,760 - METRIC - INFO - {"loss": 0.04368149861693382, "accuracy": 0.9849424362182617, "energy_consumption": 27143.192676663926, "selected": false, "client_name": "sta1"}
2026-07-01 16:56:10,762 - METRIC - INFO - {"loss": 0.0359184704720974, "accuracy": 0.9862068891525269, "energy_consumption": 28919.44077875017, "selected": false, "client_name": "sta0"}
2026-07-01 16:56:10,767 - METRIC - INFO - {"loss": 0.04049041494727135, "accuracy": 0.9884532690048218, "energy_consumption": 40174.01279958589, "selected": false, "client_name": "sta2"}
2026-07-01 16:56:10,802 - METRIC - INFO - {"loss": 0.03623029589653015, "accuracy": 0.9881936311721802, "energy_consumption": 28176.601963897258, "selected": false, "client_name": "sta7"}
2026-07-01 16:56:10,803 - METRIC - INFO - {"loss": 0.032758913934230804, "accuracy": 0.9885241389274597, "energy_consumption": 30903.083307617457, "selected": false, "client_name": "sta5"}
2026-07-01 16:56:10,926 - METRIC - INFO - {"loss": 0.03592241555452347, "accuracy": 0.9884292483329773, "energy_consumption": 31200.416622137593, "selected": false, "client_name": "sta3"}
2026-07-01 16:56:11,260 - METRIC - INFO - mean_accuracy: 0.988193994218653

2026-07-01 16:56:11,260 - METRIC - INFO - round: 68
2026-07-01 16:56:11,260 - METRIC - INFO - n_selected: 11
2026-07-01 16:56:11,260 - METRIC - INFO - {"selected_trainers": ["sta0", "sta1", "sta10", "sta2", "sta3", "sta4", "sta5", "sta6", "sta7", "sta8", "sta9"]}
2026-07-01 16:56:16,158 - EXECUT - INFO - received weights from trainer sta8!
2026-07-01 16:56:16,228 - EXECUT - INFO - received weights from trainer sta4!
2026-07-01 16:56:20,259 - EXECUT - INFO - received weights from trainer sta10!
2026-07-01 16:56:21,443 - EXECUT - INFO - received weights from trainer sta1!
2026-07-01 16:56:21,713 - EXECUT - INFO - received weights from trainer sta0!
2026-07-01 16:56:22,894 - EXECUT - INFO - received weights from trainer sta2!
2026-07-01 16:56:23,442 - EXECUT - INFO - received weights from trainer sta6!
2026-07-01 16:56:24,130 - EXECUT - INFO - received weights from trainer sta9!
2026-07-01 16:56:24,599 - EXECUT - INFO - received weights from trainer sta3!
2026-07-01 16:56:25,461 - EXECUT - INFO - received weights from trainer sta5!
2026-07-01 16:56:25,631 - EXECUT - INFO - received weights from trainer sta7!
2026-07-01 16:56:25,937 - EXECUT - INFO - sent aggregated weights to trainers!
2026-07-01 16:56:26,324 - METRIC - INFO - {"loss": 0.02873525768518448, "accuracy": 0.9905335903167725, "energy_consumption": 40461.29593242112, "selected": false, "client_name": "sta8"}
2026-07-01 16:56:26,344 - METRIC - INFO - {"loss": 0.0410890094935894, "accuracy": 0.9879162311553955, "energy_consumption": 40699.630130291735, "selected": false, "client_name": "sta2"}
2026-07-01 16:56:26,375 - METRIC - INFO - {"loss": 0.02550106681883335, "accuracy": 0.9919028282165527, "energy_consumption": 43259.78046229369, "selected": false, "client_name": "sta10"}
2026-07-01 16:56:26,411 - METRIC - INFO - {"loss": 0.025576084852218628, "accuracy": 0.9912039637565613, "energy_consumption": 41840.23005302877, "selected": false, "client_name": "sta9"}
2026-07-01 16:56:26,423 - METRIC - INFO - {"loss": 0.035794131457805634, "accuracy": 0.9893454909324646, "energy_consumption": 33277.19433961845, "selected": false, "client_name": "sta6"}
2026-07-01 16:56:26,424 - METRIC - INFO - {"loss": 0.04305221140384674, "accuracy": 0.9868055582046509, "energy_consumption": 40615.88602929505, "selected": false, "client_name": "sta4"}
2026-07-01 16:56:26,438 - METRIC - INFO - {"loss": 0.0438833087682724, "accuracy": 0.9867138862609863, "energy_consumption": 27507.638216972155, "selected": false, "client_name": "sta1"}
2026-07-01 16:56:26,466 - METRIC - INFO - {"loss": 0.03603234142065048, "accuracy": 0.9870182275772095, "energy_consumption": 29299.16875449575, "selected": false, "client_name": "sta0"}
2026-07-01 16:56:26,469 - METRIC - INFO - {"loss": 0.03634238615632057, "accuracy": 0.9887839555740356, "energy_consumption": 28566.884564346456, "selected": false, "client_name": "sta7"}
2026-07-01 16:56:26,474 - METRIC - INFO - {"loss": 0.03278269246220589, "accuracy": 0.9887910485267639, "energy_consumption": 31312.618432075233, "selected": false, "client_name": "sta5"}
2026-07-01 16:56:26,493 - METRIC - INFO - {"loss": 0.03568531200289726, "accuracy": 0.989007830619812, "energy_consumption": 31599.696019626695, "selected": false, "client_name": "sta3"}
2026-07-01 16:56:26,939 - METRIC - INFO - mean_accuracy: 0.9889111464673822

2026-07-01 16:56:26,939 - METRIC - INFO - round: 69
2026-07-01 16:56:26,939 - METRIC - INFO - n_selected: 11
2026-07-01 16:56:26,939 - METRIC - INFO - {"selected_trainers": ["sta0", "sta1", "sta10", "sta2", "sta3", "sta4", "sta5", "sta6", "sta7", "sta8", "sta9"]}
2026-07-01 16:56:31,818 - EXECUT - INFO - received weights from trainer sta8!
2026-07-01 16:56:31,949 - EXECUT - INFO - received weights from trainer sta4!
2026-07-01 16:56:35,941 - EXECUT - INFO - received weights from trainer sta10!
2026-07-01 16:56:37,155 - EXECUT - INFO - received weights from trainer sta1!
2026-07-01 16:56:37,385 - EXECUT - INFO - received weights from trainer sta0!
2026-07-01 16:56:38,530 - EXECUT - INFO - received weights from trainer sta2!
2026-07-01 16:56:39,136 - EXECUT - INFO - received weights from trainer sta6!
2026-07-01 16:56:39,813 - EXECUT - INFO - received weights from trainer sta9!
2026-07-01 16:56:40,363 - EXECUT - INFO - received weights from trainer sta3!
2026-07-01 16:56:41,165 - EXECUT - INFO - received weights from trainer sta5!
2026-07-01 16:56:41,238 - EXECUT - INFO - received weights from trainer sta7!
2026-07-01 16:56:41,722 - EXECUT - INFO - sent aggregated weights to trainers!
2026-07-01 16:56:42,025 - METRIC - INFO - {"loss": 0.04376019537448883, "accuracy": 0.9861111044883728, "energy_consumption": 41141.82520675742, "selected": false, "client_name": "sta4"}
2026-07-01 16:56:42,085 - METRIC - INFO - {"loss": 0.02891392447054386, "accuracy": 0.9905335903167725, "energy_consumption": 41010.82873914331, "selected": false, "client_name": "sta8"}
2026-07-01 16:56:42,111 - METRIC - INFO - {"loss": 0.040451228618621826, "accuracy": 0.9884532690048218, "energy_consumption": 41254.5403731991, "selected": false, "client_name": "sta2"}
2026-07-01 16:56:42,116 - METRIC - INFO - {"loss": 0.026248931884765625, "accuracy": 0.9906882643699646, "energy_consumption": 43834.53289865738, "selected": false, "client_name": "sta10"}
2026-07-01 16:56:42,187 - METRIC - INFO - {"loss": 0.03619641065597534, "accuracy": 0.9887366890907288, "energy_consumption": 33717.08892213707, "selected": false, "client_name": "sta6"}
2026-07-01 16:56:42,200 - METRIC - INFO - {"loss": 0.024563368409872055, "accuracy": 0.9920285940170288, "energy_consumption": 42390.859552882765, "selected": false, "client_name": "sta9"}
2026-07-01 16:56:42,212 - METRIC - INFO - {"loss": 0.04326571524143219, "accuracy": 0.9862710237503052, "energy_consumption": 27869.381947524755, "selected": false, "client_name": "sta1"}
2026-07-01 16:56:42,213 - METRIC - INFO - {"loss": 0.0351862758398056, "accuracy": 0.9870182275772095, "energy_consumption": 29659.301042053015, "selected": false, "client_name": "sta0"}
2026-07-01 16:56:42,239 - METRIC - INFO - {"loss": 0.03601176664233208, "accuracy": 0.9884292483329773, "energy_consumption": 32019.657599616625, "selected": false, "client_name": "sta3"}
2026-07-01 16:56:42,250 - METRIC - INFO - {"loss": 0.032943785190582275, "accuracy": 0.9877235293388367, "energy_consumption": 31716.312025790954, "selected": false, "client_name": "sta5"}
2026-07-01 16:56:42,306 - METRIC - INFO - {"loss": 0.03613515943288803, "accuracy": 0.9884887933731079, "energy_consumption": 28951.825256161843, "selected": false, "client_name": "sta7"}
2026-07-01 16:56:42,725 - METRIC - INFO - mean_accuracy: 0.9885893030600115

2026-07-01 16:56:42,725 - METRIC - INFO - round: 70
2026-07-01 16:56:42,725 - METRIC - INFO - n_selected: 11
2026-07-01 16:56:42,725 - METRIC - INFO - {"selected_trainers": ["sta0", "sta1", "sta10", "sta2", "sta3", "sta4", "sta5", "sta6", "sta7", "sta8", "sta9"]}
2026-07-01 16:56:47,657 - EXECUT - INFO - received weights from trainer sta8!
2026-07-01 16:56:47,697 - EXECUT - INFO - received weights from trainer sta4!
2026-07-01 16:56:51,722 - EXECUT - INFO - received weights from trainer sta10!
2026-07-01 16:56:52,864 - EXECUT - INFO - received weights from trainer sta1!
2026-07-01 16:56:53,246 - EXECUT - INFO - received weights from trainer sta0!
2026-07-01 16:56:54,299 - EXECUT - INFO - received weights from trainer sta2!
2026-07-01 16:56:54,922 - EXECUT - INFO - received weights from trainer sta6!
2026-07-01 16:56:55,700 - EXECUT - INFO - received weights from trainer sta9!
2026-07-01 16:56:56,200 - EXECUT - INFO - received weights from trainer sta3!
2026-07-01 16:56:56,967 - EXECUT - INFO - received weights from trainer sta5!
2026-07-01 16:56:57,162 - EXECUT - INFO - received weights from trainer sta7!
2026-07-01 16:56:58,541 - EXECUT - INFO - sent aggregated weights to trainers!
2026-07-01 16:56:58,909 - METRIC - INFO - {"loss": 0.04353119432926178, "accuracy": 0.9861111044883728, "energy_consumption": 41767.12477208323, "selected": false, "client_name": "sta4"}
2026-07-01 16:56:58,946 - METRIC - INFO - {"loss": 0.029711373150348663, "accuracy": 0.9913941621780396, "energy_consumption": 41534.94176385949, "selected": false, "client_name": "sta8"}
2026-07-01 16:56:58,972 - METRIC - INFO - {"loss": 0.02659446932375431, "accuracy": 0.991093099117279, "energy_consumption": 44435.84687602863, "selected": false, "client_name": "sta10"}
2026-07-01 16:56:58,983 - METRIC - INFO - {"loss": 0.04515599086880684, "accuracy": 0.9849424362182617, "energy_consumption": 28217.702747721534, "selected": false, "client_name": "sta1"}
2026-07-01 16:56:58,999 - METRIC - INFO - {"loss": 0.040344156324863434, "accuracy": 0.9881847500801086, "energy_consumption": 41784.24286031958, "selected": false, "client_name": "sta2"}
2026-07-01 16:56:59,039 - METRIC - INFO - {"loss": 0.035496219992637634, "accuracy": 0.988718569278717, "energy_consumption": 32440.757992557275, "selected": false, "client_name": "sta3"}
2026-07-01 16:56:59,047 - METRIC - INFO - {"loss": 0.025684736669063568, "accuracy": 0.9895547032356262, "energy_consumption": 42969.33965107887, "selected": false, "client_name": "sta9"}
2026-07-01 16:56:59,062 - METRIC - INFO - {"loss": 0.03593262657523155, "accuracy": 0.9896499514579773, "energy_consumption": 34267.39464800618, "selected": false, "client_name": "sta6"}
2026-07-01 16:56:59,067 - METRIC - INFO - {"loss": 0.03646345064043999, "accuracy": 0.9866125583648682, "energy_consumption": 30051.129380692655, "selected": false, "client_name": "sta0"}
2026-07-01 16:56:59,086 - METRIC - INFO - {"loss": 0.03476275876164436, "accuracy": 0.9879903793334961, "energy_consumption": 32232.77480726809, "selected": false, "client_name": "sta5"}
2026-07-01 16:56:59,102 - METRIC - INFO - {"loss": 0.03692574054002762, "accuracy": 0.9887839555740356, "energy_consumption": 29322.09182865774, "selected": false, "client_name": "sta7"}
2026-07-01 16:56:59,544 - METRIC - INFO - mean_accuracy: 0.9884577881206166

2026-07-01 16:56:59,544 - METRIC - INFO - round: 71
2026-07-01 16:56:59,544 - METRIC - INFO - n_selected: 11
2026-07-01 16:56:59,544 - METRIC - INFO - {"selected_trainers": ["sta0", "sta1", "sta10", "sta2", "sta3", "sta4", "sta5", "sta6", "sta7", "sta8", "sta9"]}
2026-07-01 16:57:04,375 - EXECUT - INFO - received weights from trainer sta8!
2026-07-01 16:57:04,592 - EXECUT - INFO - received weights from trainer sta4!
2026-07-01 16:57:08,500 - EXECUT - INFO - received weights from trainer sta10!
2026-07-01 16:57:09,669 - EXECUT - INFO - received weights from trainer sta1!
2026-07-01 16:57:10,085 - EXECUT - INFO - received weights from trainer sta0!
2026-07-01 16:57:11,121 - EXECUT - INFO - received weights from trainer sta2!
2026-07-01 16:57:11,691 - EXECUT - INFO - received weights from trainer sta6!
2026-07-01 16:57:12,406 - EXECUT - INFO - received weights from trainer sta9!
2026-07-01 16:57:13,001 - EXECUT - INFO - received weights from trainer sta3!
2026-07-01 16:57:13,763 - EXECUT - INFO - received weights from trainer sta5!
2026-07-01 16:57:13,870 - EXECUT - INFO - received weights from trainer sta7!
2026-07-01 16:57:14,237 - EXECUT - INFO - sent aggregated weights to trainers!
2026-07-01 16:57:14,571 - METRIC - INFO - {"loss": 0.04411657527089119, "accuracy": 0.9854166507720947, "energy_consumption": 42299.12172444382, "selected": false, "client_name": "sta4"}
2026-07-01 16:57:14,633 - METRIC - INFO - {"loss": 0.04100204259157181, "accuracy": 0.9879162311553955, "energy_consumption": 42283.067831140106, "selected": false, "client_name": "sta2"}
2026-07-01 16:57:14,652 - METRIC - INFO - {"loss": 0.025994490832090378, "accuracy": 0.9902834296226501, "energy_consumption": 44964.00818095025, "selected": false, "client_name": "sta10"}
2026-07-01 16:57:14,704 - METRIC - INFO - {"loss": 0.03593956306576729, "accuracy": 0.9896499514579773, "energy_consumption": 34610.70227032622, "selected": false, "client_name": "sta6"}
2026-07-01 16:57:14,707 - METRIC - INFO - {"loss": 0.02505318447947502, "accuracy": 0.9914788603782654, "energy_consumption": 43538.19721012049, "selected": false, "client_name": "sta9"}
2026-07-01 16:57:14,712 - METRIC - INFO - {"loss": 0.029698697850108147, "accuracy": 0.9905335903167725, "energy_consumption": 42041.78693742655, "selected": false, "client_name": "sta8"}
2026-07-01 16:57:14,739 - METRIC - INFO - {"loss": 0.04594574496150017, "accuracy": 0.9867138862609863, "energy_consumption": 28567.073591014534, "selected": false, "client_name": "sta1"}
2026-07-01 16:57:14,747 - METRIC - INFO - {"loss": 0.03618817403912544, "accuracy": 0.9884292483329773, "energy_consumption": 32860.28353239073, "selected": false, "client_name": "sta3"}
2026-07-01 16:57:14,752 - METRIC - INFO - {"loss": 0.036334358155727386, "accuracy": 0.9858012199401855, "energy_consumption": 30410.51469881726, "selected": false, "client_name": "sta0"}
2026-07-01 16:57:14,774 - METRIC - INFO - {"loss": 0.03288792818784714, "accuracy": 0.9893248081207275, "energy_consumption": 32642.483726797724, "selected": false, "client_name": "sta5"}
2026-07-01 16:57:14,827 - METRIC - INFO - {"loss": 0.038049522787332535, "accuracy": 0.987308144569397, "energy_consumption": 29681.39330610659, "selected": false, "client_name": "sta7"}
2026-07-01 16:57:15,238 - METRIC - INFO - mean_accuracy: 0.9884414564479481

2026-07-01 16:57:15,238 - METRIC - INFO - round: 72
2026-07-01 16:57:15,238 - METRIC - INFO - n_selected: 11
2026-07-01 16:57:15,238 - METRIC - INFO - {"selected_trainers": ["sta0", "sta1", "sta10", "sta2", "sta3", "sta4", "sta5", "sta6", "sta7", "sta8", "sta9"]}
2026-07-01 16:57:20,139 - EXECUT - INFO - received weights from trainer sta8!
2026-07-01 16:57:20,230 - EXECUT - INFO - received weights from trainer sta4!
2026-07-01 16:57:25,304 - EXECUT - INFO - received weights from trainer sta1!
2026-07-01 16:57:25,648 - EXECUT - INFO - received weights from trainer sta10!
2026-07-01 16:57:25,663 - EXECUT - INFO - received weights from trainer sta0!
2026-07-01 16:57:26,790 - EXECUT - INFO - received weights from trainer sta2!
2026-07-01 16:57:27,505 - EXECUT - INFO - received weights from trainer sta6!
2026-07-01 16:57:28,208 - EXECUT - INFO - received weights from trainer sta9!
2026-07-01 16:57:28,644 - EXECUT - INFO - received weights from trainer sta3!
2026-07-01 16:57:29,525 - EXECUT - INFO - received weights from trainer sta5!
2026-07-01 16:57:36,267 - EXECUT - INFO - received weights from trainer sta7!
2026-07-01 16:57:37,111 - EXECUT - INFO - sent aggregated weights to trainers!
2026-07-01 16:57:37,447 - METRIC - INFO - {"loss": 0.043188780546188354, "accuracy": 0.9861111044883728, "energy_consumption": 42938.01282984024, "selected": false, "client_name": "sta4"}
2026-07-01 16:57:37,484 - METRIC - INFO - {"loss": 0.02947920560836792, "accuracy": 0.9905335903167725, "energy_consumption": 42790.46297067926, "selected": false, "client_name": "sta8"}
2026-07-01 16:57:37,537 - METRIC - INFO - {"loss": 0.04018154367804527, "accuracy": 0.9884532690048218, "energy_consumption": 43039.065958547806, "selected": false, "client_name": "sta2"}
2026-07-01 16:57:37,584 - METRIC - INFO - {"loss": 0.035691048949956894, "accuracy": 0.9884292483329773, "energy_consumption": 33446.16542318556, "selected": false, "client_name": "sta3"}
2026-07-01 16:57:37,597 - METRIC - INFO - {"loss": 0.025631656870245934, "accuracy": 0.9903793334960938, "energy_consumption": 44369.77152839556, "selected": false, "client_name": "sta9"}
2026-07-01 16:57:37,647 - METRIC - INFO - {"loss": 0.026025179773569107, "accuracy": 0.9914979934692383, "energy_consumption": 45811.20517151102, "selected": false, "client_name": "sta10"}
2026-07-01 16:57:37,649 - METRIC - INFO - {"loss": 0.03816532343626022, "accuracy": 0.9872146248817444, "energy_consumption": 35261.297631605754, "selected": false, "client_name": "sta6"}
2026-07-01 16:57:37,654 - METRIC - INFO - {"loss": 0.03333990275859833, "accuracy": 0.9893248081207275, "energy_consumption": 33171.397575209136, "selected": false, "client_name": "sta5"}
2026-07-01 16:57:37,679 - METRIC - INFO - {"loss": 0.036014266312122345, "accuracy": 0.9887839555740356, "energy_consumption": 30229.2684837191, "selected": false, "client_name": "sta7"}
2026-07-01 16:57:37,687 - METRIC - INFO - {"loss": 0.04415246099233627, "accuracy": 0.9862710237503052, "energy_consumption": 29082.430071244722, "selected": false, "client_name": "sta1"}
2026-07-01 16:57:37,773 - METRIC - INFO - {"loss": 0.03545750677585602, "accuracy": 0.9862068891525269, "energy_consumption": 30985.013434777273, "selected": false, "client_name": "sta0"}
2026-07-01 16:57:38,113 - METRIC - INFO - mean_accuracy: 0.9884732582352378

2026-07-01 16:57:38,113 - METRIC - INFO - round: 73
2026-07-01 16:57:38,113 - METRIC - INFO - n_selected: 11
2026-07-01 16:57:38,113 - METRIC - INFO - {"selected_trainers": ["sta0", "sta1", "sta10", "sta2", "sta3", "sta4", "sta5", "sta6", "sta7", "sta8", "sta9"]}
2026-07-01 16:57:43,043 - EXECUT - INFO - received weights from trainer sta8!
2026-07-01 16:57:43,122 - EXECUT - INFO - received weights from trainer sta4!
2026-07-01 16:57:47,121 - EXECUT - INFO - received weights from trainer sta10!
2026-07-01 16:57:48,320 - EXECUT - INFO - received weights from trainer sta1!
2026-07-01 16:57:48,572 - EXECUT - INFO - received weights from trainer sta0!
2026-07-01 16:57:49,663 - EXECUT - INFO - received weights from trainer sta2!
2026-07-01 16:57:50,298 - EXECUT - INFO - received weights from trainer sta6!
2026-07-01 16:57:51,030 - EXECUT - INFO - received weights from trainer sta9!
2026-07-01 16:57:51,527 - EXECUT - INFO - received weights from trainer sta3!
2026-07-01 16:57:52,370 - EXECUT - INFO - received weights from trainer sta5!
2026-07-01 16:57:52,534 - EXECUT - INFO - received weights from trainer sta7!
2026-07-01 16:57:53,862 - EXECUT - INFO - sent aggregated weights to trainers!
2026-07-01 16:57:54,235 - METRIC - INFO - {"loss": 0.04327968508005142, "accuracy": 0.9854166507720947, "energy_consumption": 43609.81865218771, "selected": false, "client_name": "sta4"}
2026-07-01 16:57:54,260 - METRIC - INFO - {"loss": 0.029171515256166458, "accuracy": 0.9905335903167725, "energy_consumption": 43311.001595577174, "selected": false, "client_name": "sta8"}
2026-07-01 16:57:54,299 - METRIC - INFO - {"loss": 0.025442054495215416, "accuracy": 0.991093099117279, "energy_consumption": 46379.278352822104, "selected": false, "client_name": "sta10"}
2026-07-01 16:57:54,326 - METRIC - INFO - {"loss": 0.04083036258816719, "accuracy": 0.9881847500801086, "energy_consumption": 43560.485285294635, "selected": false, "client_name": "sta2"}
2026-07-01 16:57:54,336 - METRIC - INFO - {"loss": 0.035490620881319046, "accuracy": 0.9884292483329773, "energy_consumption": 33827.6113897566, "selected": false, "client_name": "sta3"}
2026-07-01 16:57:54,349 - METRIC - INFO - {"loss": 0.025066155940294266, "accuracy": 0.9912039637565613, "energy_consumption": 44916.441165964956, "selected": false, "client_name": "sta9"}
2026-07-01 16:57:54,358 - METRIC - INFO - {"loss": 0.03309432789683342, "accuracy": 0.9887910485267639, "energy_consumption": 33660.399658404625, "selected": false, "client_name": "sta5"}
2026-07-01 16:57:54,377 - METRIC - INFO - {"loss": 0.044133707880973816, "accuracy": 0.9862710237503052, "energy_consumption": 29410.136666047096, "selected": false, "client_name": "sta1"}
2026-07-01 16:57:54,379 - METRIC - INFO - {"loss": 0.036778587847948074, "accuracy": 0.9890410900115967, "energy_consumption": 35795.02823609511, "selected": false, "client_name": "sta6"}
2026-07-01 16:57:54,387 - METRIC - INFO - {"loss": 0.03531216084957123, "accuracy": 0.9866125583648682, "energy_consumption": 31352.77503710453, "selected": false, "client_name": "sta0"}
2026-07-01 16:57:54,426 - METRIC - INFO - {"loss": 0.03750268369913101, "accuracy": 0.9881936311721802, "energy_consumption": 30678.733901858803, "selected": false, "client_name": "sta7"}
2026-07-01 16:57:54,864 - METRIC - INFO - mean_accuracy: 0.9885246049274098

2026-07-01 16:57:54,864 - METRIC - INFO - round: 74
2026-07-01 16:57:54,864 - METRIC - INFO - n_selected: 11
2026-07-01 16:57:54,864 - METRIC - INFO - {"selected_trainers": ["sta0", "sta1", "sta10", "sta2", "sta3", "sta4", "sta5", "sta6", "sta7", "sta8", "sta9"]}
2026-07-01 16:57:59,805 - EXECUT - INFO - received weights from trainer sta8!
2026-07-01 16:57:59,856 - EXECUT - INFO - received weights from trainer sta4!
2026-07-01 16:58:03,869 - EXECUT - INFO - received weights from trainer sta10!
2026-07-01 16:58:05,033 - EXECUT - INFO - received weights from trainer sta1!
2026-07-01 16:58:05,440 - EXECUT - INFO - received weights from trainer sta0!
2026-07-01 16:58:06,462 - EXECUT - INFO - received weights from trainer sta2!
2026-07-01 16:58:07,127 - EXECUT - INFO - received weights from trainer sta6!
2026-07-01 16:58:07,751 - EXECUT - INFO - received weights from trainer sta9!
2026-07-01 16:58:08,258 - EXECUT - INFO - received weights from trainer sta3!
2026-07-01 16:58:09,102 - EXECUT - INFO - received weights from trainer sta5!
2026-07-01 16:58:09,329 - EXECUT - INFO - received weights from trainer sta7!
2026-07-01 16:58:10,634 - EXECUT - INFO - sent aggregated weights to trainers!
2026-07-01 16:58:10,986 - METRIC - INFO - {"loss": 0.04351311922073364, "accuracy": 0.9861111044883728, "energy_consumption": 44133.51736662757, "selected": false, "client_name": "sta4"}
2026-07-01 16:58:10,987 - METRIC - INFO - {"loss": 0.029791072010993958, "accuracy": 0.9905335903167725, "energy_consumption": 43967.224670280804, "selected": false, "client_name": "sta8"}
2026-07-01 16:58:11,040 - METRIC - INFO - {"loss": 0.02523704804480076, "accuracy": 0.9919028282165527, "energy_consumption": 47097.428937263365, "selected": false, "client_name": "sta10"}
2026-07-01 16:58:11,043 - METRIC - INFO - {"loss": 0.03988506644964218, "accuracy": 0.9884532690048218, "energy_consumption": 44109.705448893284, "selected": false, "client_name": "sta2"}
2026-07-01 16:58:11,081 - METRIC - INFO - {"loss": 0.03680691495537758, "accuracy": 0.9893454909324646, "energy_consumption": 36222.90514334781, "selected": false, "client_name": "sta6"}
2026-07-01 16:58:11,106 - METRIC - INFO - {"loss": 0.026699945330619812, "accuracy": 0.9901044368743896, "energy_consumption": 45584.026395699075, "selected": false, "client_name": "sta9"}
2026-07-01 16:58:11,112 - METRIC - INFO - {"loss": 0.04353029653429985, "accuracy": 0.9862710237503052, "energy_consumption": 29780.166430438007, "selected": false, "client_name": "sta1"}
2026-07-01 16:58:11,132 - METRIC - INFO - {"loss": 0.03538873419165611, "accuracy": 0.9866125583648682, "energy_consumption": 31747.65800257101, "selected": false, "client_name": "sta0"}
2026-07-01 16:58:11,145 - METRIC - INFO - {"loss": 0.03520475700497627, "accuracy": 0.9884292483329773, "energy_consumption": 34243.65885444739, "selected": false, "client_name": "sta3"}
2026-07-01 16:58:11,149 - METRIC - INFO - {"loss": 0.0334923081099987, "accuracy": 0.9885241389274597, "energy_consumption": 34067.71098601296, "selected": false, "client_name": "sta5"}
2026-07-01 16:58:11,164 - METRIC - INFO - {"loss": 0.03777175769209862, "accuracy": 0.9881936311721802, "energy_consumption": 31051.312091805492, "selected": false, "client_name": "sta7"}
2026-07-01 16:58:11,636 - METRIC - INFO - mean_accuracy: 0.9885892109437422

2026-07-01 16:58:11,636 - METRIC - INFO - round: 75
2026-07-01 16:58:11,636 - METRIC - INFO - n_selected: 11
2026-07-01 16:58:11,636 - METRIC - INFO - {"selected_trainers": ["sta0", "sta1", "sta10", "sta2", "sta3", "sta4", "sta5", "sta6", "sta7", "sta8", "sta9"]}
2026-07-01 16:58:16,656 - EXECUT - INFO - received weights from trainer sta4!
2026-07-01 16:58:17,232 - EXECUT - INFO - received weights from trainer sta8!
2026-07-01 16:58:20,564 - EXECUT - INFO - received weights from trainer sta10!
2026-07-01 16:58:21,781 - EXECUT - INFO - received weights from trainer sta1!
2026-07-01 16:58:22,152 - EXECUT - INFO - received weights from trainer sta0!
2026-07-01 16:58:23,274 - EXECUT - INFO - received weights from trainer sta2!
2026-07-01 16:58:23,860 - EXECUT - INFO - received weights from trainer sta6!
2026-07-01 16:58:24,586 - EXECUT - INFO - received weights from trainer sta9!
2026-07-01 16:58:25,032 - EXECUT - INFO - received weights from trainer sta3!
2026-07-01 16:58:25,880 - EXECUT - INFO - received weights from trainer sta5!
2026-07-01 16:58:26,025 - EXECUT - INFO - received weights from trainer sta7!
2026-07-01 16:58:26,348 - EXECUT - INFO - sent aggregated weights to trainers!
2026-07-01 16:58:26,691 - METRIC - INFO - {"loss": 0.04316900670528412, "accuracy": 0.9868055582046509, "energy_consumption": 44663.65522074419, "selected": false, "client_name": "sta4"}
2026-07-01 16:58:26,708 - METRIC - INFO - {"loss": 0.029690373688936234, "accuracy": 0.9905335903167725, "energy_consumption": 44507.257799314604, "selected": false, "client_name": "sta8"}
2026-07-01 16:58:26,755 - METRIC - INFO - {"loss": 0.026087645441293716, "accuracy": 0.9906882643699646, "energy_consumption": 47538.52383022487, "selected": false, "client_name": "sta10"}
2026-07-01 16:58:26,759 - METRIC - INFO - {"loss": 0.04038263484835625, "accuracy": 0.9879162311553955, "energy_consumption": 44645.72082739749, "selected": false, "client_name": "sta2"}
2026-07-01 16:58:26,850 - METRIC - INFO - {"loss": 0.03645728528499603, "accuracy": 0.9887366890907288, "energy_consumption": 36643.185684323515, "selected": false, "client_name": "sta6"}
2026-07-01 16:58:26,864 - METRIC - INFO - {"loss": 0.03544604405760765, "accuracy": 0.9866125583648682, "energy_consumption": 32116.6791575934, "selected": false, "client_name": "sta0"}
2026-07-01 16:58:26,888 - METRIC - INFO - {"loss": 0.0370267815887928, "accuracy": 0.9878507256507874, "energy_consumption": 34640.96804115103, "selected": false, "client_name": "sta3"}
2026-07-01 16:58:26,953 - METRIC - INFO - {"loss": 0.025499004870653152, "accuracy": 0.9914788603782654, "energy_consumption": 46130.313212975285, "selected": false, "client_name": "sta9"}
2026-07-01 16:58:26,957 - METRIC - INFO - {"loss": 0.03793080523610115, "accuracy": 0.9881936311721802, "energy_consumption": 31415.584189124187, "selected": false, "client_name": "sta7"}
2026-07-01 16:58:27,014 - METRIC - INFO - {"loss": 0.03394176810979843, "accuracy": 0.9885241389274597, "energy_consumption": 34458.86213014494, "selected": false, "client_name": "sta5"}
2026-07-01 16:58:27,029 - METRIC - INFO - {"loss": 0.04660468176007271, "accuracy": 0.9849424362182617, "energy_consumption": 30120.95815748162, "selected": false, "client_name": "sta1"}
2026-07-01 16:58:27,349 - METRIC - INFO - mean_accuracy: 0.988389334895394

2026-07-01 16:58:27,349 - METRIC - INFO - round: 76
2026-07-01 16:58:27,349 - METRIC - INFO - n_selected: 11
2026-07-01 16:58:27,349 - METRIC - INFO - {"selected_trainers": ["sta0", "sta1", "sta10", "sta2", "sta3", "sta4", "sta5", "sta6", "sta7", "sta8", "sta9"]}
2026-07-01 16:58:32,217 - EXECUT - INFO - received weights from trainer sta8!
2026-07-01 16:58:32,767 - EXECUT - INFO - received weights from trainer sta4!
2026-07-01 16:58:36,369 - EXECUT - INFO - received weights from trainer sta10!
2026-07-01 16:58:37,516 - EXECUT - INFO - received weights from trainer sta1!
2026-07-01 16:58:37,860 - EXECUT - INFO - received weights from trainer sta0!
2026-07-01 16:58:38,974 - EXECUT - INFO - received weights from trainer sta2!
2026-07-01 16:58:39,545 - EXECUT - INFO - received weights from trainer sta6!
2026-07-01 16:58:40,268 - EXECUT - INFO - received weights from trainer sta9!
2026-07-01 16:58:40,817 - EXECUT - INFO - received weights from trainer sta3!
2026-07-01 16:58:41,678 - EXECUT - INFO - received weights from trainer sta5!
2026-07-01 16:58:41,706 - EXECUT - INFO - received weights from trainer sta7!
2026-07-01 16:58:42,128 - EXECUT - INFO - sent aggregated weights to trainers!
2026-07-01 16:58:42,474 - METRIC - INFO - {"loss": 0.043816037476062775, "accuracy": 0.9854166507720947, "energy_consumption": 45195.461935892316, "selected": false, "client_name": "sta4"}
2026-07-01 16:58:42,516 - METRIC - INFO - {"loss": 0.030047312378883362, "accuracy": 0.9905335903167725, "energy_consumption": 45025.960184831354, "selected": false, "client_name": "sta8"}
2026-07-01 16:58:42,552 - METRIC - INFO - {"loss": 0.027202583849430084, "accuracy": 0.9886639714241028, "energy_consumption": 48100.75614991798, "selected": false, "client_name": "sta10"}
2026-07-01 16:58:42,561 - METRIC - INFO - {"loss": 0.04068118706345558, "accuracy": 0.9881847500801086, "energy_consumption": 45168.41193948686, "selected": false, "client_name": "sta2"}
2026-07-01 16:58:42,603 - METRIC - INFO - {"loss": 0.024930724874138832, "accuracy": 0.9914788603782654, "energy_consumption": 46682.851466532215, "selected": false, "client_name": "sta9"}
2026-07-01 16:58:42,625 - METRIC - INFO - {"loss": 0.035796165466308594, "accuracy": 0.9858012199401855, "energy_consumption": 32488.577924128873, "selected": false, "client_name": "sta0"}
2026-07-01 16:58:42,629 - METRIC - INFO - {"loss": 0.03808403015136719, "accuracy": 0.9887366890907288, "energy_consumption": 37078.05308351166, "selected": false, "client_name": "sta6"}
2026-07-01 16:58:42,647 - METRIC - INFO - {"loss": 0.033234938979148865, "accuracy": 0.9887910485267639, "energy_consumption": 34862.474263045835, "selected": false, "client_name": "sta5"}
2026-07-01 16:58:42,657 - METRIC - INFO - {"loss": 0.03579496219754219, "accuracy": 0.9884292483329773, "energy_consumption": 35051.2678036192, "selected": false, "client_name": "sta3"}
2026-07-01 16:58:42,669 - METRIC - INFO - {"loss": 0.04465887323021889, "accuracy": 0.985828161239624, "energy_consumption": 30477.240860514383, "selected": false, "client_name": "sta1"}
2026-07-01 16:58:42,727 - METRIC - INFO - {"loss": 0.036980193108320236, "accuracy": 0.9884887933731079, "energy_consumption": 31778.553063834148, "selected": false, "client_name": "sta7"}
2026-07-01 16:58:43,130 - METRIC - INFO - mean_accuracy: 0.9882139075886119

2026-07-01 16:58:43,130 - METRIC - INFO - round: 77
2026-07-01 16:58:43,130 - METRIC - INFO - n_selected: 11
2026-07-01 16:58:43,130 - METRIC - INFO - {"selected_trainers": ["sta0", "sta1", "sta10", "sta2", "sta3", "sta4", "sta5", "sta6", "sta7", "sta8", "sta9"]}
2026-07-01 16:58:48,008 - EXECUT - INFO - received weights from trainer sta8!
2026-07-01 16:58:48,080 - EXECUT - INFO - received weights from trainer sta4!
2026-07-01 16:58:52,123 - EXECUT - INFO - received weights from trainer sta10!
2026-07-01 16:58:53,393 - EXECUT - INFO - received weights from trainer sta1!
2026-07-01 16:58:53,596 - EXECUT - INFO - received weights from trainer sta0!
2026-07-01 16:58:54,701 - EXECUT - INFO - received weights from trainer sta2!
2026-07-01 16:58:55,374 - EXECUT - INFO - received weights from trainer sta6!
2026-07-01 16:58:56,057 - EXECUT - INFO - received weights from trainer sta9!
2026-07-01 16:58:56,675 - EXECUT - INFO - received weights from trainer sta3!
2026-07-01 16:58:57,369 - EXECUT - INFO - received weights from trainer sta7!
2026-07-01 16:58:57,445 - EXECUT - INFO - received weights from trainer sta5!
2026-07-01 16:58:57,814 - EXECUT - INFO - sent aggregated weights to trainers!
2026-07-01 16:58:58,146 - METRIC - INFO - {"loss": 0.043387167155742645, "accuracy": 0.9868055582046509, "energy_consumption": 45717.9339580135, "selected": false, "client_name": "sta4"}
2026-07-01 16:58:58,206 - METRIC - INFO - {"loss": 0.03021644428372383, "accuracy": 0.9905335903167725, "energy_consumption": 45543.92665348915, "selected": false, "client_name": "sta8"}
2026-07-01 16:58:58,227 - METRIC - INFO - {"loss": 0.02499512769281864, "accuracy": 0.9914979934692383, "energy_consumption": 48680.17222716837, "selected": false, "client_name": "sta10"}
2026-07-01 16:58:58,235 - METRIC - INFO - {"loss": 0.04068444296717644, "accuracy": 0.9881847500801086, "energy_consumption": 45707.63819721988, "selected": false, "client_name": "sta2"}
2026-07-01 16:58:58,311 - METRIC - INFO - {"loss": 0.026089662685990334, "accuracy": 0.9906542301177979, "energy_consumption": 47225.42981056255, "selected": false, "client_name": "sta9"}
2026-07-01 16:58:58,324 - METRIC - INFO - {"loss": 0.036274682730436325, "accuracy": 0.9890410900115967, "energy_consumption": 37503.33400690411, "selected": false, "client_name": "sta6"}
2026-07-01 16:58:58,341 - METRIC - INFO - {"loss": 0.0360589399933815, "accuracy": 0.9862068891525269, "energy_consumption": 32847.018220606806, "selected": false, "client_name": "sta0"}
2026-07-01 16:58:58,351 - METRIC - INFO - {"loss": 0.03561411798000336, "accuracy": 0.988718569278717, "energy_consumption": 35472.01851783951, "selected": false, "client_name": "sta3"}
2026-07-01 16:58:58,362 - METRIC - INFO - {"loss": 0.03334353119134903, "accuracy": 0.9890578985214233, "energy_consumption": 35264.241272016836, "selected": false, "client_name": "sta5"}
2026-07-01 16:58:58,385 - METRIC - INFO - {"loss": 0.044669680297374725, "accuracy": 0.985828161239624, "energy_consumption": 30847.7952930806, "selected": false, "client_name": "sta1"}
2026-07-01 16:58:58,405 - METRIC - INFO - {"loss": 0.03599945828318596, "accuracy": 0.9887839555740356, "energy_consumption": 32149.799624119245, "selected": false, "client_name": "sta7"}
2026-07-01 16:58:58,817 - METRIC - INFO - mean_accuracy: 0.9886647896333174

2026-07-01 16:58:58,817 - METRIC - INFO - round: 78
2026-07-01 16:58:58,817 - METRIC - INFO - n_selected: 11
2026-07-01 16:58:58,817 - METRIC - INFO - {"selected_trainers": ["sta0", "sta1", "sta10", "sta2", "sta3", "sta4", "sta5", "sta6", "sta7", "sta8", "sta9"]}
2026-07-01 16:59:03,695 - EXECUT - INFO - received weights from trainer sta8!
2026-07-01 16:59:03,879 - EXECUT - INFO - received weights from trainer sta4!
2026-07-01 16:59:07,825 - EXECUT - INFO - received weights from trainer sta10!
2026-07-01 16:59:08,976 - EXECUT - INFO - received weights from trainer sta1!
2026-07-01 16:59:09,315 - EXECUT - INFO - received weights from trainer sta0!
2026-07-01 16:59:10,446 - EXECUT - INFO - received weights from trainer sta2!
2026-07-01 16:59:11,019 - EXECUT - INFO - received weights from trainer sta6!
2026-07-01 16:59:11,669 - EXECUT - INFO - received weights from trainer sta9!
2026-07-01 16:59:12,248 - EXECUT - INFO - received weights from trainer sta3!
2026-07-01 16:59:13,100 - EXECUT - INFO - received weights from trainer sta5!
2026-07-01 16:59:13,181 - EXECUT - INFO - received weights from trainer sta7!
2026-07-01 16:59:13,443 - EXECUT - INFO - sent aggregated weights to trainers!
2026-07-01 16:59:13,782 - METRIC - INFO - {"loss": 0.04369864612817764, "accuracy": 0.9854166507720947, "energy_consumption": 46234.59688949845, "selected": false, "client_name": "sta4"}
2026-07-01 16:59:13,807 - METRIC - INFO - {"loss": 0.030118485912680626, "accuracy": 0.9905335903167725, "energy_consumption": 46067.91569854287, "selected": false, "client_name": "sta8"}
2026-07-01 16:59:13,862 - METRIC - INFO - {"loss": 0.02635507844388485, "accuracy": 0.9894737005233765, "energy_consumption": 49270.52262597292, "selected": false, "client_name": "sta10"}
2026-07-01 16:59:13,923 - METRIC - INFO - {"loss": 0.04565297067165375, "accuracy": 0.985828161239624, "energy_consumption": 31212.992209472173, "selected": false, "client_name": "sta1"}
2026-07-01 16:59:13,925 - METRIC - INFO - {"loss": 0.025082552805542946, "accuracy": 0.9912039637565613, "energy_consumption": 47765.949220327006, "selected": false, "client_name": "sta9"}
2026-07-01 16:59:13,962 - METRIC - INFO - {"loss": 0.03582998737692833, "accuracy": 0.9866125583648682, "energy_consumption": 33212.72516195263, "selected": false, "client_name": "sta0"}
2026-07-01 16:59:13,989 - METRIC - INFO - {"loss": 0.03318619355559349, "accuracy": 0.9887910485267639, "energy_consumption": 35670.98334333922, "selected": false, "client_name": "sta5"}
2026-07-01 16:59:14,005 - METRIC - INFO - {"loss": 0.040390096604824066, "accuracy": 0.9881847500801086, "energy_consumption": 46258.79520500638, "selected": false, "client_name": "sta2"}
2026-07-01 16:59:14,091 - METRIC - INFO - {"loss": 0.03664165362715721, "accuracy": 0.9890410900115967, "energy_consumption": 37940.090207256726, "selected": false, "client_name": "sta6"}
2026-07-01 16:59:14,107 - METRIC - INFO - {"loss": 0.03513775020837784, "accuracy": 0.989007830619812, "energy_consumption": 35888.343865695024, "selected": false, "client_name": "sta3"}
2026-07-01 16:59:14,172 - METRIC - INFO - {"loss": 0.03718320652842522, "accuracy": 0.9884887933731079, "energy_consumption": 32516.558426857027, "selected": false, "client_name": "sta7"}
2026-07-01 16:59:14,446 - METRIC - INFO - mean_accuracy: 0.9884165579622443

2026-07-01 16:59:14,446 - METRIC - INFO - round: 79
2026-07-01 16:59:14,446 - METRIC - INFO - n_selected: 11
2026-07-01 16:59:14,446 - METRIC - INFO - {"selected_trainers": ["sta0", "sta1", "sta10", "sta2", "sta3", "sta4", "sta5", "sta6", "sta7", "sta8", "sta9"]}
2026-07-01 16:59:19,330 - EXECUT - INFO - received weights from trainer sta8!
2026-07-01 16:59:19,880 - EXECUT - INFO - received weights from trainer sta4!
2026-07-01 16:59:23,486 - EXECUT - INFO - received weights from trainer sta10!
2026-07-01 16:59:24,666 - EXECUT - INFO - received weights from trainer sta1!
2026-07-01 16:59:24,876 - EXECUT - INFO - received weights from trainer sta0!
2026-07-01 16:59:26,030 - EXECUT - INFO - received weights from trainer sta2!
2026-07-01 16:59:26,740 - EXECUT - INFO - received weights from trainer sta6!
2026-07-01 16:59:27,352 - EXECUT - INFO - received weights from trainer sta9!
2026-07-01 16:59:27,901 - EXECUT - INFO - received weights from trainer sta3!
2026-07-01 16:59:28,746 - EXECUT - INFO - received weights from trainer sta7!
2026-07-01 16:59:28,784 - EXECUT - INFO - received weights from trainer sta5!
2026-07-01 16:59:29,124 - EXECUT - INFO - sent aggregated weights to trainers!
2026-07-01 16:59:29,502 - METRIC - INFO - {"loss": 0.030037520453333855, "accuracy": 0.9913941621780396, "energy_consumption": 46580.63673947991, "selected": false, "client_name": "sta8"}
2026-07-01 16:59:29,548 - METRIC - INFO - {"loss": 0.025359760969877243, "accuracy": 0.9898785352706909, "energy_consumption": 49842.16023937637, "selected": false, "client_name": "sta10"}
2026-07-01 16:59:29,567 - METRIC - INFO - {"loss": 0.04099848493933678, "accuracy": 0.9879162311553955, "energy_consumption": 46776.694772114235, "selected": false, "client_name": "sta2"}
2026-07-01 16:59:29,572 - METRIC - INFO - {"loss": 0.035287532955408096, "accuracy": 0.9862068891525269, "energy_consumption": 33576.54992068781, "selected": false, "client_name": "sta0"}
2026-07-01 16:59:29,592 - METRIC - INFO - {"loss": 0.036702271550893784, "accuracy": 0.9881278276443481, "energy_consumption": 38374.99353744284, "selected": false, "client_name": "sta6"}
2026-07-01 16:59:29,606 - METRIC - INFO - {"loss": 0.035191427916288376, "accuracy": 0.9884292483329773, "energy_consumption": 36296.20407646093, "selected": false, "client_name": "sta3"}
2026-07-01 16:59:29,610 - METRIC - INFO - {"loss": 0.04334709048271179, "accuracy": 0.9868055582046509, "energy_consumption": 46771.83391306248, "selected": false, "client_name": "sta4"}
2026-07-01 16:59:29,612 - METRIC - INFO - {"loss": 0.024740979075431824, "accuracy": 0.9914788603782654, "energy_consumption": 48184.221050539156, "selected": false, "client_name": "sta9"}
2026-07-01 16:59:29,649 - METRIC - INFO - {"loss": 0.033493392169475555, "accuracy": 0.9887910485267639, "energy_consumption": 36083.44619177757, "selected": false, "client_name": "sta5"}
2026-07-01 16:59:29,743 - METRIC - INFO - {"loss": 0.036395225673913956, "accuracy": 0.9893742799758911, "energy_consumption": 32865.26625899699, "selected": false, "client_name": "sta7"}
2026-07-01 16:59:29,826 - METRIC - INFO - {"loss": 0.044694919139146805, "accuracy": 0.9867138862609863, "energy_consumption": 31576.075698777968, "selected": false, "client_name": "sta1"}
2026-07-01 16:59:30,127 - METRIC - INFO - mean_accuracy: 0.9886469570073214

2026-07-01 16:59:30,127 - METRIC - INFO - round: 80
2026-07-01 16:59:30,127 - METRIC - INFO - n_selected: 11
2026-07-01 16:59:30,127 - METRIC - INFO - {"selected_trainers": ["sta0", "sta1", "sta10", "sta2", "sta3", "sta4", "sta5", "sta6", "sta7", "sta8", "sta9"]}
2026-07-01 16:59:35,022 - EXECUT - INFO - received weights from trainer sta8!
2026-07-01 16:59:35,129 - EXECUT - INFO - received weights from trainer sta4!
2026-07-01 16:59:39,124 - EXECUT - INFO - received weights from trainer sta10!
2026-07-01 16:59:40,325 - EXECUT - INFO - received weights from trainer sta1!
2026-07-01 16:59:40,610 - EXECUT - INFO - received weights from trainer sta0!
2026-07-01 16:59:41,727 - EXECUT - INFO - received weights from trainer sta2!
2026-07-01 16:59:42,343 - EXECUT - INFO - received weights from trainer sta6!
2026-07-01 16:59:43,043 - EXECUT - INFO - received weights from trainer sta9!
2026-07-01 16:59:43,488 - EXECUT - INFO - received weights from trainer sta3!
2026-07-01 16:59:44,363 - EXECUT - INFO - received weights from trainer sta5!
2026-07-01 16:59:44,557 - EXECUT - INFO - received weights from trainer sta7!
2026-07-01 16:59:45,749 - EXECUT - INFO - sent aggregated weights to trainers!
2026-07-01 16:59:46,117 - METRIC - INFO - {"loss": 0.03105953522026539, "accuracy": 0.9905335903167725, "energy_consumption": 47126.171987047775, "selected": false, "client_name": "sta8"}
2026-07-01 16:59:46,125 - METRIC - INFO - {"loss": 0.0445498451590538, "accuracy": 0.9861111044883728, "energy_consumption": 47298.185307300126, "selected": false, "client_name": "sta4"}
2026-07-01 16:59:46,160 - METRIC - INFO - {"loss": 0.024650583043694496, "accuracy": 0.9914979934692383, "energy_consumption": 50541.92970070619, "selected": false, "client_name": "sta10"}
2026-07-01 16:59:46,180 - METRIC - INFO - {"loss": 0.04023410752415657, "accuracy": 0.9881847500801086, "energy_consumption": 47301.86759700915, "selected": false, "client_name": "sta2"}
2026-07-01 16:59:46,182 - METRIC - INFO - {"loss": 0.03569542244076729, "accuracy": 0.9866125583648682, "energy_consumption": 33957.1020821046, "selected": false, "client_name": "sta0"}
2026-07-01 16:59:46,193 - METRIC - INFO - {"loss": 0.045222289860248566, "accuracy": 0.985828161239624, "energy_consumption": 31945.784537924188, "selected": false, "client_name": "sta1"}
2026-07-01 16:59:46,202 - METRIC - INFO - {"loss": 0.03575114160776138, "accuracy": 0.9890410900115967, "energy_consumption": 38809.76128901553, "selected": false, "client_name": "sta6"}
2026-07-01 16:59:46,240 - METRIC - INFO - {"loss": 0.025131788104772568, "accuracy": 0.9903793334960938, "energy_consumption": 48876.99781319506, "selected": false, "client_name": "sta9"}
2026-07-01 16:59:46,242 - METRIC - INFO - {"loss": 0.03385321423411369, "accuracy": 0.9879903793334961, "energy_consumption": 36488.15601074921, "selected": false, "client_name": "sta5"}
2026-07-01 16:59:46,269 - METRIC - INFO - {"loss": 0.035104285925626755, "accuracy": 0.989007830619812, "energy_consumption": 36716.596259226615, "selected": false, "client_name": "sta3"}
2026-07-01 16:59:46,360 - METRIC - INFO - {"loss": 0.03654222562909126, "accuracy": 0.9887839555740356, "energy_consumption": 33223.7496829878, "selected": false, "client_name": "sta7"}
2026-07-01 16:59:46,750 - METRIC - INFO - mean_accuracy: 0.9885427951812744

2026-07-01 16:59:46,750 - METRIC - INFO - round: 81
2026-07-01 16:59:46,750 - METRIC - INFO - n_selected: 11
2026-07-01 16:59:46,750 - METRIC - INFO - {"selected_trainers": ["sta0", "sta1", "sta10", "sta2", "sta3", "sta4", "sta5", "sta6", "sta7", "sta8", "sta9"]}
2026-07-01 16:59:51,591 - EXECUT - INFO - received weights from trainer sta8!
2026-07-01 16:59:51,786 - EXECUT - INFO - received weights from trainer sta4!
2026-07-01 16:59:55,818 - EXECUT - INFO - received weights from trainer sta10!
2026-07-01 16:59:56,974 - EXECUT - INFO - received weights from trainer sta1!
2026-07-01 16:59:57,166 - EXECUT - INFO - received weights from trainer sta0!
2026-07-01 16:59:58,372 - EXECUT - INFO - received weights from trainer sta2!
2026-07-01 16:59:59,053 - EXECUT - INFO - received weights from trainer sta6!
2026-07-01 16:59:59,615 - EXECUT - INFO - received weights from trainer sta9!
2026-07-01 17:00:00,160 - EXECUT - INFO - received weights from trainer sta3!
2026-07-01 17:00:01,083 - EXECUT - INFO - received weights from trainer sta5!
2026-07-01 17:00:01,143 - EXECUT - INFO - received weights from trainer sta7!
2026-07-01 17:00:01,448 - EXECUT - INFO - sent aggregated weights to trainers!
2026-07-01 17:00:01,762 - METRIC - INFO - {"loss": 0.04302104935050011, "accuracy": 0.9868055582046509, "energy_consumption": 47843.4302138369, "selected": false, "client_name": "sta4"}
2026-07-01 17:00:01,794 - METRIC - INFO - {"loss": 0.03055606037378311, "accuracy": 0.9905335903167725, "energy_consumption": 47640.050025528486, "selected": false, "client_name": "sta8"}
2026-07-01 17:00:01,847 - METRIC - INFO - {"loss": 0.025357075035572052, "accuracy": 0.9906882643699646, "energy_consumption": 51113.81301649806, "selected": false, "client_name": "sta10"}
2026-07-01 17:00:01,860 - METRIC - INFO - {"loss": 0.03538958355784416, "accuracy": 0.9866125583648682, "energy_consumption": 34340.12516093256, "selected": false, "client_name": "sta0"}
2026-07-01 17:00:01,870 - METRIC - INFO - {"loss": 0.045515336096286774, "accuracy": 0.985828161239624, "energy_consumption": 32295.026980086157, "selected": false, "client_name": "sta1"}
2026-07-01 17:00:01,881 - METRIC - INFO - {"loss": 0.04098859056830406, "accuracy": 0.9881847500801086, "energy_consumption": 47822.24065750341, "selected": false, "client_name": "sta2"}
2026-07-01 17:00:01,918 - METRIC - INFO - {"loss": 0.02508433349430561, "accuracy": 0.9914788603782654, "energy_consumption": 49429.603741570114, "selected": false, "client_name": "sta9"}
2026-07-01 17:00:01,942 - METRIC - INFO - {"loss": 0.03713149204850197, "accuracy": 0.9887366890907288, "energy_consumption": 39242.43099523368, "selected": false, "client_name": "sta6"}
2026-07-01 17:00:01,967 - METRIC - INFO - {"loss": 0.03644315525889397, "accuracy": 0.9884292483329773, "energy_consumption": 37120.93878230998, "selected": false, "client_name": "sta3"}
2026-07-01 17:00:01,986 - METRIC - INFO - {"loss": 0.03372328355908394, "accuracy": 0.9887910485267639, "energy_consumption": 36894.68554694243, "selected": false, "client_name": "sta5"}
2026-07-01 17:00:02,024 - METRIC - INFO - {"loss": 0.03670809417963028, "accuracy": 0.9887839555740356, "energy_consumption": 33574.349319121306, "selected": false, "client_name": "sta7"}
2026-07-01 17:00:02,450 - METRIC - INFO - mean_accuracy: 0.9886247894980691

2026-07-01 17:00:02,450 - METRIC - INFO - round: 82
2026-07-01 17:00:02,450 - METRIC - INFO - n_selected: 11
2026-07-01 17:00:02,450 - METRIC - INFO - {"selected_trainers": ["sta0", "sta1", "sta10", "sta2", "sta3", "sta4", "sta5", "sta6", "sta7", "sta8", "sta9"]}
2026-07-01 17:00:07,377 - EXECUT - INFO - received weights from trainer sta4!
2026-07-01 17:00:08,022 - EXECUT - INFO - received weights from trainer sta8!
2026-07-01 17:00:11,430 - EXECUT - INFO - received weights from trainer sta10!
2026-07-01 17:00:12,685 - EXECUT - INFO - received weights from trainer sta1!
2026-07-01 17:00:12,947 - EXECUT - INFO - received weights from trainer sta0!
2026-07-01 17:00:14,029 - EXECUT - INFO - received weights from trainer sta2!
2026-07-01 17:00:14,632 - EXECUT - INFO - received weights from trainer sta6!
2026-07-01 17:00:15,309 - EXECUT - INFO - received weights from trainer sta9!
2026-07-01 17:00:15,876 - EXECUT - INFO - received weights from trainer sta3!
2026-07-01 17:00:16,801 - EXECUT - INFO - received weights from trainer sta5!
2026-07-01 17:00:16,816 - EXECUT - INFO - received weights from trainer sta7!
2026-07-01 17:00:17,144 - EXECUT - INFO - sent aggregated weights to trainers!
2026-07-01 17:00:17,513 - METRIC - INFO - {"loss": 0.04352188855409622, "accuracy": 0.9868055582046509, "energy_consumption": 48397.977763463125, "selected": false, "client_name": "sta4"}
2026-07-01 17:00:17,555 - METRIC - INFO - {"loss": 0.04087304323911667, "accuracy": 0.9887217879295349, "energy_consumption": 48353.15507732209, "selected": false, "client_name": "sta2"}
2026-07-01 17:00:17,585 - METRIC - INFO - {"loss": 0.024899998679757118, "accuracy": 0.9914979934692383, "energy_consumption": 51693.38998634754, "selected": false, "client_name": "sta10"}
2026-07-01 17:00:17,619 - METRIC - INFO - {"loss": 0.031002691015601158, "accuracy": 0.9905335903167725, "energy_consumption": 48151.43948450465, "selected": false, "client_name": "sta8"}
2026-07-01 17:00:17,633 - METRIC - INFO - {"loss": 0.03625286743044853, "accuracy": 0.9893454909324646, "energy_consumption": 39681.901763725604, "selected": false, "client_name": "sta6"}
2026-07-01 17:00:17,639 - METRIC - INFO - {"loss": 0.025249015539884567, "accuracy": 0.9914788603782654, "energy_consumption": 49973.75843984418, "selected": false, "client_name": "sta9"}
2026-07-01 17:00:17,650 - METRIC - INFO - {"loss": 0.04400785639882088, "accuracy": 0.9867138862609863, "energy_consumption": 32648.722634110312, "selected": false, "client_name": "sta1"}
2026-07-01 17:00:17,664 - METRIC - INFO - {"loss": 0.035382263362407684, "accuracy": 0.9870182275772095, "energy_consumption": 34725.59338605932, "selected": false, "client_name": "sta0"}
2026-07-01 17:00:17,680 - METRIC - INFO - {"loss": 0.0381910540163517, "accuracy": 0.987308144569397, "energy_consumption": 33944.73828505958, "selected": false, "client_name": "sta7"}
2026-07-01 17:00:17,691 - METRIC - INFO - {"loss": 0.03368200361728668, "accuracy": 0.9887910485267639, "energy_consumption": 37298.99493341663, "selected": false, "client_name": "sta5"}
2026-07-01 17:00:17,694 - METRIC - INFO - {"loss": 0.035328906029462814, "accuracy": 0.988718569278717, "energy_consumption": 37528.920360268145, "selected": false, "client_name": "sta3"}
2026-07-01 17:00:18,145 - METRIC - INFO - mean_accuracy: 0.9888121052221819

2026-07-01 17:00:18,145 - METRIC - INFO - round: 83
2026-07-01 17:00:18,145 - METRIC - INFO - n_selected: 11
2026-07-01 17:00:18,145 - METRIC - INFO - {"selected_trainers": ["sta0", "sta1", "sta10", "sta2", "sta3", "sta4", "sta5", "sta6", "sta7", "sta8", "sta9"]}
2026-07-01 17:00:23,092 - EXECUT - INFO - received weights from trainer sta8!
2026-07-01 17:00:23,112 - EXECUT - INFO - received weights from trainer sta4!
2026-07-01 17:00:27,143 - EXECUT - INFO - received weights from trainer sta10!
2026-07-01 17:00:28,570 - EXECUT - INFO - received weights from trainer sta0!
2026-07-01 17:00:28,595 - EXECUT - INFO - received weights from trainer sta1!
2026-07-01 17:00:29,781 - EXECUT - INFO - received weights from trainer sta2!
2026-07-01 17:00:30,439 - EXECUT - INFO - received weights from trainer sta6!
2026-07-01 17:00:31,019 - EXECUT - INFO - received weights from trainer sta9!
2026-07-01 17:00:31,569 - EXECUT - INFO - received weights from trainer sta3!
2026-07-01 17:00:32,438 - EXECUT - INFO - received weights from trainer sta5!
2026-07-01 17:00:32,564 - EXECUT - INFO - received weights from trainer sta7!
2026-07-01 17:00:32,791 - EXECUT - INFO - sent aggregated weights to trainers!
2026-07-01 17:00:33,123 - METRIC - INFO - {"loss": 0.04396916553378105, "accuracy": 0.9868055582046509, "energy_consumption": 48926.53404976433, "selected": false, "client_name": "sta4"}
2026-07-01 17:00:33,144 - METRIC - INFO - {"loss": 0.030263733118772507, "accuracy": 0.9905335903167725, "energy_consumption": 48675.59454077872, "selected": false, "client_name": "sta8"}
2026-07-01 17:00:33,211 - METRIC - INFO - {"loss": 0.04517588019371033, "accuracy": 0.9867138862609863, "energy_consumption": 33011.13904765779, "selected": false, "client_name": "sta1"}
2026-07-01 17:00:33,221 - METRIC - INFO - {"loss": 0.04057930037379265, "accuracy": 0.9881847500801086, "energy_consumption": 48888.36063451623, "selected": false, "client_name": "sta2"}
2026-07-01 17:00:33,269 - METRIC - INFO - {"loss": 0.025253575295209885, "accuracy": 0.9909290671348572, "energy_consumption": 50489.660911070445, "selected": false, "client_name": "sta9"}
2026-07-01 17:00:33,292 - METRIC - INFO - {"loss": 0.03693799301981926, "accuracy": 0.9887366890907288, "energy_consumption": 40120.17874178017, "selected": false, "client_name": "sta6"}
2026-07-01 17:00:33,308 - METRIC - INFO - {"loss": 0.03589855507016182, "accuracy": 0.988718569278717, "energy_consumption": 37926.63793135077, "selected": false, "client_name": "sta3"}
2026-07-01 17:00:33,324 - METRIC - INFO - {"loss": 0.02482346072793007, "accuracy": 0.9914979934692383, "energy_consumption": 52131.388139457355, "selected": false, "client_name": "sta10"}
2026-07-01 17:00:33,328 - METRIC - INFO - {"loss": 0.033480070531368256, "accuracy": 0.9887910485267639, "energy_consumption": 37707.04599240207, "selected": false, "client_name": "sta5"}
2026-07-01 17:00:33,396 - METRIC - INFO - {"loss": 0.035985250025987625, "accuracy": 0.9862068891525269, "energy_consumption": 35098.11863406408, "selected": false, "client_name": "sta0"}
2026-07-01 17:00:33,397 - METRIC - INFO - {"loss": 0.037411656230688095, "accuracy": 0.9884887933731079, "energy_consumption": 34316.67519608842, "selected": false, "client_name": "sta7"}
2026-07-01 17:00:33,794 - METRIC - INFO - mean_accuracy: 0.9886915304444053

2026-07-01 17:00:33,794 - METRIC - INFO - round: 84
2026-07-01 17:00:33,794 - METRIC - INFO - n_selected: 11
2026-07-01 17:00:33,794 - METRIC - INFO - {"selected_trainers": ["sta0", "sta1", "sta10", "sta2", "sta3", "sta4", "sta5", "sta6", "sta7", "sta8", "sta9"]}
2026-07-01 17:00:38,711 - EXECUT - INFO - received weights from trainer sta8!
2026-07-01 17:00:38,771 - EXECUT - INFO - received weights from trainer sta4!
2026-07-01 17:00:42,889 - EXECUT - INFO - received weights from trainer sta10!
2026-07-01 17:00:43,959 - EXECUT - INFO - received weights from trainer sta1!
2026-07-01 17:00:44,278 - EXECUT - INFO - received weights from trainer sta0!
2026-07-01 17:00:45,385 - EXECUT - INFO - received weights from trainer sta2!
2026-07-01 17:00:45,995 - EXECUT - INFO - received weights from trainer sta6!
2026-07-01 17:00:46,740 - EXECUT - INFO - received weights from trainer sta9!
2026-07-01 17:00:47,231 - EXECUT - INFO - received weights from trainer sta3!
2026-07-01 17:00:48,051 - EXECUT - INFO - received weights from trainer sta7!
2026-07-01 17:00:48,066 - EXECUT - INFO - received weights from trainer sta5!
2026-07-01 17:00:48,559 - EXECUT - INFO - sent aggregated weights to trainers!
2026-07-01 17:00:48,920 - METRIC - INFO - {"loss": 0.04344935715198517, "accuracy": 0.9861111044883728, "energy_consumption": 49458.92610930055, "selected": false, "client_name": "sta4"}
2026-07-01 17:00:48,947 - METRIC - INFO - {"loss": 0.03031403385102749, "accuracy": 0.9913941621780396, "energy_consumption": 49195.01413454284, "selected": false, "client_name": "sta8"}
2026-07-01 17:00:48,986 - METRIC - INFO - {"loss": 0.02547992207109928, "accuracy": 0.9906882643699646, "energy_consumption": 52706.82081246907, "selected": false, "client_name": "sta10"}
2026-07-01 17:00:48,991 - METRIC - INFO - {"loss": 0.040250957012176514, "accuracy": 0.9876477122306824, "energy_consumption": 49425.11015475941, "selected": false, "client_name": "sta2"}
2026-07-01 17:00:49,042 - METRIC - INFO - {"loss": 0.02537897787988186, "accuracy": 0.9914788603782654, "energy_consumption": 51051.55359081666, "selected": false, "client_name": "sta9"}
2026-07-01 17:00:49,045 - METRIC - INFO - {"loss": 0.04544932022690773, "accuracy": 0.985828161239624, "energy_consumption": 33367.388173787695, "selected": false, "client_name": "sta1"}
2026-07-01 17:00:49,054 - METRIC - INFO - {"loss": 0.03323134407401085, "accuracy": 0.9893248081207275, "energy_consumption": 38114.138842658416, "selected": false, "client_name": "sta5"}
2026-07-01 17:00:49,072 - METRIC - INFO - {"loss": 0.036371540278196335, "accuracy": 0.9893454909324646, "energy_consumption": 40546.665742995145, "selected": false, "client_name": "sta6"}
2026-07-01 17:00:49,083 - METRIC - INFO - {"loss": 0.03534330427646637, "accuracy": 0.9870182275772095, "energy_consumption": 35452.94315082, "selected": false, "client_name": "sta0"}
2026-07-01 17:00:49,091 - METRIC - INFO - {"loss": 0.035551972687244415, "accuracy": 0.989007830619812, "energy_consumption": 38333.332818229675, "selected": false, "client_name": "sta3"}
2026-07-01 17:00:49,170 - METRIC - INFO - {"loss": 0.0367453470826149, "accuracy": 0.9887839555740356, "energy_consumption": 34696.1852394187, "selected": false, "client_name": "sta7"}
2026-07-01 17:00:49,560 - METRIC - INFO - mean_accuracy: 0.9887844161553816

2026-07-01 17:00:49,560 - METRIC - INFO - round: 85
2026-07-01 17:00:49,560 - METRIC - INFO - n_selected: 11
2026-07-01 17:00:49,560 - METRIC - INFO - {"selected_trainers": ["sta0", "sta1", "sta10", "sta2", "sta3", "sta4", "sta5", "sta6", "sta7", "sta8", "sta9"]}
2026-07-01 17:00:54,511 - EXECUT - INFO - received weights from trainer sta8!
2026-07-01 17:00:54,534 - EXECUT - INFO - received weights from trainer sta4!
2026-07-01 17:00:58,543 - EXECUT - INFO - received weights from trainer sta10!
2026-07-01 17:00:59,781 - EXECUT - INFO - received weights from trainer sta1!
2026-07-01 17:01:00,013 - EXECUT - INFO - received weights from trainer sta0!
2026-07-01 17:01:01,130 - EXECUT - INFO - received weights from trainer sta2!
2026-07-01 17:01:01,792 - EXECUT - INFO - received weights from trainer sta6!
2026-07-01 17:01:02,465 - EXECUT - INFO - received weights from trainer sta9!
2026-07-01 17:01:02,944 - EXECUT - INFO - received weights from trainer sta3!
2026-07-01 17:01:03,893 - EXECUT - INFO - received weights from trainer sta5!
2026-07-01 17:01:03,941 - EXECUT - INFO - received weights from trainer sta7!
2026-07-01 17:01:04,254 - EXECUT - INFO - sent aggregated weights to trainers!
2026-07-01 17:01:04,588 - METRIC - INFO - {"loss": 0.04347779601812363, "accuracy": 0.9868055582046509, "energy_consumption": 49978.47616756842, "selected": false, "client_name": "sta4"}
2026-07-01 17:01:04,626 - METRIC - INFO - {"loss": 0.031105175614356995, "accuracy": 0.9913941621780396, "energy_consumption": 49720.520959275316, "selected": false, "client_name": "sta8"}
2026-07-01 17:01:04,646 - METRIC - INFO - {"loss": 0.04166023060679436, "accuracy": 0.9879162311553955, "energy_consumption": 49963.01313790684, "selected": false, "client_name": "sta2"}
2026-07-01 17:01:04,656 - METRIC - INFO - {"loss": 0.024221397936344147, "accuracy": 0.9914979934692383, "energy_consumption": 53240.481379056706, "selected": false, "client_name": "sta10"}
2026-07-01 17:01:04,699 - METRIC - INFO - {"loss": 0.03523127734661102, "accuracy": 0.9870182275772095, "energy_consumption": 35801.30896181735, "selected": false, "client_name": "sta0"}
2026-07-01 17:01:04,707 - METRIC - INFO - {"loss": 0.03345414623618126, "accuracy": 0.9890578985214233, "energy_consumption": 38522.1880066493, "selected": false, "client_name": "sta5"}
2026-07-01 17:01:04,716 - METRIC - INFO - {"loss": 0.025145094841718674, "accuracy": 0.9909290671348572, "energy_consumption": 51601.712795350184, "selected": false, "client_name": "sta9"}
2026-07-01 17:01:04,738 - METRIC - INFO - {"loss": 0.03725109249353409, "accuracy": 0.9881278276443481, "energy_consumption": 40989.767078647186, "selected": false, "client_name": "sta6"}
2026-07-01 17:01:04,753 - METRIC - INFO - {"loss": 0.03522869572043419, "accuracy": 0.989297091960907, "energy_consumption": 38729.439333672155, "selected": false, "client_name": "sta3"}
2026-07-01 17:01:04,791 - METRIC - INFO - {"loss": 0.04552019014954567, "accuracy": 0.9853852987289429, "energy_consumption": 33750.73051751236, "selected": false, "client_name": "sta1"}
2026-07-01 17:01:04,843 - METRIC - INFO - {"loss": 0.03649614378809929, "accuracy": 0.9887839555740356, "energy_consumption": 35065.287703991686, "selected": false, "client_name": "sta7"}
2026-07-01 17:01:05,255 - METRIC - INFO - mean_accuracy: 0.9887466647408225

2026-07-01 17:01:05,256 - METRIC - INFO - round: 86
2026-07-01 17:01:05,256 - METRIC - INFO - n_selected: 11
2026-07-01 17:01:05,256 - METRIC - INFO - {"selected_trainers": ["sta0", "sta1", "sta10", "sta2", "sta3", "sta4", "sta5", "sta6", "sta7", "sta8", "sta9"]}
2026-07-01 17:01:10,127 - EXECUT - INFO - received weights from trainer sta8!
2026-07-01 17:01:10,222 - EXECUT - INFO - received weights from trainer sta4!
2026-07-01 17:01:14,265 - EXECUT - INFO - received weights from trainer sta10!
2026-07-01 17:01:15,416 - EXECUT - INFO - received weights from trainer sta1!
2026-07-01 17:01:15,740 - EXECUT - INFO - received weights from trainer sta0!
2026-07-01 17:01:16,851 - EXECUT - INFO - received weights from trainer sta2!
2026-07-01 17:01:17,478 - EXECUT - INFO - received weights from trainer sta6!
2026-07-01 17:01:18,133 - EXECUT - INFO - received weights from trainer sta9!
2026-07-01 17:01:18,639 - EXECUT - INFO - received weights from trainer sta3!
2026-07-01 17:01:19,542 - EXECUT - INFO - received weights from trainer sta7!
2026-07-01 17:01:26,131 - EXECUT - INFO - received weights from trainer sta5!
2026-07-01 17:01:26,883 - EXECUT - INFO - sent aggregated weights to trainers!
2026-07-01 17:01:27,251 - METRIC - INFO - {"loss": 0.030918922275304794, "accuracy": 0.9905335903167725, "energy_consumption": 50378.47630065935, "selected": false, "client_name": "sta8"}
2026-07-01 17:01:27,257 - METRIC - INFO - {"loss": 0.04321989044547081, "accuracy": 0.9861111044883728, "energy_consumption": 50763.04937539331, "selected": false, "client_name": "sta4"}
2026-07-01 17:01:27,293 - METRIC - INFO - {"loss": 0.024671291932463646, "accuracy": 0.9914979934692383, "energy_consumption": 54081.589603002285, "selected": false, "client_name": "sta10"}
2026-07-01 17:01:27,297 - METRIC - INFO - {"loss": 0.040951356291770935, "accuracy": 0.9887217879295349, "energy_consumption": 50733.542731270834, "selected": false, "client_name": "sta2"}
2026-07-01 17:01:27,370 - METRIC - INFO - {"loss": 0.03705022111535072, "accuracy": 0.9887366890907288, "energy_consumption": 41630.168498001556, "selected": false, "client_name": "sta6"}
2026-07-01 17:01:27,384 - METRIC - INFO - {"loss": 0.025347530841827393, "accuracy": 0.9906542301177979, "energy_consumption": 52306.481560994136, "selected": false, "client_name": "sta9"}
2026-07-01 17:01:27,397 - METRIC - INFO - {"loss": 0.03349320963025093, "accuracy": 0.9890578985214233, "energy_consumption": 39117.82235407079, "selected": false, "client_name": "sta5"}
2026-07-01 17:01:27,399 - METRIC - INFO - {"loss": 0.03469701483845711, "accuracy": 0.9866125583648682, "energy_consumption": 36339.166680093535, "selected": false, "client_name": "sta0"}
2026-07-01 17:01:27,403 - METRIC - INFO - {"loss": 0.03553563728928566, "accuracy": 0.9881399869918823, "energy_consumption": 39310.94404521399, "selected": false, "client_name": "sta3"}
2026-07-01 17:01:27,412 - METRIC - INFO - {"loss": 0.036684874445199966, "accuracy": 0.9887839555740356, "energy_consumption": 35608.31054294684, "selected": false, "client_name": "sta7"}
2026-07-01 17:01:27,448 - METRIC - INFO - {"loss": 0.045790065079927444, "accuracy": 0.9867138862609863, "energy_consumption": 34300.229445995006, "selected": false, "client_name": "sta1"}
2026-07-01 17:01:27,884 - METRIC - INFO - mean_accuracy: 0.9886876073750582

2026-07-01 17:01:27,884 - METRIC - INFO - round: 87
2026-07-01 17:01:27,884 - METRIC - INFO - n_selected: 11
2026-07-01 17:01:27,884 - METRIC - INFO - {"selected_trainers": ["sta0", "sta1", "sta10", "sta2", "sta3", "sta4", "sta5", "sta6", "sta7", "sta8", "sta9"]}
2026-07-01 17:01:32,746 - EXECUT - INFO - received weights from trainer sta8!
2026-07-01 17:01:32,847 - EXECUT - INFO - received weights from trainer sta4!
2026-07-01 17:01:36,943 - EXECUT - INFO - received weights from trainer sta10!
2026-07-01 17:01:38,083 - EXECUT - INFO - received weights from trainer sta1!
2026-07-01 17:01:38,379 - EXECUT - INFO - received weights from trainer sta0!
2026-07-01 17:01:39,488 - EXECUT - INFO - received weights from trainer sta2!
2026-07-01 17:01:40,150 - EXECUT - INFO - received weights from trainer sta6!
2026-07-01 17:01:40,678 - EXECUT - INFO - received weights from trainer sta9!
2026-07-01 17:01:41,219 - EXECUT - INFO - received weights from trainer sta3!
2026-07-01 17:01:42,110 - EXECUT - INFO - received weights from trainer sta5!
2026-07-01 17:01:42,213 - EXECUT - INFO - received weights from trainer sta7!
2026-07-01 17:01:42,657 - EXECUT - INFO - sent aggregated weights to trainers!
2026-07-01 17:01:42,958 - METRIC - INFO - {"loss": 0.04384644329547882, "accuracy": 0.9868055582046509, "energy_consumption": 51262.53014797866, "selected": false, "client_name": "sta4"}
2026-07-01 17:01:43,013 - METRIC - INFO - {"loss": 0.030930761247873306, "accuracy": 0.9913941621780396, "energy_consumption": 50850.063176409836, "selected": false, "client_name": "sta8"}
2026-07-01 17:01:43,051 - METRIC - INFO - {"loss": 0.04126637428998947, "accuracy": 0.9879162311553955, "energy_consumption": 51258.10681365112, "selected": false, "client_name": "sta2"}
2026-07-01 17:01:43,054 - METRIC - INFO - {"loss": 0.024016352370381355, "accuracy": 0.9914979934692383, "energy_consumption": 54668.8308917511, "selected": false, "client_name": "sta10"}
2026-07-01 17:01:43,133 - METRIC - INFO - {"loss": 0.024902230128645897, "accuracy": 0.9920285940170288, "energy_consumption": 52831.46480426979, "selected": false, "client_name": "sta9"}
2026-07-01 17:01:43,156 - METRIC - INFO - {"loss": 0.03654157742857933, "accuracy": 0.9893454909324646, "energy_consumption": 42054.869116542264, "selected": false, "client_name": "sta6"}
2026-07-01 17:01:43,170 - METRIC - INFO - {"loss": 0.03682016581296921, "accuracy": 0.9878296256065369, "energy_consumption": 36685.896974452946, "selected": false, "client_name": "sta0"}
2026-07-01 17:01:43,172 - METRIC - INFO - {"loss": 0.03393581509590149, "accuracy": 0.9879903793334961, "energy_consumption": 39517.989482096076, "selected": false, "client_name": "sta5"}
2026-07-01 17:01:43,173 - METRIC - INFO - {"loss": 0.04620320722460747, "accuracy": 0.985828161239624, "energy_consumption": 34637.53168674181, "selected": false, "client_name": "sta1"}
2026-07-01 17:01:43,201 - METRIC - INFO - {"loss": 0.0362105630338192, "accuracy": 0.9881399869918823, "energy_consumption": 39699.75739540969, "selected": false, "client_name": "sta3"}
2026-07-01 17:01:43,228 - METRIC - INFO - {"loss": 0.03705507516860962, "accuracy": 0.9878984689712524, "energy_consumption": 35987.494740280905, "selected": false, "client_name": "sta7"}
2026-07-01 17:01:43,660 - METRIC - INFO - mean_accuracy: 0.9887886047363281

2026-07-01 17:01:43,660 - METRIC - INFO - round: 88
2026-07-01 17:01:43,660 - METRIC - INFO - n_selected: 11
2026-07-01 17:01:43,660 - METRIC - INFO - {"selected_trainers": ["sta0", "sta1", "sta10", "sta2", "sta3", "sta4", "sta5", "sta6", "sta7", "sta8", "sta9"]}
2026-07-01 17:01:48,523 - EXECUT - INFO - received weights from trainer sta8!
2026-07-01 17:01:48,641 - EXECUT - INFO - received weights from trainer sta4!
2026-07-01 17:01:52,718 - EXECUT - INFO - received weights from trainer sta10!
2026-07-01 17:01:53,959 - EXECUT - INFO - received weights from trainer sta1!
2026-07-01 17:01:54,177 - EXECUT - INFO - received weights from trainer sta0!
2026-07-01 17:01:55,220 - EXECUT - INFO - received weights from trainer sta2!
2026-07-01 17:01:55,817 - EXECUT - INFO - received weights from trainer sta6!
2026-07-01 17:01:56,521 - EXECUT - INFO - received weights from trainer sta9!
2026-07-01 17:01:57,084 - EXECUT - INFO - received weights from trainer sta3!
2026-07-01 17:01:57,947 - EXECUT - INFO - received weights from trainer sta5!
2026-07-01 17:01:57,962 - EXECUT - INFO - received weights from trainer sta7!
2026-07-01 17:01:58,290 - EXECUT - INFO - sent aggregated weights to trainers!
2026-07-01 17:01:58,609 - METRIC - INFO - {"loss": 0.04347072169184685, "accuracy": 0.9868055582046509, "energy_consumption": 51797.59880549148, "selected": false, "client_name": "sta4"}
2026-07-01 17:01:58,658 - METRIC - INFO - {"loss": 0.03003557026386261, "accuracy": 0.9922547340393066, "energy_consumption": 51376.24784635397, "selected": false, "client_name": "sta8"}
2026-07-01 17:01:58,691 - METRIC - INFO - {"loss": 0.02516304887831211, "accuracy": 0.9914979934692383, "energy_consumption": 55249.288050028794, "selected": false, "client_name": "sta10"}
2026-07-01 17:01:58,732 - METRIC - INFO - {"loss": 0.04136599227786064, "accuracy": 0.988990306854248, "energy_consumption": 51799.48869772163, "selected": false, "client_name": "sta2"}
2026-07-01 17:01:58,750 - METRIC - INFO - {"loss": 0.02514231950044632, "accuracy": 0.9909290671348572, "energy_consumption": 53380.49917994725, "selected": false, "client_name": "sta9"}
2026-07-01 17:01:58,763 - METRIC - INFO - {"loss": 0.04459751769900322, "accuracy": 0.9871567487716675, "energy_consumption": 34997.02676987038, "selected": false, "client_name": "sta1"}
2026-07-01 17:01:58,767 - METRIC - INFO - {"loss": 0.035194020718336105, "accuracy": 0.9862068891525269, "energy_consumption": 37081.879506777535, "selected": false, "client_name": "sta0"}
2026-07-01 17:01:58,779 - METRIC - INFO - {"loss": 0.03699198737740517, "accuracy": 0.9890410900115967, "energy_consumption": 42483.06096000093, "selected": false, "client_name": "sta6"}
2026-07-01 17:01:58,801 - METRIC - INFO - {"loss": 0.03541295975446701, "accuracy": 0.988718569278717, "energy_consumption": 40117.53567803535, "selected": false, "client_name": "sta3"}
2026-07-01 17:01:58,818 - METRIC - INFO - {"loss": 0.034286245703697205, "accuracy": 0.9882572889328003, "energy_consumption": 39924.49631921183, "selected": false, "client_name": "sta5"}
2026-07-01 17:01:58,885 - METRIC - INFO - {"loss": 0.03638347610831261, "accuracy": 0.9890791177749634, "energy_consumption": 36277.05275181823, "selected": false, "client_name": "sta7"}
2026-07-01 17:01:59,292 - METRIC - INFO - mean_accuracy: 0.9889943057840521

2026-07-01 17:01:59,292 - METRIC - INFO - round: 89
2026-07-01 17:01:59,292 - METRIC - INFO - n_selected: 11
2026-07-01 17:01:59,292 - METRIC - INFO - {"selected_trainers": ["sta0", "sta1", "sta10", "sta2", "sta3", "sta4", "sta5", "sta6", "sta7", "sta8", "sta9"]}
2026-07-01 17:02:04,258 - EXECUT - INFO - received weights from trainer sta8!
2026-07-01 17:02:04,277 - EXECUT - INFO - received weights from trainer sta4!
2026-07-01 17:02:08,335 - EXECUT - INFO - received weights from trainer sta10!
2026-07-01 17:02:09,505 - EXECUT - INFO - received weights from trainer sta1!
2026-07-01 17:02:09,859 - EXECUT - INFO - received weights from trainer sta0!
2026-07-01 17:02:10,949 - EXECUT - INFO - received weights from trainer sta2!
2026-07-01 17:02:11,536 - EXECUT - INFO - received weights from trainer sta6!
2026-07-01 17:02:12,209 - EXECUT - INFO - received weights from trainer sta9!
2026-07-01 17:02:12,672 - EXECUT - INFO - received weights from trainer sta3!
2026-07-01 17:02:13,600 - EXECUT - INFO - received weights from trainer sta7!
2026-07-01 17:02:13,659 - EXECUT - INFO - received weights from trainer sta5!
2026-07-01 17:02:14,068 - EXECUT - INFO - sent aggregated weights to trainers!
2026-07-01 17:02:14,365 - METRIC - INFO - {"loss": 0.04419652745127678, "accuracy": 0.9868055582046509, "energy_consumption": 52342.06589696875, "selected": false, "client_name": "sta4"}
2026-07-01 17:02:14,399 - METRIC - INFO - {"loss": 0.030946489423513412, "accuracy": 0.9913941621780396, "energy_consumption": 51902.56176674176, "selected": false, "client_name": "sta8"}
2026-07-01 17:02:14,455 - METRIC - INFO - {"loss": 0.04094890132546425, "accuracy": 0.9881847500801086, "energy_consumption": 52342.150691821254, "selected": false, "client_name": "sta2"}
2026-07-01 17:02:14,457 - METRIC - INFO - {"loss": 0.02449473738670349, "accuracy": 0.9914979934692383, "energy_consumption": 55821.42558185905, "selected": false, "client_name": "sta10"}
2026-07-01 17:02:14,547 - METRIC - INFO - {"loss": 0.03689553961157799, "accuracy": 0.9893454909324646, "energy_consumption": 42821.32145151757, "selected": false, "client_name": "sta6"}
2026-07-01 17:02:14,551 - METRIC - INFO - {"loss": 0.034860655665397644, "accuracy": 0.9870182275772095, "energy_consumption": 37468.558588975466, "selected": false, "client_name": "sta0"}
2026-07-01 17:02:14,594 - METRIC - INFO - {"loss": 0.03566489741206169, "accuracy": 0.9884292483329773, "energy_consumption": 40522.29802897081, "selected": false, "client_name": "sta3"}
2026-07-01 17:02:14,616 - METRIC - INFO - {"loss": 0.03636215999722481, "accuracy": 0.9887839555740356, "energy_consumption": 36639.89778389159, "selected": false, "client_name": "sta7"}
2026-07-01 17:02:14,649 - METRIC - INFO - {"loss": 0.02478634938597679, "accuracy": 0.9917536973953247, "energy_consumption": 53949.3322890852, "selected": false, "client_name": "sta9"}
2026-07-01 17:02:14,718 - METRIC - INFO - {"loss": 0.03380073234438896, "accuracy": 0.9887910485267639, "energy_consumption": 40323.282145299796, "selected": false, "client_name": "sta5"}
2026-07-01 17:02:14,724 - METRIC - INFO - {"loss": 0.04659086838364601, "accuracy": 0.9862710237503052, "energy_consumption": 35352.38608727206, "selected": false, "client_name": "sta1"}
2026-07-01 17:02:15,070 - METRIC - INFO - mean_accuracy: 0.988934105092829

2026-07-01 17:02:15,070 - METRIC - INFO - round: 90
2026-07-01 17:02:15,070 - METRIC - INFO - n_selected: 11
2026-07-01 17:02:15,070 - METRIC - INFO - {"selected_trainers": ["sta0", "sta1", "sta10", "sta2", "sta3", "sta4", "sta5", "sta6", "sta7", "sta8", "sta9"]}
2026-07-01 17:02:19,960 - EXECUT - INFO - received weights from trainer sta8!
2026-07-01 17:02:20,477 - EXECUT - INFO - received weights from trainer sta4!
2026-07-01 17:02:24,129 - EXECUT - INFO - received weights from trainer sta10!
2026-07-01 17:02:25,215 - EXECUT - INFO - received weights from trainer sta1!
2026-07-01 17:02:25,573 - EXECUT - INFO - received weights from trainer sta0!
2026-07-01 17:02:27,300 - EXECUT - INFO - received weights from trainer sta6!
2026-07-01 17:02:27,959 - EXECUT - INFO - received weights from trainer sta9!
2026-07-01 17:02:28,514 - EXECUT - INFO - received weights from trainer sta3!
2026-07-01 17:02:29,348 - EXECUT - INFO - received weights from trainer sta5!
2026-07-01 17:02:29,391 - EXECUT - INFO - received weights from trainer sta7!
2026-07-01 17:02:35,817 - EXECUT - INFO - received weights from trainer sta2!
2026-07-01 17:02:36,705 - EXECUT - INFO - sent aggregated weights to trainers!
2026-07-01 17:02:37,071 - METRIC - INFO - {"loss": 0.04362974688410759, "accuracy": 0.9868055582046509, "energy_consumption": 53010.21685090272, "selected": false, "client_name": "sta4"}
2026-07-01 17:02:37,082 - METRIC - INFO - {"loss": 0.03961440548300743, "accuracy": 0.9888123869895935, "energy_consumption": 52739.35003665503, "selected": false, "client_name": "sta8"}
2026-07-01 17:02:37,137 - METRIC - INFO - {"loss": 0.02528667449951172, "accuracy": 0.991093099117279, "energy_consumption": 56660.84485281177, "selected": false, "client_name": "sta10"}
2026-07-01 17:02:37,179 - METRIC - INFO - {"loss": 0.035048577934503555, "accuracy": 0.9874239563941956, "energy_consumption": 37991.30682532358, "selected": false, "client_name": "sta0"}
2026-07-01 17:02:37,186 - METRIC - INFO - {"loss": 0.03658688813447952, "accuracy": 0.9890410900115967, "energy_consumption": 43482.60948134925, "selected": false, "client_name": "sta6"}
2026-07-01 17:02:37,188 - METRIC - INFO - {"loss": 0.025165226310491562, "accuracy": 0.9917536973953247, "energy_consumption": 54783.23370247616, "selected": false, "client_name": "sta9"}
2026-07-01 17:02:37,234 - METRIC - INFO - {"loss": 0.033701326698064804, "accuracy": 0.9887910485267639, "energy_consumption": 40819.858230095015, "selected": false, "client_name": "sta5"}
2026-07-01 17:02:37,237 - METRIC - INFO - {"loss": 0.044914573431015015, "accuracy": 0.9871567487716675, "energy_consumption": 35877.15270510422, "selected": false, "client_name": "sta1"}
2026-07-01 17:02:37,240 - METRIC - INFO - {"loss": 0.03686034306883812, "accuracy": 0.9881936311721802, "energy_consumption": 37187.277723008236, "selected": false, "client_name": "sta7"}
2026-07-01 17:02:37,265 - METRIC - INFO - {"loss": 0.0414484366774559, "accuracy": 0.9884532690048218, "energy_consumption": 53076.478839596966, "selected": false, "client_name": "sta2"}
2026-07-01 17:02:37,353 - METRIC - INFO - {"loss": 0.03532715514302254, "accuracy": 0.988718569278717, "energy_consumption": 41122.91620842765, "selected": false, "client_name": "sta3"}
2026-07-01 17:02:37,707 - METRIC - INFO - mean_accuracy: 0.9887493686242537

2026-07-01 17:02:37,711 - METRIC - INFO - stop_condition: rounds
