2026-07-01 18:23:20,922 - EXECUT - INFO - starting server...
2026-07-01 18:23:25,740 - EXECUT - INFO - trainer number sta4 just joined the pool
2026-07-01 18:23:25,784 - EXECUT - INFO - trainer number sta0 just joined the pool
2026-07-01 18:23:25,870 - EXECUT - INFO - trainer number sta1 just joined the pool
2026-07-01 18:23:25,912 - EXECUT - INFO - trainer number sta3 just joined the pool
2026-07-01 18:23:26,010 - EXECUT - INFO - trainer number sta7 just joined the pool
2026-07-01 18:23:26,053 - EXECUT - INFO - trainer number sta5 just joined the pool
2026-07-01 18:23:26,053 - EXECUT - INFO - trainer number sta2 just joined the pool
2026-07-01 18:23:26,086 - EXECUT - INFO - trainer number sta6 just joined the pool
2026-07-01 18:23:26,209 - EXECUT - INFO - trainer number sta8 just joined the pool
2026-07-01 18:23:26,333 - EXECUT - INFO - trainer number sta10 just joined the pool
2026-07-01 18:23:26,376 - EXECUT - INFO - trainer number sta9 just joined the pool
2026-07-01 18:23:26,932 - EXECUT - INFO - mensagem de data_sz recebida: 
 {'id': 'sta0', 'dataset_sz': 747088320}
2026-07-01 18:23:26,932 - EXECUT - INFO - mensagem de data_sz recebida: 
 {'id': 'sta10', 'dataset_sz': 748350720}
2026-07-01 18:23:26,973 - EXECUT - INFO - mensagem de data_sz recebida: 
 {'id': 'sta3', 'dataset_sz': 1047438528}
2026-07-01 18:23:26,973 - EXECUT - INFO - mensagem de data_sz recebida: 
 {'id': 'sta2', 'dataset_sz': 1128383616}
2026-07-01 18:23:26,973 - EXECUT - INFO - mensagem de data_sz recebida: 
 {'id': 'sta4', 'dataset_sz': 436285440}
2026-07-01 18:23:26,973 - EXECUT - INFO - mensagem de data_sz recebida: 
 {'id': 'sta1', 'dataset_sz': 684321792}
2026-07-01 18:23:26,973 - EXECUT - INFO - mensagem de data_sz recebida: 
 {'id': 'sta7', 'dataset_sz': 1026684672}
2026-07-01 18:23:26,973 - EXECUT - INFO - mensagem de data_sz recebida: 
 {'id': 'sta6', 'dataset_sz': 995528640}
2026-07-01 18:23:26,973 - EXECUT - INFO - mensagem de data_sz recebida: 
 {'id': 'sta8', 'dataset_sz': 352361088}
2026-07-01 18:23:26,973 - EXECUT - INFO - mensagem de data_sz recebida: 
 {'id': 'sta5', 'dataset_sz': 1135301568}
2026-07-01 18:23:26,973 - EXECUT - INFO - mensagem de data_sz recebida: 
 {'id': 'sta9', 'dataset_sz': 1102428672}
2026-07-01 18:23:27,932 - METRIC - INFO - round: 1
2026-07-01 18:23:27,932 - METRIC - INFO - n_selected: 11
2026-07-01 18:23:27,932 - METRIC - INFO - {"selected_trainers": ["sta0", "sta1", "sta10", "sta2", "sta3", "sta4", "sta5", "sta6", "sta7", "sta8", "sta9"]}
2026-07-01 18:23:33,161 - EXECUT - INFO - received weights from trainer sta8!
2026-07-01 18:23:33,176 - EXECUT - INFO - received weights from trainer sta4!
2026-07-01 18:23:37,024 - EXECUT - INFO - received weights from trainer sta10!
2026-07-01 18:23:38,534 - EXECUT - INFO - received weights from trainer sta1!
2026-07-01 18:23:38,776 - EXECUT - INFO - received weights from trainer sta0!
2026-07-01 18:23:39,738 - EXECUT - INFO - received weights from trainer sta2!
2026-07-01 18:23:40,541 - EXECUT - INFO - received weights from trainer sta6!
2026-07-01 18:23:41,235 - EXECUT - INFO - received weights from trainer sta9!
2026-07-01 18:23:41,719 - EXECUT - INFO - received weights from trainer sta3!
2026-07-01 18:23:42,515 - EXECUT - INFO - received weights from trainer sta7!
2026-07-01 18:23:42,537 - EXECUT - INFO - received weights from trainer sta5!
2026-07-01 18:23:43,716 - EXECUT - INFO - sent aggregated weights to trainers!
2026-07-01 18:23:44,204 - METRIC - INFO - {"loss": 0.36799702048301697, "accuracy": 0.9020833373069763, "energy_consumption": 1283.1848533245434, "selected": false, "client_name": "sta4"}
2026-07-01 18:23:44,258 - METRIC - INFO - {"loss": 0.4452989399433136, "accuracy": 0.8881239295005798, "energy_consumption": 1045.771532148905, "selected": false, "client_name": "sta8"}
2026-07-01 18:23:44,275 - METRIC - INFO - {"loss": 0.31464192271232605, "accuracy": 0.9093117117881775, "energy_consumption": 938.8593280586235, "selected": false, "client_name": "sta10"}
2026-07-01 18:23:44,278 - METRIC - INFO - {"loss": 0.2796899974346161, "accuracy": 0.9191729426383972, "energy_consumption": 1279.6209975232996, "selected": false, "client_name": "sta2"}
2026-07-01 18:23:44,301 - METRIC - INFO - {"loss": 0.26401084661483765, "accuracy": 0.9230346083641052, "energy_consumption": 939.9297878416163, "selected": false, "client_name": "sta9"}
2026-07-01 18:23:44,374 - METRIC - INFO - {"loss": 0.2739746570587158, "accuracy": 0.9211567640304565, "energy_consumption": 864.5292945651057, "selected": false, "client_name": "sta6"}
2026-07-01 18:23:44,398 - METRIC - INFO - {"loss": 0.31027185916900635, "accuracy": 0.9105402827262878, "energy_consumption": 1224.3638652603695, "selected": false, "client_name": "sta1"}
2026-07-01 18:23:44,429 - METRIC - INFO - {"loss": 0.3197956383228302, "accuracy": 0.906693696975708, "energy_consumption": 1167.65406521627, "selected": false, "client_name": "sta0"}
2026-07-01 18:23:44,444 - METRIC - INFO - {"loss": 0.2820967137813568, "accuracy": 0.9192941784858704, "energy_consumption": 1190.7716822459947, "selected": false, "client_name": "sta3"}
2026-07-01 18:23:44,447 - METRIC - INFO - {"loss": 0.27034446597099304, "accuracy": 0.9210034608840942, "energy_consumption": 1153.7548680980372, "selected": false, "client_name": "sta5"}
2026-07-01 18:23:44,485 - METRIC - INFO - {"loss": 0.27930116653442383, "accuracy": 0.9217827916145325, "energy_consumption": 962.9533311997644, "selected": false, "client_name": "sta7"}
2026-07-01 18:23:44,717 - METRIC - INFO - mean_accuracy: 0.9129270640286532

2026-07-01 18:23:44,717 - METRIC - INFO - round: 2
2026-07-01 18:23:44,717 - METRIC - INFO - n_selected: 11
2026-07-01 18:23:44,717 - METRIC - INFO - {"selected_trainers": ["sta0", "sta1", "sta10", "sta2", "sta3", "sta4", "sta5", "sta6", "sta7", "sta8", "sta9"]}
2026-07-01 18:23:49,626 - EXECUT - INFO - received weights from trainer sta4!
2026-07-01 18:23:49,642 - EXECUT - INFO - received weights from trainer sta8!
2026-07-01 18:23:53,451 - EXECUT - INFO - received weights from trainer sta10!
2026-07-01 18:23:54,733 - EXECUT - INFO - received weights from trainer sta1!
2026-07-01 18:23:55,129 - EXECUT - INFO - received weights from trainer sta0!
2026-07-01 18:23:56,343 - EXECUT - INFO - received weights from trainer sta2!
2026-07-01 18:23:56,975 - EXECUT - INFO - received weights from trainer sta6!
2026-07-01 18:23:57,873 - EXECUT - INFO - received weights from trainer sta9!
2026-07-01 18:23:57,999 - EXECUT - INFO - received weights from trainer sta3!
2026-07-01 18:23:58,913 - EXECUT - INFO - received weights from trainer sta7!
2026-07-01 18:23:58,953 - EXECUT - INFO - received weights from trainer sta5!
2026-07-01 18:23:59,354 - EXECUT - INFO - sent aggregated weights to trainers!
2026-07-01 18:23:59,659 - METRIC - INFO - {"loss": 2.0202441215515137, "accuracy": 0.605555534362793, "energy_consumption": 1820.5156859275187, "selected": false, "client_name": "sta4"}
2026-07-01 18:23:59,760 - METRIC - INFO - {"loss": 0.46079540252685547, "accuracy": 0.8719119429588318, "energy_consumption": 1814.4897990187785, "selected": false, "client_name": "sta2"}
2026-07-01 18:23:59,766 - METRIC - INFO - {"loss": 2.230319023132324, "accuracy": 0.4457831382751465, "energy_consumption": 1624.815728665992, "selected": false, "client_name": "sta8"}
2026-07-01 18:23:59,813 - METRIC - INFO - {"loss": 0.7548311948776245, "accuracy": 0.791093111038208, "energy_consumption": 1510.9711339557534, "selected": false, "client_name": "sta10"}
2026-07-01 18:23:59,850 - METRIC - INFO - {"loss": 0.46220824122428894, "accuracy": 0.8732820153236389, "energy_consumption": 1495.3411247146355, "selected": false, "client_name": "sta9"}
2026-07-01 18:23:59,918 - METRIC - INFO - {"loss": 0.5110834240913391, "accuracy": 0.8578386902809143, "energy_consumption": 1303.2536416233177, "selected": false, "client_name": "sta6"}
2026-07-01 18:23:59,967 - METRIC - INFO - {"loss": 0.7547020316123962, "accuracy": 0.7991886138916016, "energy_consumption": 1541.9948818681282, "selected": false, "client_name": "sta0"}
2026-07-01 18:23:59,989 - METRIC - INFO - {"loss": 0.4552586078643799, "accuracy": 0.8761675953865051, "energy_consumption": 1559.0178319867205, "selected": false, "client_name": "sta5"}
2026-07-01 18:23:59,999 - METRIC - INFO - {"loss": 0.48901405930519104, "accuracy": 0.8695400357246399, "energy_consumption": 1611.733378337544, "selected": false, "client_name": "sta3"}
2026-07-01 18:24:00,008 - METRIC - INFO - {"loss": 0.8270312547683716, "accuracy": 0.790522575378418, "energy_consumption": 1594.693831736495, "selected": false, "client_name": "sta1"}
2026-07-01 18:24:00,024 - METRIC - INFO - {"loss": 0.5069077610969543, "accuracy": 0.8657024502754211, "energy_consumption": 1335.9914320456296, "selected": false, "client_name": "sta7"}
2026-07-01 18:24:00,357 - METRIC - INFO - mean_accuracy: 0.786053245717829

2026-07-01 18:24:00,357 - METRIC - INFO - round: 3
2026-07-01 18:24:00,357 - METRIC - INFO - n_selected: 11
2026-07-01 18:24:00,357 - METRIC - INFO - {"selected_trainers": ["sta0", "sta1", "sta10", "sta2", "sta3", "sta4", "sta5", "sta6", "sta7", "sta8", "sta9"]}
2026-07-01 18:24:05,222 - EXECUT - INFO - received weights from trainer sta4!
2026-07-01 18:24:05,268 - EXECUT - INFO - received weights from trainer sta8!
2026-07-01 18:24:09,132 - EXECUT - INFO - received weights from trainer sta10!
2026-07-01 18:24:10,439 - EXECUT - INFO - received weights from trainer sta1!
2026-07-01 18:24:10,753 - EXECUT - INFO - received weights from trainer sta0!
2026-07-01 18:24:11,979 - EXECUT - INFO - received weights from trainer sta2!
2026-07-01 18:24:12,513 - EXECUT - INFO - received weights from trainer sta6!
2026-07-01 18:24:13,442 - EXECUT - INFO - received weights from trainer sta9!
2026-07-01 18:24:14,532 - EXECUT - INFO - received weights from trainer sta5!
2026-07-01 18:24:14,585 - EXECUT - INFO - received weights from trainer sta7!
2026-07-01 18:24:21,157 - EXECUT - INFO - received weights from trainer sta3!
2026-07-01 18:24:22,031 - EXECUT - INFO - sent aggregated weights to trainers!
2026-07-01 18:24:22,326 - METRIC - INFO - {"loss": 0.3618839383125305, "accuracy": 0.8999999761581421, "energy_consumption": 2476.9493614142575, "selected": false, "client_name": "sta4"}
2026-07-01 18:24:22,413 - METRIC - INFO - {"loss": 0.3889046311378479, "accuracy": 0.889845073223114, "energy_consumption": 2453.2830656074593, "selected": false, "client_name": "sta8"}
2026-07-01 18:24:22,419 - METRIC - INFO - {"loss": 0.30261215567588806, "accuracy": 0.9127282500267029, "energy_consumption": 2595.9603247979107, "selected": false, "client_name": "sta2"}
2026-07-01 18:24:22,466 - METRIC - INFO - {"loss": 0.3397393822669983, "accuracy": 0.9024291634559631, "energy_consumption": 2358.5010121616187, "selected": false, "client_name": "sta10"}
2026-07-01 18:24:22,509 - METRIC - INFO - {"loss": 0.2982614040374756, "accuracy": 0.9123144745826721, "energy_consumption": 2326.3745794504075, "selected": false, "client_name": "sta9"}
2026-07-01 18:24:22,563 - METRIC - INFO - {"loss": 0.3008023798465729, "accuracy": 0.9092846512794495, "energy_consumption": 1948.6175758292643, "selected": false, "client_name": "sta6"}
2026-07-01 18:24:22,590 - METRIC - INFO - {"loss": 0.3518776297569275, "accuracy": 0.9038539528846741, "energy_consumption": 2096.8167451169547, "selected": false, "client_name": "sta0"}
2026-07-01 18:24:22,594 - METRIC - INFO - {"loss": 0.3257434070110321, "accuracy": 0.9114260673522949, "energy_consumption": 2117.4556836339093, "selected": false, "client_name": "sta1"}
2026-07-01 18:24:22,607 - METRIC - INFO - {"loss": 0.3064938187599182, "accuracy": 0.909527599811554, "energy_consumption": 2054.299201093667, "selected": false, "client_name": "sta5"}
2026-07-01 18:24:22,645 - METRIC - INFO - {"loss": 0.3107263743877411, "accuracy": 0.9106161594390869, "energy_consumption": 2213.8974153714335, "selected": false, "client_name": "sta3"}
2026-07-01 18:24:22,656 - METRIC - INFO - {"loss": 0.3128501772880554, "accuracy": 0.9070248007774353, "energy_consumption": 1900.2384470144561, "selected": false, "client_name": "sta7"}
2026-07-01 18:24:23,033 - METRIC - INFO - mean_accuracy: 0.906277288090099

2026-07-01 18:24:23,033 - METRIC - INFO - round: 4
2026-07-01 18:24:23,033 - METRIC - INFO - n_selected: 11
2026-07-01 18:24:23,033 - METRIC - INFO - {"selected_trainers": ["sta0", "sta1", "sta10", "sta2", "sta3", "sta4", "sta5", "sta6", "sta7", "sta8", "sta9"]}
2026-07-01 18:24:27,981 - EXECUT - INFO - received weights from trainer sta8!
2026-07-01 18:24:28,001 - EXECUT - INFO - received weights from trainer sta4!
2026-07-01 18:24:31,772 - EXECUT - INFO - received weights from trainer sta10!
2026-07-01 18:24:33,166 - EXECUT - INFO - received weights from trainer sta1!
2026-07-01 18:24:33,372 - EXECUT - INFO - received weights from trainer sta0!
2026-07-01 18:24:34,611 - EXECUT - INFO - received weights from trainer sta2!
2026-07-01 18:24:35,133 - EXECUT - INFO - received weights from trainer sta6!
2026-07-01 18:24:36,127 - EXECUT - INFO - received weights from trainer sta9!
2026-07-01 18:24:36,330 - EXECUT - INFO - received weights from trainer sta3!
2026-07-01 18:24:37,253 - EXECUT - INFO - received weights from trainer sta7!
2026-07-01 18:24:37,274 - EXECUT - INFO - received weights from trainer sta5!
2026-07-01 18:24:37,747 - EXECUT - INFO - sent aggregated weights to trainers!
2026-07-01 18:24:38,150 - METRIC - INFO - {"loss": 0.22504256665706635, "accuracy": 0.9360902309417725, "energy_consumption": 3123.070282465673, "selected": false, "client_name": "sta2"}
2026-07-01 18:24:38,178 - METRIC - INFO - {"loss": 0.24995596706867218, "accuracy": 0.9270833134651184, "energy_consumption": 2985.138773670666, "selected": false, "client_name": "sta4"}
2026-07-01 18:24:38,204 - METRIC - INFO - {"loss": 0.24859285354614258, "accuracy": 0.9230769276618958, "energy_consumption": 2905.624553716872, "selected": false, "client_name": "sta10"}
2026-07-01 18:24:38,264 - METRIC - INFO - {"loss": 0.2731400430202484, "accuracy": 0.913941502571106, "energy_consumption": 2953.345758253481, "selected": false, "client_name": "sta8"}
2026-07-01 18:24:38,354 - METRIC - INFO - {"loss": 0.23035620152950287, "accuracy": 0.9324793219566345, "energy_consumption": 2446.0134033514987, "selected": false, "client_name": "sta5"}
2026-07-01 18:24:38,379 - METRIC - INFO - {"loss": 0.22106587886810303, "accuracy": 0.9365035891532898, "energy_consumption": 2865.255014628651, "selected": false, "client_name": "sta9"}
2026-07-01 18:24:38,399 - METRIC - INFO - {"loss": 0.23145544528961182, "accuracy": 0.9352039098739624, "energy_consumption": 2611.3881894342503, "selected": false, "client_name": "sta3"}
2026-07-01 18:24:38,404 - METRIC - INFO - {"loss": 0.23826749622821808, "accuracy": 0.9291408061981201, "energy_consumption": 2459.5116479742924, "selected": false, "client_name": "sta1"}
2026-07-01 18:24:38,406 - METRIC - INFO - {"loss": 0.22265060245990753, "accuracy": 0.9302892088890076, "energy_consumption": 2383.261875914932, "selected": false, "client_name": "sta6"}
2026-07-01 18:24:38,446 - METRIC - INFO - {"loss": 0.2311493307352066, "accuracy": 0.9309327006340027, "energy_consumption": 2251.3343731338864, "selected": false, "client_name": "sta7"}
2026-07-01 18:24:38,502 - METRIC - INFO - {"loss": 0.2599029839038849, "accuracy": 0.9221095442771912, "energy_consumption": 2454.795478904909, "selected": false, "client_name": "sta0"}
2026-07-01 18:24:38,750 - METRIC - INFO - mean_accuracy: 0.928804641420191

2026-07-01 18:24:38,750 - METRIC - INFO - round: 5
2026-07-01 18:24:38,750 - METRIC - INFO - n_selected: 11
2026-07-01 18:24:38,750 - METRIC - INFO - {"selected_trainers": ["sta0", "sta1", "sta10", "sta2", "sta3", "sta4", "sta5", "sta6", "sta7", "sta8", "sta9"]}
2026-07-01 18:24:43,663 - EXECUT - INFO - received weights from trainer sta8!
2026-07-01 18:24:44,157 - EXECUT - INFO - received weights from trainer sta4!
2026-07-01 18:24:47,572 - EXECUT - INFO - received weights from trainer sta10!
2026-07-01 18:24:48,757 - EXECUT - INFO - received weights from trainer sta1!
2026-07-01 18:24:49,060 - EXECUT - INFO - received weights from trainer sta0!
2026-07-01 18:24:50,830 - EXECUT - INFO - received weights from trainer sta6!
2026-07-01 18:24:51,878 - EXECUT - INFO - received weights from trainer sta9!
2026-07-01 18:24:52,025 - EXECUT - INFO - received weights from trainer sta3!
2026-07-01 18:24:52,940 - EXECUT - INFO - received weights from trainer sta5!
2026-07-01 18:24:52,996 - EXECUT - INFO - received weights from trainer sta7!
2026-07-01 18:24:59,487 - EXECUT - INFO - received weights from trainer sta2!
2026-07-01 18:25:00,472 - EXECUT - INFO - sent aggregated weights to trainers!
2026-07-01 18:25:00,798 - METRIC - INFO - {"loss": 0.1904926300048828, "accuracy": 0.9395833611488342, "energy_consumption": 3776.616818523363, "selected": false, "client_name": "sta4"}
2026-07-01 18:25:00,891 - METRIC - INFO - {"loss": 0.20713216066360474, "accuracy": 0.9380378723144531, "energy_consumption": 3762.248697951882, "selected": false, "client_name": "sta8"}
2026-07-01 18:25:00,936 - METRIC - INFO - {"loss": 0.16893349587917328, "accuracy": 0.9524464011192322, "energy_consumption": 3695.5591361435004, "selected": false, "client_name": "sta9"}
2026-07-01 18:25:01,021 - METRIC - INFO - {"loss": 0.17483508586883545, "accuracy": 0.9487110376358032, "energy_consumption": 3916.322572487209, "selected": false, "client_name": "sta2"}
2026-07-01 18:25:01,022 - METRIC - INFO - {"loss": 0.17139773070812225, "accuracy": 0.9470319747924805, "energy_consumption": 3020.092201589391, "selected": false, "client_name": "sta6"}
2026-07-01 18:25:01,036 - METRIC - INFO - {"loss": 0.19103768467903137, "accuracy": 0.9437246918678284, "energy_consumption": 3736.2849967351076, "selected": false, "client_name": "sta10"}
2026-07-01 18:25:01,080 - METRIC - INFO - {"loss": 0.18022486567497253, "accuracy": 0.9451003670692444, "energy_consumption": 2805.197913365891, "selected": false, "client_name": "sta7"}
2026-07-01 18:25:01,162 - METRIC - INFO - {"loss": 0.17980267107486725, "accuracy": 0.9493780732154846, "energy_consumption": 3231.1462304659053, "selected": false, "client_name": "sta3"}
2026-07-01 18:25:01,185 - METRIC - INFO - {"loss": 0.17757511138916016, "accuracy": 0.9487590193748474, "energy_consumption": 3048.735623328502, "selected": false, "client_name": "sta5"}
2026-07-01 18:25:01,189 - METRIC - INFO - {"loss": 0.1980101764202118, "accuracy": 0.9411764740943909, "energy_consumption": 3003.2408726175463, "selected": false, "client_name": "sta0"}
2026-07-01 18:25:01,204 - METRIC - INFO - {"loss": 0.1844201683998108, "accuracy": 0.9441984295845032, "energy_consumption": 3010.095520983781, "selected": false, "client_name": "sta1"}
2026-07-01 18:25:01,473 - METRIC - INFO - mean_accuracy: 0.9452861547470093

2026-07-01 18:25:01,473 - METRIC - INFO - round: 6
2026-07-01 18:25:01,473 - METRIC - INFO - n_selected: 11
2026-07-01 18:25:01,473 - METRIC - INFO - {"selected_trainers": ["sta0", "sta1", "sta10", "sta2", "sta3", "sta4", "sta5", "sta6", "sta7", "sta8", "sta9"]}
2026-07-01 18:25:06,381 - EXECUT - INFO - received weights from trainer sta8!
2026-07-01 18:25:06,894 - EXECUT - INFO - received weights from trainer sta4!
2026-07-01 18:25:10,241 - EXECUT - INFO - received weights from trainer sta10!
2026-07-01 18:25:11,579 - EXECUT - INFO - received weights from trainer sta1!
2026-07-01 18:25:11,929 - EXECUT - INFO - received weights from trainer sta0!
2026-07-01 18:25:12,991 - EXECUT - INFO - received weights from trainer sta2!
2026-07-01 18:25:13,699 - EXECUT - INFO - received weights from trainer sta6!
2026-07-01 18:25:14,530 - EXECUT - INFO - received weights from trainer sta9!
2026-07-01 18:25:14,907 - EXECUT - INFO - received weights from trainer sta3!
2026-07-01 18:25:15,717 - EXECUT - INFO - received weights from trainer sta5!
2026-07-01 18:25:22,481 - EXECUT - INFO - received weights from trainer sta7!
2026-07-01 18:25:23,223 - EXECUT - INFO - sent aggregated weights to trainers!
2026-07-01 18:25:23,527 - METRIC - INFO - {"loss": 0.1507880836725235, "accuracy": 0.9534721970558167, "energy_consumption": 4571.8918697314675, "selected": false, "client_name": "sta4"}
2026-07-01 18:25:23,625 - METRIC - INFO - {"loss": 0.16373109817504883, "accuracy": 0.955249547958374, "energy_consumption": 4501.082844388185, "selected": false, "client_name": "sta8"}
2026-07-01 18:25:23,656 - METRIC - INFO - {"loss": 0.14176645874977112, "accuracy": 0.9581095576286316, "energy_consumption": 4583.400492251171, "selected": false, "client_name": "sta2"}
2026-07-01 18:25:23,669 - METRIC - INFO - {"loss": 0.15705646574497223, "accuracy": 0.9563205242156982, "energy_consumption": 3721.095383795582, "selected": false, "client_name": "sta3"}
2026-07-01 18:25:23,694 - METRIC - INFO - {"loss": 0.15289314091205597, "accuracy": 0.9530364274978638, "energy_consumption": 4551.952934153053, "selected": false, "client_name": "sta10"}
2026-07-01 18:25:23,702 - METRIC - INFO - {"loss": 0.13668833673000336, "accuracy": 0.9634414315223694, "energy_consumption": 4528.454505308556, "selected": false, "client_name": "sta9"}
2026-07-01 18:25:23,740 - METRIC - INFO - {"loss": 0.15692411363124847, "accuracy": 0.953346848487854, "energy_consumption": 3541.8377806666995, "selected": false, "client_name": "sta0"}
2026-07-01 18:25:23,773 - METRIC - INFO - {"loss": 0.1480521708726883, "accuracy": 0.9563164114952087, "energy_consumption": 3334.0452185093873, "selected": false, "client_name": "sta7"}
2026-07-01 18:25:23,793 - METRIC - INFO - {"loss": 0.1381978988647461, "accuracy": 0.9579908847808838, "energy_consumption": 3640.0832831296098, "selected": false, "client_name": "sta6"}
2026-07-01 18:25:23,825 - METRIC - INFO - {"loss": 0.145699143409729, "accuracy": 0.9591673612594604, "energy_consumption": 3661.042407254503, "selected": false, "client_name": "sta5"}
2026-07-01 18:25:23,908 - METRIC - INFO - {"loss": 0.15235450863838196, "accuracy": 0.9557130336761475, "energy_consumption": 3537.3129068004255, "selected": false, "client_name": "sta1"}
2026-07-01 18:25:24,226 - METRIC - INFO - mean_accuracy: 0.9565603841434825

2026-07-01 18:25:24,226 - METRIC - INFO - round: 7
2026-07-01 18:25:24,226 - METRIC - INFO - n_selected: 11
2026-07-01 18:25:24,226 - METRIC - INFO - {"selected_trainers": ["sta0", "sta1", "sta10", "sta2", "sta3", "sta4", "sta5", "sta6", "sta7", "sta8", "sta9"]}
2026-07-01 18:25:29,181 - EXECUT - INFO - received weights from trainer sta8!
2026-07-01 18:25:29,202 - EXECUT - INFO - received weights from trainer sta4!
2026-07-01 18:25:32,972 - EXECUT - INFO - received weights from trainer sta10!
2026-07-01 18:25:34,289 - EXECUT - INFO - received weights from trainer sta1!
2026-07-01 18:25:34,576 - EXECUT - INFO - received weights from trainer sta0!
2026-07-01 18:25:35,786 - EXECUT - INFO - received weights from trainer sta2!
2026-07-01 18:25:36,349 - EXECUT - INFO - received weights from trainer sta6!
2026-07-01 18:25:37,278 - EXECUT - INFO - received weights from trainer sta9!
2026-07-01 18:25:37,527 - EXECUT - INFO - received weights from trainer sta3!
2026-07-01 18:25:38,454 - EXECUT - INFO - received weights from trainer sta5!
2026-07-01 18:25:45,206 - EXECUT - INFO - received weights from trainer sta7!
2026-07-01 18:25:45,909 - EXECUT - INFO - sent aggregated weights to trainers!
2026-07-01 18:25:46,212 - METRIC - INFO - {"loss": 0.12460476905107498, "accuracy": 0.9597222208976746, "energy_consumption": 5342.521786504652, "selected": false, "client_name": "sta4"}
2026-07-01 18:25:46,277 - METRIC - INFO - {"loss": 0.13656163215637207, "accuracy": 0.9629948139190674, "energy_consumption": 5234.509424658272, "selected": false, "client_name": "sta8"}
2026-07-01 18:25:46,304 - METRIC - INFO - {"loss": 0.12055586278438568, "accuracy": 0.9632115960121155, "energy_consumption": 5354.449832641101, "selected": false, "client_name": "sta2"}
2026-07-01 18:25:46,337 - METRIC - INFO - {"loss": 0.12786945700645447, "accuracy": 0.961133599281311, "energy_consumption": 5397.884626655682, "selected": false, "client_name": "sta10"}
2026-07-01 18:25:46,378 - METRIC - INFO - {"loss": 0.11625276505947113, "accuracy": 0.9664651155471802, "energy_consumption": 5340.465101303738, "selected": false, "client_name": "sta9"}
2026-07-01 18:25:46,398 - METRIC - INFO - {"loss": 0.13200069963932037, "accuracy": 0.9638945460319519, "energy_consumption": 4038.2934637917756, "selected": false, "client_name": "sta0"}
2026-07-01 18:25:46,404 - METRIC - INFO - {"loss": 0.11471232771873474, "accuracy": 0.9659056067466736, "energy_consumption": 4282.916363030718, "selected": false, "client_name": "sta6"}
2026-07-01 18:25:46,420 - METRIC - INFO - {"loss": 0.12364894896745682, "accuracy": 0.9647092819213867, "energy_consumption": 4308.634932360805, "selected": false, "client_name": "sta3"}
2026-07-01 18:25:46,452 - METRIC - INFO - {"loss": 0.12289044260978699, "accuracy": 0.9610354900360107, "energy_consumption": 4226.921392024377, "selected": false, "client_name": "sta5"}
2026-07-01 18:25:46,457 - METRIC - INFO - {"loss": 0.1261185258626938, "accuracy": 0.9616292715072632, "energy_consumption": 3863.20327554053, "selected": false, "client_name": "sta7"}
2026-07-01 18:25:46,464 - METRIC - INFO - {"loss": 0.12730719149112701, "accuracy": 0.9605845808982849, "energy_consumption": 3961.7174537412634, "selected": false, "client_name": "sta1"}
2026-07-01 18:25:46,911 - METRIC - INFO - mean_accuracy: 0.96284419298172

2026-07-01 18:25:46,911 - METRIC - INFO - round: 8
2026-07-01 18:25:46,911 - METRIC - INFO - n_selected: 11
2026-07-01 18:25:46,911 - METRIC - INFO - {"selected_trainers": ["sta0", "sta1", "sta10", "sta2", "sta3", "sta4", "sta5", "sta6", "sta7", "sta8", "sta9"]}
2026-07-01 18:25:51,817 - EXECUT - INFO - received weights from trainer sta8!
2026-07-01 18:25:51,839 - EXECUT - INFO - received weights from trainer sta4!
2026-07-01 18:25:55,638 - EXECUT - INFO - received weights from trainer sta10!
2026-07-01 18:25:57,026 - EXECUT - INFO - received weights from trainer sta1!
2026-07-01 18:25:57,288 - EXECUT - INFO - received weights from trainer sta0!
2026-07-01 18:25:58,512 - EXECUT - INFO - received weights from trainer sta2!
2026-07-01 18:25:59,031 - EXECUT - INFO - received weights from trainer sta6!
2026-07-01 18:26:00,027 - EXECUT - INFO - received weights from trainer sta9!
2026-07-01 18:26:00,221 - EXECUT - INFO - received weights from trainer sta3!
2026-07-01 18:26:01,149 - EXECUT - INFO - received weights from trainer sta7!
2026-07-01 18:26:01,191 - EXECUT - INFO - received weights from trainer sta5!
2026-07-01 18:26:01,654 - EXECUT - INFO - sent aggregated weights to trainers!
2026-07-01 18:26:01,953 - METRIC - INFO - {"loss": 0.10785575211048126, "accuracy": 0.9638888835906982, "energy_consumption": 5888.083310462224, "selected": false, "client_name": "sta4"}
2026-07-01 18:26:02,043 - METRIC - INFO - {"loss": 0.11501176655292511, "accuracy": 0.9690189361572266, "energy_consumption": 5714.38739297442, "selected": false, "client_name": "sta8"}
2026-07-01 18:26:02,086 - METRIC - INFO - {"loss": 0.10637591779232025, "accuracy": 0.9669709801673889, "energy_consumption": 5884.785613046109, "selected": false, "client_name": "sta2"}
2026-07-01 18:26:02,100 - METRIC - INFO - {"loss": 0.1092076450586319, "accuracy": 0.964372456073761, "energy_consumption": 5937.467788196756, "selected": false, "client_name": "sta10"}
2026-07-01 18:26:02,126 - METRIC - INFO - {"loss": 0.0996890515089035, "accuracy": 0.9716877341270447, "energy_consumption": 5897.555344535333, "selected": false, "client_name": "sta9"}
2026-07-01 18:26:02,140 - METRIC - INFO - {"loss": 0.10794508457183838, "accuracy": 0.9699161052703857, "energy_consumption": 4716.796421767138, "selected": false, "client_name": "sta3"}
2026-07-01 18:26:02,170 - METRIC - INFO - {"loss": 0.11411838233470917, "accuracy": 0.9663286209106445, "energy_consumption": 4483.87313019681, "selected": false, "client_name": "sta0"}
2026-07-01 18:26:02,189 - METRIC - INFO - {"loss": 0.09839637577533722, "accuracy": 0.9719939231872559, "energy_consumption": 4721.6452871555775, "selected": false, "client_name": "sta6"}
2026-07-01 18:26:02,210 - METRIC - INFO - {"loss": 0.10871169716119766, "accuracy": 0.9674406051635742, "energy_consumption": 4617.390362297436, "selected": false, "client_name": "sta5"}
2026-07-01 18:26:02,249 - METRIC - INFO - {"loss": 0.10973057150840759, "accuracy": 0.965171217918396, "energy_consumption": 4211.788923400311, "selected": false, "client_name": "sta7"}
2026-07-01 18:26:02,295 - METRIC - INFO - {"loss": 0.11067239940166473, "accuracy": 0.9685562252998352, "energy_consumption": 4281.2258985839335, "selected": false, "client_name": "sta1"}
2026-07-01 18:26:02,656 - METRIC - INFO - mean_accuracy: 0.9677586988969282

2026-07-01 18:26:02,656 - METRIC - INFO - round: 9
2026-07-01 18:26:02,656 - METRIC - INFO - n_selected: 11
2026-07-01 18:26:02,656 - METRIC - INFO - {"selected_trainers": ["sta0", "sta1", "sta10", "sta2", "sta3", "sta4", "sta5", "sta6", "sta7", "sta8", "sta9"]}
2026-07-01 18:26:07,580 - EXECUT - INFO - received weights from trainer sta8!
2026-07-01 18:26:07,598 - EXECUT - INFO - received weights from trainer sta4!
2026-07-01 18:26:11,431 - EXECUT - INFO - received weights from trainer sta10!
2026-07-01 18:26:12,740 - EXECUT - INFO - received weights from trainer sta1!
2026-07-01 18:26:13,110 - EXECUT - INFO - received weights from trainer sta0!
2026-07-01 18:26:14,218 - EXECUT - INFO - received weights from trainer sta2!
2026-07-01 18:26:14,810 - EXECUT - INFO - received weights from trainer sta6!
2026-07-01 18:26:15,803 - EXECUT - INFO - received weights from trainer sta9!
2026-07-01 18:26:16,020 - EXECUT - INFO - received weights from trainer sta3!
2026-07-01 18:26:16,827 - EXECUT - INFO - received weights from trainer sta7!
2026-07-01 18:26:16,879 - EXECUT - INFO - received weights from trainer sta5!
2026-07-01 18:26:17,393 - EXECUT - INFO - sent aggregated weights to trainers!
2026-07-01 18:26:17,695 - METRIC - INFO - {"loss": 0.09343761950731277, "accuracy": 0.9680555462837219, "energy_consumption": 6421.52439193941, "selected": false, "client_name": "sta4"}
2026-07-01 18:26:17,766 - METRIC - INFO - {"loss": 0.0997515544295311, "accuracy": 0.9724612832069397, "energy_consumption": 6254.961297114469, "selected": false, "client_name": "sta8"}
2026-07-01 18:26:17,782 - METRIC - INFO - {"loss": 0.09468754380941391, "accuracy": 0.9707304239273071, "energy_consumption": 6402.747907485599, "selected": false, "client_name": "sta2"}
2026-07-01 18:26:17,810 - METRIC - INFO - {"loss": 0.09606441855430603, "accuracy": 0.9692307710647583, "energy_consumption": 6517.342889075843, "selected": false, "client_name": "sta10"}
2026-07-01 18:26:17,837 - METRIC - INFO - {"loss": 0.09606166929006577, "accuracy": 0.9703133702278137, "energy_consumption": 6424.851601434517, "selected": false, "client_name": "sta9"}
2026-07-01 18:26:17,862 - METRIC - INFO - {"loss": 0.09842375665903091, "accuracy": 0.9732115864753723, "energy_consumption": 5160.113027939739, "selected": false, "client_name": "sta6"}
2026-07-01 18:26:17,881 - METRIC - INFO - {"loss": 0.10000169277191162, "accuracy": 0.9711967706680298, "energy_consumption": 4768.458853054435, "selected": false, "client_name": "sta0"}
2026-07-01 18:26:17,889 - METRIC - INFO - {"loss": 0.09514190256595612, "accuracy": 0.9716517329216003, "energy_consumption": 5140.452808920737, "selected": false, "client_name": "sta3"}
2026-07-01 18:26:17,913 - METRIC - INFO - {"loss": 0.09714534878730774, "accuracy": 0.9704840779304504, "energy_consumption": 4590.842124644417, "selected": false, "client_name": "sta7"}
2026-07-01 18:26:17,922 - METRIC - INFO - {"loss": 0.09509497880935669, "accuracy": 0.9698425531387329, "energy_consumption": 5011.945146267325, "selected": false, "client_name": "sta5"}
2026-07-01 18:26:17,944 - METRIC - INFO - {"loss": 0.09665320068597794, "accuracy": 0.9698848724365234, "energy_consumption": 4627.359202150699, "selected": false, "client_name": "sta1"}
2026-07-01 18:26:18,395 - METRIC - INFO - mean_accuracy: 0.97064208984375

2026-07-01 18:26:18,395 - METRIC - INFO - round: 10
2026-07-01 18:26:18,395 - METRIC - INFO - n_selected: 11
2026-07-01 18:26:18,395 - METRIC - INFO - {"selected_trainers": ["sta0", "sta1", "sta10", "sta2", "sta3", "sta4", "sta5", "sta6", "sta7", "sta8", "sta9"]}
2026-07-01 18:26:23,359 - EXECUT - INFO - received weights from trainer sta4!
2026-07-01 18:26:23,991 - EXECUT - INFO - received weights from trainer sta8!
2026-07-01 18:26:27,328 - EXECUT - INFO - received weights from trainer sta10!
2026-07-01 18:26:28,560 - EXECUT - INFO - received weights from trainer sta1!
2026-07-01 18:26:28,825 - EXECUT - INFO - received weights from trainer sta0!
2026-07-01 18:26:30,544 - EXECUT - INFO - received weights from trainer sta6!
2026-07-01 18:26:31,553 - EXECUT - INFO - received weights from trainer sta9!
2026-07-01 18:26:31,845 - EXECUT - INFO - received weights from trainer sta3!
2026-07-01 18:26:32,656 - EXECUT - INFO - received weights from trainer sta5!
2026-07-01 18:26:32,688 - EXECUT - INFO - received weights from trainer sta7!
2026-07-01 18:26:39,154 - EXECUT - INFO - received weights from trainer sta2!
2026-07-01 18:26:40,046 - EXECUT - INFO - sent aggregated weights to trainers!
2026-07-01 18:26:40,388 - METRIC - INFO - {"loss": 0.08338498324155807, "accuracy": 0.9701389074325562, "energy_consumption": 7188.936017246318, "selected": false, "client_name": "sta4"}
2026-07-01 18:26:40,440 - METRIC - INFO - {"loss": 0.08787605911493301, "accuracy": 0.9733218550682068, "energy_consumption": 7035.929098888174, "selected": false, "client_name": "sta8"}
2026-07-01 18:26:40,489 - METRIC - INFO - {"loss": 0.0824657455086708, "accuracy": 0.9731471538543701, "energy_consumption": 7178.017542067747, "selected": false, "client_name": "sta2"}
2026-07-01 18:26:40,505 - METRIC - INFO - {"loss": 0.08532486855983734, "accuracy": 0.9736841917037964, "energy_consumption": 7221.794948051847, "selected": false, "client_name": "sta10"}
2026-07-01 18:26:40,546 - METRIC - INFO - {"loss": 0.07928353548049927, "accuracy": 0.9760857820510864, "energy_consumption": 7223.838990162034, "selected": false, "client_name": "sta9"}
2026-07-01 18:26:40,553 - METRIC - INFO - {"loss": 0.08130991458892822, "accuracy": 0.9753424525260925, "energy_consumption": 5809.11147605401, "selected": false, "client_name": "sta6"}
2026-07-01 18:26:40,557 - METRIC - INFO - {"loss": 0.08550683408975601, "accuracy": 0.9759907722473145, "energy_consumption": 5768.338100088447, "selected": false, "client_name": "sta3"}
2026-07-01 18:26:40,575 - METRIC - INFO - {"loss": 0.08785255253314972, "accuracy": 0.9736308455467224, "energy_consumption": 5318.090854849846, "selected": false, "client_name": "sta0"}
2026-07-01 18:26:40,576 - METRIC - INFO - {"loss": 0.08845461159944534, "accuracy": 0.9725420475006104, "energy_consumption": 5132.998711387474, "selected": false, "client_name": "sta1"}
2026-07-01 18:26:40,635 - METRIC - INFO - {"loss": 0.08627001941204071, "accuracy": 0.972511351108551, "energy_consumption": 5610.4292374370525, "selected": false, "client_name": "sta5"}
2026-07-01 18:26:40,640 - METRIC - INFO - {"loss": 0.08710580319166183, "accuracy": 0.9719598293304443, "energy_consumption": 5125.0382256110515, "selected": false, "client_name": "sta7"}
2026-07-01 18:26:41,048 - METRIC - INFO - mean_accuracy: 0.973486835306341

2026-07-01 18:26:41,048 - METRIC - INFO - round: 11
2026-07-01 18:26:41,048 - METRIC - INFO - n_selected: 11
2026-07-01 18:26:41,048 - METRIC - INFO - {"selected_trainers": ["sta0", "sta1", "sta10", "sta2", "sta3", "sta4", "sta5", "sta6", "sta7", "sta8", "sta9"]}
2026-07-01 18:26:45,947 - EXECUT - INFO - received weights from trainer sta4!
2026-07-01 18:26:45,976 - EXECUT - INFO - received weights from trainer sta8!
2026-07-01 18:26:49,806 - EXECUT - INFO - received weights from trainer sta10!
2026-07-01 18:26:51,194 - EXECUT - INFO - received weights from trainer sta1!
2026-07-01 18:26:51,458 - EXECUT - INFO - received weights from trainer sta0!
2026-07-01 18:26:52,604 - EXECUT - INFO - received weights from trainer sta2!
2026-07-01 18:26:53,255 - EXECUT - INFO - received weights from trainer sta6!
2026-07-01 18:26:54,065 - EXECUT - INFO - received weights from trainer sta9!
2026-07-01 18:26:54,418 - EXECUT - INFO - received weights from trainer sta3!
2026-07-01 18:26:55,258 - EXECUT - INFO - received weights from trainer sta7!
2026-07-01 18:26:55,330 - EXECUT - INFO - received weights from trainer sta5!
2026-07-01 18:26:55,818 - EXECUT - INFO - sent aggregated weights to trainers!
2026-07-01 18:26:56,150 - METRIC - INFO - {"loss": 0.07521224021911621, "accuracy": 0.9729166626930237, "energy_consumption": 7741.14817580228, "selected": false, "client_name": "sta4"}
2026-07-01 18:26:56,171 - METRIC - INFO - {"loss": 0.08127744495868683, "accuracy": 0.9750430583953857, "energy_consumption": 7505.5614217888515, "selected": false, "client_name": "sta8"}
2026-07-01 18:26:56,231 - METRIC - INFO - {"loss": 0.0745459794998169, "accuracy": 0.97529536485672, "energy_consumption": 7683.327720234789, "selected": false, "client_name": "sta2"}
2026-07-01 18:26:56,240 - METRIC - INFO - {"loss": 0.07717158645391464, "accuracy": 0.9765182137489319, "energy_consumption": 7779.924724393844, "selected": false, "client_name": "sta10"}
2026-07-01 18:26:56,244 - METRIC - INFO - {"loss": 0.09031274169683456, "accuracy": 0.9707911014556885, "energy_consumption": 5671.3116162592405, "selected": false, "client_name": "sta0"}
2026-07-01 18:26:56,278 - METRIC - INFO - {"loss": 0.07246704399585724, "accuracy": 0.9802089333534241, "energy_consumption": 7772.072084953752, "selected": false, "client_name": "sta9"}
2026-07-01 18:26:56,283 - METRIC - INFO - {"loss": 0.07379033416509628, "accuracy": 0.9771689772605896, "energy_consumption": 6240.302015494063, "selected": false, "client_name": "sta6"}
2026-07-01 18:26:56,317 - METRIC - INFO - {"loss": 0.080999456346035, "accuracy": 0.9766824245452881, "energy_consumption": 5481.369096847944, "selected": false, "client_name": "sta7"}
2026-07-01 18:26:56,322 - METRIC - INFO - {"loss": 0.07912972569465637, "accuracy": 0.9774370789527893, "energy_consumption": 6159.8224654852165, "selected": false, "client_name": "sta3"}
2026-07-01 18:26:56,360 - METRIC - INFO - {"loss": 0.08090977370738983, "accuracy": 0.9741126298904419, "energy_consumption": 6004.75648798964, "selected": false, "client_name": "sta5"}
2026-07-01 18:26:56,380 - METRIC - INFO - {"loss": 0.0774085596203804, "accuracy": 0.9765279293060303, "energy_consumption": 5481.511902057394, "selected": false, "client_name": "sta1"}
2026-07-01 18:26:56,820 - METRIC - INFO - mean_accuracy: 0.9757002158598467

2026-07-01 18:26:56,820 - METRIC - INFO - round: 12
2026-07-01 18:26:56,820 - METRIC - INFO - n_selected: 11
2026-07-01 18:26:56,820 - METRIC - INFO - {"selected_trainers": ["sta0", "sta1", "sta10", "sta2", "sta3", "sta4", "sta5", "sta6", "sta7", "sta8", "sta9"]}
2026-07-01 18:27:01,743 - EXECUT - INFO - received weights from trainer sta8!
2026-07-01 18:27:01,758 - EXECUT - INFO - received weights from trainer sta4!
2026-07-01 18:27:05,596 - EXECUT - INFO - received weights from trainer sta10!
2026-07-01 18:27:06,927 - EXECUT - INFO - received weights from trainer sta1!
2026-07-01 18:27:07,280 - EXECUT - INFO - received weights from trainer sta0!
2026-07-01 18:27:08,410 - EXECUT - INFO - received weights from trainer sta2!
2026-07-01 18:27:08,944 - EXECUT - INFO - received weights from trainer sta6!
2026-07-01 18:27:10,009 - EXECUT - INFO - received weights from trainer sta9!
2026-07-01 18:27:10,192 - EXECUT - INFO - received weights from trainer sta3!
2026-07-01 18:27:11,021 - EXECUT - INFO - received weights from trainer sta7!
2026-07-01 18:27:11,035 - EXECUT - INFO - received weights from trainer sta5!
2026-07-01 18:27:11,543 - EXECUT - INFO - sent aggregated weights to trainers!
2026-07-01 18:27:11,848 - METRIC - INFO - {"loss": 0.06867501139640808, "accuracy": 0.9750000238418579, "energy_consumption": 8284.400557811225, "selected": false, "client_name": "sta4"}
2026-07-01 18:27:11,913 - METRIC - INFO - {"loss": 0.07241657376289368, "accuracy": 0.977624773979187, "energy_consumption": 8032.532055643773, "selected": false, "client_name": "sta8"}
2026-07-01 18:27:11,963 - METRIC - INFO - {"loss": 0.07500922679901123, "accuracy": 0.9765182137489319, "energy_consumption": 8324.209186573167, "selected": false, "client_name": "sta10"}
2026-07-01 18:27:11,970 - METRIC - INFO - {"loss": 0.06873574107885361, "accuracy": 0.978249192237854, "energy_consumption": 8216.50502804746, "selected": false, "client_name": "sta2"}
2026-07-01 18:27:11,999 - METRIC - INFO - {"loss": 0.07355912774801254, "accuracy": 0.9777263402938843, "energy_consumption": 6579.701155500744, "selected": false, "client_name": "sta3"}
2026-07-01 18:27:12,004 - METRIC - INFO - {"loss": 0.07461758702993393, "accuracy": 0.9776875972747803, "energy_consumption": 6034.506671127013, "selected": false, "client_name": "sta0"}
2026-07-01 18:27:12,010 - METRIC - INFO - {"loss": 0.06406958401203156, "accuracy": 0.9826483726501465, "energy_consumption": 6678.20565021122, "selected": false, "client_name": "sta6"}
2026-07-01 18:27:12,015 - METRIC - INFO - {"loss": 0.06463678181171417, "accuracy": 0.9818581342697144, "energy_consumption": 8327.216257588041, "selected": false, "client_name": "sta9"}
2026-07-01 18:27:12,041 - METRIC - INFO - {"loss": 0.07481151819229126, "accuracy": 0.9754469990730286, "energy_consumption": 6415.163292728257, "selected": false, "client_name": "sta5"}
2026-07-01 18:27:12,048 - METRIC - INFO - {"loss": 0.07180362939834595, "accuracy": 0.9778565168380737, "energy_consumption": 5828.453105147087, "selected": false, "client_name": "sta1"}
2026-07-01 18:27:12,123 - METRIC - INFO - {"loss": 0.07448462396860123, "accuracy": 0.977863073348999, "energy_consumption": 5850.594508095806, "selected": false, "client_name": "sta7"}
2026-07-01 18:27:12,546 - METRIC - INFO - mean_accuracy: 0.978043567050587

2026-07-01 18:27:12,546 - METRIC - INFO - round: 13
2026-07-01 18:27:12,546 - METRIC - INFO - n_selected: 11
2026-07-01 18:27:12,546 - METRIC - INFO - {"selected_trainers": ["sta0", "sta1", "sta10", "sta2", "sta3", "sta4", "sta5", "sta6", "sta7", "sta8", "sta9"]}
2026-07-01 18:27:17,465 - EXECUT - INFO - received weights from trainer sta8!
2026-07-01 18:27:17,546 - EXECUT - INFO - received weights from trainer sta4!
2026-07-01 18:27:21,356 - EXECUT - INFO - received weights from trainer sta10!
2026-07-01 18:27:22,673 - EXECUT - INFO - received weights from trainer sta1!
2026-07-01 18:27:22,965 - EXECUT - INFO - received weights from trainer sta0!
2026-07-01 18:27:24,203 - EXECUT - INFO - received weights from trainer sta2!
2026-07-01 18:27:24,720 - EXECUT - INFO - received weights from trainer sta6!
2026-07-01 18:27:25,635 - EXECUT - INFO - received weights from trainer sta9!
2026-07-01 18:27:25,976 - EXECUT - INFO - received weights from trainer sta3!
2026-07-01 18:27:26,785 - EXECUT - INFO - received weights from trainer sta7!
2026-07-01 18:27:26,796 - EXECUT - INFO - received weights from trainer sta5!
2026-07-01 18:27:27,291 - EXECUT - INFO - sent aggregated weights to trainers!
2026-07-01 18:27:27,592 - METRIC - INFO - {"loss": 0.0628960058093071, "accuracy": 0.980555534362793, "energy_consumption": 8797.199786659416, "selected": false, "client_name": "sta4"}
2026-07-01 18:27:27,698 - METRIC - INFO - {"loss": 0.06531941145658493, "accuracy": 0.9785177111625671, "energy_consumption": 8738.59427765, "selected": false, "client_name": "sta2"}
2026-07-01 18:27:27,700 - METRIC - INFO - {"loss": 0.06691230833530426, "accuracy": 0.979345977306366, "energy_consumption": 8554.911183793918, "selected": false, "client_name": "sta8"}
2026-07-01 18:27:27,717 - METRIC - INFO - {"loss": 0.0671628937125206, "accuracy": 0.98097163438797, "energy_consumption": 8903.328287283835, "selected": false, "client_name": "sta10"}
2026-07-01 18:27:27,770 - METRIC - INFO - {"loss": 0.06123964488506317, "accuracy": 0.9818581342697144, "energy_consumption": 8754.98911200835, "selected": false, "client_name": "sta9"}
2026-07-01 18:27:27,792 - METRIC - INFO - {"loss": 0.06841777265071869, "accuracy": 0.9793103337287903, "energy_consumption": 6401.852517673276, "selected": false, "client_name": "sta0"}
2026-07-01 18:27:27,797 - METRIC - INFO - {"loss": 0.0578019842505455, "accuracy": 0.9841704964637756, "energy_consumption": 7114.338421475184, "selected": false, "client_name": "sta6"}
2026-07-01 18:27:27,816 - METRIC - INFO - {"loss": 0.0695480927824974, "accuracy": 0.9794619679450989, "energy_consumption": 6999.452541240144, "selected": false, "client_name": "sta3"}
2026-07-01 18:27:27,873 - METRIC - INFO - {"loss": 0.07011029869318008, "accuracy": 0.9775820374488831, "energy_consumption": 6811.353943616922, "selected": false, "client_name": "sta5"}
2026-07-01 18:27:27,907 - METRIC - INFO - {"loss": 0.06927325576543808, "accuracy": 0.978158175945282, "energy_consumption": 6211.640103125687, "selected": false, "client_name": "sta7"}
2026-07-01 18:27:27,916 - METRIC - INFO - {"loss": 0.06638585776090622, "accuracy": 0.98228520154953, "energy_consumption": 6198.845278757202, "selected": false, "client_name": "sta1"}
2026-07-01 18:27:28,292 - METRIC - INFO - mean_accuracy: 0.9802015640518882

2026-07-01 18:27:28,292 - METRIC - INFO - round: 14
2026-07-01 18:27:28,292 - METRIC - INFO - n_selected: 11
2026-07-01 18:27:28,292 - METRIC - INFO - {"selected_trainers": ["sta0", "sta1", "sta10", "sta2", "sta3", "sta4", "sta5", "sta6", "sta7", "sta8", "sta9"]}
2026-07-01 18:27:33,305 - EXECUT - INFO - received weights from trainer sta8!
2026-07-01 18:27:33,338 - EXECUT - INFO - received weights from trainer sta4!
2026-07-01 18:27:37,099 - EXECUT - INFO - received weights from trainer sta10!
2026-07-01 18:27:38,383 - EXECUT - INFO - received weights from trainer sta1!
2026-07-01 18:27:38,663 - EXECUT - INFO - received weights from trainer sta0!
2026-07-01 18:27:40,439 - EXECUT - INFO - received weights from trainer sta6!
2026-07-01 18:27:41,358 - EXECUT - INFO - received weights from trainer sta9!
2026-07-01 18:27:41,642 - EXECUT - INFO - received weights from trainer sta3!
2026-07-01 18:27:42,564 - EXECUT - INFO - received weights from trainer sta5!
2026-07-01 18:27:49,018 - EXECUT - INFO - received weights from trainer sta2!
2026-07-01 18:27:49,311 - EXECUT - INFO - received weights from trainer sta7!
2026-07-01 18:27:50,024 - EXECUT - INFO - sent aggregated weights to trainers!
2026-07-01 18:27:50,323 - METRIC - INFO - {"loss": 0.058327626436948776, "accuracy": 0.9777777791023254, "energy_consumption": 9603.492682232805, "selected": false, "client_name": "sta4"}
2026-07-01 18:27:50,389 - METRIC - INFO - {"loss": 0.061160530894994736, "accuracy": 0.9802065491676331, "energy_consumption": 9217.143634482805, "selected": false, "client_name": "sta8"}
2026-07-01 18:27:50,425 - METRIC - INFO - {"loss": 0.06834909319877625, "accuracy": 0.9784989953041077, "energy_consumption": 6943.84895279942, "selected": false, "client_name": "sta0"}
2026-07-01 18:27:50,452 - METRIC - INFO - {"loss": 0.06074126437306404, "accuracy": 0.9809345006942749, "energy_consumption": 9516.040336672728, "selected": false, "client_name": "sta2"}
2026-07-01 18:27:50,456 - METRIC - INFO - {"loss": 0.062073901295661926, "accuracy": 0.9813765287399292, "energy_consumption": 9754.661519699013, "selected": false, "client_name": "sta10"}
2026-07-01 18:27:50,487 - METRIC - INFO - {"loss": 0.0571347177028656, "accuracy": 0.9832325577735901, "energy_consumption": 9598.930370107024, "selected": false, "client_name": "sta9"}
2026-07-01 18:27:50,524 - METRIC - INFO - {"loss": 0.05451313033699989, "accuracy": 0.9826483726501465, "energy_consumption": 7753.0771978686935, "selected": false, "client_name": "sta6"}
2026-07-01 18:27:50,549 - METRIC - INFO - {"loss": 0.06487539410591125, "accuracy": 0.9809082746505737, "energy_consumption": 7611.993665068606, "selected": false, "client_name": "sta3"}
2026-07-01 18:27:50,581 - METRIC - INFO - {"loss": 0.06695951521396637, "accuracy": 0.9765145182609558, "energy_consumption": 7399.752517123778, "selected": false, "client_name": "sta5"}
2026-07-01 18:27:50,587 - METRIC - INFO - {"loss": 0.06486628204584122, "accuracy": 0.9793388247489929, "energy_consumption": 6730.124445826024, "selected": false, "client_name": "sta7"}
2026-07-01 18:27:50,646 - METRIC - INFO - {"loss": 0.06233140453696251, "accuracy": 0.9818423390388489, "energy_consumption": 6736.323226523519, "selected": false, "client_name": "sta1"}
2026-07-01 18:27:51,026 - METRIC - INFO - mean_accuracy: 0.9802981127392162

2026-07-01 18:27:51,026 - METRIC - INFO - round: 15
2026-07-01 18:27:51,026 - METRIC - INFO - n_selected: 11
2026-07-01 18:27:51,026 - METRIC - INFO - {"selected_trainers": ["sta0", "sta1", "sta10", "sta2", "sta3", "sta4", "sta5", "sta6", "sta7", "sta8", "sta9"]}
2026-07-01 18:27:55,962 - EXECUT - INFO - received weights from trainer sta8!
2026-07-01 18:27:55,977 - EXECUT - INFO - received weights from trainer sta4!
2026-07-01 18:27:59,803 - EXECUT - INFO - received weights from trainer sta10!
2026-07-01 18:28:01,145 - EXECUT - INFO - received weights from trainer sta1!
2026-07-01 18:28:01,447 - EXECUT - INFO - received weights from trainer sta0!
2026-07-01 18:28:02,687 - EXECUT - INFO - received weights from trainer sta2!
2026-07-01 18:28:03,249 - EXECUT - INFO - received weights from trainer sta6!
2026-07-01 18:28:04,179 - EXECUT - INFO - received weights from trainer sta9!
2026-07-01 18:28:04,322 - EXECUT - INFO - received weights from trainer sta3!
2026-07-01 18:28:05,240 - EXECUT - INFO - received weights from trainer sta7!
2026-07-01 18:28:05,264 - EXECUT - INFO - received weights from trainer sta5!
2026-07-01 18:28:05,665 - EXECUT - INFO - sent aggregated weights to trainers!
2026-07-01 18:28:05,959 - METRIC - INFO - {"loss": 0.053338490426540375, "accuracy": 0.980555534362793, "energy_consumption": 10109.878201450823, "selected": false, "client_name": "sta4"}
2026-07-01 18:28:06,072 - METRIC - INFO - {"loss": 0.05680868774652481, "accuracy": 0.9822770953178406, "energy_consumption": 10051.135045561758, "selected": false, "client_name": "sta2"}
2026-07-01 18:28:06,100 - METRIC - INFO - {"loss": 0.05849938094615936, "accuracy": 0.9825910925865173, "energy_consumption": 10284.346990592334, "selected": false, "client_name": "sta10"}
2026-07-01 18:28:06,151 - METRIC - INFO - {"loss": 0.05311284586787224, "accuracy": 0.9848818182945251, "energy_consumption": 10139.304501622562, "selected": false, "client_name": "sta9"}
2026-07-01 18:28:06,163 - METRIC - INFO - {"loss": 0.07602526247501373, "accuracy": 0.9767642021179199, "energy_consumption": 9676.424641226713, "selected": false, "client_name": "sta8"}
2026-07-01 18:28:06,168 - METRIC - INFO - {"loss": 0.07404331862926483, "accuracy": 0.9776875972747803, "energy_consumption": 7313.51527490085, "selected": false, "client_name": "sta0"}
2026-07-01 18:28:06,171 - METRIC - INFO - {"loss": 0.05149659514427185, "accuracy": 0.9844748973846436, "energy_consumption": 8185.9227313403435, "selected": false, "client_name": "sta6"}
2026-07-01 18:28:06,198 - METRIC - INFO - {"loss": 0.06621338427066803, "accuracy": 0.9817761182785034, "energy_consumption": 8002.180399577613, "selected": false, "client_name": "sta3"}
2026-07-01 18:28:06,230 - METRIC - INFO - {"loss": 0.06356467306613922, "accuracy": 0.9778489470481873, "energy_consumption": 7799.198814360435, "selected": false, "client_name": "sta5"}
2026-07-01 18:28:06,267 - METRIC - INFO - {"loss": 0.06096845865249634, "accuracy": 0.9796339869499207, "energy_consumption": 7088.235045276084, "selected": false, "client_name": "sta7"}
2026-07-01 18:28:06,287 - METRIC - INFO - {"loss": 0.05875376611948013, "accuracy": 0.9831709265708923, "energy_consumption": 7072.569538815971, "selected": false, "client_name": "sta1"}
2026-07-01 18:28:06,667 - METRIC - INFO - mean_accuracy: 0.9810602014715021

2026-07-01 18:28:06,667 - METRIC - INFO - round: 16
2026-07-01 18:28:06,667 - METRIC - INFO - n_selected: 11
2026-07-01 18:28:06,667 - METRIC - INFO - {"selected_trainers": ["sta0", "sta1", "sta10", "sta2", "sta3", "sta4", "sta5", "sta6", "sta7", "sta8", "sta9"]}
2026-07-01 18:28:11,635 - EXECUT - INFO - received weights from trainer sta4!
2026-07-01 18:28:11,648 - EXECUT - INFO - received weights from trainer sta8!
2026-07-01 18:28:15,396 - EXECUT - INFO - received weights from trainer sta10!
2026-07-01 18:28:16,834 - EXECUT - INFO - received weights from trainer sta1!
2026-07-01 18:28:17,083 - EXECUT - INFO - received weights from trainer sta0!
2026-07-01 18:28:18,203 - EXECUT - INFO - received weights from trainer sta2!
2026-07-01 18:28:18,891 - EXECUT - INFO - received weights from trainer sta6!
2026-07-01 18:28:19,761 - EXECUT - INFO - received weights from trainer sta9!
2026-07-01 18:28:20,093 - EXECUT - INFO - received weights from trainer sta3!
2026-07-01 18:28:20,873 - EXECUT - INFO - received weights from trainer sta7!
2026-07-01 18:28:20,939 - EXECUT - INFO - received weights from trainer sta5!
2026-07-01 18:28:21,392 - EXECUT - INFO - sent aggregated weights to trainers!
2026-07-01 18:28:21,701 - METRIC - INFO - {"loss": 0.05123233422636986, "accuracy": 0.981249988079071, "energy_consumption": 10654.73933205808, "selected": false, "client_name": "sta4"}
2026-07-01 18:28:21,783 - METRIC - INFO - {"loss": 0.05350443348288536, "accuracy": 0.9845094680786133, "energy_consumption": 10200.592588833037, "selected": false, "client_name": "sta8"}
2026-07-01 18:28:21,915 - METRIC - INFO - {"loss": 0.04844016209244728, "accuracy": 0.9847792983055115, "energy_consumption": 8629.704014497443, "selected": false, "client_name": "sta6"}
2026-07-01 18:28:21,953 - METRIC - INFO - {"loss": 0.054815903306007385, "accuracy": 0.9828141927719116, "energy_consumption": 10577.512929893703, "selected": false, "client_name": "sta2"}
2026-07-01 18:28:21,973 - METRIC - INFO - {"loss": 0.0574113167822361, "accuracy": 0.9821862578392029, "energy_consumption": 10879.009541798423, "selected": false, "client_name": "sta10"}
2026-07-01 18:28:22,005 - METRIC - INFO - {"loss": 0.05779213830828667, "accuracy": 0.9853852987289429, "energy_consumption": 7444.0054384379755, "selected": false, "client_name": "sta1"}
2026-07-01 18:28:22,008 - METRIC - INFO - {"loss": 0.061384622007608414, "accuracy": 0.9817001223564148, "energy_consumption": 7466.038084142148, "selected": false, "client_name": "sta7"}
2026-07-01 18:28:22,018 - METRIC - INFO - {"loss": 0.0518508180975914, "accuracy": 0.984606921672821, "energy_consumption": 10697.446489667427, "selected": false, "client_name": "sta9"}
2026-07-01 18:28:22,051 - METRIC - INFO - {"loss": 0.057852718979120255, "accuracy": 0.980527400970459, "energy_consumption": 7702.6312418108755, "selected": false, "client_name": "sta0"}
2026-07-01 18:28:22,057 - METRIC - INFO - {"loss": 0.06287698447704315, "accuracy": 0.9803297519683838, "energy_consumption": 8408.90597162408, "selected": false, "client_name": "sta3"}
2026-07-01 18:28:22,070 - METRIC - INFO - {"loss": 0.05984390899538994, "accuracy": 0.9797171354293823, "energy_consumption": 8203.526380614989, "selected": false, "client_name": "sta5"}
2026-07-01 18:28:22,394 - METRIC - INFO - mean_accuracy: 0.982527803290974

2026-07-01 18:28:22,394 - METRIC - INFO - round: 17
2026-07-01 18:28:22,394 - METRIC - INFO - n_selected: 11
2026-07-01 18:28:22,394 - METRIC - INFO - {"selected_trainers": ["sta0", "sta1", "sta10", "sta2", "sta3", "sta4", "sta5", "sta6", "sta7", "sta8", "sta9"]}
2026-07-01 18:28:27,361 - EXECUT - INFO - received weights from trainer sta4!
2026-07-01 18:28:27,379 - EXECUT - INFO - received weights from trainer sta8!
2026-07-01 18:28:31,228 - EXECUT - INFO - received weights from trainer sta10!
2026-07-01 18:28:32,571 - EXECUT - INFO - received weights from trainer sta1!
2026-07-01 18:28:32,854 - EXECUT - INFO - received weights from trainer sta0!
2026-07-01 18:28:33,890 - EXECUT - INFO - received weights from trainer sta2!
2026-07-01 18:28:34,561 - EXECUT - INFO - received weights from trainer sta6!
2026-07-01 18:28:35,511 - EXECUT - INFO - received weights from trainer sta9!
2026-07-01 18:28:35,772 - EXECUT - INFO - received weights from trainer sta3!
2026-07-01 18:28:36,603 - EXECUT - INFO - received weights from trainer sta7!
2026-07-01 18:28:36,704 - EXECUT - INFO - received weights from trainer sta5!
2026-07-01 18:28:37,114 - EXECUT - INFO - sent aggregated weights to trainers!
2026-07-01 18:28:37,445 - METRIC - INFO - {"loss": 0.0471532978117466, "accuracy": 0.9819444417953491, "energy_consumption": 11172.556433773949, "selected": false, "client_name": "sta4"}
2026-07-01 18:28:37,487 - METRIC - INFO - {"loss": 0.050693389028310776, "accuracy": 0.9862306118011475, "energy_consumption": 10707.540935206753, "selected": false, "client_name": "sta8"}
2026-07-01 18:28:37,536 - METRIC - INFO - {"loss": 0.05035858973860741, "accuracy": 0.9838882684707642, "energy_consumption": 11108.204266979032, "selected": false, "client_name": "sta2"}
2026-07-01 18:28:37,553 - METRIC - INFO - {"loss": 0.05455631762742996, "accuracy": 0.9829959273338318, "energy_consumption": 11454.998319228793, "selected": false, "client_name": "sta10"}
2026-07-01 18:28:37,588 - METRIC - INFO - {"loss": 0.048724181950092316, "accuracy": 0.9851566553115845, "energy_consumption": 11244.973768493946, "selected": false, "client_name": "sta9"}
2026-07-01 18:28:37,619 - METRIC - INFO - {"loss": 0.05669435113668442, "accuracy": 0.9826439023017883, "energy_consumption": 8837.436423192503, "selected": false, "client_name": "sta3"}
2026-07-01 18:28:37,645 - METRIC - INFO - {"loss": 0.05417518690228462, "accuracy": 0.9813387393951416, "energy_consumption": 8086.199170835146, "selected": false, "client_name": "sta0"}
2026-07-01 18:28:37,677 - METRIC - INFO - {"loss": 0.05749969184398651, "accuracy": 0.9794502258300781, "energy_consumption": 8615.637330854355, "selected": false, "client_name": "sta5"}
2026-07-01 18:28:37,711 - METRIC - INFO - {"loss": 0.053672339767217636, "accuracy": 0.9867138862609863, "energy_consumption": 7809.350329262158, "selected": false, "client_name": "sta1"}
2026-07-01 18:28:37,740 - METRIC - INFO - {"loss": 0.04749174416065216, "accuracy": 0.9850836992263794, "energy_consumption": 9077.534164044708, "selected": false, "client_name": "sta6"}
2026-07-01 18:28:37,790 - METRIC - INFO - {"loss": 0.055557504296302795, "accuracy": 0.9814049601554871, "energy_consumption": 7849.470517994302, "selected": false, "client_name": "sta7"}
2026-07-01 18:28:38,116 - METRIC - INFO - mean_accuracy: 0.9833501198075034

2026-07-01 18:28:38,116 - METRIC - INFO - round: 18
2026-07-01 18:28:38,116 - METRIC - INFO - n_selected: 11
2026-07-01 18:28:38,116 - METRIC - INFO - {"selected_trainers": ["sta0", "sta1", "sta10", "sta2", "sta3", "sta4", "sta5", "sta6", "sta7", "sta8", "sta9"]}
2026-07-01 18:28:43,021 - EXECUT - INFO - received weights from trainer sta4!
2026-07-01 18:28:43,039 - EXECUT - INFO - received weights from trainer sta8!
2026-07-01 18:28:48,512 - EXECUT - INFO - received weights from trainer sta0!
2026-07-01 18:28:48,545 - EXECUT - INFO - received weights from trainer sta10!
2026-07-01 18:28:48,564 - EXECUT - INFO - received weights from trainer sta1!
2026-07-01 18:28:49,777 - EXECUT - INFO - received weights from trainer sta2!
2026-07-01 18:28:50,307 - EXECUT - INFO - received weights from trainer sta6!
2026-07-01 18:28:51,258 - EXECUT - INFO - received weights from trainer sta9!
2026-07-01 18:28:51,471 - EXECUT - INFO - received weights from trainer sta3!
2026-07-01 18:28:52,330 - EXECUT - INFO - received weights from trainer sta7!
2026-07-01 18:28:52,365 - EXECUT - INFO - received weights from trainer sta5!
2026-07-01 18:28:52,856 - EXECUT - INFO - sent aggregated weights to trainers!
2026-07-01 18:28:53,151 - METRIC - INFO - {"loss": 0.04454972967505455, "accuracy": 0.9840278029441833, "energy_consumption": 11684.190696761227, "selected": false, "client_name": "sta4"}
2026-07-01 18:28:53,241 - METRIC - INFO - {"loss": 0.05177265778183937, "accuracy": 0.9827883243560791, "energy_consumption": 11218.53211124064, "selected": false, "client_name": "sta8"}
2026-07-01 18:28:53,286 - METRIC - INFO - {"loss": 0.051754385232925415, "accuracy": 0.9854251146316528, "energy_consumption": 12021.440693759198, "selected": false, "client_name": "sta10"}
2026-07-01 18:28:53,296 - METRIC - INFO - {"loss": 0.04820002242922783, "accuracy": 0.9860365390777588, "energy_consumption": 11619.97766343881, "selected": false, "client_name": "sta2"}
2026-07-01 18:28:53,336 - METRIC - INFO - {"loss": 0.05276576429605484, "accuracy": 0.9833671450614929, "energy_consumption": 8479.942854641242, "selected": false, "client_name": "sta0"}
2026-07-01 18:28:53,344 - METRIC - INFO - {"loss": 0.047893498092889786, "accuracy": 0.9865310788154602, "energy_consumption": 11807.031205421354, "selected": false, "client_name": "sta9"}
2026-07-01 18:28:53,346 - METRIC - INFO - {"loss": 0.05448426306247711, "accuracy": 0.983801007270813, "energy_consumption": 9258.887925405214, "selected": false, "client_name": "sta3"}
2026-07-01 18:28:53,386 - METRIC - INFO - {"loss": 0.04505480080842972, "accuracy": 0.9853881001472473, "energy_consumption": 9525.074816908149, "selected": false, "client_name": "sta6"}
2026-07-01 18:28:53,418 - METRIC - INFO - {"loss": 0.0558631457388401, "accuracy": 0.9807846546173096, "energy_consumption": 9027.811282963612, "selected": false, "client_name": "sta5"}
2026-07-01 18:28:53,429 - METRIC - INFO - {"loss": 0.050440166145563126, "accuracy": 0.9871567487716675, "energy_consumption": 8187.843513583645, "selected": false, "client_name": "sta1"}
2026-07-01 18:28:53,484 - METRIC - INFO - {"loss": 0.054702065885066986, "accuracy": 0.9814049601554871, "energy_consumption": 8135.877817130237, "selected": false, "client_name": "sta7"}
2026-07-01 18:28:53,859 - METRIC - INFO - mean_accuracy: 0.9842464978044684

2026-07-01 18:28:53,859 - METRIC - INFO - round: 19
2026-07-01 18:28:53,859 - METRIC - INFO - n_selected: 11
2026-07-01 18:28:53,859 - METRIC - INFO - {"selected_trainers": ["sta0", "sta1", "sta10", "sta2", "sta3", "sta4", "sta5", "sta6", "sta7", "sta8", "sta9"]}
2026-07-01 18:28:58,778 - EXECUT - INFO - received weights from trainer sta8!
2026-07-01 18:28:59,249 - EXECUT - INFO - received weights from trainer sta4!
2026-07-01 18:29:02,670 - EXECUT - INFO - received weights from trainer sta10!
2026-07-01 18:29:04,065 - EXECUT - INFO - received weights from trainer sta1!
2026-07-01 18:29:04,333 - EXECUT - INFO - received weights from trainer sta0!
2026-07-01 18:29:06,002 - EXECUT - INFO - received weights from trainer sta6!
2026-07-01 18:29:06,922 - EXECUT - INFO - received weights from trainer sta9!
2026-07-01 18:29:07,176 - EXECUT - INFO - received weights from trainer sta3!
2026-07-01 18:29:08,050 - EXECUT - INFO - received weights from trainer sta7!
2026-07-01 18:29:08,158 - EXECUT - INFO - received weights from trainer sta5!
2026-07-01 18:29:14,585 - EXECUT - INFO - received weights from trainer sta2!
2026-07-01 18:29:15,695 - EXECUT - INFO - sent aggregated weights to trainers!
2026-07-01 18:29:16,063 - METRIC - INFO - {"loss": 0.047819800674915314, "accuracy": 0.9845094680786133, "energy_consumption": 12009.66423640897, "selected": false, "client_name": "sta8"}
2026-07-01 18:29:16,116 - METRIC - INFO - {"loss": 0.047025810927152634, "accuracy": 0.9860365390777588, "energy_consumption": 12372.759770331428, "selected": false, "client_name": "sta2"}
2026-07-01 18:29:16,123 - METRIC - INFO - {"loss": 0.049392979592084885, "accuracy": 0.986639678478241, "energy_consumption": 12869.513693579445, "selected": false, "client_name": "sta10"}
2026-07-01 18:29:16,143 - METRIC - INFO - {"loss": 0.04307635501027107, "accuracy": 0.9833333492279053, "energy_consumption": 12459.670027257487, "selected": false, "client_name": "sta4"}
2026-07-01 18:29:16,175 - METRIC - INFO - {"loss": 0.04547765105962753, "accuracy": 0.9857064485549927, "energy_consumption": 12620.19267411216, "selected": false, "client_name": "sta9"}
2026-07-01 18:29:16,178 - METRIC - INFO - {"loss": 0.043717630207538605, "accuracy": 0.9869102239608765, "energy_consumption": 10063.655277491562, "selected": false, "client_name": "sta6"}
2026-07-01 18:29:16,208 - METRIC - INFO - {"loss": 0.052319712936878204, "accuracy": 0.9829614758491516, "energy_consumption": 9028.429274642036, "selected": false, "client_name": "sta0"}
2026-07-01 18:29:16,212 - METRIC - INFO - {"loss": 0.051805634051561356, "accuracy": 0.9822904467582703, "energy_consumption": 8695.543959321634, "selected": false, "client_name": "sta7"}
2026-07-01 18:29:16,213 - METRIC - INFO - {"loss": 0.05361168831586838, "accuracy": 0.9843795299530029, "energy_consumption": 9858.16035520424, "selected": false, "client_name": "sta3"}
2026-07-01 18:29:16,369 - METRIC - INFO - {"loss": 0.05602934956550598, "accuracy": 0.9813184142112732, "energy_consumption": 9626.76711954908, "selected": false, "client_name": "sta5"}
2026-07-01 18:29:16,382 - METRIC - INFO - {"loss": 0.04897075891494751, "accuracy": 0.985828161239624, "energy_consumption": 8691.290593617612, "selected": false, "client_name": "sta1"}
2026-07-01 18:29:16,698 - METRIC - INFO - mean_accuracy: 0.9845376123081554

2026-07-01 18:29:16,698 - METRIC - INFO - round: 20
2026-07-01 18:29:16,698 - METRIC - INFO - n_selected: 11
2026-07-01 18:29:16,698 - METRIC - INFO - {"selected_trainers": ["sta0", "sta1", "sta10", "sta2", "sta3", "sta4", "sta5", "sta6", "sta7", "sta8", "sta9"]}
2026-07-01 18:29:21,625 - EXECUT - INFO - received weights from trainer sta4!
2026-07-01 18:29:21,665 - EXECUT - INFO - received weights from trainer sta8!
2026-07-01 18:29:25,503 - EXECUT - INFO - received weights from trainer sta10!
2026-07-01 18:29:26,790 - EXECUT - INFO - received weights from trainer sta1!
2026-07-01 18:29:27,151 - EXECUT - INFO - received weights from trainer sta0!
2026-07-01 18:29:28,843 - EXECUT - INFO - received weights from trainer sta6!
2026-07-01 18:29:29,824 - EXECUT - INFO - received weights from trainer sta9!
2026-07-01 18:29:30,048 - EXECUT - INFO - received weights from trainer sta3!
2026-07-01 18:29:30,910 - EXECUT - INFO - received weights from trainer sta7!
2026-07-01 18:29:30,938 - EXECUT - INFO - received weights from trainer sta5!
2026-07-01 18:29:37,456 - EXECUT - INFO - received weights from trainer sta2!
2026-07-01 18:29:38,348 - EXECUT - INFO - sent aggregated weights to trainers!
2026-07-01 18:29:38,670 - METRIC - INFO - {"loss": 0.03997935354709625, "accuracy": 0.9854166507720947, "energy_consumption": 13126.221605737057, "selected": false, "client_name": "sta4"}
2026-07-01 18:29:38,728 - METRIC - INFO - {"loss": 0.045177359133958817, "accuracy": 0.9862306118011475, "energy_consumption": 12723.020262482743, "selected": false, "client_name": "sta8"}
2026-07-01 18:29:38,778 - METRIC - INFO - {"loss": 0.04557366669178009, "accuracy": 0.9868420958518982, "energy_consumption": 13142.23647272729, "selected": false, "client_name": "sta2"}
2026-07-01 18:29:38,790 - METRIC - INFO - {"loss": 0.047890063375234604, "accuracy": 0.9846153855323792, "energy_consumption": 13698.628559809064, "selected": false, "client_name": "sta10"}
2026-07-01 18:29:38,827 - METRIC - INFO - {"loss": 0.04943793639540672, "accuracy": 0.9841784834861755, "energy_consumption": 9552.429418754631, "selected": false, "client_name": "sta0"}
2026-07-01 18:29:38,831 - METRIC - INFO - {"loss": 0.04617784544825554, "accuracy": 0.9868059158325195, "energy_consumption": 13401.008884131214, "selected": false, "client_name": "sta9"}
2026-07-01 18:29:38,855 - METRIC - INFO - {"loss": 0.042109403759241104, "accuracy": 0.9866057634353638, "energy_consumption": 10693.923043187626, "selected": false, "client_name": "sta6"}
2026-07-01 18:29:38,892 - METRIC - INFO - {"loss": 0.05199006199836731, "accuracy": 0.9852473139762878, "energy_consumption": 10441.065272325157, "selected": false, "client_name": "sta3"}
2026-07-01 18:29:38,903 - METRIC - INFO - {"loss": 0.05258685350418091, "accuracy": 0.981051504611969, "energy_consumption": 10148.387357472066, "selected": false, "client_name": "sta5"}
2026-07-01 18:29:38,954 - METRIC - INFO - {"loss": 0.05126800015568733, "accuracy": 0.9831759333610535, "energy_consumption": 9220.63929429431, "selected": false, "client_name": "sta7"}
2026-07-01 18:29:38,977 - METRIC - INFO - {"loss": 0.04781379550695419, "accuracy": 0.9875996708869934, "energy_consumption": 9210.79255136927, "selected": false, "client_name": "sta1"}
2026-07-01 18:29:39,350 - METRIC - INFO - mean_accuracy: 0.9852517572316256

2026-07-01 18:29:39,350 - METRIC - INFO - round: 21
2026-07-01 18:29:39,350 - METRIC - INFO - n_selected: 11
2026-07-01 18:29:39,350 - METRIC - INFO - {"selected_trainers": ["sta0", "sta1", "sta10", "sta2", "sta3", "sta4", "sta5", "sta6", "sta7", "sta8", "sta9"]}
2026-07-01 18:29:44,331 - EXECUT - INFO - received weights from trainer sta4!
2026-07-01 18:29:44,361 - EXECUT - INFO - received weights from trainer sta8!
2026-07-01 18:29:48,074 - EXECUT - INFO - received weights from trainer sta10!
2026-07-01 18:29:49,456 - EXECUT - INFO - received weights from trainer sta1!
2026-07-01 18:29:49,864 - EXECUT - INFO - received weights from trainer sta0!
2026-07-01 18:29:50,981 - EXECUT - INFO - received weights from trainer sta2!
2026-07-01 18:29:51,503 - EXECUT - INFO - received weights from trainer sta6!
2026-07-01 18:29:52,511 - EXECUT - INFO - received weights from trainer sta9!
2026-07-01 18:29:52,835 - EXECUT - INFO - received weights from trainer sta3!
2026-07-01 18:29:53,600 - EXECUT - INFO - received weights from trainer sta5!
2026-07-01 18:29:53,629 - EXECUT - INFO - received weights from trainer sta7!
2026-07-01 18:29:54,088 - EXECUT - INFO - sent aggregated weights to trainers!
2026-07-01 18:29:54,410 - METRIC - INFO - {"loss": 0.03785415366292, "accuracy": 0.987500011920929, "energy_consumption": 13622.53926058126, "selected": false, "client_name": "sta4"}
2026-07-01 18:29:54,466 - METRIC - INFO - {"loss": 0.04384758323431015, "accuracy": 0.9879518151283264, "energy_consumption": 13228.507718348594, "selected": false, "client_name": "sta8"}
2026-07-01 18:29:54,500 - METRIC - INFO - {"loss": 0.04424157738685608, "accuracy": 0.9871106147766113, "energy_consumption": 13659.60002743473, "selected": false, "client_name": "sta2"}
2026-07-01 18:29:54,528 - METRIC - INFO - {"loss": 0.04638100787997246, "accuracy": 0.9854251146316528, "energy_consumption": 14244.06262031748, "selected": false, "client_name": "sta10"}
2026-07-01 18:29:54,571 - METRIC - INFO - {"loss": 0.044954732060432434, "accuracy": 0.9857064485549927, "energy_consumption": 13917.509114378883, "selected": false, "client_name": "sta9"}
2026-07-01 18:29:54,596 - METRIC - INFO - {"loss": 0.04032431170344353, "accuracy": 0.9869102239608765, "energy_consumption": 11108.920643206156, "selected": false, "client_name": "sta6"}
2026-07-01 18:29:54,615 - METRIC - INFO - {"loss": 0.04919063299894333, "accuracy": 0.9853955507278442, "energy_consumption": 9902.578459557091, "selected": false, "client_name": "sta0"}
2026-07-01 18:29:54,628 - METRIC - INFO - {"loss": 0.05051078647375107, "accuracy": 0.9834710955619812, "energy_consumption": 9572.470816878214, "selected": false, "client_name": "sta7"}
2026-07-01 18:29:54,638 - METRIC - INFO - {"loss": 0.051876913756132126, "accuracy": 0.983801007270813, "energy_consumption": 10846.983327706666, "selected": false, "client_name": "sta3"}
2026-07-01 18:29:54,657 - METRIC - INFO - {"loss": 0.04981246218085289, "accuracy": 0.9829196929931641, "energy_consumption": 10525.826559602923, "selected": false, "client_name": "sta5"}
2026-07-01 18:29:54,704 - METRIC - INFO - {"loss": 0.04484925419092178, "accuracy": 0.9862710237503052, "energy_consumption": 9551.501230496218, "selected": false, "client_name": "sta1"}
2026-07-01 18:29:55,091 - METRIC - INFO - mean_accuracy: 0.985678418116136

2026-07-01 18:29:55,091 - METRIC - INFO - round: 22
2026-07-01 18:29:55,091 - METRIC - INFO - n_selected: 11
2026-07-01 18:29:55,091 - METRIC - INFO - {"selected_trainers": ["sta0", "sta1", "sta10", "sta2", "sta3", "sta4", "sta5", "sta6", "sta7", "sta8", "sta9"]}
2026-07-01 18:30:00,059 - EXECUT - INFO - received weights from trainer sta4!
2026-07-01 18:30:00,089 - EXECUT - INFO - received weights from trainer sta8!
2026-07-01 18:30:03,839 - EXECUT - INFO - received weights from trainer sta10!
2026-07-01 18:30:05,241 - EXECUT - INFO - received weights from trainer sta1!
2026-07-01 18:30:05,632 - EXECUT - INFO - received weights from trainer sta0!
2026-07-01 18:30:06,605 - EXECUT - INFO - received weights from trainer sta2!
2026-07-01 18:30:08,179 - EXECUT - INFO - received weights from trainer sta9!
2026-07-01 18:30:08,487 - EXECUT - INFO - received weights from trainer sta3!
2026-07-01 18:30:09,326 - EXECUT - INFO - received weights from trainer sta7!
2026-07-01 18:30:09,368 - EXECUT - INFO - received weights from trainer sta5!
2026-07-01 18:30:16,038 - EXECUT - INFO - received weights from trainer sta6!
2026-07-01 18:30:16,901 - EXECUT - INFO - sent aggregated weights to trainers!
2026-07-01 18:30:17,183 - METRIC - INFO - {"loss": 0.03707563504576683, "accuracy": 0.9854166507720947, "energy_consumption": 14376.841045323697, "selected": false, "client_name": "sta4"}
2026-07-01 18:30:17,254 - METRIC - INFO - {"loss": 0.04125264659523964, "accuracy": 0.9879518151283264, "energy_consumption": 14018.653816036243, "selected": false, "client_name": "sta8"}
2026-07-01 18:30:17,315 - METRIC - INFO - {"loss": 0.04503251239657402, "accuracy": 0.9857680201530457, "energy_consumption": 14459.65691851452, "selected": false, "client_name": "sta2"}
2026-07-01 18:30:17,330 - METRIC - INFO - {"loss": 0.04392700642347336, "accuracy": 0.9878542423248291, "energy_consumption": 15076.940465447437, "selected": false, "client_name": "sta10"}
2026-07-01 18:30:17,344 - METRIC - INFO - {"loss": 0.05109786242246628, "accuracy": 0.9845841526985168, "energy_consumption": 10486.342909808489, "selected": false, "client_name": "sta0"}
2026-07-01 18:30:17,359 - METRIC - INFO - {"loss": 0.04255330190062523, "accuracy": 0.9868059158325195, "energy_consumption": 14738.760481034104, "selected": false, "client_name": "sta9"}
2026-07-01 18:30:17,386 - METRIC - INFO - {"loss": 0.03955497220158577, "accuracy": 0.9881278276443481, "energy_consumption": 11750.328206520036, "selected": false, "client_name": "sta6"}
2026-07-01 18:30:17,438 - METRIC - INFO - {"loss": 0.04952229559421539, "accuracy": 0.9823859333992004, "energy_consumption": 11108.926744652925, "selected": false, "client_name": "sta5"}
2026-07-01 18:30:17,438 - METRIC - INFO - {"loss": 0.04287559166550636, "accuracy": 0.9871567487716675, "energy_consumption": 10090.714459008324, "selected": false, "client_name": "sta1"}
2026-07-01 18:30:17,501 - METRIC - INFO - {"loss": 0.04933300241827965, "accuracy": 0.9843795299530029, "energy_consumption": 11467.649521995007, "selected": false, "client_name": "sta3"}
2026-07-01 18:30:17,505 - METRIC - INFO - {"loss": 0.04804793745279312, "accuracy": 0.9837662577629089, "energy_consumption": 10102.374710734737, "selected": false, "client_name": "sta7"}
2026-07-01 18:30:17,904 - METRIC - INFO - mean_accuracy: 0.9858360994945873

2026-07-01 18:30:17,904 - METRIC - INFO - round: 23
2026-07-01 18:30:17,904 - METRIC - INFO - n_selected: 11
2026-07-01 18:30:17,904 - METRIC - INFO - {"selected_trainers": ["sta0", "sta1", "sta10", "sta2", "sta3", "sta4", "sta5", "sta6", "sta7", "sta8", "sta9"]}
2026-07-01 18:30:22,836 - EXECUT - INFO - received weights from trainer sta4!
2026-07-01 18:30:23,500 - EXECUT - INFO - received weights from trainer sta8!
2026-07-01 18:30:26,605 - EXECUT - INFO - received weights from trainer sta10!
2026-07-01 18:30:28,018 - EXECUT - INFO - received weights from trainer sta1!
2026-07-01 18:30:28,354 - EXECUT - INFO - received weights from trainer sta0!
2026-07-01 18:30:29,512 - EXECUT - INFO - received weights from trainer sta2!
2026-07-01 18:30:30,023 - EXECUT - INFO - received weights from trainer sta6!
2026-07-01 18:30:31,080 - EXECUT - INFO - received weights from trainer sta9!
2026-07-01 18:30:32,113 - EXECUT - INFO - received weights from trainer sta5!
2026-07-01 18:30:32,165 - EXECUT - INFO - received weights from trainer sta7!
2026-07-01 18:30:38,707 - EXECUT - INFO - received weights from trainer sta3!
2026-07-01 18:30:39,625 - EXECUT - INFO - sent aggregated weights to trainers!
2026-07-01 18:30:39,924 - METRIC - INFO - {"loss": 0.03616813197731972, "accuracy": 0.9847221970558167, "energy_consumption": 15168.543800195535, "selected": false, "client_name": "sta4"}
2026-07-01 18:30:40,008 - METRIC - INFO - {"loss": 0.040790654718875885, "accuracy": 0.9870912432670593, "energy_consumption": 14780.37912512663, "selected": false, "client_name": "sta8"}
2026-07-01 18:30:40,026 - METRIC - INFO - {"loss": 0.042485546320676804, "accuracy": 0.9873791337013245, "energy_consumption": 15114.073298123221, "selected": false, "client_name": "sta2"}
2026-07-01 18:30:40,050 - METRIC - INFO - {"loss": 0.04552086815237999, "accuracy": 0.986639678478241, "energy_consumption": 15858.839453168892, "selected": false, "client_name": "sta10"}
2026-07-01 18:30:40,087 - METRIC - INFO - {"loss": 0.04156436026096344, "accuracy": 0.9876305460929871, "energy_consumption": 15512.665847693534, "selected": false, "client_name": "sta9"}
2026-07-01 18:30:40,123 - METRIC - INFO - {"loss": 0.04602896794676781, "accuracy": 0.9853955507278442, "energy_consumption": 11030.246290276158, "selected": false, "client_name": "sta0"}
2026-07-01 18:30:40,141 - METRIC - INFO - {"loss": 0.04854284226894379, "accuracy": 0.9852473139762878, "energy_consumption": 11968.01895300994, "selected": false, "client_name": "sta3"}
2026-07-01 18:30:40,146 - METRIC - INFO - {"loss": 0.038061078637838364, "accuracy": 0.9881278276443481, "energy_consumption": 12385.844629580604, "selected": false, "client_name": "sta6"}
2026-07-01 18:30:40,159 - METRIC - INFO - {"loss": 0.04616916924715042, "accuracy": 0.9840614199638367, "energy_consumption": 10628.159083215816, "selected": false, "client_name": "sta7"}
2026-07-01 18:30:40,176 - METRIC - INFO - {"loss": 0.04856056720018387, "accuracy": 0.9839872121810913, "energy_consumption": 11691.686931785089, "selected": false, "client_name": "sta5"}
2026-07-01 18:30:40,243 - METRIC - INFO - {"loss": 0.0436711460351944, "accuracy": 0.9875996708869934, "energy_consumption": 10607.636199283135, "selected": false, "client_name": "sta1"}
2026-07-01 18:30:40,626 - METRIC - INFO - mean_accuracy: 0.986171072179621

2026-07-01 18:30:40,626 - METRIC - INFO - round: 24
2026-07-01 18:30:40,626 - METRIC - INFO - n_selected: 11
2026-07-01 18:30:40,627 - METRIC - INFO - {"selected_trainers": ["sta0", "sta1", "sta10", "sta2", "sta3", "sta4", "sta5", "sta6", "sta7", "sta8", "sta9"]}
2026-07-01 18:30:45,501 - EXECUT - INFO - received weights from trainer sta4!
2026-07-01 18:30:45,555 - EXECUT - INFO - received weights from trainer sta8!
2026-07-01 18:30:49,400 - EXECUT - INFO - received weights from trainer sta10!
2026-07-01 18:30:50,773 - EXECUT - INFO - received weights from trainer sta1!
2026-07-01 18:30:51,084 - EXECUT - INFO - received weights from trainer sta0!
2026-07-01 18:30:52,218 - EXECUT - INFO - received weights from trainer sta2!
2026-07-01 18:30:52,801 - EXECUT - INFO - received weights from trainer sta6!
2026-07-01 18:30:53,742 - EXECUT - INFO - received weights from trainer sta9!
2026-07-01 18:30:54,001 - EXECUT - INFO - received weights from trainer sta3!
2026-07-01 18:30:54,890 - EXECUT - INFO - received weights from trainer sta5!
2026-07-01 18:30:54,926 - EXECUT - INFO - received weights from trainer sta7!
2026-07-01 18:30:55,431 - EXECUT - INFO - sent aggregated weights to trainers!
2026-07-01 18:30:55,745 - METRIC - INFO - {"loss": 0.03608115389943123, "accuracy": 0.9868055582046509, "energy_consumption": 15685.353279511683, "selected": false, "client_name": "sta4"}
2026-07-01 18:30:55,794 - METRIC - INFO - {"loss": 0.03692876920104027, "accuracy": 0.9888123869895935, "energy_consumption": 15294.530537853798, "selected": false, "client_name": "sta8"}
2026-07-01 18:30:55,853 - METRIC - INFO - {"loss": 0.04293890297412872, "accuracy": 0.9870445132255554, "energy_consumption": 16417.65709400077, "selected": false, "client_name": "sta10"}
2026-07-01 18:30:55,854 - METRIC - INFO - {"loss": 0.04034924879670143, "accuracy": 0.9873791337013245, "energy_consumption": 15638.793391317404, "selected": false, "client_name": "sta2"}
2026-07-01 18:30:55,902 - METRIC - INFO - {"loss": 0.04229126498103142, "accuracy": 0.9862561821937561, "energy_consumption": 16038.170040625759, "selected": false, "client_name": "sta9"}
2026-07-01 18:30:55,903 - METRIC - INFO - {"loss": 0.04704134911298752, "accuracy": 0.9849898815155029, "energy_consumption": 11382.582422573214, "selected": false, "client_name": "sta0"}
2026-07-01 18:30:55,919 - METRIC - INFO - {"loss": 0.042090144008398056, "accuracy": 0.9859969615936279, "energy_consumption": 12827.613917704348, "selected": false, "client_name": "sta6"}
2026-07-01 18:30:55,948 - METRIC - INFO - {"loss": 0.048104602843523026, "accuracy": 0.9843795299530029, "energy_consumption": 12341.25755733268, "selected": false, "client_name": "sta3"}
2026-07-01 18:30:55,965 - METRIC - INFO - {"loss": 0.048519957810640335, "accuracy": 0.9839872121810913, "energy_consumption": 12093.749677422269, "selected": false, "client_name": "sta5"}
2026-07-01 18:30:56,000 - METRIC - INFO - {"loss": 0.04610748961567879, "accuracy": 0.9855371713638306, "energy_consumption": 10965.759457101809, "selected": false, "client_name": "sta7"}
2026-07-01 18:30:56,058 - METRIC - INFO - {"loss": 0.04171254113316536, "accuracy": 0.9875996708869934, "energy_consumption": 10943.605172377605, "selected": false, "client_name": "sta1"}
2026-07-01 18:30:56,434 - METRIC - INFO - mean_accuracy: 0.9862534728917208

2026-07-01 18:30:56,434 - METRIC - INFO - round: 25
2026-07-01 18:30:56,434 - METRIC - INFO - n_selected: 11
2026-07-01 18:30:56,434 - METRIC - INFO - {"selected_trainers": ["sta0", "sta1", "sta10", "sta2", "sta3", "sta4", "sta5", "sta6", "sta7", "sta8", "sta9"]}
2026-07-01 18:31:01,314 - EXECUT - INFO - received weights from trainer sta4!
2026-07-01 18:31:01,399 - EXECUT - INFO - received weights from trainer sta8!
2026-07-01 18:31:05,196 - EXECUT - INFO - received weights from trainer sta10!
2026-07-01 18:31:06,519 - EXECUT - INFO - received weights from trainer sta1!
2026-07-01 18:31:06,892 - EXECUT - INFO - received weights from trainer sta0!
2026-07-01 18:31:08,053 - EXECUT - INFO - received weights from trainer sta2!
2026-07-01 18:31:08,695 - EXECUT - INFO - received weights from trainer sta6!
2026-07-01 18:31:09,509 - EXECUT - INFO - received weights from trainer sta9!
2026-07-01 18:31:09,700 - EXECUT - INFO - received weights from trainer sta3!
2026-07-01 18:31:10,652 - EXECUT - INFO - received weights from trainer sta7!
2026-07-01 18:31:17,338 - EXECUT - INFO - received weights from trainer sta5!
2026-07-01 18:31:18,077 - EXECUT - INFO - sent aggregated weights to trainers!
2026-07-01 18:31:18,397 - METRIC - INFO - {"loss": 0.034154199063777924, "accuracy": 0.987500011920929, "energy_consumption": 16463.243373752546, "selected": false, "client_name": "sta4"}
2026-07-01 18:31:18,443 - METRIC - INFO - {"loss": 0.03548373654484749, "accuracy": 0.9905335903167725, "energy_consumption": 16067.783023537351, "selected": false, "client_name": "sta8"}
2026-07-01 18:31:18,480 - METRIC - INFO - {"loss": 0.0406360998749733, "accuracy": 0.9879162311553955, "energy_consumption": 16421.833905400148, "selected": false, "client_name": "sta2"}
2026-07-01 18:31:18,508 - METRIC - INFO - {"loss": 0.041315432637929916, "accuracy": 0.9870445132255554, "energy_consumption": 17232.948698049207, "selected": false, "client_name": "sta10"}
2026-07-01 18:31:18,558 - METRIC - INFO - {"loss": 0.03994861617684364, "accuracy": 0.9870808124542236, "energy_consumption": 16838.61975882131, "selected": false, "client_name": "sta9"}
2026-07-01 18:31:18,561 - METRIC - INFO - {"loss": 0.036209575831890106, "accuracy": 0.9890410900115967, "energy_consumption": 13467.91758515928, "selected": false, "client_name": "sta6"}
2026-07-01 18:31:18,571 - METRIC - INFO - {"loss": 0.044285912066698074, "accuracy": 0.9840614199638367, "energy_consumption": 11503.757146456705, "selected": false, "client_name": "sta7"}
2026-07-01 18:31:18,585 - METRIC - INFO - {"loss": 0.04379645735025406, "accuracy": 0.9866125583648682, "energy_consumption": 11932.561636040875, "selected": false, "client_name": "sta0"}
2026-07-01 18:31:18,595 - METRIC - INFO - {"loss": 0.04791700094938278, "accuracy": 0.984090268611908, "energy_consumption": 12945.855072950304, "selected": false, "client_name": "sta3"}
2026-07-01 18:31:18,609 - METRIC - INFO - {"loss": 0.04627059027552605, "accuracy": 0.9845209717750549, "energy_consumption": 12686.261634186223, "selected": false, "client_name": "sta5"}
2026-07-01 18:31:18,665 - METRIC - INFO - {"loss": 0.043304722756147385, "accuracy": 0.9871567487716675, "energy_consumption": 11385.455017112405, "selected": false, "client_name": "sta1"}
2026-07-01 18:31:19,078 - METRIC - INFO - mean_accuracy: 0.9868689287792553

2026-07-01 18:31:19,078 - METRIC - INFO - round: 26
2026-07-01 18:31:19,078 - METRIC - INFO - n_selected: 11
2026-07-01 18:31:19,078 - METRIC - INFO - {"selected_trainers": ["sta0", "sta1", "sta10", "sta2", "sta3", "sta4", "sta5", "sta6", "sta7", "sta8", "sta9"]}
2026-07-01 18:31:24,010 - EXECUT - INFO - received weights from trainer sta8!
2026-07-01 18:31:24,078 - EXECUT - INFO - received weights from trainer sta4!
2026-07-01 18:31:27,837 - EXECUT - INFO - received weights from trainer sta10!
2026-07-01 18:31:29,317 - EXECUT - INFO - received weights from trainer sta1!
2026-07-01 18:31:29,534 - EXECUT - INFO - received weights from trainer sta0!
2026-07-01 18:31:30,610 - EXECUT - INFO - received weights from trainer sta2!
2026-07-01 18:31:31,289 - EXECUT - INFO - received weights from trainer sta6!
2026-07-01 18:31:32,233 - EXECUT - INFO - received weights from trainer sta9!
2026-07-01 18:31:32,510 - EXECUT - INFO - received weights from trainer sta3!
2026-07-01 18:31:33,312 - EXECUT - INFO - received weights from trainer sta7!
2026-07-01 18:31:39,977 - EXECUT - INFO - received weights from trainer sta5!
2026-07-01 18:31:40,928 - EXECUT - INFO - sent aggregated weights to trainers!
2026-07-01 18:31:41,263 - METRIC - INFO - {"loss": 0.03209618106484413, "accuracy": 0.9902777671813965, "energy_consumption": 17226.02501323084, "selected": false, "client_name": "sta4"}
2026-07-01 18:31:41,358 - METRIC - INFO - {"loss": 0.04398157820105553, "accuracy": 0.9866125583648682, "energy_consumption": 12400.922241775615, "selected": false, "client_name": "sta0"}
2026-07-01 18:31:41,370 - METRIC - INFO - {"loss": 0.04090362787246704, "accuracy": 0.986639678478241, "energy_consumption": 18017.788528471978, "selected": false, "client_name": "sta10"}
2026-07-01 18:31:41,374 - METRIC - INFO - {"loss": 0.03931250423192978, "accuracy": 0.9887217879295349, "energy_consumption": 17216.51258421685, "selected": false, "client_name": "sta2"}
2026-07-01 18:31:41,409 - METRIC - INFO - {"loss": 0.04824072867631912, "accuracy": 0.9843795299530029, "energy_consumption": 13532.011782997019, "selected": false, "client_name": "sta3"}
2026-07-01 18:31:41,418 - METRIC - INFO - {"loss": 0.0399048887193203, "accuracy": 0.9865310788154602, "energy_consumption": 17634.421033634768, "selected": false, "client_name": "sta9"}
2026-07-01 18:31:41,432 - METRIC - INFO - {"loss": 0.03573668748140335, "accuracy": 0.9881278276443481, "energy_consumption": 14115.330654573514, "selected": false, "client_name": "sta6"}
2026-07-01 18:31:41,432 - METRIC - INFO - {"loss": 0.04615110158920288, "accuracy": 0.9863891005516052, "energy_consumption": 13288.888592668043, "selected": false, "client_name": "sta5"}
2026-07-01 18:31:41,438 - METRIC - INFO - {"loss": 0.046130720525979996, "accuracy": 0.9862306118011475, "energy_consumption": 16790.39742060609, "selected": false, "client_name": "sta8"}
2026-07-01 18:31:41,441 - METRIC - INFO - {"loss": 0.04076261818408966, "accuracy": 0.9880425333976746, "energy_consumption": 11851.530644168097, "selected": false, "client_name": "sta1"}
2026-07-01 18:31:41,474 - METRIC - INFO - {"loss": 0.04468910023570061, "accuracy": 0.9855371713638306, "energy_consumption": 12043.51408666812, "selected": false, "client_name": "sta7"}
2026-07-01 18:31:41,929 - METRIC - INFO - mean_accuracy: 0.9870445132255554

2026-07-01 18:31:41,929 - METRIC - INFO - round: 27
2026-07-01 18:31:41,929 - METRIC - INFO - n_selected: 11
2026-07-01 18:31:41,929 - METRIC - INFO - {"selected_trainers": ["sta0", "sta1", "sta10", "sta2", "sta3", "sta4", "sta5", "sta6", "sta7", "sta8", "sta9"]}
2026-07-01 18:31:46,863 - EXECUT - INFO - received weights from trainer sta8!
2026-07-01 18:31:46,891 - EXECUT - INFO - received weights from trainer sta4!
2026-07-01 18:31:50,745 - EXECUT - INFO - received weights from trainer sta10!
2026-07-01 18:31:52,107 - EXECUT - INFO - received weights from trainer sta1!
2026-07-01 18:31:52,425 - EXECUT - INFO - received weights from trainer sta0!
2026-07-01 18:31:53,541 - EXECUT - INFO - received weights from trainer sta2!
2026-07-01 18:31:54,111 - EXECUT - INFO - received weights from trainer sta6!
2026-07-01 18:31:55,056 - EXECUT - INFO - received weights from trainer sta9!
2026-07-01 18:31:55,410 - EXECUT - INFO - received weights from trainer sta3!
2026-07-01 18:31:56,163 - EXECUT - INFO - received weights from trainer sta7!
2026-07-01 18:31:56,202 - EXECUT - INFO - received weights from trainer sta5!
2026-07-01 18:31:56,688 - EXECUT - INFO - sent aggregated weights to trainers!
2026-07-01 18:31:56,993 - METRIC - INFO - {"loss": 0.03127840533852577, "accuracy": 0.988194465637207, "energy_consumption": 17753.701370301304, "selected": false, "client_name": "sta4"}
2026-07-01 18:31:57,077 - METRIC - INFO - {"loss": 0.03337983787059784, "accuracy": 0.9905335903167725, "energy_consumption": 17285.918842475356, "selected": false, "client_name": "sta8"}
2026-07-01 18:31:57,118 - METRIC - INFO - {"loss": 0.03817654773592949, "accuracy": 0.9881847500801086, "energy_consumption": 17729.53161032786, "selected": false, "client_name": "sta2"}
2026-07-01 18:31:57,135 - METRIC - INFO - {"loss": 0.03795058652758598, "accuracy": 0.9874494075775146, "energy_consumption": 18592.69921295653, "selected": false, "client_name": "sta10"}
2026-07-01 18:31:57,180 - METRIC - INFO - {"loss": 0.03884030506014824, "accuracy": 0.9879054427146912, "energy_consumption": 18180.137317438028, "selected": false, "client_name": "sta9"}
2026-07-01 18:31:57,186 - METRIC - INFO - {"loss": 0.04647832736372948, "accuracy": 0.9858258366584778, "energy_consumption": 13925.428011843907, "selected": false, "client_name": "sta3"}
2026-07-01 18:31:57,196 - METRIC - INFO - {"loss": 0.03446374833583832, "accuracy": 0.9893454909324646, "energy_consumption": 14549.980216129701, "selected": false, "client_name": "sta6"}
2026-07-01 18:31:57,206 - METRIC - INFO - {"loss": 0.04582453891634941, "accuracy": 0.9866125583648682, "energy_consumption": 12748.484453384546, "selected": false, "client_name": "sta0"}
2026-07-01 18:31:57,243 - METRIC - INFO - {"loss": 0.045055340975522995, "accuracy": 0.9850547313690186, "energy_consumption": 13698.105190040531, "selected": false, "client_name": "sta5"}
2026-07-01 18:31:57,278 - METRIC - INFO - {"loss": 0.04271840676665306, "accuracy": 0.9858323335647583, "energy_consumption": 12397.700125828174, "selected": false, "client_name": "sta7"}
2026-07-01 18:31:57,306 - METRIC - INFO - {"loss": 0.03897549957036972, "accuracy": 0.9875996708869934, "energy_consumption": 12160.10025363065, "selected": false, "client_name": "sta1"}
2026-07-01 18:31:57,689 - METRIC - INFO - mean_accuracy: 0.9875034798275341

2026-07-01 18:31:57,689 - METRIC - INFO - round: 28
2026-07-01 18:31:57,689 - METRIC - INFO - n_selected: 11
2026-07-01 18:31:57,689 - METRIC - INFO - {"selected_trainers": ["sta0", "sta1", "sta10", "sta2", "sta3", "sta4", "sta5", "sta6", "sta7", "sta8", "sta9"]}
2026-07-01 18:32:02,598 - EXECUT - INFO - received weights from trainer sta4!
2026-07-01 18:32:02,649 - EXECUT - INFO - received weights from trainer sta8!
2026-07-01 18:32:06,466 - EXECUT - INFO - received weights from trainer sta10!
2026-07-01 18:32:07,819 - EXECUT - INFO - received weights from trainer sta1!
2026-07-01 18:32:08,113 - EXECUT - INFO - received weights from trainer sta0!
2026-07-01 18:32:09,231 - EXECUT - INFO - received weights from trainer sta2!
2026-07-01 18:32:09,842 - EXECUT - INFO - received weights from trainer sta6!
2026-07-01 18:32:10,863 - EXECUT - INFO - received weights from trainer sta9!
2026-07-01 18:32:11,091 - EXECUT - INFO - received weights from trainer sta3!
2026-07-01 18:32:11,979 - EXECUT - INFO - received weights from trainer sta5!
2026-07-01 18:32:12,035 - EXECUT - INFO - received weights from trainer sta7!
2026-07-01 18:32:12,383 - EXECUT - INFO - sent aggregated weights to trainers!
2026-07-01 18:32:12,685 - METRIC - INFO - {"loss": 0.03301052004098892, "accuracy": 0.9888888597488403, "energy_consumption": 18281.199121084523, "selected": false, "client_name": "sta4"}
2026-07-01 18:32:12,767 - METRIC - INFO - {"loss": 0.03550863638520241, "accuracy": 0.9896729588508606, "energy_consumption": 17801.95668214359, "selected": false, "client_name": "sta8"}
2026-07-01 18:32:12,922 - METRIC - INFO - {"loss": 0.033413808792829514, "accuracy": 0.9902587532997131, "energy_consumption": 14977.880723911027, "selected": false, "client_name": "sta6"}
2026-07-01 18:32:12,935 - METRIC - INFO - {"loss": 0.038363922387361526, "accuracy": 0.9884532690048218, "energy_consumption": 18258.343142495978, "selected": false, "client_name": "sta2"}
2026-07-01 18:32:12,953 - METRIC - INFO - {"loss": 0.03749249875545502, "accuracy": 0.9874494075775146, "energy_consumption": 19165.587385859122, "selected": false, "client_name": "sta10"}
2026-07-01 18:32:12,955 - METRIC - INFO - {"loss": 0.044913455843925476, "accuracy": 0.9866560101509094, "energy_consumption": 14100.504898235784, "selected": false, "client_name": "sta5"}
2026-07-01 18:32:12,993 - METRIC - INFO - {"loss": 0.0405280776321888, "accuracy": 0.9871567487716675, "energy_consumption": 12516.084569318375, "selected": false, "client_name": "sta1"}
2026-07-01 18:32:12,996 - METRIC - INFO - {"loss": 0.042028311640024185, "accuracy": 0.9858323335647583, "energy_consumption": 12763.824886846664, "selected": false, "client_name": "sta7"}
2026-07-01 18:32:12,997 - METRIC - INFO - {"loss": 0.03668751195073128, "accuracy": 0.9881803393363953, "energy_consumption": 18737.60912859786, "selected": false, "client_name": "sta9"}
2026-07-01 18:32:13,018 - METRIC - INFO - {"loss": 0.04431458190083504, "accuracy": 0.9855365753173828, "energy_consumption": 14351.716235357104, "selected": false, "client_name": "sta3"}
2026-07-01 18:32:13,028 - METRIC - INFO - {"loss": 0.04338594898581505, "accuracy": 0.9862068891525269, "energy_consumption": 13138.784826347073, "selected": false, "client_name": "sta0"}
2026-07-01 18:32:13,385 - METRIC - INFO - mean_accuracy: 0.9876629222523082

2026-07-01 18:32:13,385 - METRIC - INFO - round: 29
2026-07-01 18:32:13,385 - METRIC - INFO - n_selected: 11
2026-07-01 18:32:13,385 - METRIC - INFO - {"selected_trainers": ["sta0", "sta1", "sta10", "sta2", "sta3", "sta4", "sta5", "sta6", "sta7", "sta8", "sta9"]}
2026-07-01 18:32:18,294 - EXECUT - INFO - received weights from trainer sta4!
2026-07-01 18:32:18,329 - EXECUT - INFO - received weights from trainer sta8!
2026-07-01 18:32:22,194 - EXECUT - INFO - received weights from trainer sta10!
2026-07-01 18:32:23,521 - EXECUT - INFO - received weights from trainer sta1!
2026-07-01 18:32:23,800 - EXECUT - INFO - received weights from trainer sta0!
2026-07-01 18:32:24,958 - EXECUT - INFO - received weights from trainer sta2!
2026-07-01 18:32:25,561 - EXECUT - INFO - received weights from trainer sta6!
2026-07-01 18:32:26,382 - EXECUT - INFO - received weights from trainer sta9!
2026-07-01 18:32:26,713 - EXECUT - INFO - received weights from trainer sta3!
2026-07-01 18:32:27,602 - EXECUT - INFO - received weights from trainer sta7!
2026-07-01 18:32:27,689 - EXECUT - INFO - received weights from trainer sta5!
2026-07-01 18:32:28,042 - EXECUT - INFO - sent aggregated weights to trainers!
2026-07-01 18:32:28,377 - METRIC - INFO - {"loss": 0.029990816488862038, "accuracy": 0.9902777671813965, "energy_consumption": 18804.63610645845, "selected": false, "client_name": "sta4"}
2026-07-01 18:32:28,421 - METRIC - INFO - {"loss": 0.03262382745742798, "accuracy": 0.9905335903167725, "energy_consumption": 18341.053478399357, "selected": false, "client_name": "sta8"}
2026-07-01 18:32:28,479 - METRIC - INFO - {"loss": 0.0369160957634449, "accuracy": 0.9884532690048218, "energy_consumption": 18771.24761847442, "selected": false, "client_name": "sta2"}
2026-07-01 18:32:28,502 - METRIC - INFO - {"loss": 0.0404965840280056, "accuracy": 0.986639678478241, "energy_consumption": 19594.552729607516, "selected": false, "client_name": "sta10"}
2026-07-01 18:32:28,522 - METRIC - INFO - {"loss": 0.04225617274641991, "accuracy": 0.9870182275772095, "energy_consumption": 13506.049960540608, "selected": false, "client_name": "sta0"}
2026-07-01 18:32:28,536 - METRIC - INFO - {"loss": 0.03732411190867424, "accuracy": 0.9876305460929871, "energy_consumption": 19245.702707298922, "selected": false, "client_name": "sta9"}
2026-07-01 18:32:28,551 - METRIC - INFO - {"loss": 0.03248153254389763, "accuracy": 0.990563154220581, "energy_consumption": 15415.356304024226, "selected": false, "client_name": "sta6"}
2026-07-01 18:32:28,569 - METRIC - INFO - {"loss": 0.0442020557820797, "accuracy": 0.9846687912940979, "energy_consumption": 14772.455774792368, "selected": false, "client_name": "sta3"}
2026-07-01 18:32:28,605 - METRIC - INFO - {"loss": 0.041655488312244415, "accuracy": 0.9855371713638306, "energy_consumption": 13135.767197753836, "selected": false, "client_name": "sta7"}
2026-07-01 18:32:28,613 - METRIC - INFO - {"loss": 0.044672559946775436, "accuracy": 0.9861222505569458, "energy_consumption": 14501.960111567696, "selected": false, "client_name": "sta5"}
2026-07-01 18:32:28,613 - METRIC - INFO - {"loss": 0.04103003069758415, "accuracy": 0.9880425333976746, "energy_consumption": 12866.32533814495, "selected": false, "client_name": "sta1"}
2026-07-01 18:32:29,044 - METRIC - INFO - mean_accuracy: 0.9877715435895053

2026-07-01 18:32:29,044 - METRIC - INFO - round: 30
2026-07-01 18:32:29,044 - METRIC - INFO - n_selected: 11
2026-07-01 18:32:29,044 - METRIC - INFO - {"selected_trainers": ["sta0", "sta1", "sta10", "sta2", "sta3", "sta4", "sta5", "sta6", "sta7", "sta8", "sta9"]}
2026-07-01 18:32:33,949 - EXECUT - INFO - received weights from trainer sta8!
2026-07-01 18:32:34,044 - EXECUT - INFO - received weights from trainer sta4!
2026-07-01 18:32:37,828 - EXECUT - INFO - received weights from trainer sta10!
2026-07-01 18:32:39,104 - EXECUT - INFO - received weights from trainer sta1!
2026-07-01 18:32:39,387 - EXECUT - INFO - received weights from trainer sta0!
2026-07-01 18:32:40,688 - EXECUT - INFO - received weights from trainer sta2!
2026-07-01 18:32:41,215 - EXECUT - INFO - received weights from trainer sta6!
2026-07-01 18:32:42,143 - EXECUT - INFO - received weights from trainer sta9!
2026-07-01 18:32:42,410 - EXECUT - INFO - received weights from trainer sta3!
2026-07-01 18:32:43,307 - EXECUT - INFO - received weights from trainer sta5!
2026-07-01 18:32:50,018 - EXECUT - INFO - received weights from trainer sta7!
2026-07-01 18:32:50,753 - EXECUT - INFO - sent aggregated weights to trainers!
2026-07-01 18:32:51,039 - METRIC - INFO - {"loss": 0.028812464326620102, "accuracy": 0.9909722208976746, "energy_consumption": 19573.976074684713, "selected": false, "client_name": "sta4"}
2026-07-01 18:32:51,118 - METRIC - INFO - {"loss": 0.03207285702228546, "accuracy": 0.9888123869895935, "energy_consumption": 18996.840657954286, "selected": false, "client_name": "sta8"}
2026-07-01 18:32:51,167 - METRIC - INFO - {"loss": 0.03863268718123436, "accuracy": 0.9868420958518982, "energy_consumption": 19564.61786791553, "selected": false, "client_name": "sta2"}
2026-07-01 18:32:51,169 - METRIC - INFO - {"loss": 0.03836872801184654, "accuracy": 0.9874494075775146, "energy_consumption": 20446.09278725873, "selected": false, "client_name": "sta10"}
2026-07-01 18:32:51,224 - METRIC - INFO - {"loss": 0.03642087057232857, "accuracy": 0.9887300729751587, "energy_consumption": 19936.31038697818, "selected": false, "client_name": "sta9"}
2026-07-01 18:32:51,243 - METRIC - INFO - {"loss": 0.041209977120161057, "accuracy": 0.9858012199401855, "energy_consumption": 14062.264634717943, "selected": false, "client_name": "sta0"}
2026-07-01 18:32:51,246 - METRIC - INFO - {"loss": 0.038206975907087326, "accuracy": 0.9871567487716675, "energy_consumption": 13398.384926131466, "selected": false, "client_name": "sta1"}
2026-07-01 18:32:51,249 - METRIC - INFO - {"loss": 0.04263151064515114, "accuracy": 0.9853881001472473, "energy_consumption": 16047.35756625982, "selected": false, "client_name": "sta6"}
2026-07-01 18:32:51,254 - METRIC - INFO - {"loss": 0.04576568678021431, "accuracy": 0.983801007270813, "energy_consumption": 15373.111505833607, "selected": false, "client_name": "sta3"}
2026-07-01 18:32:51,293 - METRIC - INFO - {"loss": 0.04278015345335007, "accuracy": 0.9870129823684692, "energy_consumption": 13679.346444348821, "selected": false, "client_name": "sta7"}
2026-07-01 18:32:51,295 - METRIC - INFO - {"loss": 0.04331473633646965, "accuracy": 0.9855884909629822, "energy_consumption": 15099.577160905808, "selected": false, "client_name": "sta5"}
2026-07-01 18:32:51,755 - METRIC - INFO - mean_accuracy: 0.9870504303412004

2026-07-01 18:32:51,755 - METRIC - INFO - round: 31
2026-07-01 18:32:51,755 - METRIC - INFO - n_selected: 11
2026-07-01 18:32:51,755 - METRIC - INFO - {"selected_trainers": ["sta0", "sta1", "sta10", "sta2", "sta3", "sta4", "sta5", "sta6", "sta7", "sta8", "sta9"]}
2026-07-01 18:32:56,661 - EXECUT - INFO - received weights from trainer sta4!
2026-07-01 18:32:57,319 - EXECUT - INFO - received weights from trainer sta8!
2026-07-01 18:33:00,575 - EXECUT - INFO - received weights from trainer sta10!
2026-07-01 18:33:01,773 - EXECUT - INFO - received weights from trainer sta1!
2026-07-01 18:33:02,226 - EXECUT - INFO - received weights from trainer sta0!
2026-07-01 18:33:03,897 - EXECUT - INFO - received weights from trainer sta6!
2026-07-01 18:33:04,843 - EXECUT - INFO - received weights from trainer sta9!
2026-07-01 18:33:05,124 - EXECUT - INFO - received weights from trainer sta3!
2026-07-01 18:33:05,992 - EXECUT - INFO - received weights from trainer sta7!
2026-07-01 18:33:06,069 - EXECUT - INFO - received weights from trainer sta5!
2026-07-01 18:33:12,482 - EXECUT - INFO - received weights from trainer sta2!
2026-07-01 18:33:13,415 - EXECUT - INFO - sent aggregated weights to trainers!
2026-07-01 18:33:13,784 - METRIC - INFO - {"loss": 0.031692102551460266, "accuracy": 0.9905335903167725, "energy_consumption": 19781.2672671133, "selected": false, "client_name": "sta8"}
2026-07-01 18:33:13,818 - METRIC - INFO - {"loss": 0.03634638711810112, "accuracy": 0.9881847500801086, "energy_consumption": 20310.600070500805, "selected": false, "client_name": "sta2"}
2026-07-01 18:33:13,818 - METRIC - INFO - {"loss": 0.028366008773446083, "accuracy": 0.9902777671813965, "energy_consumption": 20358.337675919007, "selected": false, "client_name": "sta4"}
2026-07-01 18:33:13,839 - METRIC - INFO - {"loss": 0.03705982863903046, "accuracy": 0.9878542423248291, "energy_consumption": 21269.770947912035, "selected": false, "client_name": "sta10"}
2026-07-01 18:33:13,888 - METRIC - INFO - {"loss": 0.03671371191740036, "accuracy": 0.9873557090759277, "energy_consumption": 20708.785040315695, "selected": false, "client_name": "sta9"}
2026-07-01 18:33:13,894 - METRIC - INFO - {"loss": 0.04208958521485329, "accuracy": 0.9882352948188782, "energy_consumption": 14597.701668777187, "selected": false, "client_name": "sta0"}
2026-07-01 18:33:13,939 - METRIC - INFO - {"loss": 0.04487412050366402, "accuracy": 0.9849580526351929, "energy_consumption": 15974.4127071546, "selected": false, "client_name": "sta3"}
2026-07-01 18:33:13,964 - METRIC - INFO - {"loss": 0.04280690848827362, "accuracy": 0.9863891005516052, "energy_consumption": 15691.728665002036, "selected": false, "client_name": "sta5"}
2026-07-01 18:33:14,022 - METRIC - INFO - {"loss": 0.038016803562641144, "accuracy": 0.9875996708869934, "energy_consumption": 13900.737278020259, "selected": false, "client_name": "sta1"}
2026-07-01 18:33:14,057 - METRIC - INFO - {"loss": 0.04122491925954819, "accuracy": 0.9864226579666138, "energy_consumption": 14127.69730388532, "selected": false, "client_name": "sta7"}
2026-07-01 18:33:14,057 - METRIC - INFO - {"loss": 0.03260081633925438, "accuracy": 0.9893454909324646, "energy_consumption": 16678.67956696986, "selected": false, "client_name": "sta6"}
2026-07-01 18:33:14,417 - METRIC - INFO - mean_accuracy: 0.9879233024337075

2026-07-01 18:33:14,417 - METRIC - INFO - round: 32
2026-07-01 18:33:14,417 - METRIC - INFO - n_selected: 11
2026-07-01 18:33:14,417 - METRIC - INFO - {"selected_trainers": ["sta0", "sta1", "sta10", "sta2", "sta3", "sta4", "sta5", "sta6", "sta7", "sta8", "sta9"]}
2026-07-01 18:33:19,346 - EXECUT - INFO - received weights from trainer sta8!
2026-07-01 18:33:19,806 - EXECUT - INFO - received weights from trainer sta4!
2026-07-01 18:33:23,173 - EXECUT - INFO - received weights from trainer sta10!
2026-07-01 18:33:24,534 - EXECUT - INFO - received weights from trainer sta1!
2026-07-01 18:33:24,740 - EXECUT - INFO - received weights from trainer sta0!
2026-07-01 18:33:26,016 - EXECUT - INFO - received weights from trainer sta2!
2026-07-01 18:33:26,596 - EXECUT - INFO - received weights from trainer sta6!
2026-07-01 18:33:27,561 - EXECUT - INFO - received weights from trainer sta9!
2026-07-01 18:33:27,782 - EXECUT - INFO - received weights from trainer sta3!
2026-07-01 18:33:28,652 - EXECUT - INFO - received weights from trainer sta5!
2026-07-01 18:33:28,731 - EXECUT - INFO - received weights from trainer sta7!
2026-07-01 18:33:29,042 - EXECUT - INFO - sent aggregated weights to trainers!
2026-07-01 18:33:29,347 - METRIC - INFO - {"loss": 0.02764163538813591, "accuracy": 0.9902777671813965, "energy_consumption": 20882.21786596699, "selected": false, "client_name": "sta4"}
2026-07-01 18:33:29,425 - METRIC - INFO - {"loss": 0.030025586485862732, "accuracy": 0.9913941621780396, "energy_consumption": 20291.358385152784, "selected": false, "client_name": "sta8"}
2026-07-01 18:33:29,446 - METRIC - INFO - {"loss": 0.036579251289367676, "accuracy": 0.988990306854248, "energy_consumption": 20817.402871533664, "selected": false, "client_name": "sta2"}
2026-07-01 18:33:29,477 - METRIC - INFO - {"loss": 0.03637046366930008, "accuracy": 0.9882591366767883, "energy_consumption": 21812.332926693267, "selected": false, "client_name": "sta10"}
2026-07-01 18:33:29,510 - METRIC - INFO - {"loss": 0.03817661106586456, "accuracy": 0.9870808124542236, "energy_consumption": 21237.877357941496, "selected": false, "client_name": "sta9"}
2026-07-01 18:33:29,545 - METRIC - INFO - {"loss": 0.030864382162690163, "accuracy": 0.9893454909324646, "energy_consumption": 17002.976587316418, "selected": false, "client_name": "sta6"}
2026-07-01 18:33:29,553 - METRIC - INFO - {"loss": 0.040435541421175, "accuracy": 0.9866125583648682, "energy_consumption": 14965.855450632727, "selected": false, "client_name": "sta0"}
2026-07-01 18:33:29,591 - METRIC - INFO - {"loss": 0.0449533648788929, "accuracy": 0.9858258366584778, "energy_consumption": 16358.853190733058, "selected": false, "client_name": "sta3"}
2026-07-01 18:33:29,595 - METRIC - INFO - {"loss": 0.04165881499648094, "accuracy": 0.9861222505569458, "energy_consumption": 16109.203032164241, "selected": false, "client_name": "sta5"}
2026-07-01 18:33:29,625 - METRIC - INFO - {"loss": 0.041977595537900925, "accuracy": 0.9867178201675415, "energy_consumption": 14474.972142548377, "selected": false, "client_name": "sta7"}
2026-07-01 18:33:29,648 - METRIC - INFO - {"loss": 0.03770086541771889, "accuracy": 0.9880425333976746, "energy_consumption": 14227.67424995721, "selected": false, "client_name": "sta1"}
2026-07-01 18:33:30,045 - METRIC - INFO - mean_accuracy: 0.9880607886747881

2026-07-01 18:33:30,045 - METRIC - INFO - round: 33
2026-07-01 18:33:30,045 - METRIC - INFO - n_selected: 11
2026-07-01 18:33:30,045 - METRIC - INFO - {"selected_trainers": ["sta0", "sta1", "sta10", "sta2", "sta3", "sta4", "sta5", "sta6", "sta7", "sta8", "sta9"]}
2026-07-01 18:33:34,973 - EXECUT - INFO - received weights from trainer sta8!
2026-07-01 18:33:34,987 - EXECUT - INFO - received weights from trainer sta4!
2026-07-01 18:33:38,848 - EXECUT - INFO - received weights from trainer sta10!
2026-07-01 18:33:40,183 - EXECUT - INFO - received weights from trainer sta1!
2026-07-01 18:33:40,525 - EXECUT - INFO - received weights from trainer sta0!
2026-07-01 18:33:41,632 - EXECUT - INFO - received weights from trainer sta2!
2026-07-01 18:33:42,232 - EXECUT - INFO - received weights from trainer sta6!
2026-07-01 18:33:43,124 - EXECUT - INFO - received weights from trainer sta9!
2026-07-01 18:33:43,380 - EXECUT - INFO - received weights from trainer sta3!
2026-07-01 18:33:44,278 - EXECUT - INFO - received weights from trainer sta7!
2026-07-01 18:33:44,291 - EXECUT - INFO - received weights from trainer sta5!
2026-07-01 18:33:44,773 - EXECUT - INFO - sent aggregated weights to trainers!
2026-07-01 18:33:45,086 - METRIC - INFO - {"loss": 0.027141641825437546, "accuracy": 0.9916666746139526, "energy_consumption": 21438.844903762405, "selected": false, "client_name": "sta4"}
2026-07-01 18:33:45,156 - METRIC - INFO - {"loss": 0.031615037471055984, "accuracy": 0.9922547340393066, "energy_consumption": 20834.393414753733, "selected": false, "client_name": "sta8"}
2026-07-01 18:33:45,178 - METRIC - INFO - {"loss": 0.04176029562950134, "accuracy": 0.9870182275772095, "energy_consumption": 15369.757704841546, "selected": false, "client_name": "sta0"}
2026-07-01 18:33:45,197 - METRIC - INFO - {"loss": 0.03725307807326317, "accuracy": 0.9878542423248291, "energy_consumption": 22379.841613956905, "selected": false, "client_name": "sta10"}
2026-07-01 18:33:45,217 - METRIC - INFO - {"loss": 0.0370233990252018, "accuracy": 0.9884532690048218, "energy_consumption": 21356.70106919795, "selected": false, "client_name": "sta2"}
2026-07-01 18:33:45,228 - METRIC - INFO - {"loss": 0.04389525577425957, "accuracy": 0.983801007270813, "energy_consumption": 16769.941341067348, "selected": false, "client_name": "sta3"}
2026-07-01 18:33:45,239 - METRIC - INFO - {"loss": 0.03753073140978813, "accuracy": 0.9868059158325195, "energy_consumption": 21793.976173161165, "selected": false, "client_name": "sta9"}
2026-07-01 18:33:45,250 - METRIC - INFO - {"loss": 0.031330473721027374, "accuracy": 0.9896499514579773, "energy_consumption": 17426.221917677336, "selected": false, "client_name": "sta6"}
2026-07-01 18:33:45,356 - METRIC - INFO - {"loss": 0.041480958461761475, "accuracy": 0.9870129823684692, "energy_consumption": 14847.221646869413, "selected": false, "client_name": "sta7"}
2026-07-01 18:33:45,417 - METRIC - INFO - {"loss": 0.03836562857031822, "accuracy": 0.9880425333976746, "energy_consumption": 14617.525215241778, "selected": false, "client_name": "sta1"}
2026-07-01 18:33:45,445 - METRIC - INFO - {"loss": 0.04220500588417053, "accuracy": 0.9866560101509094, "energy_consumption": 16531.153892865215, "selected": false, "client_name": "sta5"}
2026-07-01 18:33:45,776 - METRIC - INFO - mean_accuracy: 0.9881105043671348

2026-07-01 18:33:45,776 - METRIC - INFO - round: 34
2026-07-01 18:33:45,776 - METRIC - INFO - n_selected: 11
2026-07-01 18:33:45,776 - METRIC - INFO - {"selected_trainers": ["sta0", "sta1", "sta10", "sta2", "sta3", "sta4", "sta5", "sta6", "sta7", "sta8", "sta9"]}
2026-07-01 18:33:50,706 - EXECUT - INFO - received weights from trainer sta4!
2026-07-01 18:33:50,743 - EXECUT - INFO - received weights from trainer sta8!
2026-07-01 18:33:54,560 - EXECUT - INFO - received weights from trainer sta10!
2026-07-01 18:33:55,862 - EXECUT - INFO - received weights from trainer sta1!
2026-07-01 18:33:56,206 - EXECUT - INFO - received weights from trainer sta0!
2026-07-01 18:33:57,437 - EXECUT - INFO - received weights from trainer sta2!
2026-07-01 18:33:57,971 - EXECUT - INFO - received weights from trainer sta6!
2026-07-01 18:33:59,136 - EXECUT - INFO - received weights from trainer sta3!
2026-07-01 18:34:00,006 - EXECUT - INFO - received weights from trainer sta7!
2026-07-01 18:34:00,081 - EXECUT - INFO - received weights from trainer sta5!
2026-07-01 18:34:06,795 - EXECUT - INFO - received weights from trainer sta9!
2026-07-01 18:34:07,522 - EXECUT - INFO - sent aggregated weights to trainers!
2026-07-01 18:34:07,828 - METRIC - INFO - {"loss": 0.02686889097094536, "accuracy": 0.9909722208976746, "energy_consumption": 22099.645639299208, "selected": false, "client_name": "sta4"}
2026-07-01 18:34:07,893 - METRIC - INFO - {"loss": 0.029910536482930183, "accuracy": 0.9913941621780396, "energy_consumption": 21663.252817925746, "selected": false, "client_name": "sta8"}
2026-07-01 18:34:07,933 - METRIC - INFO - {"loss": 0.03561984747648239, "accuracy": 0.9879162311553955, "energy_consumption": 22157.983889446765, "selected": false, "client_name": "sta2"}
2026-07-01 18:34:07,963 - METRIC - INFO - {"loss": 0.037038177251815796, "accuracy": 0.9874494075775146, "energy_consumption": 23240.601648648244, "selected": false, "client_name": "sta10"}
2026-07-01 18:34:07,995 - METRIC - INFO - {"loss": 0.03624102100729942, "accuracy": 0.9876305460929871, "energy_consumption": 22618.76383270463, "selected": false, "client_name": "sta9"}
2026-07-01 18:34:08,028 - METRIC - INFO - {"loss": 0.030391277745366096, "accuracy": 0.9914764165878296, "energy_consumption": 18069.234509380232, "selected": false, "client_name": "sta6"}
2026-07-01 18:34:08,039 - METRIC - INFO - {"loss": 0.04147223010659218, "accuracy": 0.9878296256065369, "energy_consumption": 15933.984937303423, "selected": false, "client_name": "sta0"}
2026-07-01 18:34:08,051 - METRIC - INFO - {"loss": 0.043442241847515106, "accuracy": 0.9849580526351929, "energy_consumption": 17376.067060717603, "selected": false, "client_name": "sta3"}
2026-07-01 18:34:08,065 - METRIC - INFO - {"loss": 0.04251307621598244, "accuracy": 0.9855884909629822, "energy_consumption": 17040.89357560057, "selected": false, "client_name": "sta5"}
2026-07-01 18:34:08,077 - METRIC - INFO - {"loss": 0.0399436354637146, "accuracy": 0.9878984689712524, "energy_consumption": 15390.847345791299, "selected": false, "client_name": "sta7"}
2026-07-01 18:34:08,098 - METRIC - INFO - {"loss": 0.03783026337623596, "accuracy": 0.9871567487716675, "energy_consumption": 15150.877351784267, "selected": false, "client_name": "sta1"}
2026-07-01 18:34:08,524 - METRIC - INFO - mean_accuracy: 0.9882063974033702

2026-07-01 18:34:08,524 - METRIC - INFO - round: 35
2026-07-01 18:34:08,524 - METRIC - INFO - n_selected: 11
2026-07-01 18:34:08,524 - METRIC - INFO - {"selected_trainers": ["sta0", "sta1", "sta10", "sta2", "sta3", "sta4", "sta5", "sta6", "sta7", "sta8", "sta9"]}
2026-07-01 18:34:13,444 - EXECUT - INFO - received weights from trainer sta8!
2026-07-01 18:34:13,517 - EXECUT - INFO - received weights from trainer sta4!
2026-07-01 18:34:17,355 - EXECUT - INFO - received weights from trainer sta10!
2026-07-01 18:34:18,679 - EXECUT - INFO - received weights from trainer sta1!
2026-07-01 18:34:18,942 - EXECUT - INFO - received weights from trainer sta0!
2026-07-01 18:34:20,120 - EXECUT - INFO - received weights from trainer sta2!
2026-07-01 18:34:20,715 - EXECUT - INFO - received weights from trainer sta6!
2026-07-01 18:34:21,670 - EXECUT - INFO - received weights from trainer sta9!
2026-07-01 18:34:21,958 - EXECUT - INFO - received weights from trainer sta3!
2026-07-01 18:34:22,769 - EXECUT - INFO - received weights from trainer sta7!
2026-07-01 18:34:22,783 - EXECUT - INFO - received weights from trainer sta5!
2026-07-01 18:34:23,190 - EXECUT - INFO - sent aggregated weights to trainers!
2026-07-01 18:34:23,484 - METRIC - INFO - {"loss": 0.02654217556118965, "accuracy": 0.9916666746139526, "energy_consumption": 22640.967399116955, "selected": false, "client_name": "sta4"}
2026-07-01 18:34:23,555 - METRIC - INFO - {"loss": 0.030332690104842186, "accuracy": 0.9922547340393066, "energy_consumption": 22170.45390217328, "selected": false, "client_name": "sta8"}
2026-07-01 18:34:23,600 - METRIC - INFO - {"loss": 0.03564608469605446, "accuracy": 0.9887217879295349, "energy_consumption": 22677.68912310143, "selected": false, "client_name": "sta2"}
2026-07-01 18:34:23,615 - METRIC - INFO - {"loss": 0.03604371100664139, "accuracy": 0.9886639714241028, "energy_consumption": 23818.955974990484, "selected": false, "client_name": "sta10"}
2026-07-01 18:34:23,659 - METRIC - INFO - {"loss": 0.03533358499407768, "accuracy": 0.9887300729751587, "energy_consumption": 23157.637346508498, "selected": false, "client_name": "sta9"}
2026-07-01 18:34:23,705 - METRIC - INFO - {"loss": 0.04000954329967499, "accuracy": 0.9890466332435608, "energy_consumption": 16294.100127707003, "selected": false, "client_name": "sta0"}
2026-07-01 18:34:23,707 - METRIC - INFO - {"loss": 0.03048054128885269, "accuracy": 0.990563154220581, "energy_consumption": 18496.413723984577, "selected": false, "client_name": "sta6"}
2026-07-01 18:34:23,724 - METRIC - INFO - {"loss": 0.04251273348927498, "accuracy": 0.9855365753173828, "energy_consumption": 17786.535657554952, "selected": false, "client_name": "sta3"}
2026-07-01 18:34:23,731 - METRIC - INFO - {"loss": 0.03556273505091667, "accuracy": 0.9867138862609863, "energy_consumption": 15487.31891387399, "selected": false, "client_name": "sta1"}
2026-07-01 18:34:23,746 - METRIC - INFO - {"loss": 0.04120887815952301, "accuracy": 0.9866560101509094, "energy_consumption": 17438.770061595034, "selected": false, "client_name": "sta5"}
2026-07-01 18:34:23,755 - METRIC - INFO - {"loss": 0.03971436247229576, "accuracy": 0.987308144569397, "energy_consumption": 15759.396964272075, "selected": false, "client_name": "sta7"}
2026-07-01 18:34:24,191 - METRIC - INFO - mean_accuracy: 0.9887146949768066

2026-07-01 18:34:24,191 - METRIC - INFO - round: 36
2026-07-01 18:34:24,191 - METRIC - INFO - n_selected: 11
2026-07-01 18:34:24,191 - METRIC - INFO - {"selected_trainers": ["sta0", "sta1", "sta10", "sta2", "sta3", "sta4", "sta5", "sta6", "sta7", "sta8", "sta9"]}
2026-07-01 18:34:29,141 - EXECUT - INFO - received weights from trainer sta4!
2026-07-01 18:34:29,199 - EXECUT - INFO - received weights from trainer sta8!
2026-07-01 18:34:32,998 - EXECUT - INFO - received weights from trainer sta10!
2026-07-01 18:34:34,350 - EXECUT - INFO - received weights from trainer sta1!
2026-07-01 18:34:34,611 - EXECUT - INFO - received weights from trainer sta0!
2026-07-01 18:34:35,857 - EXECUT - INFO - received weights from trainer sta2!
2026-07-01 18:34:36,368 - EXECUT - INFO - received weights from trainer sta6!
2026-07-01 18:34:37,284 - EXECUT - INFO - received weights from trainer sta9!
2026-07-01 18:34:37,571 - EXECUT - INFO - received weights from trainer sta3!
2026-07-01 18:34:38,437 - EXECUT - INFO - received weights from trainer sta5!
2026-07-01 18:34:38,458 - EXECUT - INFO - received weights from trainer sta7!
2026-07-01 18:34:38,952 - EXECUT - INFO - sent aggregated weights to trainers!
2026-07-01 18:34:39,268 - METRIC - INFO - {"loss": 0.026468584313988686, "accuracy": 0.9923611283302307, "energy_consumption": 23136.638270732175, "selected": false, "client_name": "sta4"}
2026-07-01 18:34:39,310 - METRIC - INFO - {"loss": 0.030659174546599388, "accuracy": 0.9913941621780396, "energy_consumption": 22732.584085285358, "selected": false, "client_name": "sta8"}
2026-07-01 18:34:39,336 - METRIC - INFO - {"loss": 0.042744141072034836, "accuracy": 0.9874239563941956, "energy_consumption": 16676.423931690195, "selected": false, "client_name": "sta0"}
2026-07-01 18:34:39,375 - METRIC - INFO - {"loss": 0.034647081047296524, "accuracy": 0.9878542423248291, "energy_consumption": 24383.598866837245, "selected": false, "client_name": "sta10"}
2026-07-01 18:34:39,383 - METRIC - INFO - {"loss": 0.035447314381599426, "accuracy": 0.9887217879295349, "energy_consumption": 23209.5715070065, "selected": false, "client_name": "sta2"}
2026-07-01 18:34:39,397 - METRIC - INFO - {"loss": 0.03542475774884224, "accuracy": 0.9879054427146912, "energy_consumption": 23731.825474743135, "selected": false, "client_name": "sta9"}
2026-07-01 18:34:39,429 - METRIC - INFO - {"loss": 0.029845792800188065, "accuracy": 0.9896499514579773, "energy_consumption": 18938.558613848334, "selected": false, "client_name": "sta6"}
2026-07-01 18:34:39,430 - METRIC - INFO - {"loss": 0.03938969969749451, "accuracy": 0.9870129823684692, "energy_consumption": 16143.508211125196, "selected": false, "client_name": "sta7"}
2026-07-01 18:34:39,441 - METRIC - INFO - {"loss": 0.041439492255449295, "accuracy": 0.9866560101509094, "energy_consumption": 17843.291850854468, "selected": false, "client_name": "sta5"}
2026-07-01 18:34:39,464 - METRIC - INFO - {"loss": 0.04395785182714462, "accuracy": 0.9858258366584778, "energy_consumption": 18218.32384960497, "selected": false, "client_name": "sta3"}
2026-07-01 18:34:39,544 - METRIC - INFO - {"loss": 0.036940596997737885, "accuracy": 0.9884853959083557, "energy_consumption": 15838.47536769266, "selected": false, "client_name": "sta1"}
2026-07-01 18:34:39,955 - METRIC - INFO - mean_accuracy: 0.9884809905832465

2026-07-01 18:34:39,955 - METRIC - INFO - round: 37
2026-07-01 18:34:39,955 - METRIC - INFO - n_selected: 11
2026-07-01 18:34:39,955 - METRIC - INFO - {"selected_trainers": ["sta0", "sta1", "sta10", "sta2", "sta3", "sta4", "sta5", "sta6", "sta7", "sta8", "sta9"]}
2026-07-01 18:34:44,866 - EXECUT - INFO - received weights from trainer sta8!
2026-07-01 18:34:44,976 - EXECUT - INFO - received weights from trainer sta4!
2026-07-01 18:34:48,705 - EXECUT - INFO - received weights from trainer sta10!
2026-07-01 18:34:50,098 - EXECUT - INFO - received weights from trainer sta1!
2026-07-01 18:34:50,398 - EXECUT - INFO - received weights from trainer sta0!
2026-07-01 18:34:51,528 - EXECUT - INFO - received weights from trainer sta2!
2026-07-01 18:34:52,078 - EXECUT - INFO - received weights from trainer sta6!
2026-07-01 18:34:53,173 - EXECUT - INFO - received weights from trainer sta9!
2026-07-01 18:34:53,331 - EXECUT - INFO - received weights from trainer sta3!
2026-07-01 18:34:54,115 - EXECUT - INFO - received weights from trainer sta5!
2026-07-01 18:34:54,184 - EXECUT - INFO - received weights from trainer sta7!
2026-07-01 18:34:54,711 - EXECUT - INFO - sent aggregated weights to trainers!
2026-07-01 18:34:55,021 - METRIC - INFO - {"loss": 0.026021311059594154, "accuracy": 0.9930555820465088, "energy_consumption": 23649.334454570686, "selected": false, "client_name": "sta4"}
2026-07-01 18:34:55,084 - METRIC - INFO - {"loss": 0.029106708243489265, "accuracy": 0.9922547340393066, "energy_consumption": 23267.65383822447, "selected": false, "client_name": "sta8"}
2026-07-01 18:34:55,132 - METRIC - INFO - {"loss": 0.03491651266813278, "accuracy": 0.9876477122306824, "energy_consumption": 23755.40232056359, "selected": false, "client_name": "sta2"}
2026-07-01 18:34:55,146 - METRIC - INFO - {"loss": 0.034731581807136536, "accuracy": 0.9874494075775146, "energy_consumption": 24954.77898945078, "selected": false, "client_name": "sta10"}
2026-07-01 18:34:55,191 - METRIC - INFO - {"loss": 0.03440377488732338, "accuracy": 0.9884551763534546, "energy_consumption": 24280.56673894521, "selected": false, "client_name": "sta9"}
2026-07-01 18:34:55,199 - METRIC - INFO - {"loss": 0.029433367773890495, "accuracy": 0.9902587532997131, "energy_consumption": 19387.5490515393, "selected": false, "client_name": "sta6"}
2026-07-01 18:34:55,216 - METRIC - INFO - {"loss": 0.039078570902347565, "accuracy": 0.9878296256065369, "energy_consumption": 17063.242421713265, "selected": false, "client_name": "sta0"}
2026-07-01 18:34:55,248 - METRIC - INFO - {"loss": 0.042491231113672256, "accuracy": 0.9852473139762878, "energy_consumption": 18544.937017692155, "selected": false, "client_name": "sta3"}
2026-07-01 18:34:55,258 - METRIC - INFO - {"loss": 0.04049230366945267, "accuracy": 0.987189769744873, "energy_consumption": 18227.36953643611, "selected": false, "client_name": "sta5"}
2026-07-01 18:34:55,271 - METRIC - INFO - {"loss": 0.035949986428022385, "accuracy": 0.9875996708869934, "energy_consumption": 16186.828134390302, "selected": false, "client_name": "sta1"}
2026-07-01 18:34:55,302 - METRIC - INFO - {"loss": 0.04068652167916298, "accuracy": 0.986127495765686, "energy_consumption": 16517.72369317835, "selected": false, "client_name": "sta7"}
2026-07-01 18:34:55,712 - METRIC - INFO - mean_accuracy: 0.9884650219570507

2026-07-01 18:34:55,712 - METRIC - INFO - round: 38
2026-07-01 18:34:55,712 - METRIC - INFO - n_selected: 11
2026-07-01 18:34:55,712 - METRIC - INFO - {"selected_trainers": ["sta0", "sta1", "sta10", "sta2", "sta3", "sta4", "sta5", "sta6", "sta7", "sta8", "sta9"]}
2026-07-01 18:35:00,598 - EXECUT - INFO - received weights from trainer sta4!
2026-07-01 18:35:00,641 - EXECUT - INFO - received weights from trainer sta8!
2026-07-01 18:35:04,481 - EXECUT - INFO - received weights from trainer sta10!
2026-07-01 18:35:05,823 - EXECUT - INFO - received weights from trainer sta1!
2026-07-01 18:35:06,137 - EXECUT - INFO - received weights from trainer sta0!
2026-07-01 18:35:07,262 - EXECUT - INFO - received weights from trainer sta2!
2026-07-01 18:35:07,915 - EXECUT - INFO - received weights from trainer sta6!
2026-07-01 18:35:08,755 - EXECUT - INFO - received weights from trainer sta9!
2026-07-01 18:35:09,108 - EXECUT - INFO - received weights from trainer sta3!
2026-07-01 18:35:09,904 - EXECUT - INFO - received weights from trainer sta5!
2026-07-01 18:35:09,953 - EXECUT - INFO - received weights from trainer sta7!
2026-07-01 18:35:10,438 - EXECUT - INFO - sent aggregated weights to trainers!
2026-07-01 18:35:10,752 - METRIC - INFO - {"loss": 0.025661759078502655, "accuracy": 0.9923611283302307, "energy_consumption": 24180.87250085019, "selected": false, "client_name": "sta4"}
2026-07-01 18:35:10,816 - METRIC - INFO - {"loss": 0.0283205546438694, "accuracy": 0.9922547340393066, "energy_consumption": 23810.091294177928, "selected": false, "client_name": "sta8"}
2026-07-01 18:35:10,860 - METRIC - INFO - {"loss": 0.03438360244035721, "accuracy": 0.9887217879295349, "energy_consumption": 24298.029168762092, "selected": false, "client_name": "sta2"}
2026-07-01 18:35:10,875 - METRIC - INFO - {"loss": 0.03545095771551132, "accuracy": 0.9886639714241028, "energy_consumption": 25544.502178984098, "selected": false, "client_name": "sta10"}
2026-07-01 18:35:10,923 - METRIC - INFO - {"loss": 0.03503827005624771, "accuracy": 0.9881803393363953, "energy_consumption": 24809.088027641556, "selected": false, "client_name": "sta9"}
2026-07-01 18:35:10,940 - METRIC - INFO - {"loss": 0.029576914384961128, "accuracy": 0.9911720156669617, "energy_consumption": 19823.258672899876, "selected": false, "client_name": "sta6"}
2026-07-01 18:35:10,964 - METRIC - INFO - {"loss": 0.03910692408680916, "accuracy": 0.9886409640312195, "energy_consumption": 17433.046091772867, "selected": false, "client_name": "sta0"}
2026-07-01 18:35:10,971 - METRIC - INFO - {"loss": 0.03900334611535072, "accuracy": 0.9878984689712524, "energy_consumption": 16894.275972077427, "selected": false, "client_name": "sta7"}
2026-07-01 18:35:10,973 - METRIC - INFO - {"loss": 0.042989928275346756, "accuracy": 0.9864044189453125, "energy_consumption": 18960.126819067078, "selected": false, "client_name": "sta3"}
2026-07-01 18:35:11,000 - METRIC - INFO - {"loss": 0.043705761432647705, "accuracy": 0.9861222505569458, "energy_consumption": 18625.311581001275, "selected": false, "client_name": "sta5"}
2026-07-01 18:35:11,070 - METRIC - INFO - {"loss": 0.035723306238651276, "accuracy": 0.9871567487716675, "energy_consumption": 16550.46923845228, "selected": false, "client_name": "sta1"}
2026-07-01 18:35:11,441 - METRIC - INFO - mean_accuracy: 0.9888706207275391

2026-07-01 18:35:11,441 - METRIC - INFO - round: 39
2026-07-01 18:35:11,441 - METRIC - INFO - n_selected: 11
2026-07-01 18:35:11,441 - METRIC - INFO - {"selected_trainers": ["sta0", "sta1", "sta10", "sta2", "sta3", "sta4", "sta5", "sta6", "sta7", "sta8", "sta9"]}
2026-07-01 18:35:16,366 - EXECUT - INFO - received weights from trainer sta8!
2026-07-01 18:35:16,418 - EXECUT - INFO - received weights from trainer sta4!
2026-07-01 18:35:20,279 - EXECUT - INFO - received weights from trainer sta10!
2026-07-01 18:35:21,564 - EXECUT - INFO - received weights from trainer sta1!
2026-07-01 18:35:21,937 - EXECUT - INFO - received weights from trainer sta0!
2026-07-01 18:35:23,619 - EXECUT - INFO - received weights from trainer sta6!
2026-07-01 18:35:24,574 - EXECUT - INFO - received weights from trainer sta9!
2026-07-01 18:35:24,894 - EXECUT - INFO - received weights from trainer sta3!
2026-07-01 18:35:25,657 - EXECUT - INFO - received weights from trainer sta5!
2026-07-01 18:35:25,732 - EXECUT - INFO - received weights from trainer sta7!
2026-07-01 18:35:32,190 - EXECUT - INFO - received weights from trainer sta2!
2026-07-01 18:35:33,182 - EXECUT - INFO - sent aggregated weights to trainers!
2026-07-01 18:35:33,506 - METRIC - INFO - {"loss": 0.025408416986465454, "accuracy": 0.9930555820465088, "energy_consumption": 24951.948775543802, "selected": false, "client_name": "sta4"}
2026-07-01 18:35:33,549 - METRIC - INFO - {"loss": 0.026102153584361076, "accuracy": 0.9922547340393066, "energy_consumption": 24570.174793286296, "selected": false, "client_name": "sta8"}
2026-07-01 18:35:33,620 - METRIC - INFO - {"loss": 0.03466939553618431, "accuracy": 0.9887217879295349, "energy_consumption": 24970.265344266118, "selected": false, "client_name": "sta2"}
2026-07-01 18:35:33,641 - METRIC - INFO - {"loss": 0.03417550027370453, "accuracy": 0.9884551763534546, "energy_consumption": 25589.59767126905, "selected": false, "client_name": "sta9"}
2026-07-01 18:35:33,666 - METRIC - INFO - {"loss": 0.029388781636953354, "accuracy": 0.9899543523788452, "energy_consumption": 20463.74087679804, "selected": false, "client_name": "sta6"}
2026-07-01 18:35:33,674 - METRIC - INFO - {"loss": 0.03955414891242981, "accuracy": 0.987308144569397, "energy_consumption": 17455.649171507153, "selected": false, "client_name": "sta7"}
2026-07-01 18:35:33,698 - METRIC - INFO - {"loss": 0.04324636235833168, "accuracy": 0.9858258366584778, "energy_consumption": 19517.36326455555, "selected": false, "client_name": "sta3"}
2026-07-01 18:35:33,720 - METRIC - INFO - {"loss": 0.04021009802818298, "accuracy": 0.9869228601455688, "energy_consumption": 19223.510774261653, "selected": false, "client_name": "sta5"}
2026-07-01 18:35:33,721 - METRIC - INFO - {"loss": 0.03519267961382866, "accuracy": 0.9890688061714172, "energy_consumption": 26344.503748858857, "selected": false, "client_name": "sta10"}
2026-07-01 18:35:33,796 - METRIC - INFO - {"loss": 0.036838874220848083, "accuracy": 0.9880425333976746, "energy_consumption": 17077.28599757275, "selected": false, "client_name": "sta1"}
2026-07-01 18:35:33,801 - METRIC - INFO - {"loss": 0.04030369222164154, "accuracy": 0.9874239563941956, "energy_consumption": 17998.051682711328, "selected": false, "client_name": "sta0"}
2026-07-01 18:35:34,185 - METRIC - INFO - mean_accuracy: 0.9888212518258528

2026-07-01 18:35:34,185 - METRIC - INFO - round: 40
2026-07-01 18:35:34,185 - METRIC - INFO - n_selected: 11
2026-07-01 18:35:34,185 - METRIC - INFO - {"selected_trainers": ["sta0", "sta1", "sta10", "sta2", "sta3", "sta4", "sta5", "sta6", "sta7", "sta8", "sta9"]}
2026-07-01 18:35:39,107 - EXECUT - INFO - received weights from trainer sta4!
2026-07-01 18:35:39,141 - EXECUT - INFO - received weights from trainer sta8!
2026-07-01 18:35:43,019 - EXECUT - INFO - received weights from trainer sta10!
2026-07-01 18:35:44,327 - EXECUT - INFO - received weights from trainer sta1!
2026-07-01 18:35:44,576 - EXECUT - INFO - received weights from trainer sta0!
2026-07-01 18:35:45,889 - EXECUT - INFO - received weights from trainer sta2!
2026-07-01 18:35:46,370 - EXECUT - INFO - received weights from trainer sta6!
2026-07-01 18:35:47,300 - EXECUT - INFO - received weights from trainer sta9!
2026-07-01 18:35:47,476 - EXECUT - INFO - received weights from trainer sta3!
2026-07-01 18:35:48,494 - EXECUT - INFO - received weights from trainer sta7!
2026-07-01 18:35:48,561 - EXECUT - INFO - received weights from trainer sta5!
2026-07-01 18:35:48,847 - EXECUT - INFO - sent aggregated weights to trainers!
2026-07-01 18:35:49,142 - METRIC - INFO - {"loss": 0.025069117546081543, "accuracy": 0.9930555820465088, "energy_consumption": 25502.909864064895, "selected": false, "client_name": "sta4"}
2026-07-01 18:35:49,271 - METRIC - INFO - {"loss": 0.03460090234875679, "accuracy": 0.9882591366767883, "energy_consumption": 26924.162346648627, "selected": false, "client_name": "sta10"}
2026-07-01 18:35:49,335 - METRIC - INFO - {"loss": 0.026738673448562622, "accuracy": 0.9922547340393066, "energy_consumption": 25069.60300683152, "selected": false, "client_name": "sta8"}
2026-07-01 18:35:49,358 - METRIC - INFO - {"loss": 0.028484534472227097, "accuracy": 0.9902587532997131, "energy_consumption": 20899.020970211288, "selected": false, "client_name": "sta6"}
2026-07-01 18:35:49,358 - METRIC - INFO - {"loss": 0.04351901635527611, "accuracy": 0.9862068891525269, "energy_consumption": 18401.45037426687, "selected": false, "client_name": "sta0"}
2026-07-01 18:35:49,369 - METRIC - INFO - {"loss": 0.033421024680137634, "accuracy": 0.988990306854248, "energy_consumption": 25485.269836956722, "selected": false, "client_name": "sta2"}
2026-07-01 18:35:49,391 - METRIC - INFO - {"loss": 0.03993815556168556, "accuracy": 0.9858553409576416, "energy_consumption": 19610.058599822652, "selected": false, "client_name": "sta5"}
2026-07-01 18:35:49,432 - METRIC - INFO - {"loss": 0.04191472753882408, "accuracy": 0.9848818182945251, "energy_consumption": 26120.23300091616, "selected": false, "client_name": "sta9"}
2026-07-01 18:35:49,436 - METRIC - INFO - {"loss": 0.03877252712845802, "accuracy": 0.9870129823684692, "energy_consumption": 17810.32290079668, "selected": false, "client_name": "sta7"}
2026-07-01 18:35:49,461 - METRIC - INFO - {"loss": 0.0354093499481678, "accuracy": 0.9875996708869934, "energy_consumption": 17413.86463141511, "selected": false, "client_name": "sta1"}
2026-07-01 18:35:49,495 - METRIC - INFO - {"loss": 0.047938816249370575, "accuracy": 0.9855365753173828, "energy_consumption": 19901.514206944947, "selected": false, "client_name": "sta3"}
2026-07-01 18:35:49,848 - METRIC - INFO - mean_accuracy: 0.9881737990812822

2026-07-01 18:35:49,848 - METRIC - INFO - round: 41
2026-07-01 18:35:49,848 - METRIC - INFO - n_selected: 11
2026-07-01 18:35:49,848 - METRIC - INFO - {"selected_trainers": ["sta0", "sta1", "sta10", "sta2", "sta3", "sta4", "sta5", "sta6", "sta7", "sta8", "sta9"]}
2026-07-01 18:35:54,788 - EXECUT - INFO - received weights from trainer sta8!
2026-07-01 18:35:54,802 - EXECUT - INFO - received weights from trainer sta4!
2026-07-01 18:35:58,600 - EXECUT - INFO - received weights from trainer sta10!
2026-07-01 18:36:00,021 - EXECUT - INFO - received weights from trainer sta1!
2026-07-01 18:36:00,256 - EXECUT - INFO - received weights from trainer sta0!
2026-07-01 18:36:01,437 - EXECUT - INFO - received weights from trainer sta2!
2026-07-01 18:36:02,055 - EXECUT - INFO - received weights from trainer sta6!
2026-07-01 18:36:02,964 - EXECUT - INFO - received weights from trainer sta9!
2026-07-01 18:36:03,267 - EXECUT - INFO - received weights from trainer sta3!
2026-07-01 18:36:04,126 - EXECUT - INFO - received weights from trainer sta5!
2026-07-01 18:36:04,197 - EXECUT - INFO - received weights from trainer sta7!
2026-07-01 18:36:04,573 - EXECUT - INFO - sent aggregated weights to trainers!
2026-07-01 18:36:04,902 - METRIC - INFO - {"loss": 0.025091642513871193, "accuracy": 0.9937499761581421, "energy_consumption": 26037.749502052608, "selected": false, "client_name": "sta4"}
2026-07-01 18:36:04,959 - METRIC - INFO - {"loss": 0.027962014079093933, "accuracy": 0.9922547340393066, "energy_consumption": 25593.939255440873, "selected": false, "client_name": "sta8"}
2026-07-01 18:36:05,005 - METRIC - INFO - {"loss": 0.03583503141999245, "accuracy": 0.9884532690048218, "energy_consumption": 26017.246567814396, "selected": false, "client_name": "sta2"}
2026-07-01 18:36:05,017 - METRIC - INFO - {"loss": 0.034595243632793427, "accuracy": 0.9874494075775146, "energy_consumption": 27502.19055943062, "selected": false, "client_name": "sta10"}
2026-07-01 18:36:05,056 - METRIC - INFO - {"loss": 0.07803435623645782, "accuracy": 0.9766355156898499, "energy_consumption": 26677.990296748227, "selected": false, "client_name": "sta9"}
2026-07-01 18:36:05,082 - METRIC - INFO - {"loss": 0.03796412795782089, "accuracy": 0.9858323335647583, "energy_consumption": 18172.367637850606, "selected": false, "client_name": "sta7"}
2026-07-01 18:36:05,082 - METRIC - INFO - {"loss": 0.035282474011182785, "accuracy": 0.9867138862609863, "energy_consumption": 17714.148886559065, "selected": false, "client_name": "sta1"}
2026-07-01 18:36:05,083 - METRIC - INFO - {"loss": 0.03018895909190178, "accuracy": 0.9902587532997131, "energy_consumption": 21328.475961662585, "selected": false, "client_name": "sta6"}
2026-07-01 18:36:05,089 - METRIC - INFO - {"loss": 0.04376810044050217, "accuracy": 0.9858258366584778, "energy_consumption": 20303.32782032194, "selected": false, "client_name": "sta3"}
2026-07-01 18:36:05,121 - METRIC - INFO - {"loss": 0.03869723901152611, "accuracy": 0.9878296256065369, "energy_consumption": 18797.66893291225, "selected": false, "client_name": "sta0"}
2026-07-01 18:36:05,201 - METRIC - INFO - {"loss": 0.039618730545043945, "accuracy": 0.9869228601455688, "energy_consumption": 20015.756313284935, "selected": false, "client_name": "sta5"}
2026-07-01 18:36:05,574 - METRIC - INFO - mean_accuracy: 0.9874478361823342

2026-07-01 18:36:05,574 - METRIC - INFO - round: 42
2026-07-01 18:36:05,574 - METRIC - INFO - n_selected: 11
2026-07-01 18:36:05,574 - METRIC - INFO - {"selected_trainers": ["sta0", "sta1", "sta10", "sta2", "sta3", "sta4", "sta5", "sta6", "sta7", "sta8", "sta9"]}
2026-07-01 18:36:10,570 - EXECUT - INFO - received weights from trainer sta4!
2026-07-01 18:36:10,602 - EXECUT - INFO - received weights from trainer sta8!
2026-07-01 18:36:14,323 - EXECUT - INFO - received weights from trainer sta10!
2026-07-01 18:36:15,717 - EXECUT - INFO - received weights from trainer sta1!
2026-07-01 18:36:16,014 - EXECUT - INFO - received weights from trainer sta0!
2026-07-01 18:36:17,207 - EXECUT - INFO - received weights from trainer sta2!
2026-07-01 18:36:17,745 - EXECUT - INFO - received weights from trainer sta6!
2026-07-01 18:36:18,778 - EXECUT - INFO - received weights from trainer sta9!
2026-07-01 18:36:18,928 - EXECUT - INFO - received weights from trainer sta3!
2026-07-01 18:36:19,835 - EXECUT - INFO - received weights from trainer sta5!
2026-07-01 18:36:19,863 - EXECUT - INFO - received weights from trainer sta7!
2026-07-01 18:36:20,353 - EXECUT - INFO - sent aggregated weights to trainers!
2026-07-01 18:36:20,659 - METRIC - INFO - {"loss": 0.02577098272740841, "accuracy": 0.9951388835906982, "energy_consumption": 26577.962285173835, "selected": false, "client_name": "sta4"}
2026-07-01 18:36:20,692 - METRIC - INFO - {"loss": 0.02586258016526699, "accuracy": 0.9905335903167725, "energy_consumption": 26122.245188037672, "selected": false, "client_name": "sta8"}
2026-07-01 18:36:20,751 - METRIC - INFO - {"loss": 0.03462943807244301, "accuracy": 0.9887217879295349, "energy_consumption": 26551.314045373994, "selected": false, "client_name": "sta2"}
2026-07-01 18:36:20,752 - METRIC - INFO - {"loss": 0.03449150174856186, "accuracy": 0.9878542423248291, "energy_consumption": 28086.250212807045, "selected": false, "client_name": "sta10"}
2026-07-01 18:36:20,822 - METRIC - INFO - {"loss": 0.04366157203912735, "accuracy": 0.9852473139762878, "energy_consumption": 20724.862801168365, "selected": false, "client_name": "sta3"}
2026-07-01 18:36:20,833 - METRIC - INFO - {"loss": 0.03926016762852669, "accuracy": 0.9877235293388367, "energy_consumption": 20423.953989019796, "selected": false, "client_name": "sta5"}
2026-07-01 18:36:20,860 - METRIC - INFO - {"loss": 0.04075285792350769, "accuracy": 0.9886409640312195, "energy_consumption": 19204.686985165583, "selected": false, "client_name": "sta0"}
2026-07-01 18:36:20,935 - METRIC - INFO - {"loss": 0.031317729502916336, "accuracy": 0.9893454909324646, "energy_consumption": 21764.106454313172, "selected": false, "client_name": "sta6"}
2026-07-01 18:36:20,943 - METRIC - INFO - {"loss": 0.033607419580221176, "accuracy": 0.9887300729751587, "energy_consumption": 27234.46484367941, "selected": false, "client_name": "sta9"}
2026-07-01 18:36:20,948 - METRIC - INFO - {"loss": 0.0379018560051918, "accuracy": 0.9880425333976746, "energy_consumption": 18075.863640665728, "selected": false, "client_name": "sta1"}
2026-07-01 18:36:21,032 - METRIC - INFO - {"loss": 0.03762318193912506, "accuracy": 0.9870129823684692, "energy_consumption": 18545.04321289051, "selected": false, "client_name": "sta7"}
2026-07-01 18:36:21,356 - METRIC - INFO - mean_accuracy: 0.9888173991983588

2026-07-01 18:36:21,356 - METRIC - INFO - round: 43
2026-07-01 18:36:21,356 - METRIC - INFO - n_selected: 11
2026-07-01 18:36:21,356 - METRIC - INFO - {"selected_trainers": ["sta0", "sta1", "sta10", "sta2", "sta3", "sta4", "sta5", "sta6", "sta7", "sta8", "sta9"]}
2026-07-01 18:36:26,245 - EXECUT - INFO - received weights from trainer sta8!
2026-07-01 18:36:26,276 - EXECUT - INFO - received weights from trainer sta4!
2026-07-01 18:36:30,161 - EXECUT - INFO - received weights from trainer sta10!
2026-07-01 18:36:31,444 - EXECUT - INFO - received weights from trainer sta1!
2026-07-01 18:36:31,847 - EXECUT - INFO - received weights from trainer sta0!
2026-07-01 18:36:33,005 - EXECUT - INFO - received weights from trainer sta2!
2026-07-01 18:36:33,530 - EXECUT - INFO - received weights from trainer sta6!
2026-07-01 18:36:34,466 - EXECUT - INFO - received weights from trainer sta9!
2026-07-01 18:36:34,723 - EXECUT - INFO - received weights from trainer sta3!
2026-07-01 18:36:35,569 - EXECUT - INFO - received weights from trainer sta7!
2026-07-01 18:36:35,625 - EXECUT - INFO - received weights from trainer sta5!
2026-07-01 18:36:35,984 - EXECUT - INFO - sent aggregated weights to trainers!
2026-07-01 18:36:36,284 - METRIC - INFO - {"loss": 0.02519432082772255, "accuracy": 0.9923611283302307, "energy_consumption": 27102.349651021843, "selected": false, "client_name": "sta4"}
2026-07-01 18:36:36,339 - METRIC - INFO - {"loss": 0.02671743556857109, "accuracy": 0.9922547340393066, "energy_consumption": 26636.411271549874, "selected": false, "client_name": "sta8"}
2026-07-01 18:36:36,381 - METRIC - INFO - {"loss": 0.034000102430582047, "accuracy": 0.9884532690048218, "energy_consumption": 27060.380829967293, "selected": false, "client_name": "sta2"}
2026-07-01 18:36:36,419 - METRIC - INFO - {"loss": 0.03435518965125084, "accuracy": 0.9878542423248291, "energy_consumption": 28670.98626399219, "selected": false, "client_name": "sta10"}
2026-07-01 18:36:36,448 - METRIC - INFO - {"loss": 0.03329821676015854, "accuracy": 0.9892798066139221, "energy_consumption": 27763.772089342343, "selected": false, "client_name": "sta9"}
2026-07-01 18:36:36,490 - METRIC - INFO - {"loss": 0.028169406577944756, "accuracy": 0.9911720156669617, "energy_consumption": 22202.86251779047, "selected": false, "client_name": "sta6"}
2026-07-01 18:36:36,505 - METRIC - INFO - {"loss": 0.03844614699482918, "accuracy": 0.9874239563941956, "energy_consumption": 19489.080222967146, "selected": false, "client_name": "sta0"}
2026-07-01 18:36:36,505 - METRIC - INFO - {"loss": 0.04164104908704758, "accuracy": 0.9866936802864075, "energy_consumption": 21146.302158660706, "selected": false, "client_name": "sta3"}
2026-07-01 18:36:36,519 - METRIC - INFO - {"loss": 0.039618365466594696, "accuracy": 0.9869228601455688, "energy_consumption": 20828.770220403057, "selected": false, "client_name": "sta5"}
2026-07-01 18:36:36,529 - METRIC - INFO - {"loss": 0.038017623126506805, "accuracy": 0.9881936311721802, "energy_consumption": 18922.482436173115, "selected": false, "client_name": "sta7"}
2026-07-01 18:36:36,592 - METRIC - INFO - {"loss": 0.03451910987496376, "accuracy": 0.9867138862609863, "energy_consumption": 18427.689013320305, "selected": false, "client_name": "sta1"}
2026-07-01 18:36:36,986 - METRIC - INFO - mean_accuracy: 0.9888475645672191

2026-07-01 18:36:36,986 - METRIC - INFO - round: 44
2026-07-01 18:36:36,986 - METRIC - INFO - n_selected: 11
2026-07-01 18:36:36,986 - METRIC - INFO - {"selected_trainers": ["sta0", "sta1", "sta10", "sta2", "sta3", "sta4", "sta5", "sta6", "sta7", "sta8", "sta9"]}
2026-07-01 18:36:41,965 - EXECUT - INFO - received weights from trainer sta4!
2026-07-01 18:36:41,995 - EXECUT - INFO - received weights from trainer sta8!
2026-07-01 18:36:45,834 - EXECUT - INFO - received weights from trainer sta10!
2026-07-01 18:36:47,110 - EXECUT - INFO - received weights from trainer sta1!
2026-07-01 18:36:47,440 - EXECUT - INFO - received weights from trainer sta0!
2026-07-01 18:36:48,650 - EXECUT - INFO - received weights from trainer sta2!
2026-07-01 18:36:49,145 - EXECUT - INFO - received weights from trainer sta6!
2026-07-01 18:36:50,090 - EXECUT - INFO - received weights from trainer sta9!
2026-07-01 18:36:50,365 - EXECUT - INFO - received weights from trainer sta3!
2026-07-01 18:36:51,251 - EXECUT - INFO - received weights from trainer sta7!
2026-07-01 18:36:51,277 - EXECUT - INFO - received weights from trainer sta5!
2026-07-01 18:36:51,676 - EXECUT - INFO - sent aggregated weights to trainers!
2026-07-01 18:36:52,062 - METRIC - INFO - {"loss": 0.024723339825868607, "accuracy": 0.9930555820465088, "energy_consumption": 27619.961682570414, "selected": false, "client_name": "sta4"}
2026-07-01 18:36:52,068 - METRIC - INFO - {"loss": 0.026010802015662193, "accuracy": 0.9913941621780396, "energy_consumption": 27167.705133659183, "selected": false, "client_name": "sta8"}
2026-07-01 18:36:52,079 - METRIC - INFO - {"loss": 0.03445803001523018, "accuracy": 0.9881847500801086, "energy_consumption": 27590.62454029497, "selected": false, "client_name": "sta2"}
2026-07-01 18:36:52,107 - METRIC - INFO - {"loss": 0.03557942062616348, "accuracy": 0.9862348437309265, "energy_consumption": 29254.05742882549, "selected": false, "client_name": "sta10"}
2026-07-01 18:36:52,128 - METRIC - INFO - {"loss": 0.035669226199388504, "accuracy": 0.9881803393363953, "energy_consumption": 28312.088719253894, "selected": false, "client_name": "sta9"}
2026-07-01 18:36:52,154 - METRIC - INFO - {"loss": 0.04235878214240074, "accuracy": 0.9864044189453125, "energy_consumption": 21568.11948673997, "selected": false, "client_name": "sta3"}
2026-07-01 18:36:52,175 - METRIC - INFO - {"loss": 0.028952501714229584, "accuracy": 0.990867555141449, "energy_consumption": 22627.224729085, "selected": false, "client_name": "sta6"}
2026-07-01 18:36:52,190 - METRIC - INFO - {"loss": 0.03931625932455063, "accuracy": 0.9890466332435608, "energy_consumption": 19874.12991209794, "selected": false, "client_name": "sta0"}
2026-07-01 18:36:52,218 - METRIC - INFO - {"loss": 0.03981175646185875, "accuracy": 0.9869228601455688, "energy_consumption": 21223.74545736624, "selected": false, "client_name": "sta5"}
2026-07-01 18:36:52,221 - METRIC - INFO - {"loss": 0.038193464279174805, "accuracy": 0.9880425333976746, "energy_consumption": 18773.957253181095, "selected": false, "client_name": "sta1"}
2026-07-01 18:36:52,229 - METRIC - INFO - {"loss": 0.037220679223537445, "accuracy": 0.9864226579666138, "energy_consumption": 19298.895167019557, "selected": false, "client_name": "sta7"}
2026-07-01 18:36:52,678 - METRIC - INFO - mean_accuracy: 0.9886142123829235

2026-07-01 18:36:52,678 - METRIC - INFO - round: 45
2026-07-01 18:36:52,678 - METRIC - INFO - n_selected: 11
2026-07-01 18:36:52,678 - METRIC - INFO - {"selected_trainers": ["sta0", "sta1", "sta10", "sta2", "sta3", "sta4", "sta5", "sta6", "sta7", "sta8", "sta9"]}
2026-07-01 18:36:57,619 - EXECUT - INFO - received weights from trainer sta4!
2026-07-01 18:36:57,666 - EXECUT - INFO - received weights from trainer sta8!
2026-07-01 18:37:01,546 - EXECUT - INFO - received weights from trainer sta10!
2026-07-01 18:37:02,748 - EXECUT - INFO - received weights from trainer sta1!
2026-07-01 18:37:03,150 - EXECUT - INFO - received weights from trainer sta0!
2026-07-01 18:37:04,249 - EXECUT - INFO - received weights from trainer sta2!
2026-07-01 18:37:04,851 - EXECUT - INFO - received weights from trainer sta6!
2026-07-01 18:37:05,815 - EXECUT - INFO - received weights from trainer sta9!
2026-07-01 18:37:06,068 - EXECUT - INFO - received weights from trainer sta3!
2026-07-01 18:37:06,943 - EXECUT - INFO - received weights from trainer sta7!
2026-07-01 18:37:06,992 - EXECUT - INFO - received weights from trainer sta5!
2026-07-01 18:37:07,343 - EXECUT - INFO - sent aggregated weights to trainers!
2026-07-01 18:37:07,636 - METRIC - INFO - {"loss": 0.024546755477786064, "accuracy": 0.9937499761581421, "energy_consumption": 28138.44484863711, "selected": false, "client_name": "sta4"}
2026-07-01 18:37:07,732 - METRIC - INFO - {"loss": 0.024996280670166016, "accuracy": 0.9913941621780396, "energy_consumption": 27690.06518699343, "selected": false, "client_name": "sta8"}
2026-07-01 18:37:07,750 - METRIC - INFO - {"loss": 0.034163303673267365, "accuracy": 0.9887217879295349, "energy_consumption": 28123.31258824763, "selected": false, "client_name": "sta2"}
2026-07-01 18:37:07,762 - METRIC - INFO - {"loss": 0.03489505127072334, "accuracy": 0.9882591366767883, "energy_consumption": 29677.68090680711, "selected": false, "client_name": "sta10"}
2026-07-01 18:37:07,809 - METRIC - INFO - {"loss": 0.03759247437119484, "accuracy": 0.9874239563941956, "energy_consumption": 20240.002560480956, "selected": false, "client_name": "sta0"}
2026-07-01 18:37:07,811 - METRIC - INFO - {"loss": 0.03363257646560669, "accuracy": 0.9892798066139221, "energy_consumption": 28863.18115597769, "selected": false, "client_name": "sta9"}
2026-07-01 18:37:07,837 - METRIC - INFO - {"loss": 0.028123309835791588, "accuracy": 0.9914764165878296, "energy_consumption": 23055.623608883863, "selected": false, "client_name": "sta6"}
2026-07-01 18:37:07,854 - METRIC - INFO - {"loss": 0.04159090295433998, "accuracy": 0.9858258366584778, "energy_consumption": 21975.495678864267, "selected": false, "client_name": "sta3"}
2026-07-01 18:37:07,888 - METRIC - INFO - {"loss": 0.040089577436447144, "accuracy": 0.987189769744873, "energy_consumption": 21636.427920992868, "selected": false, "client_name": "sta5"}
2026-07-01 18:37:07,921 - METRIC - INFO - {"loss": 0.03793158382177353, "accuracy": 0.9867178201675415, "energy_consumption": 19676.806704882343, "selected": false, "client_name": "sta7"}
2026-07-01 18:37:07,958 - METRIC - INFO - {"loss": 0.0363483801484108, "accuracy": 0.9875996708869934, "energy_consumption": 19118.019754491033, "selected": false, "client_name": "sta1"}
2026-07-01 18:37:08,344 - METRIC - INFO - mean_accuracy: 0.9888762127269398

2026-07-01 18:37:08,344 - METRIC - INFO - round: 46
2026-07-01 18:37:08,344 - METRIC - INFO - n_selected: 11
2026-07-01 18:37:08,344 - METRIC - INFO - {"selected_trainers": ["sta0", "sta1", "sta10", "sta2", "sta3", "sta4", "sta5", "sta6", "sta7", "sta8", "sta9"]}
2026-07-01 18:37:13,245 - EXECUT - INFO - received weights from trainer sta4!
2026-07-01 18:37:13,312 - EXECUT - INFO - received weights from trainer sta8!
2026-07-01 18:37:17,121 - EXECUT - INFO - received weights from trainer sta10!
2026-07-01 18:37:18,478 - EXECUT - INFO - received weights from trainer sta1!
2026-07-01 18:37:18,808 - EXECUT - INFO - received weights from trainer sta0!
2026-07-01 18:37:19,947 - EXECUT - INFO - received weights from trainer sta2!
2026-07-01 18:37:20,545 - EXECUT - INFO - received weights from trainer sta6!
2026-07-01 18:37:21,455 - EXECUT - INFO - received weights from trainer sta9!
2026-07-01 18:37:21,821 - EXECUT - INFO - received weights from trainer sta3!
2026-07-01 18:37:22,595 - EXECUT - INFO - received weights from trainer sta7!
2026-07-01 18:37:22,682 - EXECUT - INFO - received weights from trainer sta5!
2026-07-01 18:37:22,971 - EXECUT - INFO - sent aggregated weights to trainers!
2026-07-01 18:37:23,283 - METRIC - INFO - {"loss": 0.024433542042970657, "accuracy": 0.9937499761581421, "energy_consumption": 28665.66202689806, "selected": false, "client_name": "sta4"}
2026-07-01 18:37:23,367 - METRIC - INFO - {"loss": 0.025445880368351936, "accuracy": 0.9913941621780396, "energy_consumption": 28217.933855608608, "selected": false, "client_name": "sta8"}
2026-07-01 18:37:23,396 - METRIC - INFO - {"loss": 0.033286090940237045, "accuracy": 0.988990306854248, "energy_consumption": 28667.9251718704, "selected": false, "client_name": "sta2"}
2026-07-01 18:37:23,412 - METRIC - INFO - {"loss": 0.034539297223091125, "accuracy": 0.9882591366767883, "energy_consumption": 30260.780970458116, "selected": false, "client_name": "sta10"}
2026-07-01 18:37:23,447 - METRIC - INFO - {"loss": 0.034206707030534744, "accuracy": 0.9890049695968628, "energy_consumption": 29270.051013484495, "selected": false, "client_name": "sta9"}
2026-07-01 18:37:23,457 - METRIC - INFO - {"loss": 0.042968086898326874, "accuracy": 0.9849580526351929, "energy_consumption": 22393.520931880987, "selected": false, "client_name": "sta3"}
2026-07-01 18:37:23,479 - METRIC - INFO - {"loss": 0.02803933620452881, "accuracy": 0.990867555141449, "energy_consumption": 23480.30080305246, "selected": false, "client_name": "sta6"}
2026-07-01 18:37:23,496 - METRIC - INFO - {"loss": 0.037385206669569016, "accuracy": 0.9878296256065369, "energy_consumption": 20607.412861013545, "selected": false, "client_name": "sta0"}
2026-07-01 18:37:23,509 - METRIC - INFO - {"loss": 0.0397309847176075, "accuracy": 0.9869228601455688, "energy_consumption": 22036.599840990708, "selected": false, "client_name": "sta5"}
2026-07-01 18:37:23,513 - METRIC - INFO - {"loss": 0.03853897377848625, "accuracy": 0.9876033067703247, "energy_consumption": 20046.863155532603, "selected": false, "client_name": "sta7"}
2026-07-01 18:37:23,586 - METRIC - INFO - {"loss": 0.035409994423389435, "accuracy": 0.9871567487716675, "energy_consumption": 19502.824274916293, "selected": false, "client_name": "sta1"}
2026-07-01 18:37:23,972 - METRIC - INFO - mean_accuracy: 0.9887942455031655

2026-07-01 18:37:23,972 - METRIC - INFO - round: 47
2026-07-01 18:37:23,972 - METRIC - INFO - n_selected: 11
2026-07-01 18:37:23,972 - METRIC - INFO - {"selected_trainers": ["sta0", "sta1", "sta10", "sta2", "sta3", "sta4", "sta5", "sta6", "sta7", "sta8", "sta9"]}
2026-07-01 18:37:28,902 - EXECUT - INFO - received weights from trainer sta4!
2026-07-01 18:37:28,962 - EXECUT - INFO - received weights from trainer sta8!
2026-07-01 18:37:32,806 - EXECUT - INFO - received weights from trainer sta10!
2026-07-01 18:37:34,095 - EXECUT - INFO - received weights from trainer sta1!
2026-07-01 18:37:34,444 - EXECUT - INFO - received weights from trainer sta0!
2026-07-01 18:37:35,656 - EXECUT - INFO - received weights from trainer sta2!
2026-07-01 18:37:36,159 - EXECUT - INFO - received weights from trainer sta6!
2026-07-01 18:37:37,145 - EXECUT - INFO - received weights from trainer sta9!
2026-07-01 18:37:37,333 - EXECUT - INFO - received weights from trainer sta3!
2026-07-01 18:37:38,171 - EXECUT - INFO - received weights from trainer sta5!
2026-07-01 18:37:44,967 - EXECUT - INFO - received weights from trainer sta7!
2026-07-01 18:37:45,669 - EXECUT - INFO - sent aggregated weights to trainers!
2026-07-01 18:37:45,987 - METRIC - INFO - {"loss": 0.02451724000275135, "accuracy": 0.9944444298744202, "energy_consumption": 29474.82535182032, "selected": false, "client_name": "sta4"}
2026-07-01 18:37:46,054 - METRIC - INFO - {"loss": 0.02530653029680252, "accuracy": 0.9922547340393066, "energy_consumption": 28954.836513932874, "selected": false, "client_name": "sta8"}
2026-07-01 18:37:46,080 - METRIC - INFO - {"loss": 0.03373488038778305, "accuracy": 0.9879162311553955, "energy_consumption": 29467.206167144952, "selected": false, "client_name": "sta2"}
2026-07-01 18:37:46,114 - METRIC - INFO - {"loss": 0.034718796610832214, "accuracy": 0.9870445132255554, "energy_consumption": 31082.57703130229, "selected": false, "client_name": "sta10"}
2026-07-01 18:37:46,154 - METRIC - INFO - {"loss": 0.03336511552333832, "accuracy": 0.9890049695968628, "energy_consumption": 30099.713353402123, "selected": false, "client_name": "sta9"}
2026-07-01 18:37:46,186 - METRIC - INFO - {"loss": 0.0383804589509964, "accuracy": 0.9882352948188782, "energy_consumption": 21144.643050355004, "selected": false, "client_name": "sta0"}
2026-07-01 18:37:46,195 - METRIC - INFO - {"loss": 0.027764657512307167, "accuracy": 0.9902587532997131, "energy_consumption": 24128.54956190589, "selected": false, "client_name": "sta6"}
2026-07-01 18:37:46,201 - METRIC - INFO - {"loss": 0.03703386336565018, "accuracy": 0.9864226579666138, "energy_consumption": 20580.12962990731, "selected": false, "client_name": "sta7"}
2026-07-01 18:37:46,212 - METRIC - INFO - {"loss": 0.04228326678276062, "accuracy": 0.9852473139762878, "energy_consumption": 22996.44507603053, "selected": false, "client_name": "sta3"}
2026-07-01 18:37:46,347 - METRIC - INFO - {"loss": 0.03952467814087868, "accuracy": 0.9877235293388367, "energy_consumption": 22631.553985014627, "selected": false, "client_name": "sta5"}
2026-07-01 18:37:46,398 - METRIC - INFO - {"loss": 0.035494159907102585, "accuracy": 0.9884853959083557, "energy_consumption": 20046.11823088278, "selected": false, "client_name": "sta1"}
2026-07-01 18:37:46,671 - METRIC - INFO - mean_accuracy: 0.9888216202909296

2026-07-01 18:37:46,671 - METRIC - INFO - round: 48
2026-07-01 18:37:46,671 - METRIC - INFO - n_selected: 11
2026-07-01 18:37:46,671 - METRIC - INFO - {"selected_trainers": ["sta0", "sta1", "sta10", "sta2", "sta3", "sta4", "sta5", "sta6", "sta7", "sta8", "sta9"]}
2026-07-01 18:37:51,588 - EXECUT - INFO - received weights from trainer sta4!
2026-07-01 18:37:51,640 - EXECUT - INFO - received weights from trainer sta8!
2026-07-01 18:37:55,452 - EXECUT - INFO - received weights from trainer sta10!
2026-07-01 18:37:56,769 - EXECUT - INFO - received weights from trainer sta1!
2026-07-01 18:37:57,086 - EXECUT - INFO - received weights from trainer sta0!
2026-07-01 18:37:58,370 - EXECUT - INFO - received weights from trainer sta2!
2026-07-01 18:37:58,901 - EXECUT - INFO - received weights from trainer sta6!
2026-07-01 18:37:59,839 - EXECUT - INFO - received weights from trainer sta9!
2026-07-01 18:37:59,929 - EXECUT - INFO - received weights from trainer sta3!
2026-07-01 18:38:00,885 - EXECUT - INFO - received weights from trainer sta5!
2026-07-01 18:38:00,915 - EXECUT - INFO - received weights from trainer sta7!
2026-07-01 18:38:01,452 - EXECUT - INFO - sent aggregated weights to trainers!
2026-07-01 18:38:01,774 - METRIC - INFO - {"loss": 0.024199098348617554, "accuracy": 0.9923611283302307, "energy_consumption": 30014.743381877088, "selected": false, "client_name": "sta4"}
2026-07-01 18:38:01,835 - METRIC - INFO - {"loss": 0.025285599753260612, "accuracy": 0.9922547340393066, "energy_consumption": 29456.554436177343, "selected": false, "client_name": "sta8"}
2026-07-01 18:38:01,895 - METRIC - INFO - {"loss": 0.03543237969279289, "accuracy": 0.986639678478241, "energy_consumption": 31613.230094870152, "selected": false, "client_name": "sta10"}
2026-07-01 18:38:01,898 - METRIC - INFO - {"loss": 0.03720317780971527, "accuracy": 0.9876477122306824, "energy_consumption": 29981.189984485653, "selected": false, "client_name": "sta2"}
2026-07-01 18:38:01,938 - METRIC - INFO - {"loss": 0.03360702469944954, "accuracy": 0.9895547032356262, "energy_consumption": 30597.053951620404, "selected": false, "client_name": "sta9"}
2026-07-01 18:38:01,950 - METRIC - INFO - {"loss": 0.036397021263837814, "accuracy": 0.9884853959083557, "energy_consumption": 20391.28421240832, "selected": false, "client_name": "sta1"}
2026-07-01 18:38:01,960 - METRIC - INFO - {"loss": 0.0282039325684309, "accuracy": 0.9896499514579773, "energy_consumption": 24561.21283590488, "selected": false, "client_name": "sta6"}
2026-07-01 18:38:01,962 - METRIC - INFO - {"loss": 0.042269378900527954, "accuracy": 0.9858258366584778, "energy_consumption": 23380.011493690974, "selected": false, "client_name": "sta3"}
2026-07-01 18:38:01,974 - METRIC - INFO - {"loss": 0.03697288781404495, "accuracy": 0.9882352948188782, "energy_consumption": 21496.5839929664, "selected": false, "client_name": "sta0"}
2026-07-01 18:38:01,975 - METRIC - INFO - {"loss": 0.0369764119386673, "accuracy": 0.987308144569397, "energy_consumption": 20924.927253403574, "selected": false, "client_name": "sta7"}
2026-07-01 18:38:02,069 - METRIC - INFO - {"loss": 0.03857172653079033, "accuracy": 0.9877235293388367, "energy_consumption": 23012.660311676627, "selected": false, "client_name": "sta5"}
2026-07-01 18:38:02,454 - METRIC - INFO - mean_accuracy: 0.9886987371878191

2026-07-01 18:38:02,454 - METRIC - INFO - round: 49
2026-07-01 18:38:02,454 - METRIC - INFO - n_selected: 11
2026-07-01 18:38:02,454 - METRIC - INFO - {"selected_trainers": ["sta0", "sta1", "sta10", "sta2", "sta3", "sta4", "sta5", "sta6", "sta7", "sta8", "sta9"]}
2026-07-01 18:38:07,348 - EXECUT - INFO - received weights from trainer sta4!
2026-07-01 18:38:07,464 - EXECUT - INFO - received weights from trainer sta8!
2026-07-01 18:38:11,313 - EXECUT - INFO - received weights from trainer sta10!
2026-07-01 18:38:12,636 - EXECUT - INFO - received weights from trainer sta1!
2026-07-01 18:38:12,995 - EXECUT - INFO - received weights from trainer sta0!
2026-07-01 18:38:14,621 - EXECUT - INFO - received weights from trainer sta6!
2026-07-01 18:38:15,609 - EXECUT - INFO - received weights from trainer sta9!
2026-07-01 18:38:15,902 - EXECUT - INFO - received weights from trainer sta3!
2026-07-01 18:38:16,702 - EXECUT - INFO - received weights from trainer sta7!
2026-07-01 18:38:23,173 - EXECUT - INFO - received weights from trainer sta2!
2026-07-01 18:38:23,322 - EXECUT - INFO - received weights from trainer sta5!
2026-07-01 18:38:24,103 - EXECUT - INFO - sent aggregated weights to trainers!
2026-07-01 18:38:24,386 - METRIC - INFO - {"loss": 0.02419658750295639, "accuracy": 0.9937499761581421, "energy_consumption": 30801.851544824385, "selected": false, "client_name": "sta4"}
2026-07-01 18:38:24,450 - METRIC - INFO - {"loss": 0.023620687425136566, "accuracy": 0.9913941621780396, "energy_consumption": 30134.814530784122, "selected": false, "client_name": "sta8"}
2026-07-01 18:38:24,497 - METRIC - INFO - {"loss": 0.034831106662750244, "accuracy": 0.9884532690048218, "energy_consumption": 30772.452122448976, "selected": false, "client_name": "sta2"}
2026-07-01 18:38:24,533 - METRIC - INFO - {"loss": 0.03487570583820343, "accuracy": 0.986639678478241, "energy_consumption": 32469.30867270266, "selected": false, "client_name": "sta10"}
2026-07-01 18:38:24,566 - METRIC - INFO - {"loss": 0.03373522683978081, "accuracy": 0.9890049695968628, "energy_consumption": 31381.750763729702, "selected": false, "client_name": "sta9"}
2026-07-01 18:38:24,606 - METRIC - INFO - {"loss": 0.028354903683066368, "accuracy": 0.9902587532997131, "energy_consumption": 25193.775955416957, "selected": false, "client_name": "sta6"}
2026-07-01 18:38:24,609 - METRIC - INFO - {"loss": 0.037194039672613144, "accuracy": 0.9870182275772095, "energy_consumption": 22046.9414428095, "selected": false, "client_name": "sta0"}
2026-07-01 18:38:24,623 - METRIC - INFO - {"loss": 0.04239673167467117, "accuracy": 0.9852473139762878, "energy_consumption": 23977.978816912022, "selected": false, "client_name": "sta3"}
2026-07-01 18:38:24,635 - METRIC - INFO - {"loss": 0.038904257118701935, "accuracy": 0.9863891005516052, "energy_consumption": 23603.664553911738, "selected": false, "client_name": "sta5"}
2026-07-01 18:38:24,654 - METRIC - INFO - {"loss": 0.03600440174341202, "accuracy": 0.9875996708869934, "energy_consumption": 20945.736730532237, "selected": false, "client_name": "sta1"}
2026-07-01 18:38:24,665 - METRIC - INFO - {"loss": 0.037066586315631866, "accuracy": 0.9870129823684692, "energy_consumption": 21392.86273633166, "selected": false, "client_name": "sta7"}
2026-07-01 18:38:25,105 - METRIC - INFO - mean_accuracy: 0.9884334640069441

2026-07-01 18:38:25,105 - METRIC - INFO - round: 50
2026-07-01 18:38:25,105 - METRIC - INFO - n_selected: 11
2026-07-01 18:38:25,105 - METRIC - INFO - {"selected_trainers": ["sta0", "sta1", "sta10", "sta2", "sta3", "sta4", "sta5", "sta6", "sta7", "sta8", "sta9"]}
2026-07-01 18:38:30,037 - EXECUT - INFO - received weights from trainer sta4!
2026-07-01 18:38:30,179 - EXECUT - INFO - received weights from trainer sta8!
2026-07-01 18:38:33,894 - EXECUT - INFO - received weights from trainer sta10!
2026-07-01 18:38:35,272 - EXECUT - INFO - received weights from trainer sta1!
2026-07-01 18:38:35,588 - EXECUT - INFO - received weights from trainer sta0!
2026-07-01 18:38:36,816 - EXECUT - INFO - received weights from trainer sta2!
2026-07-01 18:38:37,393 - EXECUT - INFO - received weights from trainer sta6!
2026-07-01 18:38:38,401 - EXECUT - INFO - received weights from trainer sta9!
2026-07-01 18:38:38,537 - EXECUT - INFO - received weights from trainer sta3!
2026-07-01 18:38:39,556 - EXECUT - INFO - received weights from trainer sta7!
2026-07-01 18:38:39,569 - EXECUT - INFO - received weights from trainer sta5!
2026-07-01 18:38:40,830 - EXECUT - INFO - sent aggregated weights to trainers!
2026-07-01 18:38:41,179 - METRIC - INFO - {"loss": 0.024040255695581436, "accuracy": 0.9937499761581421, "energy_consumption": 31325.99563900523, "selected": false, "client_name": "sta4"}
2026-07-01 18:38:41,224 - METRIC - INFO - {"loss": 0.026496971026062965, "accuracy": 0.9896729588508606, "energy_consumption": 30777.621376001298, "selected": false, "client_name": "sta8"}
2026-07-01 18:38:41,269 - METRIC - INFO - {"loss": 0.03471553325653076, "accuracy": 0.9887217879295349, "energy_consumption": 31283.27119769239, "selected": false, "client_name": "sta2"}
2026-07-01 18:38:41,318 - METRIC - INFO - {"loss": 0.03321918472647667, "accuracy": 0.9895547032356262, "energy_consumption": 32095.461530062734, "selected": false, "client_name": "sta9"}
2026-07-01 18:38:41,331 - METRIC - INFO - {"loss": 0.028019173070788383, "accuracy": 0.990563154220581, "energy_consumption": 25620.907837341296, "selected": false, "client_name": "sta6"}
2026-07-01 18:38:41,336 - METRIC - INFO - {"loss": 0.04314430058002472, "accuracy": 0.9852473139762878, "energy_consumption": 24353.829443671708, "selected": false, "client_name": "sta3"}
2026-07-01 18:38:41,362 - METRIC - INFO - {"loss": 0.038788776844739914, "accuracy": 0.9874566197395325, "energy_consumption": 24006.836943399343, "selected": false, "client_name": "sta5"}
2026-07-01 18:38:41,377 - METRIC - INFO - {"loss": 0.034839924424886703, "accuracy": 0.9880425333976746, "energy_consumption": 21292.90023369628, "selected": false, "client_name": "sta1"}
2026-07-01 18:38:41,387 - METRIC - INFO - {"loss": 0.034255098551511765, "accuracy": 0.9874494075775146, "energy_consumption": 33047.4454767968, "selected": false, "client_name": "sta10"}
2026-07-01 18:38:41,412 - METRIC - INFO - {"loss": 0.037894316017627716, "accuracy": 0.9870129823684692, "energy_consumption": 21831.357335569013, "selected": false, "client_name": "sta7"}
2026-07-01 18:38:41,480 - METRIC - INFO - {"loss": 0.03694933280348778, "accuracy": 0.9878296256065369, "energy_consumption": 22394.93238556436, "selected": false, "client_name": "sta0"}
2026-07-01 18:38:41,831 - METRIC - INFO - mean_accuracy: 0.9886637330055237

2026-07-01 18:38:41,831 - METRIC - INFO - round: 51
2026-07-01 18:38:41,831 - METRIC - INFO - n_selected: 11
2026-07-01 18:38:41,831 - METRIC - INFO - {"selected_trainers": ["sta0", "sta1", "sta10", "sta2", "sta3", "sta4", "sta5", "sta6", "sta7", "sta8", "sta9"]}
2026-07-01 18:38:46,907 - EXECUT - INFO - received weights from trainer sta8!
2026-07-01 18:38:46,928 - EXECUT - INFO - received weights from trainer sta4!
2026-07-01 18:38:50,723 - EXECUT - INFO - received weights from trainer sta10!
2026-07-01 18:38:52,068 - EXECUT - INFO - received weights from trainer sta1!
2026-07-01 18:38:52,414 - EXECUT - INFO - received weights from trainer sta0!
2026-07-01 18:38:53,729 - EXECUT - INFO - received weights from trainer sta2!
2026-07-01 18:38:54,146 - EXECUT - INFO - received weights from trainer sta6!
2026-07-01 18:38:55,083 - EXECUT - INFO - received weights from trainer sta9!
2026-07-01 18:38:55,379 - EXECUT - INFO - received weights from trainer sta3!
2026-07-01 18:38:56,214 - EXECUT - INFO - received weights from trainer sta7!
2026-07-01 18:38:56,244 - EXECUT - INFO - received weights from trainer sta5!
2026-07-01 18:38:57,477 - EXECUT - INFO - sent aggregated weights to trainers!
2026-07-01 18:38:57,767 - METRIC - INFO - {"loss": 0.025282980874180794, "accuracy": 0.9930555820465088, "energy_consumption": 31847.52554290632, "selected": false, "client_name": "sta4"}
2026-07-01 18:38:57,851 - METRIC - INFO - {"loss": 0.024581680074334145, "accuracy": 0.9922547340393066, "energy_consumption": 31288.18758342974, "selected": false, "client_name": "sta8"}
2026-07-01 18:38:57,873 - METRIC - INFO - {"loss": 0.03394559770822525, "accuracy": 0.988990306854248, "energy_consumption": 31797.381160723962, "selected": false, "client_name": "sta2"}
2026-07-01 18:38:57,900 - METRIC - INFO - {"loss": 0.034183818846940994, "accuracy": 0.9878542423248291, "energy_consumption": 33718.29351235752, "selected": false, "client_name": "sta10"}
2026-07-01 18:38:57,952 - METRIC - INFO - {"loss": 0.03339478000998497, "accuracy": 0.9892798066139221, "energy_consumption": 32645.966143383386, "selected": false, "client_name": "sta9"}
2026-07-01 18:38:57,990 - METRIC - INFO - {"loss": 0.028432544320821762, "accuracy": 0.990563154220581, "energy_consumption": 26066.275861284346, "selected": false, "client_name": "sta6"}
2026-07-01 18:38:58,009 - METRIC - INFO - {"loss": 0.042389877140522, "accuracy": 0.9852473139762878, "energy_consumption": 24751.27960043256, "selected": false, "client_name": "sta3"}
2026-07-01 18:38:58,010 - METRIC - INFO - {"loss": 0.03941578418016434, "accuracy": 0.987189769744873, "energy_consumption": 24415.695870654105, "selected": false, "client_name": "sta5"}
2026-07-01 18:38:58,013 - METRIC - INFO - {"loss": 0.03679758682847023, "accuracy": 0.9886409640312195, "energy_consumption": 22847.79094736402, "selected": false, "client_name": "sta0"}
2026-07-01 18:38:58,040 - METRIC - INFO - {"loss": 0.037002336233854294, "accuracy": 0.9864226579666138, "energy_consumption": 22204.636523290363, "selected": false, "client_name": "sta7"}
2026-07-01 18:38:58,084 - METRIC - INFO - {"loss": 0.03482780605554581, "accuracy": 0.9875996708869934, "energy_consumption": 21690.114678089656, "selected": false, "client_name": "sta1"}
2026-07-01 18:38:58,478 - METRIC - INFO - mean_accuracy: 0.988827109336853

2026-07-01 18:38:58,479 - METRIC - INFO - round: 52
2026-07-01 18:38:58,479 - METRIC - INFO - n_selected: 11
2026-07-01 18:38:58,479 - METRIC - INFO - {"selected_trainers": ["sta0", "sta1", "sta10", "sta2", "sta3", "sta4", "sta5", "sta6", "sta7", "sta8", "sta9"]}
2026-07-01 18:39:03,365 - EXECUT - INFO - received weights from trainer sta4!
2026-07-01 18:39:03,401 - EXECUT - INFO - received weights from trainer sta8!
2026-07-01 18:39:07,316 - EXECUT - INFO - received weights from trainer sta10!
2026-07-01 18:39:08,695 - EXECUT - INFO - received weights from trainer sta1!
2026-07-01 18:39:08,964 - EXECUT - INFO - received weights from trainer sta0!
2026-07-01 18:39:09,985 - EXECUT - INFO - received weights from trainer sta2!
2026-07-01 18:39:10,670 - EXECUT - INFO - received weights from trainer sta6!
2026-07-01 18:39:11,679 - EXECUT - INFO - received weights from trainer sta9!
2026-07-01 18:39:11,910 - EXECUT - INFO - received weights from trainer sta3!
2026-07-01 18:39:12,776 - EXECUT - INFO - received weights from trainer sta5!
2026-07-01 18:39:12,828 - EXECUT - INFO - received weights from trainer sta7!
2026-07-01 18:39:13,120 - EXECUT - INFO - sent aggregated weights to trainers!
2026-07-01 18:39:13,417 - METRIC - INFO - {"loss": 0.023865437135100365, "accuracy": 0.9930555820465088, "energy_consumption": 32361.26385990746, "selected": false, "client_name": "sta4"}
2026-07-01 18:39:13,480 - METRIC - INFO - {"loss": 0.02373049035668373, "accuracy": 0.9922547340393066, "energy_consumption": 31810.33345760496, "selected": false, "client_name": "sta8"}
2026-07-01 18:39:13,522 - METRIC - INFO - {"loss": 0.034027181565761566, "accuracy": 0.9884532690048218, "energy_consumption": 32332.80761919013, "selected": false, "client_name": "sta2"}
2026-07-01 18:39:13,544 - METRIC - INFO - {"loss": 0.03367093205451965, "accuracy": 0.9870445132255554, "energy_consumption": 34283.55187490586, "selected": false, "client_name": "sta10"}
2026-07-01 18:39:13,627 - METRIC - INFO - {"loss": 0.027997085824608803, "accuracy": 0.9914764165878296, "energy_consumption": 26502.684955174424, "selected": false, "client_name": "sta6"}
2026-07-01 18:39:13,632 - METRIC - INFO - {"loss": 0.03625268489122391, "accuracy": 0.9886409640312195, "energy_consumption": 23116.000038027232, "selected": false, "client_name": "sta0"}
2026-07-01 18:39:13,652 - METRIC - INFO - {"loss": 0.06967821717262268, "accuracy": 0.9809082746505737, "energy_consumption": 25148.077021311103, "selected": false, "client_name": "sta3"}
2026-07-01 18:39:13,659 - METRIC - INFO - {"loss": 0.04092830792069435, "accuracy": 0.9885241389274597, "energy_consumption": 24830.966867150153, "selected": false, "client_name": "sta5"}
2026-07-01 18:39:13,693 - METRIC - INFO - {"loss": 0.03492437303066254, "accuracy": 0.9880425333976746, "energy_consumption": 22026.199932444044, "selected": false, "client_name": "sta1"}
2026-07-01 18:39:13,705 - METRIC - INFO - {"loss": 0.03744120895862579, "accuracy": 0.986127495765686, "energy_consumption": 22570.613451864356, "selected": false, "client_name": "sta7"}
2026-07-01 18:39:13,850 - METRIC - INFO - {"loss": 0.033104002475738525, "accuracy": 0.9898295998573303, "energy_consumption": 33194.277797458584, "selected": false, "client_name": "sta9"}
2026-07-01 18:39:14,122 - METRIC - INFO - mean_accuracy: 0.9885779565030878

2026-07-01 18:39:14,122 - METRIC - INFO - round: 53
2026-07-01 18:39:14,122 - METRIC - INFO - n_selected: 11
2026-07-01 18:39:14,122 - METRIC - INFO - {"selected_trainers": ["sta0", "sta1", "sta10", "sta2", "sta3", "sta4", "sta5", "sta6", "sta7", "sta8", "sta9"]}
2026-07-01 18:39:18,985 - EXECUT - INFO - received weights from trainer sta4!
2026-07-01 18:39:19,053 - EXECUT - INFO - received weights from trainer sta8!
2026-07-01 18:39:22,961 - EXECUT - INFO - received weights from trainer sta10!
2026-07-01 18:39:24,545 - EXECUT - INFO - received weights from trainer sta1!
2026-07-01 18:39:24,570 - EXECUT - INFO - received weights from trainer sta0!
2026-07-01 18:39:25,832 - EXECUT - INFO - received weights from trainer sta2!
2026-07-01 18:39:26,273 - EXECUT - INFO - received weights from trainer sta6!
2026-07-01 18:39:27,228 - EXECUT - INFO - received weights from trainer sta9!
2026-07-01 18:39:27,529 - EXECUT - INFO - received weights from trainer sta3!
2026-07-01 18:39:28,366 - EXECUT - INFO - received weights from trainer sta5!
2026-07-01 18:39:28,382 - EXECUT - INFO - received weights from trainer sta7!
2026-07-01 18:39:28,957 - EXECUT - INFO - sent aggregated weights to trainers!
2026-07-01 18:39:29,282 - METRIC - INFO - {"loss": 0.024026960134506226, "accuracy": 0.9944444298744202, "energy_consumption": 32877.81896478867, "selected": false, "client_name": "sta4"}
2026-07-01 18:39:29,372 - METRIC - INFO - {"loss": 0.03599123656749725, "accuracy": 0.9858299493789673, "energy_consumption": 34868.08675744658, "selected": false, "client_name": "sta10"}
2026-07-01 18:39:29,425 - METRIC - INFO - {"loss": 0.027698736637830734, "accuracy": 0.9914764165878296, "energy_consumption": 26937.254810987775, "selected": false, "client_name": "sta6"}
2026-07-01 18:39:29,431 - METRIC - INFO - {"loss": 0.03712226450443268, "accuracy": 0.9890466332435608, "energy_consumption": 23603.680349096172, "selected": false, "client_name": "sta0"}
2026-07-01 18:39:29,440 - METRIC - INFO - {"loss": 0.02647380530834198, "accuracy": 0.9862306118011475, "energy_consumption": 32343.003381618193, "selected": false, "client_name": "sta8"}
2026-07-01 18:39:29,440 - METRIC - INFO - {"loss": 0.034464672207832336, "accuracy": 0.9875996708869934, "energy_consumption": 22375.38462985324, "selected": false, "client_name": "sta1"}
2026-07-01 18:39:29,497 - METRIC - INFO - {"loss": 0.03885636478662491, "accuracy": 0.9882572889328003, "energy_consumption": 25234.481115564693, "selected": false, "client_name": "sta5"}
2026-07-01 18:39:29,501 - METRIC - INFO - {"loss": 0.03294869139790535, "accuracy": 0.988990306854248, "energy_consumption": 32868.82458468216, "selected": false, "client_name": "sta2"}
2026-07-01 18:39:29,532 - METRIC - INFO - {"loss": 0.03823123872280121, "accuracy": 0.9867178201675415, "energy_consumption": 22933.262458980178, "selected": false, "client_name": "sta7"}
2026-07-01 18:39:29,559 - METRIC - INFO - {"loss": 0.033233072608709335, "accuracy": 0.9895547032356262, "energy_consumption": 33744.88277331541, "selected": false, "client_name": "sta9"}
2026-07-01 18:39:29,573 - METRIC - INFO - {"loss": 0.04243550822138786, "accuracy": 0.9858258366584778, "energy_consumption": 25555.35265075539, "selected": false, "client_name": "sta3"}
2026-07-01 18:39:29,959 - METRIC - INFO - mean_accuracy: 0.9885430606928739

2026-07-01 18:39:29,959 - METRIC - INFO - round: 54
2026-07-01 18:39:29,959 - METRIC - INFO - n_selected: 11
2026-07-01 18:39:29,959 - METRIC - INFO - {"selected_trainers": ["sta0", "sta1", "sta10", "sta2", "sta3", "sta4", "sta5", "sta6", "sta7", "sta8", "sta9"]}
2026-07-01 18:39:34,916 - EXECUT - INFO - received weights from trainer sta8!
2026-07-01 18:39:34,929 - EXECUT - INFO - received weights from trainer sta4!
2026-07-01 18:39:38,779 - EXECUT - INFO - received weights from trainer sta10!
2026-07-01 18:39:40,089 - EXECUT - INFO - received weights from trainer sta1!
2026-07-01 18:39:40,508 - EXECUT - INFO - received weights from trainer sta0!
2026-07-01 18:39:41,624 - EXECUT - INFO - received weights from trainer sta2!
2026-07-01 18:39:42,154 - EXECUT - INFO - received weights from trainer sta6!
2026-07-01 18:39:43,143 - EXECUT - INFO - received weights from trainer sta9!
2026-07-01 18:39:43,395 - EXECUT - INFO - received weights from trainer sta3!
2026-07-01 18:39:44,275 - EXECUT - INFO - received weights from trainer sta5!
2026-07-01 18:39:44,401 - EXECUT - INFO - received weights from trainer sta7!
2026-07-01 18:39:45,692 - EXECUT - INFO - sent aggregated weights to trainers!
2026-07-01 18:39:45,985 - METRIC - INFO - {"loss": 0.024520203471183777, "accuracy": 0.9944444298744202, "energy_consumption": 33394.52879345602, "selected": false, "client_name": "sta4"}
2026-07-01 18:39:46,073 - METRIC - INFO - {"loss": 0.02347208932042122, "accuracy": 0.9931153059005737, "energy_consumption": 32880.97499577634, "selected": false, "client_name": "sta8"}
2026-07-01 18:39:46,123 - METRIC - INFO - {"loss": 0.03533677011728287, "accuracy": 0.9886639714241028, "energy_consumption": 35458.725809740645, "selected": false, "client_name": "sta10"}
2026-07-01 18:39:46,123 - METRIC - INFO - {"loss": 0.03370507434010506, "accuracy": 0.9887217879295349, "energy_consumption": 33493.99531712897, "selected": false, "client_name": "sta2"}
2026-07-01 18:39:46,183 - METRIC - INFO - {"loss": 0.033294130116701126, "accuracy": 0.9890049695968628, "energy_consumption": 34296.429777670455, "selected": false, "client_name": "sta9"}
2026-07-01 18:39:46,190 - METRIC - INFO - {"loss": 0.04255650192499161, "accuracy": 0.9852473139762878, "energy_consumption": 26065.096650236257, "selected": false, "client_name": "sta3"}
2026-07-01 18:39:46,220 - METRIC - INFO - {"loss": 0.03708891570568085, "accuracy": 0.9882352948188782, "energy_consumption": 24012.778608505763, "selected": false, "client_name": "sta0"}
2026-07-01 18:39:46,234 - METRIC - INFO - {"loss": 0.03509519621729851, "accuracy": 0.9875996708869934, "energy_consumption": 22795.387043562594, "selected": false, "client_name": "sta1"}
2026-07-01 18:39:46,245 - METRIC - INFO - {"loss": 0.03865835443139076, "accuracy": 0.9885241389274597, "energy_consumption": 25626.538034562658, "selected": false, "client_name": "sta5"}
2026-07-01 18:39:46,310 - METRIC - INFO - {"loss": 0.02738327905535698, "accuracy": 0.9911720156669617, "energy_consumption": 27374.900095120753, "selected": false, "client_name": "sta6"}
2026-07-01 18:39:46,397 - METRIC - INFO - {"loss": 0.03754141181707382, "accuracy": 0.9864226579666138, "energy_consumption": 23308.56281420906, "selected": false, "client_name": "sta7"}
2026-07-01 18:39:46,693 - METRIC - INFO - mean_accuracy: 0.9891955960880626

2026-07-01 18:39:46,693 - METRIC - INFO - round: 55
2026-07-01 18:39:46,693 - METRIC - INFO - n_selected: 11
2026-07-01 18:39:46,693 - METRIC - INFO - {"selected_trainers": ["sta0", "sta1", "sta10", "sta2", "sta3", "sta4", "sta5", "sta6", "sta7", "sta8", "sta9"]}
2026-07-01 18:39:51,657 - EXECUT - INFO - received weights from trainer sta4!
2026-07-01 18:39:51,681 - EXECUT - INFO - received weights from trainer sta8!
2026-07-01 18:39:55,524 - EXECUT - INFO - received weights from trainer sta10!
2026-07-01 18:39:56,796 - EXECUT - INFO - received weights from trainer sta1!
2026-07-01 18:39:57,159 - EXECUT - INFO - received weights from trainer sta0!
2026-07-01 18:39:58,358 - EXECUT - INFO - received weights from trainer sta2!
2026-07-01 18:39:58,885 - EXECUT - INFO - received weights from trainer sta6!
2026-07-01 18:39:59,875 - EXECUT - INFO - received weights from trainer sta9!
2026-07-01 18:39:59,976 - EXECUT - INFO - received weights from trainer sta3!
2026-07-01 18:40:00,981 - EXECUT - INFO - received weights from trainer sta5!
2026-07-01 18:40:01,116 - EXECUT - INFO - received weights from trainer sta7!
2026-07-01 18:40:02,413 - EXECUT - INFO - sent aggregated weights to trainers!
2026-07-01 18:40:02,797 - METRIC - INFO - {"loss": 0.02452298253774643, "accuracy": 0.9922547340393066, "energy_consumption": 33401.80990047116, "selected": false, "client_name": "sta8"}
2026-07-01 18:40:02,812 - METRIC - INFO - {"loss": 0.023945514112710953, "accuracy": 0.9937499761581421, "energy_consumption": 34045.7054539989, "selected": false, "client_name": "sta4"}
2026-07-01 18:40:02,841 - METRIC - INFO - {"loss": 0.03324615955352783, "accuracy": 0.9897959232330322, "energy_consumption": 34020.24667680091, "selected": false, "client_name": "sta2"}
2026-07-01 18:40:02,852 - METRIC - INFO - {"loss": 0.03372591733932495, "accuracy": 0.9878542423248291, "energy_consumption": 36038.96452827416, "selected": false, "client_name": "sta10"}
2026-07-01 18:40:02,872 - METRIC - INFO - {"loss": 0.045879241079092026, "accuracy": 0.9843795299530029, "energy_consumption": 26469.640941439564, "selected": false, "client_name": "sta3"}
2026-07-01 18:40:02,904 - METRIC - INFO - {"loss": 0.037707023322582245, "accuracy": 0.9887300729751587, "energy_consumption": 34835.869096407114, "selected": false, "client_name": "sta9"}
2026-07-01 18:40:02,924 - METRIC - INFO - {"loss": 0.03706773743033409, "accuracy": 0.9882352948188782, "energy_consumption": 24389.665715531635, "selected": false, "client_name": "sta0"}
2026-07-01 18:40:02,941 - METRIC - INFO - {"loss": 0.02792801335453987, "accuracy": 0.9911720156669617, "energy_consumption": 27917.840608159415, "selected": false, "client_name": "sta6"}
2026-07-01 18:40:02,968 - METRIC - INFO - {"loss": 0.039912108331918716, "accuracy": 0.9877235293388367, "energy_consumption": 26116.479446442914, "selected": false, "client_name": "sta5"}
2026-07-01 18:40:03,010 - METRIC - INFO - {"loss": 0.03724239766597748, "accuracy": 0.9876033067703247, "energy_consumption": 23690.55465644714, "selected": false, "client_name": "sta7"}
2026-07-01 18:40:03,021 - METRIC - INFO - {"loss": 0.034702565521001816, "accuracy": 0.9875996708869934, "energy_consumption": 23147.448790526436, "selected": false, "client_name": "sta1"}
2026-07-01 18:40:03,414 - METRIC - INFO - mean_accuracy: 0.9890089360150424

2026-07-01 18:40:03,414 - METRIC - INFO - round: 56
2026-07-01 18:40:03,414 - METRIC - INFO - n_selected: 11
2026-07-01 18:40:03,414 - METRIC - INFO - {"selected_trainers": ["sta0", "sta1", "sta10", "sta2", "sta3", "sta4", "sta5", "sta6", "sta7", "sta8", "sta9"]}
2026-07-01 18:40:08,345 - EXECUT - INFO - received weights from trainer sta4!
2026-07-01 18:40:08,992 - EXECUT - INFO - received weights from trainer sta8!
2026-07-01 18:40:12,198 - EXECUT - INFO - received weights from trainer sta10!
2026-07-01 18:40:13,558 - EXECUT - INFO - received weights from trainer sta1!
2026-07-01 18:40:13,909 - EXECUT - INFO - received weights from trainer sta0!
2026-07-01 18:40:15,112 - EXECUT - INFO - received weights from trainer sta2!
2026-07-01 18:40:15,608 - EXECUT - INFO - received weights from trainer sta6!
2026-07-01 18:40:16,466 - EXECUT - INFO - received weights from trainer sta9!
2026-07-01 18:40:17,674 - EXECUT - INFO - received weights from trainer sta5!
2026-07-01 18:40:17,685 - EXECUT - INFO - received weights from trainer sta7!
2026-07-01 18:40:24,212 - EXECUT - INFO - received weights from trainer sta3!
2026-07-01 18:40:25,049 - EXECUT - INFO - sent aggregated weights to trainers!
2026-07-01 18:40:25,353 - METRIC - INFO - {"loss": 0.024156933650374413, "accuracy": 0.9930555820465088, "energy_consumption": 34805.17514720078, "selected": false, "client_name": "sta4"}
2026-07-01 18:40:25,424 - METRIC - INFO - {"loss": 0.02309001050889492, "accuracy": 0.9931153059005737, "energy_consumption": 34153.892346070505, "selected": false, "client_name": "sta8"}
2026-07-01 18:40:25,475 - METRIC - INFO - {"loss": 0.037218499928712845, "accuracy": 0.9874239563941956, "energy_consumption": 24952.237886003066, "selected": false, "client_name": "sta0"}
2026-07-01 18:40:25,480 - METRIC - INFO - {"loss": 0.033808622509241104, "accuracy": 0.9874494075775146, "energy_consumption": 36898.630848956724, "selected": false, "client_name": "sta10"}
2026-07-01 18:40:25,503 - METRIC - INFO - {"loss": 0.0326928049325943, "accuracy": 0.9887217879295349, "energy_consumption": 34813.682103547326, "selected": false, "client_name": "sta2"}
2026-07-01 18:40:25,516 - METRIC - INFO - {"loss": 0.04194370657205582, "accuracy": 0.9858258366584778, "energy_consumption": 27086.55528566866, "selected": false, "client_name": "sta3"}
2026-07-01 18:40:25,523 - METRIC - INFO - {"loss": 0.03379366174340248, "accuracy": 0.9892798066139221, "energy_consumption": 35654.395222252504, "selected": false, "client_name": "sta9"}
2026-07-01 18:40:25,535 - METRIC - INFO - {"loss": 0.03570428118109703, "accuracy": 0.9884853959083557, "energy_consumption": 23672.044230819884, "selected": false, "client_name": "sta1"}
2026-07-01 18:40:25,564 - METRIC - INFO - {"loss": 0.028385981917381287, "accuracy": 0.9914764165878296, "energy_consumption": 28457.728615519936, "selected": false, "client_name": "sta6"}
2026-07-01 18:40:25,607 - METRIC - INFO - {"loss": 0.03857676684856415, "accuracy": 0.9879903793334961, "energy_consumption": 26685.112306363626, "selected": false, "client_name": "sta5"}
2026-07-01 18:40:25,650 - METRIC - INFO - {"loss": 0.03720606118440628, "accuracy": 0.987308144569397, "energy_consumption": 24228.983691508536, "selected": false, "client_name": "sta7"}
2026-07-01 18:40:26,051 - METRIC - INFO - mean_accuracy: 0.9891029108654369

2026-07-01 18:40:26,051 - METRIC - INFO - round: 57
2026-07-01 18:40:26,051 - METRIC - INFO - n_selected: 11
2026-07-01 18:40:26,051 - METRIC - INFO - {"selected_trainers": ["sta0", "sta1", "sta10", "sta2", "sta3", "sta4", "sta5", "sta6", "sta7", "sta8", "sta9"]}
2026-07-01 18:40:30,974 - EXECUT - INFO - received weights from trainer sta8!
2026-07-01 18:40:30,991 - EXECUT - INFO - received weights from trainer sta4!
2026-07-01 18:40:34,870 - EXECUT - INFO - received weights from trainer sta10!
2026-07-01 18:40:36,158 - EXECUT - INFO - received weights from trainer sta1!
2026-07-01 18:40:36,481 - EXECUT - INFO - received weights from trainer sta0!
2026-07-01 18:40:37,752 - EXECUT - INFO - received weights from trainer sta2!
2026-07-01 18:40:38,260 - EXECUT - INFO - received weights from trainer sta6!
2026-07-01 18:40:39,173 - EXECUT - INFO - received weights from trainer sta9!
2026-07-01 18:40:39,262 - EXECUT - INFO - received weights from trainer sta3!
2026-07-01 18:40:40,270 - EXECUT - INFO - received weights from trainer sta5!
2026-07-01 18:40:40,333 - EXECUT - INFO - received weights from trainer sta7!
2026-07-01 18:40:40,819 - EXECUT - INFO - sent aggregated weights to trainers!
2026-07-01 18:40:41,129 - METRIC - INFO - {"loss": 0.0239163376390934, "accuracy": 0.9937499761581421, "energy_consumption": 35345.43199464459, "selected": false, "client_name": "sta4"}
2026-07-01 18:40:41,196 - METRIC - INFO - {"loss": 0.023784631863236427, "accuracy": 0.9931153059005737, "energy_consumption": 34653.279768078886, "selected": false, "client_name": "sta8"}
2026-07-01 18:40:41,249 - METRIC - INFO - {"loss": 0.03568828105926514, "accuracy": 0.9886409640312195, "energy_consumption": 25313.98339458399, "selected": false, "client_name": "sta0"}
2026-07-01 18:40:41,249 - METRIC - INFO - {"loss": 0.03435313701629639, "accuracy": 0.9870445132255554, "energy_consumption": 37488.16777869032, "selected": false, "client_name": "sta10"}
2026-07-01 18:40:41,265 - METRIC - INFO - {"loss": 0.03318137302994728, "accuracy": 0.988990306854248, "energy_consumption": 35330.61546890505, "selected": false, "client_name": "sta2"}
2026-07-01 18:40:41,282 - METRIC - INFO - {"loss": 0.042320434004068375, "accuracy": 0.9858258366584778, "energy_consumption": 27464.220596771975, "selected": false, "client_name": "sta3"}
2026-07-01 18:40:41,307 - METRIC - INFO - {"loss": 0.03314787894487381, "accuracy": 0.9892798066139221, "energy_consumption": 36183.19705268747, "selected": false, "client_name": "sta9"}
2026-07-01 18:40:41,310 - METRIC - INFO - {"loss": 0.03612484782934189, "accuracy": 0.9880425333976746, "energy_consumption": 24007.18579863001, "selected": false, "client_name": "sta1"}
2026-07-01 18:40:41,333 - METRIC - INFO - {"loss": 0.027422772720456123, "accuracy": 0.9914764165878296, "energy_consumption": 28877.22746694934, "selected": false, "client_name": "sta6"}
2026-07-01 18:40:41,367 - METRIC - INFO - {"loss": 0.03971850499510765, "accuracy": 0.987189769744873, "energy_consumption": 27094.40200787882, "selected": false, "client_name": "sta5"}
2026-07-01 18:40:41,404 - METRIC - INFO - {"loss": 0.03813817724585533, "accuracy": 0.9867178201675415, "energy_consumption": 24581.402321221824, "selected": false, "client_name": "sta7"}
2026-07-01 18:40:41,821 - METRIC - INFO - mean_accuracy: 0.9890975681218234

2026-07-01 18:40:41,821 - METRIC - INFO - round: 58
2026-07-01 18:40:41,821 - METRIC - INFO - n_selected: 11
2026-07-01 18:40:41,821 - METRIC - INFO - {"selected_trainers": ["sta0", "sta1", "sta10", "sta2", "sta3", "sta4", "sta5", "sta6", "sta7", "sta8", "sta9"]}
2026-07-01 18:40:46,760 - EXECUT - INFO - received weights from trainer sta4!
2026-07-01 18:40:46,797 - EXECUT - INFO - received weights from trainer sta8!
2026-07-01 18:40:50,624 - EXECUT - INFO - received weights from trainer sta10!
2026-07-01 18:40:52,030 - EXECUT - INFO - received weights from trainer sta1!
2026-07-01 18:40:52,347 - EXECUT - INFO - received weights from trainer sta0!
2026-07-01 18:40:53,436 - EXECUT - INFO - received weights from trainer sta2!
2026-07-01 18:40:54,072 - EXECUT - INFO - received weights from trainer sta6!
2026-07-01 18:40:54,944 - EXECUT - INFO - received weights from trainer sta9!
2026-07-01 18:40:55,253 - EXECUT - INFO - received weights from trainer sta3!
2026-07-01 18:40:56,093 - EXECUT - INFO - received weights from trainer sta5!
2026-07-01 18:40:56,143 - EXECUT - INFO - received weights from trainer sta7!
2026-07-01 18:40:56,453 - EXECUT - INFO - sent aggregated weights to trainers!
2026-07-01 18:40:56,736 - METRIC - INFO - {"loss": 0.023989621549844742, "accuracy": 0.9937499761581421, "energy_consumption": 35884.89304775075, "selected": false, "client_name": "sta4"}
2026-07-01 18:40:56,831 - METRIC - INFO - {"loss": 0.02364012785255909, "accuracy": 0.9922547340393066, "energy_consumption": 35216.20405052591, "selected": false, "client_name": "sta8"}
2026-07-01 18:40:56,861 - METRIC - INFO - {"loss": 0.03512288257479668, "accuracy": 0.9870445132255554, "energy_consumption": 38064.84838094805, "selected": false, "client_name": "sta10"}
2026-07-01 18:40:56,875 - METRIC - INFO - {"loss": 0.03249717876315117, "accuracy": 0.988990306854248, "energy_consumption": 35862.65568538284, "selected": false, "client_name": "sta2"}
2026-07-01 18:40:56,903 - METRIC - INFO - {"loss": 0.04318962246179581, "accuracy": 0.9861151576042175, "energy_consumption": 27854.090925421766, "selected": false, "client_name": "sta3"}
2026-07-01 18:40:56,914 - METRIC - INFO - {"loss": 0.03293444961309433, "accuracy": 0.9898295998573303, "energy_consumption": 36736.18689923472, "selected": false, "client_name": "sta9"}
2026-07-01 18:40:56,949 - METRIC - INFO - {"loss": 0.03749925643205643, "accuracy": 0.9886409640312195, "energy_consumption": 25696.950654078853, "selected": false, "client_name": "sta0"}
2026-07-01 18:40:56,952 - METRIC - INFO - {"loss": 0.027997199445962906, "accuracy": 0.990563154220581, "energy_consumption": 29314.792961813717, "selected": false, "client_name": "sta6"}
2026-07-01 18:40:56,988 - METRIC - INFO - {"loss": 0.03871177136898041, "accuracy": 0.9877235293388367, "energy_consumption": 27413.99178378835, "selected": false, "client_name": "sta5"}
2026-07-01 18:40:56,996 - METRIC - INFO - {"loss": 0.03543373569846153, "accuracy": 0.9871567487716675, "energy_consumption": 24371.921529071915, "selected": false, "client_name": "sta1"}
2026-07-01 18:40:57,021 - METRIC - INFO - {"loss": 0.037684109061956406, "accuracy": 0.9870129823684692, "energy_consumption": 24942.417295465133, "selected": false, "client_name": "sta7"}
2026-07-01 18:40:57,455 - METRIC - INFO - mean_accuracy: 0.9890074242245067

2026-07-01 18:40:57,455 - METRIC - INFO - round: 59
2026-07-01 18:40:57,455 - METRIC - INFO - n_selected: 11
2026-07-01 18:40:57,455 - METRIC - INFO - {"selected_trainers": ["sta0", "sta1", "sta10", "sta2", "sta3", "sta4", "sta5", "sta6", "sta7", "sta8", "sta9"]}
2026-07-01 18:41:02,397 - EXECUT - INFO - received weights from trainer sta4!
2026-07-01 18:41:03,023 - EXECUT - INFO - received weights from trainer sta8!
2026-07-01 18:41:06,215 - EXECUT - INFO - received weights from trainer sta10!
2026-07-01 18:41:07,600 - EXECUT - INFO - received weights from trainer sta1!
2026-07-01 18:41:07,953 - EXECUT - INFO - received weights from trainer sta0!
2026-07-01 18:41:09,062 - EXECUT - INFO - received weights from trainer sta2!
2026-07-01 18:41:09,684 - EXECUT - INFO - received weights from trainer sta6!
2026-07-01 18:41:10,619 - EXECUT - INFO - received weights from trainer sta9!
2026-07-01 18:41:10,788 - EXECUT - INFO - received weights from trainer sta3!
2026-07-01 18:41:11,727 - EXECUT - INFO - received weights from trainer sta7!
2026-07-01 18:41:11,752 - EXECUT - INFO - received weights from trainer sta5!
2026-07-01 18:41:12,204 - EXECUT - INFO - sent aggregated weights to trainers!
2026-07-01 18:41:12,516 - METRIC - INFO - {"loss": 0.023794030770659447, "accuracy": 0.9944444298744202, "energy_consumption": 36424.91050244377, "selected": false, "client_name": "sta4"}
2026-07-01 18:41:12,577 - METRIC - INFO - {"loss": 0.02471596747636795, "accuracy": 0.9922547340393066, "energy_consumption": 35775.12625766192, "selected": false, "client_name": "sta8"}
2026-07-01 18:41:12,630 - METRIC - INFO - {"loss": 0.03429895639419556, "accuracy": 0.9878542423248291, "energy_consumption": 38640.90173615688, "selected": false, "client_name": "sta10"}
2026-07-01 18:41:12,648 - METRIC - INFO - {"loss": 0.033039722591638565, "accuracy": 0.9887217879295349, "energy_consumption": 36380.121817035106, "selected": false, "client_name": "sta2"}
2026-07-01 18:41:12,678 - METRIC - INFO - {"loss": 0.03628129884600639, "accuracy": 0.9890466332435608, "energy_consumption": 26081.285322708172, "selected": false, "client_name": "sta0"}
2026-07-01 18:41:12,689 - METRIC - INFO - {"loss": 0.0338849313557148, "accuracy": 0.9898295998573303, "energy_consumption": 37300.143633163854, "selected": false, "client_name": "sta9"}
2026-07-01 18:41:12,719 - METRIC - INFO - {"loss": 0.028186066076159477, "accuracy": 0.9920852184295654, "energy_consumption": 29744.14314797463, "selected": false, "client_name": "sta6"}
2026-07-01 18:41:12,724 - METRIC - INFO - {"loss": 0.04332510754466057, "accuracy": 0.9864044189453125, "energy_consumption": 28259.919177556567, "selected": false, "client_name": "sta3"}
2026-07-01 18:41:12,795 - METRIC - INFO - {"loss": 0.0390281155705452, "accuracy": 0.987189769744873, "energy_consumption": 27929.92648438126, "selected": false, "client_name": "sta5"}
2026-07-01 18:41:12,795 - METRIC - INFO - {"loss": 0.03686511889100075, "accuracy": 0.987308144569397, "energy_consumption": 25306.825983724248, "selected": false, "client_name": "sta7"}
2026-07-01 18:41:12,820 - METRIC - INFO - {"loss": 0.03587600961327553, "accuracy": 0.9889282584190369, "energy_consumption": 24738.17809337169, "selected": false, "client_name": "sta1"}
2026-07-01 18:41:13,206 - METRIC - INFO - mean_accuracy: 0.9894606579433788

2026-07-01 18:41:13,206 - METRIC - INFO - round: 60
2026-07-01 18:41:13,206 - METRIC - INFO - n_selected: 11
2026-07-01 18:41:13,206 - METRIC - INFO - {"selected_trainers": ["sta0", "sta1", "sta10", "sta2", "sta3", "sta4", "sta5", "sta6", "sta7", "sta8", "sta9"]}
2026-07-01 18:41:18,125 - EXECUT - INFO - received weights from trainer sta4!
2026-07-01 18:41:18,145 - EXECUT - INFO - received weights from trainer sta8!
2026-07-01 18:41:22,025 - EXECUT - INFO - received weights from trainer sta10!
2026-07-01 18:41:23,269 - EXECUT - INFO - received weights from trainer sta1!
2026-07-01 18:41:23,704 - EXECUT - INFO - received weights from trainer sta0!
2026-07-01 18:41:24,797 - EXECUT - INFO - received weights from trainer sta2!
2026-07-01 18:41:25,416 - EXECUT - INFO - received weights from trainer sta6!
2026-07-01 18:41:26,249 - EXECUT - INFO - received weights from trainer sta9!
2026-07-01 18:41:26,605 - EXECUT - INFO - received weights from trainer sta3!
2026-07-01 18:41:27,473 - EXECUT - INFO - received weights from trainer sta5!
2026-07-01 18:41:27,491 - EXECUT - INFO - received weights from trainer sta7!
2026-07-01 18:41:27,965 - EXECUT - INFO - sent aggregated weights to trainers!
2026-07-01 18:41:28,262 - METRIC - INFO - {"loss": 0.024389078840613365, "accuracy": 0.9930555820465088, "energy_consumption": 36838.682134120194, "selected": false, "client_name": "sta4"}
2026-07-01 18:41:28,337 - METRIC - INFO - {"loss": 0.022114180028438568, "accuracy": 0.9913941621780396, "energy_consumption": 36330.288706080035, "selected": false, "client_name": "sta8"}
2026-07-01 18:41:28,385 - METRIC - INFO - {"loss": 0.03660425543785095, "accuracy": 0.9862348437309265, "energy_consumption": 39220.07870775015, "selected": false, "client_name": "sta10"}
2026-07-01 18:41:28,391 - METRIC - INFO - {"loss": 0.03674137964844704, "accuracy": 0.9870182275772095, "energy_consumption": 26456.319820500776, "selected": false, "client_name": "sta0"}
2026-07-01 18:41:28,393 - METRIC - INFO - {"loss": 0.03295481950044632, "accuracy": 0.988990306854248, "energy_consumption": 36904.595190815446, "selected": false, "client_name": "sta2"}
2026-07-01 18:41:28,440 - METRIC - INFO - {"loss": 0.032601356506347656, "accuracy": 0.9892798066139221, "energy_consumption": 37875.42198306697, "selected": false, "client_name": "sta9"}
2026-07-01 18:41:28,471 - METRIC - INFO - {"loss": 0.027518166229128838, "accuracy": 0.990867555141449, "energy_consumption": 30180.37456978173, "selected": false, "client_name": "sta6"}
2026-07-01 18:41:28,493 - METRIC - INFO - {"loss": 0.04227295145392418, "accuracy": 0.9849580526351929, "energy_consumption": 28679.956117713184, "selected": false, "client_name": "sta3"}
2026-07-01 18:41:28,496 - METRIC - INFO - {"loss": 0.039003778249025345, "accuracy": 0.9877235293388367, "energy_consumption": 28230.059702843966, "selected": false, "client_name": "sta5"}
2026-07-01 18:41:28,551 - METRIC - INFO - {"loss": 0.03710724040865898, "accuracy": 0.986127495765686, "energy_consumption": 25677.939358302694, "selected": false, "client_name": "sta7"}
2026-07-01 18:41:28,568 - METRIC - INFO - {"loss": 0.033731382340192795, "accuracy": 0.9871567487716675, "energy_consumption": 25094.50648195112, "selected": false, "client_name": "sta1"}
2026-07-01 18:41:28,968 - METRIC - INFO - mean_accuracy: 0.9884369373321533

2026-07-01 18:41:28,968 - METRIC - INFO - round: 61
2026-07-01 18:41:28,968 - METRIC - INFO - n_selected: 11
2026-07-01 18:41:28,968 - METRIC - INFO - {"selected_trainers": ["sta0", "sta1", "sta10", "sta2", "sta3", "sta4", "sta5", "sta6", "sta7", "sta8", "sta9"]}
2026-07-01 18:41:33,888 - EXECUT - INFO - received weights from trainer sta4!
2026-07-01 18:41:33,950 - EXECUT - INFO - received weights from trainer sta8!
2026-07-01 18:41:37,742 - EXECUT - INFO - received weights from trainer sta10!
2026-07-01 18:41:39,035 - EXECUT - INFO - received weights from trainer sta1!
2026-07-01 18:41:39,347 - EXECUT - INFO - received weights from trainer sta0!
2026-07-01 18:41:40,743 - EXECUT - INFO - received weights from trainer sta2!
2026-07-01 18:41:41,208 - EXECUT - INFO - received weights from trainer sta6!
2026-07-01 18:41:42,137 - EXECUT - INFO - received weights from trainer sta9!
2026-07-01 18:41:42,349 - EXECUT - INFO - received weights from trainer sta3!
2026-07-01 18:41:43,196 - EXECUT - INFO - received weights from trainer sta5!
2026-07-01 18:41:43,276 - EXECUT - INFO - received weights from trainer sta7!
2026-07-01 18:41:43,771 - EXECUT - INFO - sent aggregated weights to trainers!
2026-07-01 18:41:44,078 - METRIC - INFO - {"loss": 0.02448398619890213, "accuracy": 0.9937499761581421, "energy_consumption": 37372.314321324644, "selected": false, "client_name": "sta4"}
2026-07-01 18:41:44,125 - METRIC - INFO - {"loss": 0.023783039301633835, "accuracy": 0.9922547340393066, "energy_consumption": 36876.96215614954, "selected": false, "client_name": "sta8"}
2026-07-01 18:41:44,178 - METRIC - INFO - {"loss": 0.03323441743850708, "accuracy": 0.988990306854248, "energy_consumption": 37447.63655299682, "selected": false, "client_name": "sta2"}
2026-07-01 18:41:44,243 - METRIC - INFO - {"loss": 0.03504857420921326, "accuracy": 0.9887300729751587, "energy_consumption": 38440.92040011518, "selected": false, "client_name": "sta9"}
2026-07-01 18:41:44,247 - METRIC - INFO - {"loss": 0.04355001449584961, "accuracy": 0.9855365753173828, "energy_consumption": 29097.321206048815, "selected": false, "client_name": "sta3"}
2026-07-01 18:41:44,266 - METRIC - INFO - {"loss": 0.028029566630721092, "accuracy": 0.9911720156669617, "energy_consumption": 30621.063303620893, "selected": false, "client_name": "sta6"}
2026-07-01 18:41:44,298 - METRIC - INFO - {"loss": 0.036758650094270706, "accuracy": 0.9867178201675415, "energy_consumption": 26068.086324603348, "selected": false, "client_name": "sta7"}
2026-07-01 18:41:44,305 - METRIC - INFO - {"loss": 0.0345645509660244, "accuracy": 0.9870445132255554, "energy_consumption": 39788.28274984903, "selected": false, "client_name": "sta10"}
2026-07-01 18:41:44,414 - METRIC - INFO - {"loss": 0.03763199597597122, "accuracy": 0.9878296256065369, "energy_consumption": 26849.051273577184, "selected": false, "client_name": "sta0"}
2026-07-01 18:41:44,427 - METRIC - INFO - {"loss": 0.03902135789394379, "accuracy": 0.9882572889328003, "energy_consumption": 28630.57249726265, "selected": false, "client_name": "sta5"}
2026-07-01 18:41:44,472 - METRIC - INFO - {"loss": 0.034456461668014526, "accuracy": 0.9875996708869934, "energy_consumption": 25460.29865130911, "selected": false, "client_name": "sta1"}
2026-07-01 18:41:44,773 - METRIC - INFO - mean_accuracy: 0.9888984181664207

2026-07-01 18:41:44,773 - METRIC - INFO - round: 62
2026-07-01 18:41:44,773 - METRIC - INFO - n_selected: 11
2026-07-01 18:41:44,773 - METRIC - INFO - {"selected_trainers": ["sta0", "sta1", "sta10", "sta2", "sta3", "sta4", "sta5", "sta6", "sta7", "sta8", "sta9"]}
2026-07-01 18:41:49,722 - EXECUT - INFO - received weights from trainer sta4!
2026-07-01 18:41:49,765 - EXECUT - INFO - received weights from trainer sta8!
2026-07-01 18:41:53,610 - EXECUT - INFO - received weights from trainer sta10!
2026-07-01 18:41:54,895 - EXECUT - INFO - received weights from trainer sta1!
2026-07-01 18:41:55,248 - EXECUT - INFO - received weights from trainer sta0!
2026-07-01 18:41:57,911 - EXECUT - INFO - received weights from trainer sta9!
2026-07-01 18:41:58,170 - EXECUT - INFO - received weights from trainer sta3!
2026-07-01 18:41:59,056 - EXECUT - INFO - received weights from trainer sta5!
2026-07-01 18:41:59,135 - EXECUT - INFO - received weights from trainer sta7!
2026-07-01 18:42:05,503 - EXECUT - INFO - received weights from trainer sta2!
2026-07-01 18:42:05,686 - EXECUT - INFO - received weights from trainer sta6!
2026-07-01 18:42:06,510 - EXECUT - INFO - sent aggregated weights to trainers!
2026-07-01 18:42:06,836 - METRIC - INFO - {"loss": 0.024837322533130646, "accuracy": 0.9923611283302307, "energy_consumption": 38170.4504409989, "selected": false, "client_name": "sta4"}
2026-07-01 18:42:06,893 - METRIC - INFO - {"loss": 0.023374207317829132, "accuracy": 0.9931153059005737, "energy_consumption": 37666.939192490594, "selected": false, "client_name": "sta8"}
2026-07-01 18:42:06,930 - METRIC - INFO - {"loss": 0.0337122306227684, "accuracy": 0.9887217879295349, "energy_consumption": 38235.30772969386, "selected": false, "client_name": "sta2"}
2026-07-01 18:42:06,965 - METRIC - INFO - {"loss": 0.034828100353479385, "accuracy": 0.986639678478241, "energy_consumption": 40604.525035799576, "selected": false, "client_name": "sta10"}
2026-07-01 18:42:06,996 - METRIC - INFO - {"loss": 0.03380720689892769, "accuracy": 0.9892798066139221, "energy_consumption": 39246.24655432066, "selected": false, "client_name": "sta9"}
2026-07-01 18:42:07,026 - METRIC - INFO - {"loss": 0.0372440479695797, "accuracy": 0.987308144569397, "energy_consumption": 26630.29144741435, "selected": false, "client_name": "sta7"}
2026-07-01 18:42:07,036 - METRIC - INFO - {"loss": 0.028349462896585464, "accuracy": 0.9902587532997131, "energy_consumption": 31264.393997250165, "selected": false, "client_name": "sta6"}
2026-07-01 18:42:07,046 - METRIC - INFO - {"loss": 0.03676155209541321, "accuracy": 0.9878296256065369, "energy_consumption": 27427.627096484317, "selected": false, "client_name": "sta0"}
2026-07-01 18:42:07,060 - METRIC - INFO - {"loss": 0.04440758749842644, "accuracy": 0.9846687912940979, "energy_consumption": 29687.848021686317, "selected": false, "client_name": "sta3"}
2026-07-01 18:42:07,064 - METRIC - INFO - {"loss": 0.035128410905599594, "accuracy": 0.9880425333976746, "energy_consumption": 26004.554692380276, "selected": false, "client_name": "sta1"}
2026-07-01 18:42:07,069 - METRIC - INFO - {"loss": 0.03908402472734451, "accuracy": 0.9887910485267639, "energy_consumption": 29231.049058520464, "selected": false, "client_name": "sta5"}
2026-07-01 18:42:07,513 - METRIC - INFO - mean_accuracy: 0.9888196912678805

2026-07-01 18:42:07,513 - METRIC - INFO - round: 63
2026-07-01 18:42:07,513 - METRIC - INFO - n_selected: 11
2026-07-01 18:42:07,513 - METRIC - INFO - {"selected_trainers": ["sta0", "sta1", "sta10", "sta2", "sta3", "sta4", "sta5", "sta6", "sta7", "sta8", "sta9"]}
2026-07-01 18:42:12,484 - EXECUT - INFO - received weights from trainer sta4!
2026-07-01 18:42:13,134 - EXECUT - INFO - received weights from trainer sta8!
2026-07-01 18:42:16,315 - EXECUT - INFO - received weights from trainer sta10!
2026-07-01 18:42:17,599 - EXECUT - INFO - received weights from trainer sta1!
2026-07-01 18:42:17,972 - EXECUT - INFO - received weights from trainer sta0!
2026-07-01 18:42:19,275 - EXECUT - INFO - received weights from trainer sta2!
2026-07-01 18:42:19,710 - EXECUT - INFO - received weights from trainer sta6!
2026-07-01 18:42:20,699 - EXECUT - INFO - received weights from trainer sta9!
2026-07-01 18:42:20,846 - EXECUT - INFO - received weights from trainer sta3!
2026-07-01 18:42:21,719 - EXECUT - INFO - received weights from trainer sta5!
2026-07-01 18:42:21,876 - EXECUT - INFO - received weights from trainer sta7!
2026-07-01 18:42:22,281 - EXECUT - INFO - sent aggregated weights to trainers!
2026-07-01 18:42:22,596 - METRIC - INFO - {"loss": 0.024170491844415665, "accuracy": 0.9937499761581421, "energy_consumption": 38721.20068997032, "selected": false, "client_name": "sta4"}
2026-07-01 18:42:22,650 - METRIC - INFO - {"loss": 0.023079950362443924, "accuracy": 0.9931153059005737, "energy_consumption": 38182.66908924086, "selected": false, "client_name": "sta8"}
2026-07-01 18:42:22,726 - METRIC - INFO - {"loss": 0.034504733979701996, "accuracy": 0.9878542423248291, "energy_consumption": 41173.75492771386, "selected": false, "client_name": "sta10"}
2026-07-01 18:42:22,732 - METRIC - INFO - {"loss": 0.033693909645080566, "accuracy": 0.989258885383606, "energy_consumption": 38752.67226073812, "selected": false, "client_name": "sta2"}
2026-07-01 18:42:22,769 - METRIC - INFO - {"loss": 0.03904547169804573, "accuracy": 0.9876305460929871, "energy_consumption": 39789.61147165081, "selected": false, "client_name": "sta9"}
2026-07-01 18:42:22,778 - METRIC - INFO - {"loss": 0.036239851266145706, "accuracy": 0.9894523620605469, "energy_consumption": 27793.544218163926, "selected": false, "client_name": "sta0"}
2026-07-01 18:42:22,782 - METRIC - INFO - {"loss": 0.042757172137498856, "accuracy": 0.9852473139762878, "energy_consumption": 29976.78667711398, "selected": false, "client_name": "sta3"}
2026-07-01 18:42:22,793 - METRIC - INFO - {"loss": 0.028379540890455246, "accuracy": 0.990867555141449, "energy_consumption": 31705.563527510563, "selected": false, "client_name": "sta6"}
2026-07-01 18:42:22,831 - METRIC - INFO - {"loss": 0.03686473146080971, "accuracy": 0.9876033067703247, "energy_consumption": 26992.2571259706, "selected": false, "client_name": "sta7"}
2026-07-01 18:42:22,847 - METRIC - INFO - {"loss": 0.038063663989305496, "accuracy": 0.9879903793334961, "energy_consumption": 29614.93921524084, "selected": false, "client_name": "sta5"}
2026-07-01 18:42:22,856 - METRIC - INFO - {"loss": 0.03504547104239464, "accuracy": 0.9880425333976746, "energy_consumption": 26348.63414180923, "selected": false, "client_name": "sta1"}
2026-07-01 18:42:23,283 - METRIC - INFO - mean_accuracy: 0.9891647642309015

2026-07-01 18:42:23,283 - METRIC - INFO - round: 64
2026-07-01 18:42:23,283 - METRIC - INFO - n_selected: 11
2026-07-01 18:42:23,283 - METRIC - INFO - {"selected_trainers": ["sta0", "sta1", "sta10", "sta2", "sta3", "sta4", "sta5", "sta6", "sta7", "sta8", "sta9"]}
2026-07-01 18:42:28,295 - EXECUT - INFO - received weights from trainer sta8!
2026-07-01 18:42:28,708 - EXECUT - INFO - received weights from trainer sta4!
2026-07-01 18:42:31,988 - EXECUT - INFO - received weights from trainer sta10!
2026-07-01 18:42:33,386 - EXECUT - INFO - received weights from trainer sta1!
2026-07-01 18:42:33,712 - EXECUT - INFO - received weights from trainer sta0!
2026-07-01 18:42:34,933 - EXECUT - INFO - received weights from trainer sta2!
2026-07-01 18:42:35,518 - EXECUT - INFO - received weights from trainer sta6!
2026-07-01 18:42:36,398 - EXECUT - INFO - received weights from trainer sta9!
2026-07-01 18:42:36,604 - EXECUT - INFO - received weights from trainer sta3!
2026-07-01 18:42:37,513 - EXECUT - INFO - received weights from trainer sta5!
2026-07-01 18:42:37,598 - EXECUT - INFO - received weights from trainer sta7!
2026-07-01 18:42:38,077 - EXECUT - INFO - sent aggregated weights to trainers!
2026-07-01 18:42:38,370 - METRIC - INFO - {"loss": 0.024553567171096802, "accuracy": 0.9923611283302307, "energy_consumption": 39238.76959640916, "selected": false, "client_name": "sta4"}
2026-07-01 18:42:38,448 - METRIC - INFO - {"loss": 0.023099863901734352, "accuracy": 0.9939758777618408, "energy_consumption": 38738.631517663256, "selected": false, "client_name": "sta8"}
2026-07-01 18:42:38,471 - METRIC - INFO - {"loss": 0.033779993653297424, "accuracy": 0.9895274043083191, "energy_consumption": 39287.839213602805, "selected": false, "client_name": "sta2"}
2026-07-01 18:42:38,498 - METRIC - INFO - {"loss": 0.03474452346563339, "accuracy": 0.9870445132255554, "energy_consumption": 41743.85559877914, "selected": false, "client_name": "sta10"}
2026-07-01 18:42:38,563 - METRIC - INFO - {"loss": 0.02778155915439129, "accuracy": 0.990563154220581, "energy_consumption": 32153.190773107493, "selected": false, "client_name": "sta6"}
2026-07-01 18:42:38,581 - METRIC - INFO - {"loss": 0.03721620887517929, "accuracy": 0.9870182275772095, "energy_consumption": 28164.282207397806, "selected": false, "client_name": "sta0"}
2026-07-01 18:42:38,588 - METRIC - INFO - {"loss": 0.04327328875660896, "accuracy": 0.9846687912940979, "energy_consumption": 30392.010155927772, "selected": false, "client_name": "sta3"}
2026-07-01 18:42:38,604 - METRIC - INFO - {"loss": 0.04007801413536072, "accuracy": 0.9885241389274597, "energy_consumption": 30025.93894286571, "selected": false, "client_name": "sta5"}
2026-07-01 18:42:38,605 - METRIC - INFO - {"loss": 0.03690314292907715, "accuracy": 0.9870129823684692, "energy_consumption": 27369.426993542245, "selected": false, "client_name": "sta7"}
2026-07-01 18:42:38,651 - METRIC - INFO - {"loss": 0.033758632838726044, "accuracy": 0.9887300729751587, "energy_consumption": 40345.2738070898, "selected": false, "client_name": "sta9"}
2026-07-01 18:42:38,678 - METRIC - INFO - {"loss": 0.03594029322266579, "accuracy": 0.9884853959083557, "energy_consumption": 26697.399993288447, "selected": false, "client_name": "sta1"}
2026-07-01 18:42:39,079 - METRIC - INFO - mean_accuracy: 0.988901062445207

2026-07-01 18:42:39,079 - METRIC - INFO - round: 65
2026-07-01 18:42:39,079 - METRIC - INFO - n_selected: 11
2026-07-01 18:42:39,080 - METRIC - INFO - {"selected_trainers": ["sta0", "sta1", "sta10", "sta2", "sta3", "sta4", "sta5", "sta6", "sta7", "sta8", "sta9"]}
2026-07-01 18:42:43,976 - EXECUT - INFO - received weights from trainer sta4!
2026-07-01 18:42:44,067 - EXECUT - INFO - received weights from trainer sta8!
2026-07-01 18:42:47,943 - EXECUT - INFO - received weights from trainer sta10!
2026-07-01 18:42:49,514 - EXECUT - INFO - received weights from trainer sta0!
2026-07-01 18:42:49,546 - EXECUT - INFO - received weights from trainer sta1!
2026-07-01 18:42:50,701 - EXECUT - INFO - received weights from trainer sta2!
2026-07-01 18:42:51,279 - EXECUT - INFO - received weights from trainer sta6!
2026-07-01 18:42:52,254 - EXECUT - INFO - received weights from trainer sta9!
2026-07-01 18:42:52,361 - EXECUT - INFO - received weights from trainer sta3!
2026-07-01 18:42:53,288 - EXECUT - INFO - received weights from trainer sta5!
2026-07-01 18:42:53,410 - EXECUT - INFO - received weights from trainer sta7!
2026-07-01 18:42:53,933 - EXECUT - INFO - sent aggregated weights to trainers!
2026-07-01 18:42:54,234 - METRIC - INFO - {"loss": 0.02387874945998192, "accuracy": 0.9923611283302307, "energy_consumption": 39758.070533955186, "selected": false, "client_name": "sta4"}
2026-07-01 18:42:54,310 - METRIC - INFO - {"loss": 0.024325242266058922, "accuracy": 0.9922547340393066, "energy_consumption": 39282.991213363624, "selected": false, "client_name": "sta8"}
2026-07-01 18:42:54,369 - METRIC - INFO - {"loss": 0.033855050802230835, "accuracy": 0.988990306854248, "energy_consumption": 39833.57130885525, "selected": false, "client_name": "sta2"}
2026-07-01 18:42:54,385 - METRIC - INFO - {"loss": 0.03436552360653877, "accuracy": 0.9874494075775146, "energy_consumption": 42296.09720511536, "selected": false, "client_name": "sta10"}
2026-07-01 18:42:54,420 - METRIC - INFO - {"loss": 0.03397895395755768, "accuracy": 0.9895547032356262, "energy_consumption": 40856.64568462567, "selected": false, "client_name": "sta9"}
2026-07-01 18:42:54,434 - METRIC - INFO - {"loss": 0.03558791056275368, "accuracy": 0.9882352948188782, "energy_consumption": 28547.86431429734, "selected": false, "client_name": "sta0"}
2026-07-01 18:42:54,459 - METRIC - INFO - {"loss": 0.02808188833296299, "accuracy": 0.990563154220581, "energy_consumption": 32591.347837727575, "selected": false, "client_name": "sta6"}
2026-07-01 18:42:54,461 - METRIC - INFO - {"loss": 0.043710701167583466, "accuracy": 0.9849580526351929, "energy_consumption": 30775.904878583788, "selected": false, "client_name": "sta3"}
2026-07-01 18:42:54,493 - METRIC - INFO - {"loss": 0.03906076401472092, "accuracy": 0.9885241389274597, "energy_consumption": 30433.39246261245, "selected": false, "client_name": "sta5"}
2026-07-01 18:42:54,498 - METRIC - INFO - {"loss": 0.03524437174201012, "accuracy": 0.9880425333976746, "energy_consumption": 27056.84957805769, "selected": false, "client_name": "sta1"}
2026-07-01 18:42:54,516 - METRIC - INFO - {"loss": 0.036619193851947784, "accuracy": 0.9870129823684692, "energy_consumption": 27741.083972811342, "selected": false, "client_name": "sta7"}
2026-07-01 18:42:54,935 - METRIC - INFO - mean_accuracy: 0.9889042214913801

2026-07-01 18:42:54,935 - METRIC - INFO - round: 66
2026-07-01 18:42:54,935 - METRIC - INFO - n_selected: 11
2026-07-01 18:42:54,935 - METRIC - INFO - {"selected_trainers": ["sta0", "sta1", "sta10", "sta2", "sta3", "sta4", "sta5", "sta6", "sta7", "sta8", "sta9"]}
2026-07-01 18:42:59,897 - EXECUT - INFO - received weights from trainer sta4!
2026-07-01 18:42:59,942 - EXECUT - INFO - received weights from trainer sta8!
2026-07-01 18:43:05,039 - EXECUT - INFO - received weights from trainer sta1!
2026-07-01 18:43:05,348 - EXECUT - INFO - received weights from trainer sta0!
2026-07-01 18:43:05,361 - EXECUT - INFO - received weights from trainer sta10!
2026-07-01 18:43:06,584 - EXECUT - INFO - received weights from trainer sta2!
2026-07-01 18:43:07,084 - EXECUT - INFO - received weights from trainer sta6!
2026-07-01 18:43:08,097 - EXECUT - INFO - received weights from trainer sta9!
2026-07-01 18:43:08,298 - EXECUT - INFO - received weights from trainer sta3!
2026-07-01 18:43:09,202 - EXECUT - INFO - received weights from trainer sta7!
2026-07-01 18:43:09,221 - EXECUT - INFO - received weights from trainer sta5!
2026-07-01 18:43:09,641 - EXECUT - INFO - sent aggregated weights to trainers!
2026-07-01 18:43:09,951 - METRIC - INFO - {"loss": 0.02375398762524128, "accuracy": 0.9930555820465088, "energy_consumption": 40310.43139251078, "selected": false, "client_name": "sta4"}
2026-07-01 18:43:10,016 - METRIC - INFO - {"loss": 0.023640109226107597, "accuracy": 0.9913941621780396, "energy_consumption": 39853.1527819693, "selected": false, "client_name": "sta8"}
2026-07-01 18:43:10,086 - METRIC - INFO - {"loss": 0.03438781946897507, "accuracy": 0.9878542423248291, "energy_consumption": 42838.560467926436, "selected": false, "client_name": "sta10"}
2026-07-01 18:43:10,095 - METRIC - INFO - {"loss": 0.037884216755628586, "accuracy": 0.9890466332435608, "energy_consumption": 28923.72458551596, "selected": false, "client_name": "sta0"}
2026-07-01 18:43:10,096 - METRIC - INFO - {"loss": 0.03423542156815529, "accuracy": 0.989258885383606, "energy_consumption": 40373.68622000325, "selected": false, "client_name": "sta2"}
2026-07-01 18:43:10,126 - METRIC - INFO - {"loss": 0.033043790608644485, "accuracy": 0.9895547032356262, "energy_consumption": 41374.09564423174, "selected": false, "client_name": "sta9"}
2026-07-01 18:43:10,135 - METRIC - INFO - {"loss": 0.04357537254691124, "accuracy": 0.9846687912940979, "energy_consumption": 31168.82133955402, "selected": false, "client_name": "sta3"}
2026-07-01 18:43:10,183 - METRIC - INFO - {"loss": 0.03448319807648659, "accuracy": 0.9884853959083557, "energy_consumption": 27419.09984586376, "selected": false, "client_name": "sta1"}
2026-07-01 18:43:10,225 - METRIC - INFO - {"loss": 0.03906696289777756, "accuracy": 0.9885241389274597, "energy_consumption": 30840.14706282061, "selected": false, "client_name": "sta5"}
2026-07-01 18:43:10,269 - METRIC - INFO - {"loss": 0.028778281062841415, "accuracy": 0.990867555141449, "energy_consumption": 33009.24690969751, "selected": false, "client_name": "sta6"}
2026-07-01 18:43:10,342 - METRIC - INFO - {"loss": 0.03696305677294731, "accuracy": 0.9876033067703247, "energy_consumption": 28120.892770472758, "selected": false, "client_name": "sta7"}
2026-07-01 18:43:10,644 - METRIC - INFO - mean_accuracy: 0.9891193996776234

2026-07-01 18:43:10,644 - METRIC - INFO - round: 67
2026-07-01 18:43:10,644 - METRIC - INFO - n_selected: 11
2026-07-01 18:43:10,644 - METRIC - INFO - {"selected_trainers": ["sta0", "sta1", "sta10", "sta2", "sta3", "sta4", "sta5", "sta6", "sta7", "sta8", "sta9"]}
2026-07-01 18:43:15,644 - EXECUT - INFO - received weights from trainer sta4!
2026-07-01 18:43:15,676 - EXECUT - INFO - received weights from trainer sta8!
2026-07-01 18:43:19,461 - EXECUT - INFO - received weights from trainer sta10!
2026-07-01 18:43:20,883 - EXECUT - INFO - received weights from trainer sta1!
2026-07-01 18:43:21,125 - EXECUT - INFO - received weights from trainer sta0!
2026-07-01 18:43:22,263 - EXECUT - INFO - received weights from trainer sta2!
2026-07-01 18:43:22,811 - EXECUT - INFO - received weights from trainer sta6!
2026-07-01 18:43:23,826 - EXECUT - INFO - received weights from trainer sta9!
2026-07-01 18:43:24,067 - EXECUT - INFO - received weights from trainer sta3!
2026-07-01 18:43:24,858 - EXECUT - INFO - received weights from trainer sta7!
2026-07-01 18:43:24,881 - EXECUT - INFO - received weights from trainer sta5!
2026-07-01 18:43:25,321 - EXECUT - INFO - sent aggregated weights to trainers!
2026-07-01 18:43:25,642 - METRIC - INFO - {"loss": 0.023971369490027428, "accuracy": 0.9930555820465088, "energy_consumption": 40856.34260821336, "selected": false, "client_name": "sta4"}
2026-07-01 18:43:25,759 - METRIC - INFO - {"loss": 0.035310257226228714, "accuracy": 0.9870445132255554, "energy_consumption": 43400.049555960875, "selected": false, "client_name": "sta10"}
2026-07-01 18:43:25,789 - METRIC - INFO - {"loss": 0.033618729561567307, "accuracy": 0.9892798066139221, "energy_consumption": 41902.60910598867, "selected": false, "client_name": "sta9"}
2026-07-01 18:43:25,840 - METRIC - INFO - {"loss": 0.03747802600264549, "accuracy": 0.9886409640312195, "energy_consumption": 29309.70706602147, "selected": false, "client_name": "sta0"}
2026-07-01 18:43:25,841 - METRIC - INFO - {"loss": 0.027730673551559448, "accuracy": 0.990867555141449, "energy_consumption": 33447.22619944457, "selected": false, "client_name": "sta6"}
2026-07-01 18:43:25,851 - METRIC - INFO - {"loss": 0.021631093695759773, "accuracy": 0.9913941621780396, "energy_consumption": 40376.71129329074, "selected": false, "client_name": "sta8"}
2026-07-01 18:43:25,858 - METRIC - INFO - {"loss": 0.03303054720163345, "accuracy": 0.989258885383606, "energy_consumption": 40911.464851110475, "selected": false, "client_name": "sta2"}
2026-07-01 18:43:25,882 - METRIC - INFO - {"loss": 0.03711333125829697, "accuracy": 0.9881936311721802, "energy_consumption": 28492.718282205144, "selected": false, "client_name": "sta7"}
2026-07-01 18:43:25,888 - METRIC - INFO - {"loss": 0.0391039177775383, "accuracy": 0.9882572889328003, "energy_consumption": 31258.226616055916, "selected": false, "client_name": "sta5"}
2026-07-01 18:43:25,898 - METRIC - INFO - {"loss": 0.03480582311749458, "accuracy": 0.9880425333976746, "energy_consumption": 27802.11388999832, "selected": false, "client_name": "sta1"}
2026-07-01 18:43:25,967 - METRIC - INFO - {"loss": 0.04383563622832298, "accuracy": 0.9858258366584778, "energy_consumption": 31571.634961489635, "selected": false, "client_name": "sta3"}
2026-07-01 18:43:26,322 - METRIC - INFO - mean_accuracy: 0.9890782507983121

2026-07-01 18:43:26,322 - METRIC - INFO - round: 68
2026-07-01 18:43:26,322 - METRIC - INFO - n_selected: 11
2026-07-01 18:43:26,322 - METRIC - INFO - {"selected_trainers": ["sta0", "sta1", "sta10", "sta2", "sta3", "sta4", "sta5", "sta6", "sta7", "sta8", "sta9"]}
2026-07-01 18:43:31,288 - EXECUT - INFO - received weights from trainer sta8!
2026-07-01 18:43:31,322 - EXECUT - INFO - received weights from trainer sta4!
2026-07-01 18:43:35,120 - EXECUT - INFO - received weights from trainer sta10!
2026-07-01 18:43:36,398 - EXECUT - INFO - received weights from trainer sta1!
2026-07-01 18:43:36,782 - EXECUT - INFO - received weights from trainer sta0!
2026-07-01 18:43:38,063 - EXECUT - INFO - received weights from trainer sta2!
2026-07-01 18:43:38,483 - EXECUT - INFO - received weights from trainer sta6!
2026-07-01 18:43:39,462 - EXECUT - INFO - received weights from trainer sta9!
2026-07-01 18:43:39,740 - EXECUT - INFO - received weights from trainer sta3!
2026-07-01 18:43:40,593 - EXECUT - INFO - received weights from trainer sta5!
2026-07-01 18:43:40,625 - EXECUT - INFO - received weights from trainer sta7!
2026-07-01 18:43:40,953 - EXECUT - INFO - sent aggregated weights to trainers!
2026-07-01 18:43:41,331 - METRIC - INFO - {"loss": 0.023514818400144577, "accuracy": 0.9922547340393066, "energy_consumption": 40897.75836692114, "selected": false, "client_name": "sta8"}
2026-07-01 18:43:41,391 - METRIC - INFO - {"loss": 0.03521069884300232, "accuracy": 0.9874494075775146, "energy_consumption": 43948.71638566826, "selected": false, "client_name": "sta10"}
2026-07-01 18:43:41,396 - METRIC - INFO - {"loss": 0.024441419169306755, "accuracy": 0.9923611283302307, "energy_consumption": 41408.430609846124, "selected": false, "client_name": "sta4"}
2026-07-01 18:43:41,430 - METRIC - INFO - {"loss": 0.04320966452360153, "accuracy": 0.9849580526351929, "energy_consumption": 31950.724256814858, "selected": false, "client_name": "sta3"}
2026-07-01 18:43:41,442 - METRIC - INFO - {"loss": 0.03359711915254593, "accuracy": 0.9890049695968628, "energy_consumption": 42458.43656953358, "selected": false, "client_name": "sta9"}
2026-07-01 18:43:41,447 - METRIC - INFO - {"loss": 0.028158629313111305, "accuracy": 0.990563154220581, "energy_consumption": 33886.920432327825, "selected": false, "client_name": "sta6"}
2026-07-01 18:43:41,447 - METRIC - INFO - {"loss": 0.03436928987503052, "accuracy": 0.9875996708869934, "energy_consumption": 28167.643978244574, "selected": false, "client_name": "sta1"}
2026-07-01 18:43:41,463 - METRIC - INFO - {"loss": 0.03687013313174248, "accuracy": 0.9878984689712524, "energy_consumption": 28868.304996382067, "selected": false, "client_name": "sta7"}
2026-07-01 18:43:41,469 - METRIC - INFO - {"loss": 0.03930893912911415, "accuracy": 0.9887910485267639, "energy_consumption": 31679.904901252816, "selected": false, "client_name": "sta5"}
2026-07-01 18:43:41,486 - METRIC - INFO - {"loss": 0.03443697839975357, "accuracy": 0.9878296256065369, "energy_consumption": 29695.908858193645, "selected": false, "client_name": "sta0"}
2026-07-01 18:43:41,525 - METRIC - INFO - {"loss": 0.03426788002252579, "accuracy": 0.9887217879295349, "energy_consumption": 41452.76828963136, "selected": false, "client_name": "sta2"}
2026-07-01 18:43:41,956 - METRIC - INFO - mean_accuracy: 0.9888574589382518

2026-07-01 18:43:41,956 - METRIC - INFO - round: 69
2026-07-01 18:43:41,956 - METRIC - INFO - n_selected: 11
2026-07-01 18:43:41,956 - METRIC - INFO - {"selected_trainers": ["sta0", "sta1", "sta10", "sta2", "sta3", "sta4", "sta5", "sta6", "sta7", "sta8", "sta9"]}
2026-07-01 18:43:46,893 - EXECUT - INFO - received weights from trainer sta8!
2026-07-01 18:43:46,946 - EXECUT - INFO - received weights from trainer sta4!
2026-07-01 18:43:50,820 - EXECUT - INFO - received weights from trainer sta10!
2026-07-01 18:43:52,049 - EXECUT - INFO - received weights from trainer sta1!
2026-07-01 18:43:52,354 - EXECUT - INFO - received weights from trainer sta0!
2026-07-01 18:43:53,678 - EXECUT - INFO - received weights from trainer sta2!
2026-07-01 18:43:54,128 - EXECUT - INFO - received weights from trainer sta6!
2026-07-01 18:43:55,089 - EXECUT - INFO - received weights from trainer sta9!
2026-07-01 18:43:56,189 - EXECUT - INFO - received weights from trainer sta5!
2026-07-01 18:43:56,236 - EXECUT - INFO - received weights from trainer sta7!
2026-07-01 18:44:02,754 - EXECUT - INFO - received weights from trainer sta3!
2026-07-01 18:44:03,689 - EXECUT - INFO - sent aggregated weights to trainers!
2026-07-01 18:44:04,007 - METRIC - INFO - {"loss": 0.0244656503200531, "accuracy": 0.9923611283302307, "energy_consumption": 42208.210385931096, "selected": false, "client_name": "sta4"}
2026-07-01 18:44:04,073 - METRIC - INFO - {"loss": 0.022822411730885506, "accuracy": 0.9922547340393066, "energy_consumption": 41670.872390917626, "selected": false, "client_name": "sta8"}
2026-07-01 18:44:04,101 - METRIC - INFO - {"loss": 0.03400126472115517, "accuracy": 0.988990306854248, "energy_consumption": 42125.828965413784, "selected": false, "client_name": "sta2"}
2026-07-01 18:44:04,132 - METRIC - INFO - {"loss": 0.03573091700673103, "accuracy": 0.9874494075775146, "energy_consumption": 44808.86211656063, "selected": false, "client_name": "sta10"}
2026-07-01 18:44:04,180 - METRIC - INFO - {"loss": 0.08534839004278183, "accuracy": 0.9755359888076782, "energy_consumption": 43257.851703537, "selected": false, "client_name": "sta9"}
2026-07-01 18:44:04,205 - METRIC - INFO - {"loss": 0.039670612663030624, "accuracy": 0.9878296256065369, "energy_consumption": 30267.21876260025, "selected": false, "client_name": "sta0"}
2026-07-01 18:44:04,205 - METRIC - INFO - {"loss": 0.028494305908679962, "accuracy": 0.990867555141449, "energy_consumption": 34500.28033242442, "selected": false, "client_name": "sta6"}
2026-07-01 18:44:04,243 - METRIC - INFO - {"loss": 0.038807447999715805, "accuracy": 0.9877235293388367, "energy_consumption": 32295.050043281193, "selected": false, "client_name": "sta5"}
2026-07-01 18:44:04,245 - METRIC - INFO - {"loss": 0.04479196295142174, "accuracy": 0.9855365753173828, "energy_consumption": 32550.70634585215, "selected": false, "client_name": "sta3"}
2026-07-01 18:44:04,258 - METRIC - INFO - {"loss": 0.034765806049108505, "accuracy": 0.9871567487716675, "energy_consumption": 28668.857299729447, "selected": false, "client_name": "sta1"}
2026-07-01 18:44:04,292 - METRIC - INFO - {"loss": 0.03704964742064476, "accuracy": 0.9876033067703247, "energy_consumption": 29408.624557407595, "selected": false, "client_name": "sta7"}
2026-07-01 18:44:04,691 - METRIC - INFO - mean_accuracy: 0.9875735369595614

2026-07-01 18:44:04,691 - METRIC - INFO - round: 70
2026-07-01 18:44:04,691 - METRIC - INFO - n_selected: 11
2026-07-01 18:44:04,691 - METRIC - INFO - {"selected_trainers": ["sta0", "sta1", "sta10", "sta2", "sta3", "sta4", "sta5", "sta6", "sta7", "sta8", "sta9"]}
2026-07-01 18:44:09,634 - EXECUT - INFO - received weights from trainer sta4!
2026-07-01 18:44:10,267 - EXECUT - INFO - received weights from trainer sta8!
2026-07-01 18:44:13,489 - EXECUT - INFO - received weights from trainer sta10!
2026-07-01 18:44:14,867 - EXECUT - INFO - received weights from trainer sta1!
2026-07-01 18:44:15,202 - EXECUT - INFO - received weights from trainer sta0!
2026-07-01 18:44:16,231 - EXECUT - INFO - received weights from trainer sta2!
2026-07-01 18:44:16,881 - EXECUT - INFO - received weights from trainer sta6!
2026-07-01 18:44:17,873 - EXECUT - INFO - received weights from trainer sta9!
2026-07-01 18:44:18,154 - EXECUT - INFO - received weights from trainer sta3!
2026-07-01 18:44:18,938 - EXECUT - INFO - received weights from trainer sta7!
2026-07-01 18:44:18,959 - EXECUT - INFO - received weights from trainer sta5!
2026-07-01 18:44:19,388 - EXECUT - INFO - sent aggregated weights to trainers!
2026-07-01 18:44:19,702 - METRIC - INFO - {"loss": 0.02445327676832676, "accuracy": 0.9923611283302307, "energy_consumption": 42731.2700900371, "selected": false, "client_name": "sta4"}
2026-07-01 18:44:19,746 - METRIC - INFO - {"loss": 0.02231271006166935, "accuracy": 0.9931153059005737, "energy_consumption": 42172.8860591797, "selected": false, "client_name": "sta8"}
2026-07-01 18:44:19,807 - METRIC - INFO - {"loss": 0.03548391908407211, "accuracy": 0.9874494075775146, "energy_consumption": 45388.19996704938, "selected": false, "client_name": "sta10"}
2026-07-01 18:44:19,811 - METRIC - INFO - {"loss": 0.033915236592292786, "accuracy": 0.9887217879295349, "energy_consumption": 42621.177414470054, "selected": false, "client_name": "sta2"}
2026-07-01 18:44:19,823 - METRIC - INFO - {"loss": 0.036067403852939606, "accuracy": 0.9890466332435608, "energy_consumption": 30612.755049340463, "selected": false, "client_name": "sta0"}
2026-07-01 18:44:19,856 - METRIC - INFO - {"loss": 0.03325332701206207, "accuracy": 0.9895547032356262, "energy_consumption": 43807.12191647749, "selected": false, "client_name": "sta9"}
2026-07-01 18:44:19,867 - METRIC - INFO - {"loss": 0.028005002066493034, "accuracy": 0.990867555141449, "energy_consumption": 34928.22167184529, "selected": false, "client_name": "sta6"}
2026-07-01 18:44:19,886 - METRIC - INFO - {"loss": 0.03907822445034981, "accuracy": 0.9879903793334961, "energy_consumption": 32677.73566902249, "selected": false, "client_name": "sta5"}
2026-07-01 18:44:19,890 - METRIC - INFO - {"loss": 0.034567561000585556, "accuracy": 0.9875996708869934, "energy_consumption": 28997.037860347147, "selected": false, "client_name": "sta1"}
2026-07-01 18:44:19,902 - METRIC - INFO - {"loss": 0.043382786214351654, "accuracy": 0.9864044189453125, "energy_consumption": 32929.10954949659, "selected": false, "client_name": "sta3"}
2026-07-01 18:44:19,963 - METRIC - INFO - {"loss": 0.03702619671821594, "accuracy": 0.9876033067703247, "energy_consumption": 29759.593444837894, "selected": false, "client_name": "sta7"}
2026-07-01 18:44:20,391 - METRIC - INFO - mean_accuracy: 0.9891558452086016

2026-07-01 18:44:20,391 - METRIC - INFO - round: 71
2026-07-01 18:44:20,391 - METRIC - INFO - n_selected: 11
2026-07-01 18:44:20,391 - METRIC - INFO - {"selected_trainers": ["sta0", "sta1", "sta10", "sta2", "sta3", "sta4", "sta5", "sta6", "sta7", "sta8", "sta9"]}
2026-07-01 18:44:25,342 - EXECUT - INFO - received weights from trainer sta8!
2026-07-01 18:44:25,389 - EXECUT - INFO - received weights from trainer sta4!
2026-07-01 18:44:29,227 - EXECUT - INFO - received weights from trainer sta10!
2026-07-01 18:44:30,499 - EXECUT - INFO - received weights from trainer sta1!
2026-07-01 18:44:30,931 - EXECUT - INFO - received weights from trainer sta0!
2026-07-01 18:44:31,955 - EXECUT - INFO - received weights from trainer sta2!
2026-07-01 18:44:32,597 - EXECUT - INFO - received weights from trainer sta6!
2026-07-01 18:44:33,518 - EXECUT - INFO - received weights from trainer sta9!
2026-07-01 18:44:33,848 - EXECUT - INFO - received weights from trainer sta3!
2026-07-01 18:44:34,700 - EXECUT - INFO - received weights from trainer sta5!
2026-07-01 18:44:34,718 - EXECUT - INFO - received weights from trainer sta7!
2026-07-01 18:44:35,020 - EXECUT - INFO - sent aggregated weights to trainers!
2026-07-01 18:44:35,339 - METRIC - INFO - {"loss": 0.024270476773381233, "accuracy": 0.9923611283302307, "energy_consumption": 43267.64237307083, "selected": false, "client_name": "sta4"}
2026-07-01 18:44:35,391 - METRIC - INFO - {"loss": 0.02399500645697117, "accuracy": 0.9922547340393066, "energy_consumption": 42688.27622663984, "selected": false, "client_name": "sta8"}
2026-07-01 18:44:35,433 - METRIC - INFO - {"loss": 0.033524930477142334, "accuracy": 0.988990306854248, "energy_consumption": 43143.85102589928, "selected": false, "client_name": "sta2"}
2026-07-01 18:44:35,470 - METRIC - INFO - {"loss": 0.03426496312022209, "accuracy": 0.9882591366767883, "energy_consumption": 45970.734265587234, "selected": false, "client_name": "sta10"}
2026-07-01 18:44:35,492 - METRIC - INFO - {"loss": 0.03373362869024277, "accuracy": 0.9892798066139221, "energy_consumption": 44356.038657321435, "selected": false, "client_name": "sta9"}
2026-07-01 18:44:35,523 - METRIC - INFO - {"loss": 0.02828642725944519, "accuracy": 0.9911720156669617, "energy_consumption": 35363.44930733992, "selected": false, "client_name": "sta6"}
2026-07-01 18:44:35,550 - METRIC - INFO - {"loss": 0.04417404532432556, "accuracy": 0.9846687912940979, "energy_consumption": 33333.25427639426, "selected": false, "client_name": "sta3"}
2026-07-01 18:44:35,553 - METRIC - INFO - {"loss": 0.035755231976509094, "accuracy": 0.9886409640312195, "energy_consumption": 30903.934974318086, "selected": false, "client_name": "sta0"}
2026-07-01 18:44:35,562 - METRIC - INFO - {"loss": 0.03682028502225876, "accuracy": 0.9870129823684692, "energy_consumption": 30126.227755664346, "selected": false, "client_name": "sta7"}
2026-07-01 18:44:35,571 - METRIC - INFO - {"loss": 0.0396108515560627, "accuracy": 0.9893248081207275, "energy_consumption": 33087.03978356217, "selected": false, "client_name": "sta5"}
2026-07-01 18:44:35,637 - METRIC - INFO - {"loss": 0.034814417362213135, "accuracy": 0.9871567487716675, "energy_consumption": 29350.403846641962, "selected": false, "client_name": "sta1"}
2026-07-01 18:44:36,021 - METRIC - INFO - mean_accuracy: 0.9890110384334218

2026-07-01 18:44:36,021 - METRIC - INFO - round: 72
2026-07-01 18:44:36,021 - METRIC - INFO - n_selected: 11
2026-07-01 18:44:36,021 - METRIC - INFO - {"selected_trainers": ["sta0", "sta1", "sta10", "sta2", "sta3", "sta4", "sta5", "sta6", "sta7", "sta8", "sta9"]}
2026-07-01 18:44:40,968 - EXECUT - INFO - received weights from trainer sta4!
2026-07-01 18:44:41,009 - EXECUT - INFO - received weights from trainer sta8!
2026-07-01 18:44:44,835 - EXECUT - INFO - received weights from trainer sta10!
2026-07-01 18:44:46,145 - EXECUT - INFO - received weights from trainer sta1!
2026-07-01 18:44:46,478 - EXECUT - INFO - received weights from trainer sta0!
2026-07-01 18:44:47,651 - EXECUT - INFO - received weights from trainer sta2!
2026-07-01 18:44:48,170 - EXECUT - INFO - received weights from trainer sta6!
2026-07-01 18:44:49,422 - EXECUT - INFO - received weights from trainer sta3!
2026-07-01 18:44:50,205 - EXECUT - INFO - received weights from trainer sta5!
2026-07-01 18:44:50,398 - EXECUT - INFO - received weights from trainer sta7!
2026-07-01 18:44:57,036 - EXECUT - INFO - received weights from trainer sta9!
2026-07-01 18:44:57,750 - EXECUT - INFO - sent aggregated weights to trainers!
2026-07-01 18:44:58,037 - METRIC - INFO - {"loss": 0.024274062365293503, "accuracy": 0.9930555820465088, "energy_consumption": 44049.8018377525, "selected": false, "client_name": "sta4"}
2026-07-01 18:44:58,104 - METRIC - INFO - {"loss": 0.022917091846466064, "accuracy": 0.9922547340393066, "energy_consumption": 43440.66806204182, "selected": false, "client_name": "sta8"}
2026-07-01 18:44:58,126 - METRIC - INFO - {"loss": 0.03416088595986366, "accuracy": 0.988990306854248, "energy_consumption": 43929.94940692242, "selected": false, "client_name": "sta2"}
2026-07-01 18:44:58,210 - METRIC - INFO - {"loss": 0.03453720733523369, "accuracy": 0.9901044368743896, "energy_consumption": 45130.42362712241, "selected": false, "client_name": "sta9"}
2026-07-01 18:44:58,232 - METRIC - INFO - {"loss": 0.028208052739501, "accuracy": 0.990563154220581, "energy_consumption": 36000.51204399687, "selected": false, "client_name": "sta6"}
2026-07-01 18:44:58,285 - METRIC - INFO - {"loss": 0.04434836655855179, "accuracy": 0.9855365753173828, "energy_consumption": 33888.423303613716, "selected": false, "client_name": "sta3"}
2026-07-01 18:44:58,286 - METRIC - INFO - {"loss": 0.03591693937778473, "accuracy": 0.986639678478241, "energy_consumption": 46664.562800462154, "selected": false, "client_name": "sta10"}
2026-07-01 18:44:58,289 - METRIC - INFO - {"loss": 0.03483039513230324, "accuracy": 0.9875996708869934, "energy_consumption": 29883.176495051455, "selected": false, "client_name": "sta1"}
2026-07-01 18:44:58,294 - METRIC - INFO - {"loss": 0.03967885673046112, "accuracy": 0.9882572889328003, "energy_consumption": 33678.28941931843, "selected": false, "client_name": "sta5"}
2026-07-01 18:44:58,322 - METRIC - INFO - {"loss": 0.037334274500608444, "accuracy": 0.987308144569397, "energy_consumption": 30677.289526618584, "selected": false, "client_name": "sta7"}
2026-07-01 18:44:58,392 - METRIC - INFO - {"loss": 0.03584558889269829, "accuracy": 0.9882352948188782, "energy_consumption": 31473.025626856073, "selected": false, "client_name": "sta0"}
2026-07-01 18:44:58,753 - METRIC - INFO - mean_accuracy: 0.9889586242762479

2026-07-01 18:44:58,753 - METRIC - INFO - round: 73
2026-07-01 18:44:58,753 - METRIC - INFO - n_selected: 11
2026-07-01 18:44:58,753 - METRIC - INFO - {"selected_trainers": ["sta0", "sta1", "sta10", "sta2", "sta3", "sta4", "sta5", "sta6", "sta7", "sta8", "sta9"]}
2026-07-01 18:45:03,647 - EXECUT - INFO - received weights from trainer sta4!
2026-07-01 18:45:03,711 - EXECUT - INFO - received weights from trainer sta8!
2026-07-01 18:45:07,562 - EXECUT - INFO - received weights from trainer sta10!
2026-07-01 18:45:08,884 - EXECUT - INFO - received weights from trainer sta1!
2026-07-01 18:45:09,177 - EXECUT - INFO - received weights from trainer sta0!
2026-07-01 18:45:10,440 - EXECUT - INFO - received weights from trainer sta2!
2026-07-01 18:45:10,919 - EXECUT - INFO - received weights from trainer sta6!
2026-07-01 18:45:11,906 - EXECUT - INFO - received weights from trainer sta9!
2026-07-01 18:45:12,161 - EXECUT - INFO - received weights from trainer sta3!
2026-07-01 18:45:13,070 - EXECUT - INFO - received weights from trainer sta5!
2026-07-01 18:45:13,098 - EXECUT - INFO - received weights from trainer sta7!
2026-07-01 18:45:13,492 - EXECUT - INFO - sent aggregated weights to trainers!
2026-07-01 18:45:13,784 - METRIC - INFO - {"loss": 0.024575309827923775, "accuracy": 0.9923611283302307, "energy_consumption": 44576.60147168934, "selected": false, "client_name": "sta4"}
2026-07-01 18:45:13,849 - METRIC - INFO - {"loss": 0.02305874601006508, "accuracy": 0.9931153059005737, "energy_consumption": 43923.46797928137, "selected": false, "client_name": "sta8"}
2026-07-01 18:45:13,868 - METRIC - INFO - {"loss": 0.03430287539958954, "accuracy": 0.9897959232330322, "energy_consumption": 44461.30674430826, "selected": false, "client_name": "sta2"}
2026-07-01 18:45:13,922 - METRIC - INFO - {"loss": 0.03436875343322754, "accuracy": 0.9878542423248291, "energy_consumption": 47169.289612839195, "selected": false, "client_name": "sta10"}
2026-07-01 18:45:13,941 - METRIC - INFO - {"loss": 0.033719178289175034, "accuracy": 0.9892798066139221, "energy_consumption": 45524.97627316598, "selected": false, "client_name": "sta9"}
2026-07-01 18:45:13,977 - METRIC - INFO - {"loss": 0.03789280727505684, "accuracy": 0.9886409640312195, "energy_consumption": 31831.1892399335, "selected": false, "client_name": "sta0"}
2026-07-01 18:45:13,986 - METRIC - INFO - {"loss": 0.028215521946549416, "accuracy": 0.990867555141449, "energy_consumption": 36438.19656319823, "selected": false, "client_name": "sta6"}
2026-07-01 18:45:14,015 - METRIC - INFO - {"loss": 0.0388667993247509, "accuracy": 0.9882572889328003, "energy_consumption": 34070.788507561316, "selected": false, "client_name": "sta5"}
2026-07-01 18:45:14,029 - METRIC - INFO - {"loss": 0.04522329568862915, "accuracy": 0.9855365753173828, "energy_consumption": 34287.90272288719, "selected": false, "client_name": "sta3"}
2026-07-01 18:45:14,032 - METRIC - INFO - {"loss": 0.03672075271606445, "accuracy": 0.987308144569397, "energy_consumption": 31039.73916068802, "selected": false, "client_name": "sta7"}
2026-07-01 18:45:14,055 - METRIC - INFO - {"loss": 0.035441331565380096, "accuracy": 0.9880425333976746, "energy_consumption": 30220.449427435, "selected": false, "client_name": "sta1"}
2026-07-01 18:45:14,495 - METRIC - INFO - mean_accuracy: 0.9891872243447737

2026-07-01 18:45:14,495 - METRIC - INFO - round: 74
2026-07-01 18:45:14,495 - METRIC - INFO - n_selected: 11
2026-07-01 18:45:14,495 - METRIC - INFO - {"selected_trainers": ["sta0", "sta1", "sta10", "sta2", "sta3", "sta4", "sta5", "sta6", "sta7", "sta8", "sta9"]}
2026-07-01 18:45:19,472 - EXECUT - INFO - received weights from trainer sta8!
2026-07-01 18:45:19,497 - EXECUT - INFO - received weights from trainer sta4!
2026-07-01 18:45:24,655 - EXECUT - INFO - received weights from trainer sta1!
2026-07-01 18:45:24,904 - EXECUT - INFO - received weights from trainer sta0!
2026-07-01 18:45:24,931 - EXECUT - INFO - received weights from trainer sta10!
2026-07-01 18:45:26,145 - EXECUT - INFO - received weights from trainer sta2!
2026-07-01 18:45:26,675 - EXECUT - INFO - received weights from trainer sta6!
2026-07-01 18:45:27,548 - EXECUT - INFO - received weights from trainer sta9!
2026-07-01 18:45:27,904 - EXECUT - INFO - received weights from trainer sta3!
2026-07-01 18:45:28,796 - EXECUT - INFO - received weights from trainer sta7!
2026-07-01 18:45:28,829 - EXECUT - INFO - received weights from trainer sta5!
2026-07-01 18:45:29,123 - EXECUT - INFO - sent aggregated weights to trainers!
2026-07-01 18:45:29,429 - METRIC - INFO - {"loss": 0.023995261639356613, "accuracy": 0.9930555820465088, "energy_consumption": 45110.370680281005, "selected": false, "client_name": "sta4"}
2026-07-01 18:45:29,490 - METRIC - INFO - {"loss": 0.023053843528032303, "accuracy": 0.9931153059005737, "energy_consumption": 44335.30066114208, "selected": false, "client_name": "sta8"}
2026-07-01 18:45:29,537 - METRIC - INFO - {"loss": 0.034769605845212936, "accuracy": 0.9895274043083191, "energy_consumption": 44997.12838575335, "selected": false, "client_name": "sta2"}
2026-07-01 18:45:29,551 - METRIC - INFO - {"loss": 0.03504972159862518, "accuracy": 0.9874494075775146, "energy_consumption": 47729.01246552404, "selected": false, "client_name": "sta10"}
2026-07-01 18:45:29,594 - METRIC - INFO - {"loss": 0.03341197595000267, "accuracy": 0.9895547032356262, "energy_consumption": 46087.27135802559, "selected": false, "client_name": "sta9"}
2026-07-01 18:45:29,644 - METRIC - INFO - {"loss": 0.028373369947075844, "accuracy": 0.990867555141449, "energy_consumption": 36858.32350457191, "selected": false, "client_name": "sta6"}
2026-07-01 18:45:29,648 - METRIC - INFO - {"loss": 0.04537161439657211, "accuracy": 0.9858258366584778, "energy_consumption": 34686.40706039288, "selected": false, "client_name": "sta3"}
2026-07-01 18:45:29,650 - METRIC - INFO - {"loss": 0.03504031524062157, "accuracy": 0.9890466332435608, "energy_consumption": 32229.7254634163, "selected": false, "client_name": "sta0"}
2026-07-01 18:45:29,675 - METRIC - INFO - {"loss": 0.035501040518283844, "accuracy": 0.9880425333976746, "energy_consumption": 30584.834472769424, "selected": false, "client_name": "sta1"}
2026-07-01 18:45:29,683 - METRIC - INFO - {"loss": 0.04116934537887573, "accuracy": 0.9885241389274597, "energy_consumption": 34477.99199821567, "selected": false, "client_name": "sta5"}
2026-07-01 18:45:29,698 - METRIC - INFO - {"loss": 0.03649212419986725, "accuracy": 0.9878984689712524, "energy_consumption": 31411.661250379457, "selected": false, "client_name": "sta7"}
2026-07-01 18:45:30,125 - METRIC - INFO - mean_accuracy: 0.9893552335825834

2026-07-01 18:45:30,125 - METRIC - INFO - round: 75
2026-07-01 18:45:30,125 - METRIC - INFO - n_selected: 11
2026-07-01 18:45:30,125 - METRIC - INFO - {"selected_trainers": ["sta0", "sta1", "sta10", "sta2", "sta3", "sta4", "sta5", "sta6", "sta7", "sta8", "sta9"]}
2026-07-01 18:45:35,065 - EXECUT - INFO - received weights from trainer sta4!
2026-07-01 18:45:35,102 - EXECUT - INFO - received weights from trainer sta8!
2026-07-01 18:45:39,010 - EXECUT - INFO - received weights from trainer sta10!
2026-07-01 18:45:40,289 - EXECUT - INFO - received weights from trainer sta1!
2026-07-01 18:45:40,570 - EXECUT - INFO - received weights from trainer sta0!
2026-07-01 18:45:41,726 - EXECUT - INFO - received weights from trainer sta2!
2026-07-01 18:45:42,353 - EXECUT - INFO - received weights from trainer sta6!
2026-07-01 18:45:43,132 - EXECUT - INFO - received weights from trainer sta9!
2026-07-01 18:45:43,503 - EXECUT - INFO - received weights from trainer sta3!
2026-07-01 18:45:44,399 - EXECUT - INFO - received weights from trainer sta7!
2026-07-01 18:45:44,430 - EXECUT - INFO - received weights from trainer sta5!
2026-07-01 18:45:44,883 - EXECUT - INFO - sent aggregated weights to trainers!
2026-07-01 18:45:45,190 - METRIC - INFO - {"loss": 0.02457769401371479, "accuracy": 0.9916666746139526, "energy_consumption": 45632.038509054786, "selected": false, "client_name": "sta4"}
2026-07-01 18:45:45,244 - METRIC - INFO - {"loss": 0.022414524108171463, "accuracy": 0.9922547340393066, "energy_consumption": 44861.5155576216, "selected": false, "client_name": "sta8"}
2026-07-01 18:45:45,284 - METRIC - INFO - {"loss": 0.03434537351131439, "accuracy": 0.9895274043083191, "energy_consumption": 45524.04997884766, "selected": false, "client_name": "sta2"}
2026-07-01 18:45:45,292 - METRIC - INFO - {"loss": 0.03531321510672569, "accuracy": 0.9882591366767883, "energy_consumption": 48283.30032840129, "selected": false, "client_name": "sta10"}
2026-07-01 18:45:45,343 - METRIC - INFO - {"loss": 0.03397359699010849, "accuracy": 0.9901044368743896, "energy_consumption": 46641.1587592781, "selected": false, "client_name": "sta9"}
2026-07-01 18:45:45,360 - METRIC - INFO - {"loss": 0.02913699485361576, "accuracy": 0.990563154220581, "energy_consumption": 37288.12867210394, "selected": false, "client_name": "sta6"}
2026-07-01 18:45:45,362 - METRIC - INFO - {"loss": 0.037268102169036865, "accuracy": 0.9881936311721802, "energy_consumption": 31780.761782480597, "selected": false, "client_name": "sta7"}
2026-07-01 18:45:45,380 - METRIC - INFO - {"loss": 0.043691832572221756, "accuracy": 0.9858258366584778, "energy_consumption": 35092.30608967276, "selected": false, "client_name": "sta3"}
2026-07-01 18:45:45,396 - METRIC - INFO - {"loss": 0.035828251391649246, "accuracy": 0.9886409640312195, "energy_consumption": 32609.854938729095, "selected": false, "client_name": "sta0"}
2026-07-01 18:45:45,523 - METRIC - INFO - {"loss": 0.035921432077884674, "accuracy": 0.9884853959083557, "energy_consumption": 30942.71723443277, "selected": false, "client_name": "sta1"}
2026-07-01 18:45:45,533 - METRIC - INFO - {"loss": 0.040628280490636826, "accuracy": 0.9887910485267639, "energy_consumption": 34883.148329759395, "selected": false, "client_name": "sta5"}
2026-07-01 18:45:45,886 - METRIC - INFO - mean_accuracy: 0.9893011288209395

2026-07-01 18:45:45,886 - METRIC - INFO - round: 76
2026-07-01 18:45:45,886 - METRIC - INFO - n_selected: 11
2026-07-01 18:45:45,886 - METRIC - INFO - {"selected_trainers": ["sta0", "sta1", "sta10", "sta2", "sta3", "sta4", "sta5", "sta6", "sta7", "sta8", "sta9"]}
2026-07-01 18:45:50,880 - EXECUT - INFO - received weights from trainer sta8!
2026-07-01 18:45:51,302 - EXECUT - INFO - received weights from trainer sta4!
2026-07-01 18:45:54,695 - EXECUT - INFO - received weights from trainer sta10!
2026-07-01 18:45:56,014 - EXECUT - INFO - received weights from trainer sta1!
2026-07-01 18:45:56,392 - EXECUT - INFO - received weights from trainer sta0!
2026-07-01 18:45:57,482 - EXECUT - INFO - received weights from trainer sta2!
2026-07-01 18:45:58,115 - EXECUT - INFO - received weights from trainer sta6!
2026-07-01 18:45:58,967 - EXECUT - INFO - received weights from trainer sta9!
2026-07-01 18:45:59,349 - EXECUT - INFO - received weights from trainer sta3!
2026-07-01 18:46:00,176 - EXECUT - INFO - received weights from trainer sta5!
2026-07-01 18:46:00,189 - EXECUT - INFO - received weights from trainer sta7!
2026-07-01 18:46:00,695 - EXECUT - INFO - sent aggregated weights to trainers!
2026-07-01 18:46:01,000 - METRIC - INFO - {"loss": 0.02452920190989971, "accuracy": 0.9923611283302307, "energy_consumption": 46151.32045613295, "selected": false, "client_name": "sta4"}
2026-07-01 18:46:01,058 - METRIC - INFO - {"loss": 0.023647021502256393, "accuracy": 0.9922547340393066, "energy_consumption": 45402.96507947842, "selected": false, "client_name": "sta8"}
2026-07-01 18:46:01,091 - METRIC - INFO - {"loss": 0.03483298793435097, "accuracy": 0.989258885383606, "energy_consumption": 46054.9673528594, "selected": false, "client_name": "sta2"}
2026-07-01 18:46:01,164 - METRIC - INFO - {"loss": 0.03534775599837303, "accuracy": 0.9870445132255554, "energy_consumption": 48844.06309904449, "selected": false, "client_name": "sta10"}
2026-07-01 18:46:01,216 - METRIC - INFO - {"loss": 0.028508996590971947, "accuracy": 0.990563154220581, "energy_consumption": 37715.299240467946, "selected": false, "client_name": "sta6"}
2026-07-01 18:46:01,227 - METRIC - INFO - {"loss": 0.03653496503829956, "accuracy": 0.9886409640312195, "energy_consumption": 32975.47192546588, "selected": false, "client_name": "sta0"}
2026-07-01 18:46:01,239 - METRIC - INFO - {"loss": 0.0442044772207737, "accuracy": 0.9855365753173828, "energy_consumption": 35488.722230082836, "selected": false, "client_name": "sta3"}
2026-07-01 18:46:01,242 - METRIC - INFO - {"loss": 0.03966579958796501, "accuracy": 0.9885241389274597, "energy_consumption": 35284.72181212952, "selected": false, "client_name": "sta5"}
2026-07-01 18:46:01,280 - METRIC - INFO - {"loss": 0.034498587250709534, "accuracy": 0.9895547032356262, "energy_consumption": 47190.344716718384, "selected": false, "client_name": "sta9"}
2026-07-01 18:46:01,288 - METRIC - INFO - {"loss": 0.03691767528653145, "accuracy": 0.9878984689712524, "energy_consumption": 32175.773170684904, "selected": false, "client_name": "sta7"}
2026-07-01 18:46:01,304 - METRIC - INFO - {"loss": 0.036366041749715805, "accuracy": 0.9884853959083557, "energy_consumption": 31294.401180669796, "selected": false, "client_name": "sta1"}
2026-07-01 18:46:01,696 - METRIC - INFO - mean_accuracy: 0.9891020601445978

2026-07-01 18:46:01,696 - METRIC - INFO - round: 77
2026-07-01 18:46:01,696 - METRIC - INFO - n_selected: 11
2026-07-01 18:46:01,696 - METRIC - INFO - {"selected_trainers": ["sta0", "sta1", "sta10", "sta2", "sta3", "sta4", "sta5", "sta6", "sta7", "sta8", "sta9"]}
2026-07-01 18:46:06,657 - EXECUT - INFO - received weights from trainer sta4!
2026-07-01 18:46:06,685 - EXECUT - INFO - received weights from trainer sta8!
2026-07-01 18:46:10,480 - EXECUT - INFO - received weights from trainer sta10!
2026-07-01 18:46:11,792 - EXECUT - INFO - received weights from trainer sta1!
2026-07-01 18:46:12,095 - EXECUT - INFO - received weights from trainer sta0!
2026-07-01 18:46:13,425 - EXECUT - INFO - received weights from trainer sta2!
2026-07-01 18:46:13,892 - EXECUT - INFO - received weights from trainer sta6!
2026-07-01 18:46:14,897 - EXECUT - INFO - received weights from trainer sta9!
2026-07-01 18:46:15,014 - EXECUT - INFO - received weights from trainer sta3!
2026-07-01 18:46:15,953 - EXECUT - INFO - received weights from trainer sta7!
2026-07-01 18:46:16,002 - EXECUT - INFO - received weights from trainer sta5!
2026-07-01 18:46:16,384 - EXECUT - INFO - sent aggregated weights to trainers!
2026-07-01 18:46:16,728 - METRIC - INFO - {"loss": 0.024522434920072556, "accuracy": 0.9923611283302307, "energy_consumption": 46688.34985816988, "selected": false, "client_name": "sta4"}
2026-07-01 18:46:16,776 - METRIC - INFO - {"loss": 0.02294032834470272, "accuracy": 0.9922547340393066, "energy_consumption": 45943.703817840666, "selected": false, "client_name": "sta8"}
2026-07-01 18:46:16,812 - METRIC - INFO - {"loss": 0.035705212503671646, "accuracy": 0.9870445132255554, "energy_consumption": 49408.98052342441, "selected": false, "client_name": "sta10"}
2026-07-01 18:46:16,814 - METRIC - INFO - {"loss": 0.0346747525036335, "accuracy": 0.989258885383606, "energy_consumption": 46561.12831406616, "selected": false, "client_name": "sta2"}
2026-07-01 18:46:16,856 - METRIC - INFO - {"loss": 0.033609550446271896, "accuracy": 0.9892798066139221, "energy_consumption": 47729.57340813067, "selected": false, "client_name": "sta9"}
2026-07-01 18:46:16,894 - METRIC - INFO - {"loss": 0.02852974832057953, "accuracy": 0.990867555141449, "energy_consumption": 38147.5658460781, "selected": false, "client_name": "sta6"}
2026-07-01 18:46:16,900 - METRIC - INFO - {"loss": 0.035909783095121384, "accuracy": 0.9886409640312195, "energy_consumption": 33359.619035052245, "selected": false, "client_name": "sta0"}
2026-07-01 18:46:16,918 - METRIC - INFO - {"loss": 0.039942268282175064, "accuracy": 0.9887910485267639, "energy_consumption": 35700.311915434584, "selected": false, "client_name": "sta5"}
2026-07-01 18:46:16,926 - METRIC - INFO - {"loss": 0.04409212991595268, "accuracy": 0.9855365753173828, "energy_consumption": 35912.99412858388, "selected": false, "client_name": "sta3"}
2026-07-01 18:46:16,963 - METRIC - INFO - {"loss": 0.03575676679611206, "accuracy": 0.9880425333976746, "energy_consumption": 31667.013912835588, "selected": false, "client_name": "sta1"}
2026-07-01 18:46:16,991 - METRIC - INFO - {"loss": 0.03722327947616577, "accuracy": 0.9878984689712524, "energy_consumption": 32538.140538077674, "selected": false, "client_name": "sta7"}
2026-07-01 18:46:17,387 - METRIC - INFO - mean_accuracy: 0.9890887466343966

2026-07-01 18:46:17,387 - METRIC - INFO - round: 78
2026-07-01 18:46:17,387 - METRIC - INFO - n_selected: 11
2026-07-01 18:46:17,387 - METRIC - INFO - {"selected_trainers": ["sta0", "sta1", "sta10", "sta2", "sta3", "sta4", "sta5", "sta6", "sta7", "sta8", "sta9"]}
2026-07-01 18:46:22,307 - EXECUT - INFO - received weights from trainer sta8!
2026-07-01 18:46:22,366 - EXECUT - INFO - received weights from trainer sta4!
2026-07-01 18:46:26,244 - EXECUT - INFO - received weights from trainer sta10!
2026-07-01 18:46:27,841 - EXECUT - INFO - received weights from trainer sta1!
2026-07-01 18:46:27,910 - EXECUT - INFO - received weights from trainer sta0!
2026-07-01 18:46:28,991 - EXECUT - INFO - received weights from trainer sta2!
2026-07-01 18:46:29,595 - EXECUT - INFO - received weights from trainer sta6!
2026-07-01 18:46:30,508 - EXECUT - INFO - received weights from trainer sta9!
2026-07-01 18:46:30,824 - EXECUT - INFO - received weights from trainer sta3!
2026-07-01 18:46:31,661 - EXECUT - INFO - received weights from trainer sta7!
2026-07-01 18:46:31,756 - EXECUT - INFO - received weights from trainer sta5!
2026-07-01 18:46:32,140 - EXECUT - INFO - sent aggregated weights to trainers!
2026-07-01 18:46:32,442 - METRIC - INFO - {"loss": 0.024509549140930176, "accuracy": 0.9923611283302307, "energy_consumption": 47230.074197316724, "selected": false, "client_name": "sta4"}
2026-07-01 18:46:32,473 - METRIC - INFO - {"loss": 0.02267702855169773, "accuracy": 0.9913941621780396, "energy_consumption": 46502.47763906506, "selected": false, "client_name": "sta8"}
2026-07-01 18:46:32,537 - METRIC - INFO - {"loss": 0.03585987910628319, "accuracy": 0.9870445132255554, "energy_consumption": 49979.63168744693, "selected": false, "client_name": "sta10"}
2026-07-01 18:46:32,582 - METRIC - INFO - {"loss": 0.034188903868198395, "accuracy": 0.9892798066139221, "energy_consumption": 48241.16080121509, "selected": false, "client_name": "sta9"}
2026-07-01 18:46:32,620 - METRIC - INFO - {"loss": 0.03443459793925285, "accuracy": 0.9895274043083191, "energy_consumption": 47101.29410978247, "selected": false, "client_name": "sta2"}
2026-07-01 18:46:32,620 - METRIC - INFO - {"loss": 0.035852935165166855, "accuracy": 0.9878296256065369, "energy_consumption": 33750.8710654022, "selected": false, "client_name": "sta0"}
2026-07-01 18:46:32,662 - METRIC - INFO - {"loss": 0.043030496686697006, "accuracy": 0.9890578985214233, "energy_consumption": 36111.89398586607, "selected": false, "client_name": "sta5"}
2026-07-01 18:46:32,674 - METRIC - INFO - {"loss": 0.03564948961138725, "accuracy": 0.9871567487716675, "energy_consumption": 32046.50426688444, "selected": false, "client_name": "sta1"}
2026-07-01 18:46:32,728 - METRIC - INFO - {"loss": 0.02861068770289421, "accuracy": 0.9914764165878296, "energy_consumption": 38566.44471960358, "selected": false, "client_name": "sta6"}
2026-07-01 18:46:32,765 - METRIC - INFO - {"loss": 0.04423436149954796, "accuracy": 0.9855365753173828, "energy_consumption": 36312.12150317351, "selected": false, "client_name": "sta3"}
2026-07-01 18:46:32,791 - METRIC - INFO - {"loss": 0.037421129643917084, "accuracy": 0.9878984689712524, "energy_consumption": 32926.663336207406, "selected": false, "client_name": "sta7"}
2026-07-01 18:46:33,141 - METRIC - INFO - mean_accuracy: 0.988960249857469

2026-07-01 18:46:33,141 - METRIC - INFO - round: 79
2026-07-01 18:46:33,141 - METRIC - INFO - n_selected: 11
2026-07-01 18:46:33,141 - METRIC - INFO - {"selected_trainers": ["sta0", "sta1", "sta10", "sta2", "sta3", "sta4", "sta5", "sta6", "sta7", "sta8", "sta9"]}
2026-07-01 18:46:38,100 - EXECUT - INFO - received weights from trainer sta8!
2026-07-01 18:46:38,124 - EXECUT - INFO - received weights from trainer sta4!
2026-07-01 18:46:41,955 - EXECUT - INFO - received weights from trainer sta10!
2026-07-01 18:46:43,261 - EXECUT - INFO - received weights from trainer sta1!
2026-07-01 18:46:43,649 - EXECUT - INFO - received weights from trainer sta0!
2026-07-01 18:46:44,741 - EXECUT - INFO - received weights from trainer sta2!
2026-07-01 18:46:45,347 - EXECUT - INFO - received weights from trainer sta6!
2026-07-01 18:46:46,267 - EXECUT - INFO - received weights from trainer sta9!
2026-07-01 18:46:46,542 - EXECUT - INFO - received weights from trainer sta3!
2026-07-01 18:46:47,403 - EXECUT - INFO - received weights from trainer sta7!
2026-07-01 18:46:47,423 - EXECUT - INFO - received weights from trainer sta5!
2026-07-01 18:46:47,965 - EXECUT - INFO - sent aggregated weights to trainers!
2026-07-01 18:46:48,362 - METRIC - INFO - {"loss": 0.03189442306756973, "accuracy": 0.9896729588508606, "energy_consumption": 47051.48062926082, "selected": false, "client_name": "sta8"}
2026-07-01 18:46:48,398 - METRIC - INFO - {"loss": 0.03430359065532684, "accuracy": 0.989258885383606, "energy_consumption": 47641.44090509173, "selected": false, "client_name": "sta2"}
2026-07-01 18:46:48,403 - METRIC - INFO - {"loss": 0.03601939603686333, "accuracy": 0.9894523620605469, "energy_consumption": 34137.19007593213, "selected": false, "client_name": "sta0"}
2026-07-01 18:46:48,406 - METRIC - INFO - {"loss": 0.024713071063160896, "accuracy": 0.9923611283302307, "energy_consumption": 47745.60258316968, "selected": false, "client_name": "sta4"}
2026-07-01 18:46:48,424 - METRIC - INFO - {"loss": 0.034921448677778244, "accuracy": 0.9878542423248291, "energy_consumption": 50549.90906153498, "selected": false, "client_name": "sta10"}
2026-07-01 18:46:48,477 - METRIC - INFO - {"loss": 0.03449823707342148, "accuracy": 0.9895547032356262, "energy_consumption": 48770.49957860174, "selected": false, "client_name": "sta9"}
2026-07-01 18:46:48,477 - METRIC - INFO - {"loss": 0.03724631667137146, "accuracy": 0.9876033067703247, "energy_consumption": 33325.513036160024, "selected": false, "client_name": "sta7"}
2026-07-01 18:46:48,479 - METRIC - INFO - {"loss": 0.028615161776542664, "accuracy": 0.9896499514579773, "energy_consumption": 38983.278575547, "selected": false, "client_name": "sta6"}
2026-07-01 18:46:48,487 - METRIC - INFO - {"loss": 0.03469529375433922, "accuracy": 0.9880425333976746, "energy_consumption": 32425.748486084947, "selected": false, "client_name": "sta1"}
2026-07-01 18:46:48,516 - METRIC - INFO - {"loss": 0.04475259408354759, "accuracy": 0.9855365753173828, "energy_consumption": 36713.67638734231, "selected": false, "client_name": "sta3"}
2026-07-01 18:46:48,525 - METRIC - INFO - {"loss": 0.03958030045032501, "accuracy": 0.9882572889328003, "energy_consumption": 36516.82741801214, "selected": false, "client_name": "sta5"}
2026-07-01 18:46:48,967 - METRIC - INFO - mean_accuracy: 0.9888403578238054

2026-07-01 18:46:48,967 - METRIC - INFO - round: 80
2026-07-01 18:46:48,967 - METRIC - INFO - n_selected: 11
2026-07-01 18:46:48,967 - METRIC - INFO - {"selected_trainers": ["sta0", "sta1", "sta10", "sta2", "sta3", "sta4", "sta5", "sta6", "sta7", "sta8", "sta9"]}
2026-07-01 18:46:53,904 - EXECUT - INFO - received weights from trainer sta8!
2026-07-01 18:46:53,935 - EXECUT - INFO - received weights from trainer sta4!
2026-07-01 18:46:57,754 - EXECUT - INFO - received weights from trainer sta10!
2026-07-01 18:46:59,134 - EXECUT - INFO - received weights from trainer sta1!
2026-07-01 18:46:59,462 - EXECUT - INFO - received weights from trainer sta0!
2026-07-01 18:47:00,632 - EXECUT - INFO - received weights from trainer sta2!
2026-07-01 18:47:01,149 - EXECUT - INFO - received weights from trainer sta6!
2026-07-01 18:47:02,142 - EXECUT - INFO - received weights from trainer sta9!
2026-07-01 18:47:02,445 - EXECUT - INFO - received weights from trainer sta3!
2026-07-01 18:47:03,291 - EXECUT - INFO - received weights from trainer sta5!
2026-07-01 18:47:03,302 - EXECUT - INFO - received weights from trainer sta7!
2026-07-01 18:47:03,720 - EXECUT - INFO - sent aggregated weights to trainers!
2026-07-01 18:47:04,046 - METRIC - INFO - {"loss": 0.024659590795636177, "accuracy": 0.9923611283302307, "energy_consumption": 48262.363854489646, "selected": false, "client_name": "sta4"}
2026-07-01 18:47:04,093 - METRIC - INFO - {"loss": 0.022674065083265305, "accuracy": 0.9922547340393066, "energy_consumption": 47612.36825643757, "selected": false, "client_name": "sta8"}
2026-07-01 18:47:04,150 - METRIC - INFO - {"loss": 0.03480958193540573, "accuracy": 0.9878542423248291, "energy_consumption": 51110.957678882514, "selected": false, "client_name": "sta10"}
2026-07-01 18:47:04,151 - METRIC - INFO - {"loss": 0.03416644409298897, "accuracy": 0.989258885383606, "energy_consumption": 48185.39949512715, "selected": false, "client_name": "sta2"}
2026-07-01 18:47:04,209 - METRIC - INFO - {"loss": 0.03398485109210014, "accuracy": 0.9895547032356262, "energy_consumption": 49279.07227283687, "selected": false, "client_name": "sta9"}
2026-07-01 18:47:04,213 - METRIC - INFO - {"loss": 0.043861888349056244, "accuracy": 0.9858258366584778, "energy_consumption": 37117.44676670539, "selected": false, "client_name": "sta3"}
2026-07-01 18:47:04,218 - METRIC - INFO - {"loss": 0.03693701699376106, "accuracy": 0.9886409640312195, "energy_consumption": 34512.67382079929, "selected": false, "client_name": "sta0"}
2026-07-01 18:47:04,227 - METRIC - INFO - {"loss": 0.029100533574819565, "accuracy": 0.9902587532997131, "energy_consumption": 39412.57965483395, "selected": false, "client_name": "sta6"}
2026-07-01 18:47:04,232 - METRIC - INFO - {"loss": 0.037230055779218674, "accuracy": 0.9871567487716675, "energy_consumption": 32787.30665222624, "selected": false, "client_name": "sta1"}
2026-07-01 18:47:04,274 - METRIC - INFO - {"loss": 0.04008239507675171, "accuracy": 0.9885241389274597, "energy_consumption": 36919.68461459161, "selected": false, "client_name": "sta5"}
2026-07-01 18:47:04,326 - METRIC - INFO - {"loss": 0.03782426938414574, "accuracy": 0.9881936311721802, "energy_consumption": 33685.59796703181, "selected": false, "client_name": "sta7"}
2026-07-01 18:47:04,722 - METRIC - INFO - mean_accuracy: 0.9890803423794833

2026-07-01 18:47:04,722 - METRIC - INFO - round: 81
2026-07-01 18:47:04,722 - METRIC - INFO - n_selected: 11
2026-07-01 18:47:04,722 - METRIC - INFO - {"selected_trainers": ["sta0", "sta1", "sta10", "sta2", "sta3", "sta4", "sta5", "sta6", "sta7", "sta8", "sta9"]}
2026-07-01 18:47:09,649 - EXECUT - INFO - received weights from trainer sta4!
2026-07-01 18:47:10,288 - EXECUT - INFO - received weights from trainer sta8!
2026-07-01 18:47:13,499 - EXECUT - INFO - received weights from trainer sta10!
2026-07-01 18:47:14,898 - EXECUT - INFO - received weights from trainer sta1!
2026-07-01 18:47:15,275 - EXECUT - INFO - received weights from trainer sta0!
2026-07-01 18:47:16,316 - EXECUT - INFO - received weights from trainer sta2!
2026-07-01 18:47:16,906 - EXECUT - INFO - received weights from trainer sta6!
2026-07-01 18:47:18,128 - EXECUT - INFO - received weights from trainer sta3!
2026-07-01 18:47:18,979 - EXECUT - INFO - received weights from trainer sta7!
2026-07-01 18:47:18,992 - EXECUT - INFO - received weights from trainer sta5!
2026-07-01 18:47:25,729 - EXECUT - INFO - received weights from trainer sta9!
2026-07-01 18:47:26,452 - EXECUT - INFO - sent aggregated weights to trainers!
2026-07-01 18:47:26,789 - METRIC - INFO - {"loss": 0.025028392672538757, "accuracy": 0.9916666746139526, "energy_consumption": 49039.735918252336, "selected": false, "client_name": "sta4"}
2026-07-01 18:47:26,849 - METRIC - INFO - {"loss": 0.03436246141791344, "accuracy": 0.988990306854248, "energy_consumption": 48980.14384550729, "selected": false, "client_name": "sta2"}
2026-07-01 18:47:26,878 - METRIC - INFO - {"loss": 0.03584412857890129, "accuracy": 0.9874494075775146, "energy_consumption": 51957.68264436263, "selected": false, "client_name": "sta10"}
2026-07-01 18:47:26,934 - METRIC - INFO - {"loss": 0.03392500430345535, "accuracy": 0.9892798066139221, "energy_consumption": 50102.64051609146, "selected": false, "client_name": "sta9"}
2026-07-01 18:47:26,952 - METRIC - INFO - {"loss": 0.03559065982699394, "accuracy": 0.9882352948188782, "energy_consumption": 35095.983267601594, "selected": false, "client_name": "sta0"}
2026-07-01 18:47:26,953 - METRIC - INFO - {"loss": 0.022470708936452866, "accuracy": 0.9922547340393066, "energy_consumption": 48407.33236099358, "selected": false, "client_name": "sta8"}
2026-07-01 18:47:26,957 - METRIC - INFO - {"loss": 0.028967419639229774, "accuracy": 0.990563154220581, "energy_consumption": 40060.78223496335, "selected": false, "client_name": "sta6"}
2026-07-01 18:47:26,980 - METRIC - INFO - {"loss": 0.03991619870066643, "accuracy": 0.9887910485267639, "energy_consumption": 37500.40375939518, "selected": false, "client_name": "sta5"}
2026-07-01 18:47:27,003 - METRIC - INFO - {"loss": 0.04536997526884079, "accuracy": 0.9855365753173828, "energy_consumption": 37721.07442358841, "selected": false, "client_name": "sta3"}
2026-07-01 18:47:27,052 - METRIC - INFO - {"loss": 0.0363081619143486, "accuracy": 0.9871567487716675, "energy_consumption": 33316.76042018893, "selected": false, "client_name": "sta1"}
2026-07-01 18:47:27,053 - METRIC - INFO - {"loss": 0.03715840354561806, "accuracy": 0.9870129823684692, "energy_consumption": 34162.90859435725, "selected": false, "client_name": "sta7"}
2026-07-01 18:47:27,454 - METRIC - INFO - mean_accuracy: 0.988812430338426

2026-07-01 18:47:27,454 - METRIC - INFO - round: 82
2026-07-01 18:47:27,454 - METRIC - INFO - n_selected: 11
2026-07-01 18:47:27,454 - METRIC - INFO - {"selected_trainers": ["sta0", "sta1", "sta10", "sta2", "sta3", "sta4", "sta5", "sta6", "sta7", "sta8", "sta9"]}
2026-07-01 18:47:32,383 - EXECUT - INFO - received weights from trainer sta4!
2026-07-01 18:47:32,422 - EXECUT - INFO - received weights from trainer sta8!
2026-07-01 18:47:36,296 - EXECUT - INFO - received weights from trainer sta10!
2026-07-01 18:47:37,595 - EXECUT - INFO - received weights from trainer sta1!
2026-07-01 18:47:37,861 - EXECUT - INFO - received weights from trainer sta0!
2026-07-01 18:47:39,701 - EXECUT - INFO - received weights from trainer sta6!
2026-07-01 18:47:40,698 - EXECUT - INFO - received weights from trainer sta9!
2026-07-01 18:47:40,724 - EXECUT - INFO - received weights from trainer sta3!
2026-07-01 18:47:41,748 - EXECUT - INFO - received weights from trainer sta5!
2026-07-01 18:47:41,774 - EXECUT - INFO - received weights from trainer sta7!
2026-07-01 18:47:48,206 - EXECUT - INFO - received weights from trainer sta2!
2026-07-01 18:47:49,258 - EXECUT - INFO - sent aggregated weights to trainers!
2026-07-01 18:47:49,568 - METRIC - INFO - {"loss": 0.02468710020184517, "accuracy": 0.9930555820465088, "energy_consumption": 49827.46995257016, "selected": false, "client_name": "sta4"}
2026-07-01 18:47:49,632 - METRIC - INFO - {"loss": 0.023242304101586342, "accuracy": 0.9922547340393066, "energy_consumption": 49177.82660397799, "selected": false, "client_name": "sta8"}
2026-07-01 18:47:49,646 - METRIC - INFO - {"loss": 0.03460080549120903, "accuracy": 0.989258885383606, "energy_consumption": 49769.944403239795, "selected": false, "client_name": "sta2"}
2026-07-01 18:47:49,701 - METRIC - INFO - {"loss": 0.03571521118283272, "accuracy": 0.9882591366767883, "energy_consumption": 52819.39422923705, "selected": false, "client_name": "sta10"}
2026-07-01 18:47:49,732 - METRIC - INFO - {"loss": 0.03450199216604233, "accuracy": 0.9892798066139221, "energy_consumption": 50919.73229813391, "selected": false, "client_name": "sta9"}
2026-07-01 18:47:49,771 - METRIC - INFO - {"loss": 0.028613269329071045, "accuracy": 0.990867555141449, "energy_consumption": 40609.35401051469, "selected": false, "client_name": "sta6"}
2026-07-01 18:47:49,775 - METRIC - INFO - {"loss": 0.036745306104421616, "accuracy": 0.9878296256065369, "energy_consumption": 35638.67627505507, "selected": false, "client_name": "sta0"}
2026-07-01 18:47:49,788 - METRIC - INFO - {"loss": 0.04587714001536369, "accuracy": 0.9855365753173828, "energy_consumption": 38319.58278847681, "selected": false, "client_name": "sta3"}
2026-07-01 18:47:49,800 - METRIC - INFO - {"loss": 0.037334538996219635, "accuracy": 0.9871567487716675, "energy_consumption": 33802.17276262331, "selected": false, "client_name": "sta1"}
2026-07-01 18:47:49,805 - METRIC - INFO - {"loss": 0.04028041288256645, "accuracy": 0.9879903793334961, "energy_consumption": 38096.491846866826, "selected": false, "client_name": "sta5"}
2026-07-01 18:47:49,813 - METRIC - INFO - {"loss": 0.037646789103746414, "accuracy": 0.9884887933731079, "energy_consumption": 34686.419990595445, "selected": false, "client_name": "sta7"}
2026-07-01 18:47:50,259 - METRIC - INFO - mean_accuracy: 0.9890888929367065

2026-07-01 18:47:50,259 - METRIC - INFO - round: 83
2026-07-01 18:47:50,259 - METRIC - INFO - n_selected: 11
2026-07-01 18:47:50,259 - METRIC - INFO - {"selected_trainers": ["sta0", "sta1", "sta10", "sta2", "sta3", "sta4", "sta5", "sta6", "sta7", "sta8", "sta9"]}
2026-07-01 18:47:55,251 - EXECUT - INFO - received weights from trainer sta8!
2026-07-01 18:47:55,652 - EXECUT - INFO - received weights from trainer sta4!
2026-07-01 18:47:59,121 - EXECUT - INFO - received weights from trainer sta10!
2026-07-01 18:48:00,409 - EXECUT - INFO - received weights from trainer sta1!
2026-07-01 18:48:00,705 - EXECUT - INFO - received weights from trainer sta0!
2026-07-01 18:48:01,857 - EXECUT - INFO - received weights from trainer sta2!
2026-07-01 18:48:02,534 - EXECUT - INFO - received weights from trainer sta6!
2026-07-01 18:48:03,427 - EXECUT - INFO - received weights from trainer sta9!
2026-07-01 18:48:03,638 - EXECUT - INFO - received weights from trainer sta3!
2026-07-01 18:48:04,468 - EXECUT - INFO - received weights from trainer sta5!
2026-07-01 18:48:04,526 - EXECUT - INFO - received weights from trainer sta7!
2026-07-01 18:48:04,983 - EXECUT - INFO - sent aggregated weights to trainers!
2026-07-01 18:48:05,332 - METRIC - INFO - {"loss": 0.024348830804228783, "accuracy": 0.9923611283302307, "energy_consumption": 50361.68359682707, "selected": false, "client_name": "sta4"}
2026-07-01 18:48:05,382 - METRIC - INFO - {"loss": 0.02272447943687439, "accuracy": 0.9922547340393066, "energy_consumption": 49694.5478909402, "selected": false, "client_name": "sta8"}
2026-07-01 18:48:05,429 - METRIC - INFO - {"loss": 0.03485691174864769, "accuracy": 0.989258885383606, "energy_consumption": 50298.149472272475, "selected": false, "client_name": "sta2"}
2026-07-01 18:48:05,468 - METRIC - INFO - {"loss": 0.04504448547959328, "accuracy": 0.9858258366584778, "energy_consumption": 38709.164265446685, "selected": false, "client_name": "sta3"}
2026-07-01 18:48:05,476 - METRIC - INFO - {"loss": 0.028818007558584213, "accuracy": 0.990563154220581, "energy_consumption": 41032.18658989354, "selected": false, "client_name": "sta6"}
2026-07-01 18:48:05,482 - METRIC - INFO - {"loss": 0.0341348759829998, "accuracy": 0.9895547032356262, "energy_consumption": 51470.64516928478, "selected": false, "client_name": "sta9"}
2026-07-01 18:48:05,502 - METRIC - INFO - {"loss": 0.03549664095044136, "accuracy": 0.9875996708869934, "energy_consumption": 34136.110814740125, "selected": false, "client_name": "sta1"}
2026-07-01 18:48:05,547 - METRIC - INFO - {"loss": 0.03609589859843254, "accuracy": 0.9886639714241028, "energy_consumption": 53353.30669249196, "selected": false, "client_name": "sta10"}
2026-07-01 18:48:05,564 - METRIC - INFO - {"loss": 0.0397682785987854, "accuracy": 0.9885241389274597, "energy_consumption": 38489.07751136732, "selected": false, "client_name": "sta5"}
2026-07-01 18:48:05,577 - METRIC - INFO - {"loss": 0.03546298295259476, "accuracy": 0.9882352948188782, "energy_consumption": 35999.17165947392, "selected": false, "client_name": "sta0"}
2026-07-01 18:48:05,580 - METRIC - INFO - {"loss": 0.03741491585969925, "accuracy": 0.9878984689712524, "energy_consumption": 35037.794122663654, "selected": false, "client_name": "sta7"}
2026-07-01 18:48:05,984 - METRIC - INFO - mean_accuracy: 0.9891581806269559

2026-07-01 18:48:05,984 - METRIC - INFO - round: 84
2026-07-01 18:48:05,984 - METRIC - INFO - n_selected: 11
2026-07-01 18:48:05,984 - METRIC - INFO - {"selected_trainers": ["sta0", "sta1", "sta10", "sta2", "sta3", "sta4", "sta5", "sta6", "sta7", "sta8", "sta9"]}
2026-07-01 18:48:10,912 - EXECUT - INFO - received weights from trainer sta8!
2026-07-01 18:48:11,392 - EXECUT - INFO - received weights from trainer sta4!
2026-07-01 18:48:15,985 - EXECUT - INFO - received weights from trainer sta1!
2026-07-01 18:48:16,403 - EXECUT - INFO - received weights from trainer sta0!
2026-07-01 18:48:16,416 - EXECUT - INFO - received weights from trainer sta10!
2026-07-01 18:48:17,732 - EXECUT - INFO - received weights from trainer sta2!
2026-07-01 18:48:18,133 - EXECUT - INFO - received weights from trainer sta6!
2026-07-01 18:48:19,064 - EXECUT - INFO - received weights from trainer sta9!
2026-07-01 18:48:19,248 - EXECUT - INFO - received weights from trainer sta3!
2026-07-01 18:48:20,242 - EXECUT - INFO - received weights from trainer sta7!
2026-07-01 18:48:20,256 - EXECUT - INFO - received weights from trainer sta5!
2026-07-01 18:48:20,756 - EXECUT - INFO - sent aggregated weights to trainers!
2026-07-01 18:48:21,039 - METRIC - INFO - {"loss": 0.025232432410120964, "accuracy": 0.9923611283302307, "energy_consumption": 50876.56405971445, "selected": false, "client_name": "sta4"}
2026-07-01 18:48:21,097 - METRIC - INFO - {"loss": 0.022657355293631554, "accuracy": 0.9931153059005737, "energy_consumption": 50255.06773653043, "selected": false, "client_name": "sta8"}
2026-07-01 18:48:21,132 - METRIC - INFO - {"loss": 0.034384749829769135, "accuracy": 0.9895274043083191, "energy_consumption": 50821.15662790471, "selected": false, "client_name": "sta2"}
2026-07-01 18:48:21,162 - METRIC - INFO - {"loss": 0.03619204834103584, "accuracy": 0.9874494075775146, "energy_consumption": 53919.50381972584, "selected": false, "client_name": "sta10"}
2026-07-01 18:48:21,196 - METRIC - INFO - {"loss": 0.03377707675099373, "accuracy": 0.9892798066139221, "energy_consumption": 52025.91529431216, "selected": false, "client_name": "sta9"}
2026-07-01 18:48:21,237 - METRIC - INFO - {"loss": 0.028815975412726402, "accuracy": 0.990867555141449, "energy_consumption": 41463.936813425, "selected": false, "client_name": "sta6"}
2026-07-01 18:48:21,260 - METRIC - INFO - {"loss": 0.04459783434867859, "accuracy": 0.9849580526351929, "energy_consumption": 39115.30908307006, "selected": false, "client_name": "sta3"}
2026-07-01 18:48:21,262 - METRIC - INFO - {"loss": 0.03734927996993065, "accuracy": 0.9886409640312195, "energy_consumption": 36385.573738541316, "selected": false, "client_name": "sta0"}
2026-07-01 18:48:21,280 - METRIC - INFO - {"loss": 0.04045143350958824, "accuracy": 0.9885241389274597, "energy_consumption": 38904.33437182856, "selected": false, "client_name": "sta5"}
2026-07-01 18:48:21,302 - METRIC - INFO - {"loss": 0.03703657537698746, "accuracy": 0.9871567487716675, "energy_consumption": 34510.1413407479, "selected": false, "client_name": "sta1"}
2026-07-01 18:48:21,318 - METRIC - INFO - {"loss": 0.0372910276055336, "accuracy": 0.987308144569397, "energy_consumption": 35414.01200108331, "selected": false, "client_name": "sta7"}
2026-07-01 18:48:21,759 - METRIC - INFO - mean_accuracy: 0.9890171506188132

2026-07-01 18:48:21,759 - METRIC - INFO - round: 85
2026-07-01 18:48:21,759 - METRIC - INFO - n_selected: 11
2026-07-01 18:48:21,759 - METRIC - INFO - {"selected_trainers": ["sta0", "sta1", "sta10", "sta2", "sta3", "sta4", "sta5", "sta6", "sta7", "sta8", "sta9"]}
2026-07-01 18:48:26,695 - EXECUT - INFO - received weights from trainer sta4!
2026-07-01 18:48:26,738 - EXECUT - INFO - received weights from trainer sta8!
2026-07-01 18:48:30,489 - EXECUT - INFO - received weights from trainer sta10!
2026-07-01 18:48:31,844 - EXECUT - INFO - received weights from trainer sta1!
2026-07-01 18:48:32,233 - EXECUT - INFO - received weights from trainer sta0!
2026-07-01 18:48:33,430 - EXECUT - INFO - received weights from trainer sta2!
2026-07-01 18:48:33,955 - EXECUT - INFO - received weights from trainer sta6!
2026-07-01 18:48:34,867 - EXECUT - INFO - received weights from trainer sta9!
2026-07-01 18:48:35,085 - EXECUT - INFO - received weights from trainer sta3!
2026-07-01 18:48:36,044 - EXECUT - INFO - received weights from trainer sta7!
2026-07-01 18:48:36,070 - EXECUT - INFO - received weights from trainer sta5!
2026-07-01 18:48:36,566 - EXECUT - INFO - sent aggregated weights to trainers!
2026-07-01 18:48:36,922 - METRIC - INFO - {"loss": 0.022642917931079865, "accuracy": 0.9922547340393066, "energy_consumption": 50805.43412967644, "selected": false, "client_name": "sta8"}
2026-07-01 18:48:36,958 - METRIC - INFO - {"loss": 0.03478003293275833, "accuracy": 0.989258885383606, "energy_consumption": 51341.33216753967, "selected": false, "client_name": "sta2"}
2026-07-01 18:48:36,959 - METRIC - INFO - {"loss": 0.025167597457766533, "accuracy": 0.9916666746139526, "energy_consumption": 51402.14887412275, "selected": false, "client_name": "sta4"}
2026-07-01 18:48:36,986 - METRIC - INFO - {"loss": 0.03615245595574379, "accuracy": 0.9870445132255554, "energy_consumption": 54486.61850983334, "selected": false, "client_name": "sta10"}
2026-07-01 18:48:37,033 - METRIC - INFO - {"loss": 0.03489748761057854, "accuracy": 0.9895547032356262, "energy_consumption": 52573.50255890086, "selected": false, "client_name": "sta9"}
2026-07-01 18:48:37,035 - METRIC - INFO - {"loss": 0.03576388582587242, "accuracy": 0.9890466332435608, "energy_consumption": 36780.879416180214, "selected": false, "client_name": "sta0"}
2026-07-01 18:48:37,072 - METRIC - INFO - {"loss": 0.029112866148352623, "accuracy": 0.9890410900115967, "energy_consumption": 41889.97891560992, "selected": false, "client_name": "sta6"}
2026-07-01 18:48:37,080 - METRIC - INFO - {"loss": 0.04588456079363823, "accuracy": 0.9852473139762878, "energy_consumption": 39530.274859400444, "selected": false, "client_name": "sta3"}
2026-07-01 18:48:37,123 - METRIC - INFO - {"loss": 0.0398758202791214, "accuracy": 0.9885241389274597, "energy_consumption": 39315.68694842165, "selected": false, "client_name": "sta5"}
2026-07-01 18:48:37,131 - METRIC - INFO - {"loss": 0.036996543407440186, "accuracy": 0.9881936311721802, "energy_consumption": 35793.69657237007, "selected": false, "client_name": "sta7"}
2026-07-01 18:48:37,157 - METRIC - INFO - {"loss": 0.03732652589678764, "accuracy": 0.9875996708869934, "energy_consumption": 34885.446942600596, "selected": false, "client_name": "sta1"}
2026-07-01 18:48:37,568 - METRIC - INFO - mean_accuracy: 0.9888574535196478

2026-07-01 18:48:37,568 - METRIC - INFO - round: 86
2026-07-01 18:48:37,568 - METRIC - INFO - n_selected: 11
2026-07-01 18:48:37,568 - METRIC - INFO - {"selected_trainers": ["sta0", "sta1", "sta10", "sta2", "sta3", "sta4", "sta5", "sta6", "sta7", "sta8", "sta9"]}
2026-07-01 18:48:42,506 - EXECUT - INFO - received weights from trainer sta4!
2026-07-01 18:48:42,554 - EXECUT - INFO - received weights from trainer sta8!
2026-07-01 18:48:46,383 - EXECUT - INFO - received weights from trainer sta10!
2026-07-01 18:48:47,735 - EXECUT - INFO - received weights from trainer sta1!
2026-07-01 18:48:48,052 - EXECUT - INFO - received weights from trainer sta0!
2026-07-01 18:48:49,171 - EXECUT - INFO - received weights from trainer sta2!
2026-07-01 18:48:49,795 - EXECUT - INFO - received weights from trainer sta6!
2026-07-01 18:48:50,743 - EXECUT - INFO - received weights from trainer sta9!
2026-07-01 18:48:51,035 - EXECUT - INFO - received weights from trainer sta3!
2026-07-01 18:48:51,909 - EXECUT - INFO - received weights from trainer sta7!
2026-07-01 18:48:58,449 - EXECUT - INFO - received weights from trainer sta5!
2026-07-01 18:48:59,263 - EXECUT - INFO - sent aggregated weights to trainers!
2026-07-01 18:48:59,561 - METRIC - INFO - {"loss": 0.024578483775258064, "accuracy": 0.9930555820465088, "energy_consumption": 52080.941198254106, "selected": false, "client_name": "sta4"}
2026-07-01 18:48:59,640 - METRIC - INFO - {"loss": 0.022039063274860382, "accuracy": 0.9922547340393066, "energy_consumption": 51615.048748480796, "selected": false, "client_name": "sta8"}
2026-07-01 18:48:59,671 - METRIC - INFO - {"loss": 0.03442254662513733, "accuracy": 0.989258885383606, "energy_consumption": 52125.34586343635, "selected": false, "client_name": "sta2"}
2026-07-01 18:48:59,688 - METRIC - INFO - {"loss": 0.036223724484443665, "accuracy": 0.986639678478241, "energy_consumption": 55337.20921224413, "selected": false, "client_name": "sta10"}
2026-07-01 18:48:59,748 - METRIC - INFO - {"loss": 0.034591805189847946, "accuracy": 0.9892798066139221, "energy_consumption": 53396.823830056004, "selected": false, "client_name": "sta9"}
2026-07-01 18:48:59,775 - METRIC - INFO - {"loss": 0.029154403135180473, "accuracy": 0.990563154220581, "energy_consumption": 42549.079204157766, "selected": false, "client_name": "sta6"}
2026-07-01 18:48:59,782 - METRIC - INFO - {"loss": 0.03612569719552994, "accuracy": 0.9894523620605469, "energy_consumption": 37337.78292628248, "selected": false, "client_name": "sta0"}
2026-07-01 18:48:59,808 - METRIC - INFO - {"loss": 0.03982929512858391, "accuracy": 0.9877235293388367, "energy_consumption": 39820.1663924056, "selected": false, "client_name": "sta5"}
2026-07-01 18:48:59,809 - METRIC - INFO - {"loss": 0.04542091116309166, "accuracy": 0.9849580526351929, "energy_consumption": 40148.469893386326, "selected": false, "client_name": "sta3"}
2026-07-01 18:48:59,811 - METRIC - INFO - {"loss": 0.03728526085615158, "accuracy": 0.9875996708869934, "energy_consumption": 35430.14635731376, "selected": false, "client_name": "sta1"}
2026-07-01 18:48:59,843 - METRIC - INFO - {"loss": 0.03736529126763344, "accuracy": 0.9878984689712524, "energy_consumption": 36327.93827501474, "selected": false, "client_name": "sta7"}
2026-07-01 18:49:00,266 - METRIC - INFO - mean_accuracy: 0.9889712658795443

2026-07-01 18:49:00,266 - METRIC - INFO - round: 87
2026-07-01 18:49:00,266 - METRIC - INFO - n_selected: 11
2026-07-01 18:49:00,266 - METRIC - INFO - {"selected_trainers": ["sta0", "sta1", "sta10", "sta2", "sta3", "sta4", "sta5", "sta6", "sta7", "sta8", "sta9"]}
2026-07-01 18:49:05,201 - EXECUT - INFO - received weights from trainer sta8!
2026-07-01 18:49:05,248 - EXECUT - INFO - received weights from trainer sta4!
2026-07-01 18:49:09,061 - EXECUT - INFO - received weights from trainer sta10!
2026-07-01 18:49:10,348 - EXECUT - INFO - received weights from trainer sta1!
2026-07-01 18:49:10,721 - EXECUT - INFO - received weights from trainer sta0!
2026-07-01 18:49:11,830 - EXECUT - INFO - received weights from trainer sta2!
2026-07-01 18:49:12,472 - EXECUT - INFO - received weights from trainer sta6!
2026-07-01 18:49:13,369 - EXECUT - INFO - received weights from trainer sta9!
2026-07-01 18:49:13,618 - EXECUT - INFO - received weights from trainer sta3!
2026-07-01 18:49:14,515 - EXECUT - INFO - received weights from trainer sta5!
2026-07-01 18:49:14,547 - EXECUT - INFO - received weights from trainer sta7!
2026-07-01 18:49:14,907 - EXECUT - INFO - sent aggregated weights to trainers!
2026-07-01 18:49:15,212 - METRIC - INFO - {"loss": 0.024719813838601112, "accuracy": 0.9930555820465088, "energy_consumption": 52623.61468745768, "selected": false, "client_name": "sta4"}
2026-07-01 18:49:15,278 - METRIC - INFO - {"loss": 0.0231337733566761, "accuracy": 0.9922547340393066, "energy_consumption": 52130.131090585535, "selected": false, "client_name": "sta8"}
2026-07-01 18:49:15,339 - METRIC - INFO - {"loss": 0.03583170101046562, "accuracy": 0.9890466332435608, "energy_consumption": 37708.642015264995, "selected": false, "client_name": "sta0"}
2026-07-01 18:49:15,345 - METRIC - INFO - {"loss": 0.0350007638335228, "accuracy": 0.988990306854248, "energy_consumption": 52637.190564226534, "selected": false, "client_name": "sta2"}
2026-07-01 18:49:15,353 - METRIC - INFO - {"loss": 0.03624996542930603, "accuracy": 0.9870445132255554, "energy_consumption": 55888.126550334004, "selected": false, "client_name": "sta10"}
2026-07-01 18:49:15,378 - METRIC - INFO - {"loss": 0.03455537185072899, "accuracy": 0.9895547032356262, "energy_consumption": 53938.14251222935, "selected": false, "client_name": "sta9"}
2026-07-01 18:49:15,404 - METRIC - INFO - {"loss": 0.045494262129068375, "accuracy": 0.9852473139762878, "energy_consumption": 40536.44890616397, "selected": false, "client_name": "sta3"}
2026-07-01 18:49:15,406 - METRIC - INFO - {"loss": 0.03808635473251343, "accuracy": 0.9880425333976746, "energy_consumption": 35772.41688903346, "selected": false, "client_name": "sta1"}
2026-07-01 18:49:15,439 - METRIC - INFO - {"loss": 0.028688078746199608, "accuracy": 0.990867555141449, "energy_consumption": 42970.06061108762, "selected": false, "client_name": "sta6"}
2026-07-01 18:49:15,458 - METRIC - INFO - {"loss": 0.03710322454571724, "accuracy": 0.9884887933731079, "energy_consumption": 36667.80285384597, "selected": false, "client_name": "sta7"}
2026-07-01 18:49:15,465 - METRIC - INFO - {"loss": 0.040241215378046036, "accuracy": 0.9885241389274597, "energy_consumption": 40206.927951253245, "selected": false, "client_name": "sta5"}
2026-07-01 18:49:15,909 - METRIC - INFO - mean_accuracy: 0.9891924370418895

2026-07-01 18:49:15,909 - METRIC - INFO - round: 88
2026-07-01 18:49:15,909 - METRIC - INFO - n_selected: 11
2026-07-01 18:49:15,909 - METRIC - INFO - {"selected_trainers": ["sta0", "sta1", "sta10", "sta2", "sta3", "sta4", "sta5", "sta6", "sta7", "sta8", "sta9"]}
2026-07-01 18:49:20,939 - EXECUT - INFO - received weights from trainer sta8!
2026-07-01 18:49:21,357 - EXECUT - INFO - received weights from trainer sta4!
2026-07-01 18:49:24,770 - EXECUT - INFO - received weights from trainer sta10!
2026-07-01 18:49:26,037 - EXECUT - INFO - received weights from trainer sta1!
2026-07-01 18:49:27,589 - EXECUT - INFO - received weights from trainer sta2!
2026-07-01 18:49:28,133 - EXECUT - INFO - received weights from trainer sta6!
2026-07-01 18:49:29,089 - EXECUT - INFO - received weights from trainer sta9!
2026-07-01 18:49:29,176 - EXECUT - INFO - received weights from trainer sta3!
2026-07-01 18:49:30,205 - EXECUT - INFO - received weights from trainer sta5!
2026-07-01 18:49:30,219 - EXECUT - INFO - received weights from trainer sta7!
2026-07-01 18:49:36,566 - EXECUT - INFO - received weights from trainer sta0!
2026-07-01 18:49:37,649 - EXECUT - INFO - sent aggregated weights to trainers!
2026-07-01 18:49:37,949 - METRIC - INFO - {"loss": 0.025369154289364815, "accuracy": 0.9923611283302307, "energy_consumption": 53433.82568907228, "selected": false, "client_name": "sta4"}
2026-07-01 18:49:38,016 - METRIC - INFO - {"loss": 0.022157929837703705, "accuracy": 0.9913941621780396, "energy_consumption": 52940.30984304173, "selected": false, "client_name": "sta8"}
2026-07-01 18:49:38,048 - METRIC - INFO - {"loss": 0.03489353880286217, "accuracy": 0.9895274043083191, "energy_consumption": 53443.33551397382, "selected": false, "client_name": "sta2"}
2026-07-01 18:49:38,082 - METRIC - INFO - {"loss": 0.03545360267162323, "accuracy": 0.9882591366767883, "energy_consumption": 56746.009442472634, "selected": false, "client_name": "sta10"}
2026-07-01 18:49:38,124 - METRIC - INFO - {"loss": 0.0349528044462204, "accuracy": 0.9895547032356262, "energy_consumption": 54749.01042823239, "selected": false, "client_name": "sta9"}
2026-07-01 18:49:38,163 - METRIC - INFO - {"loss": 0.02855624631047249, "accuracy": 0.990563154220581, "energy_consumption": 43631.902027296266, "selected": false, "client_name": "sta6"}
2026-07-01 18:49:38,172 - METRIC - INFO - {"loss": 0.03783094510436058, "accuracy": 0.9886409640312195, "energy_consumption": 38263.47401012986, "selected": false, "client_name": "sta0"}
2026-07-01 18:49:38,184 - METRIC - INFO - {"loss": 0.04580264911055565, "accuracy": 0.9852473139762878, "energy_consumption": 41074.448293940426, "selected": false, "client_name": "sta3"}
2026-07-01 18:49:38,188 - METRIC - INFO - {"loss": 0.04003208130598068, "accuracy": 0.9885241389274597, "energy_consumption": 40813.04261420708, "selected": false, "client_name": "sta5"}
2026-07-01 18:49:38,205 - METRIC - INFO - {"loss": 0.03725403547286987, "accuracy": 0.9875996708869934, "energy_consumption": 36334.70300846436, "selected": false, "client_name": "sta1"}
2026-07-01 18:49:38,232 - METRIC - INFO - {"loss": 0.03723222017288208, "accuracy": 0.9881936311721802, "energy_consumption": 37225.22009976215, "selected": false, "client_name": "sta7"}
2026-07-01 18:49:38,651 - METRIC - INFO - mean_accuracy: 0.9890786734494296

2026-07-01 18:49:38,651 - METRIC - INFO - round: 89
2026-07-01 18:49:38,651 - METRIC - INFO - n_selected: 11
2026-07-01 18:49:38,651 - METRIC - INFO - {"selected_trainers": ["sta0", "sta1", "sta10", "sta2", "sta3", "sta4", "sta5", "sta6", "sta7", "sta8", "sta9"]}
2026-07-01 18:49:43,561 - EXECUT - INFO - received weights from trainer sta4!
2026-07-01 18:49:43,652 - EXECUT - INFO - received weights from trainer sta8!
2026-07-01 18:49:47,509 - EXECUT - INFO - received weights from trainer sta10!
2026-07-01 18:49:48,825 - EXECUT - INFO - received weights from trainer sta1!
2026-07-01 18:49:49,119 - EXECUT - INFO - received weights from trainer sta0!
2026-07-01 18:49:50,263 - EXECUT - INFO - received weights from trainer sta2!
2026-07-01 18:49:50,864 - EXECUT - INFO - received weights from trainer sta6!
2026-07-01 18:49:51,712 - EXECUT - INFO - received weights from trainer sta9!
2026-07-01 18:49:51,983 - EXECUT - INFO - received weights from trainer sta3!
2026-07-01 18:49:52,941 - EXECUT - INFO - received weights from trainer sta7!
2026-07-01 18:49:52,997 - EXECUT - INFO - received weights from trainer sta5!
2026-07-01 18:49:53,264 - EXECUT - INFO - sent aggregated weights to trainers!
2026-07-01 18:49:53,574 - METRIC - INFO - {"loss": 0.025029601529240608, "accuracy": 0.9923611283302307, "energy_consumption": 53957.63065818834, "selected": false, "client_name": "sta4"}
2026-07-01 18:49:53,640 - METRIC - INFO - {"loss": 0.022311488166451454, "accuracy": 0.9922547340393066, "energy_consumption": 53459.510105676236, "selected": false, "client_name": "sta8"}
2026-07-01 18:49:53,658 - METRIC - INFO - {"loss": 0.035023100674152374, "accuracy": 0.9903329610824585, "energy_consumption": 53833.97331086407, "selected": false, "client_name": "sta2"}
2026-07-01 18:49:53,692 - METRIC - INFO - {"loss": 0.03608623519539833, "accuracy": 0.9874494075775146, "energy_consumption": 57269.30098188335, "selected": false, "client_name": "sta10"}
2026-07-01 18:49:53,777 - METRIC - INFO - {"loss": 0.028923986479640007, "accuracy": 0.9902587532997131, "energy_consumption": 44057.03324102916, "selected": false, "client_name": "sta6"}
2026-07-01 18:49:53,783 - METRIC - INFO - {"loss": 0.03577936813235283, "accuracy": 0.9890466332435608, "energy_consumption": 38623.70419508921, "selected": false, "client_name": "sta0"}
2026-07-01 18:49:53,794 - METRIC - INFO - {"loss": 0.045108355581760406, "accuracy": 0.9855365753173828, "energy_consumption": 41448.56031157429, "selected": false, "client_name": "sta3"}
2026-07-01 18:49:53,795 - METRIC - INFO - {"loss": 0.036805879324674606, "accuracy": 0.987308144569397, "energy_consumption": 37574.792317120126, "selected": false, "client_name": "sta7"}
2026-07-01 18:49:53,853 - METRIC - INFO - {"loss": 0.034902721643447876, "accuracy": 0.9895547032356262, "energy_consumption": 55250.339906339505, "selected": false, "client_name": "sta9"}
2026-07-01 18:49:53,932 - METRIC - INFO - {"loss": 0.04052364453673363, "accuracy": 0.9874566197395325, "energy_consumption": 41210.24773781613, "selected": false, "client_name": "sta5"}
2026-07-01 18:49:53,976 - METRIC - INFO - {"loss": 0.03652270510792732, "accuracy": 0.9875996708869934, "energy_consumption": 36665.03448312072, "selected": false, "client_name": "sta1"}
2026-07-01 18:49:54,266 - METRIC - INFO - mean_accuracy: 0.9890144846656106

2026-07-01 18:49:54,266 - METRIC - INFO - round: 90
2026-07-01 18:49:54,266 - METRIC - INFO - n_selected: 11
2026-07-01 18:49:54,266 - METRIC - INFO - {"selected_trainers": ["sta0", "sta1", "sta10", "sta2", "sta3", "sta4", "sta5", "sta6", "sta7", "sta8", "sta9"]}
2026-07-01 18:49:59,190 - EXECUT - INFO - received weights from trainer sta4!
2026-07-01 18:49:59,262 - EXECUT - INFO - received weights from trainer sta8!
2026-07-01 18:50:03,066 - EXECUT - INFO - received weights from trainer sta10!
2026-07-01 18:50:04,357 - EXECUT - INFO - received weights from trainer sta1!
2026-07-01 18:50:04,696 - EXECUT - INFO - received weights from trainer sta0!
2026-07-01 18:50:05,922 - EXECUT - INFO - received weights from trainer sta2!
2026-07-01 18:50:06,477 - EXECUT - INFO - received weights from trainer sta6!
2026-07-01 18:50:07,383 - EXECUT - INFO - received weights from trainer sta9!
2026-07-01 18:50:07,621 - EXECUT - INFO - received weights from trainer sta3!
2026-07-01 18:50:08,464 - EXECUT - INFO - received weights from trainer sta5!
2026-07-01 18:50:08,501 - EXECUT - INFO - received weights from trainer sta7!
2026-07-01 18:50:09,019 - EXECUT - INFO - sent aggregated weights to trainers!
2026-07-01 18:50:09,335 - METRIC - INFO - {"loss": 0.024514423683285713, "accuracy": 0.9930555820465088, "energy_consumption": 54477.52640542846, "selected": false, "client_name": "sta4"}
2026-07-01 18:50:09,415 - METRIC - INFO - {"loss": 0.022082310169935226, "accuracy": 0.9931153059005737, "energy_consumption": 53981.270593657275, "selected": false, "client_name": "sta8"}
2026-07-01 18:50:09,455 - METRIC - INFO - {"loss": 0.036900635808706284, "accuracy": 0.9870445132255554, "energy_consumption": 57837.82100101751, "selected": false, "client_name": "sta10"}
2026-07-01 18:50:09,492 - METRIC - INFO - {"loss": 0.03482203558087349, "accuracy": 0.9892798066139221, "energy_consumption": 55797.53819963526, "selected": false, "client_name": "sta9"}
2026-07-01 18:50:09,526 - METRIC - INFO - {"loss": 0.0292366836220026, "accuracy": 0.9911720156669617, "energy_consumption": 44494.610815885295, "selected": false, "client_name": "sta6"}
2026-07-01 18:50:09,537 - METRIC - INFO - {"loss": 0.034925177693367004, "accuracy": 0.9886409640312195, "energy_consumption": 39013.576704035724, "selected": false, "client_name": "sta0"}
2026-07-01 18:50:09,538 - METRIC - INFO - {"loss": 0.03712485730648041, "accuracy": 0.9887839555740356, "energy_consumption": 37945.11986385935, "selected": false, "client_name": "sta7"}
2026-07-01 18:50:09,538 - METRIC - INFO - {"loss": 0.03495349362492561, "accuracy": 0.9895274043083191, "energy_consumption": 54375.15630293676, "selected": false, "client_name": "sta2"}
2026-07-01 18:50:09,543 - METRIC - INFO - {"loss": 0.04019317403435707, "accuracy": 0.9885241389274597, "energy_consumption": 41616.8364576099, "selected": false, "client_name": "sta5"}
2026-07-01 18:50:09,607 - METRIC - INFO - {"loss": 0.03680096194148064, "accuracy": 0.9875996708869934, "energy_consumption": 37025.72454764618, "selected": false, "client_name": "sta1"}
2026-07-01 18:50:09,660 - METRIC - INFO - {"loss": 0.0470142588019371, "accuracy": 0.9852473139762878, "energy_consumption": 41855.95364200993, "selected": false, "client_name": "sta3"}
2026-07-01 18:50:10,020 - METRIC - INFO - mean_accuracy: 0.989271879196167

2026-07-01 18:50:10,025 - METRIC - INFO - stop_condition: rounds
