2026-07-01 20:32:08,983 - EXECUT - INFO - starting server...
2026-07-01 20:32:13,769 - EXECUT - INFO - trainer number sta0 just joined the pool
2026-07-01 20:32:13,811 - EXECUT - INFO - trainer number sta1 just joined the pool
2026-07-01 20:32:13,967 - EXECUT - INFO - trainer number sta4 just joined the pool
2026-07-01 20:32:14,010 - EXECUT - INFO - trainer number sta2 just joined the pool
2026-07-01 20:32:14,052 - EXECUT - INFO - trainer number sta3 just joined the pool
2026-07-01 20:32:14,093 - EXECUT - INFO - trainer number sta5 just joined the pool
2026-07-01 20:32:14,135 - EXECUT - INFO - trainer number sta6 just joined the pool
2026-07-01 20:32:14,177 - EXECUT - INFO - trainer number sta7 just joined the pool
2026-07-01 20:32:14,220 - EXECUT - INFO - trainer number sta8 just joined the pool
2026-07-01 20:32:14,367 - EXECUT - INFO - trainer number sta10 just joined the pool
2026-07-01 20:32:14,428 - EXECUT - INFO - trainer number sta9 just joined the pool
2026-07-01 20:32:14,992 - EXECUT - INFO - mensagem de data_sz recebida: 
 {'id': 'sta0', 'dataset_sz': 747088320}
2026-07-01 20:32:14,992 - EXECUT - INFO - mensagem de data_sz recebida: 
 {'id': 'sta1', 'dataset_sz': 684321792}
2026-07-01 20:32:15,033 - EXECUT - INFO - mensagem de data_sz recebida: 
 {'id': 'sta10', 'dataset_sz': 748350720}
2026-07-01 20:32:15,033 - EXECUT - INFO - mensagem de data_sz recebida: 
 {'id': 'sta3', 'dataset_sz': 1047438528}
2026-07-01 20:32:15,033 - EXECUT - INFO - mensagem de data_sz recebida: 
 {'id': 'sta4', 'dataset_sz': 436285440}
2026-07-01 20:32:15,033 - EXECUT - INFO - mensagem de data_sz recebida: 
 {'id': 'sta2', 'dataset_sz': 1128383616}
2026-07-01 20:32:15,033 - EXECUT - INFO - mensagem de data_sz recebida: 
 {'id': 'sta5', 'dataset_sz': 1135301568}
2026-07-01 20:32:15,033 - EXECUT - INFO - mensagem de data_sz recebida: 
 {'id': 'sta6', 'dataset_sz': 995528640}
2026-07-01 20:32:15,033 - EXECUT - INFO - mensagem de data_sz recebida: 
 {'id': 'sta7', 'dataset_sz': 1026684672}
2026-07-01 20:32:15,033 - EXECUT - INFO - mensagem de data_sz recebida: 
 {'id': 'sta8', 'dataset_sz': 352361088}
2026-07-01 20:32:15,033 - EXECUT - INFO - mensagem de data_sz recebida: 
 {'id': 'sta9', 'dataset_sz': 1102428672}
2026-07-01 20:32:15,992 - METRIC - INFO - round: 1
2026-07-01 20:32:15,992 - METRIC - INFO - n_selected: 3
2026-07-01 20:32:15,992 - METRIC - INFO - {"selected_trainers": ["sta10", "sta8", "sta9"]}
2026-07-01 20:32:19,607 - EXECUT - INFO - received weights from trainer sta8!
2026-07-01 20:32:22,811 - EXECUT - INFO - received weights from trainer sta10!
2026-07-01 20:32:26,005 - EXECUT - INFO - received weights from trainer sta9!
2026-07-01 20:32:26,278 - EXECUT - INFO - sent aggregated weights to trainers!
2026-07-01 20:32:26,708 - METRIC - INFO - {"loss": 2.290275812149048, "accuracy": 0.14166666567325592, "energy_consumption": 1189.0838439468287, "selected": false, "client_name": "sta4"}
2026-07-01 20:32:26,711 - METRIC - INFO - {"loss": 2.296612024307251, "accuracy": 0.12535497546195984, "energy_consumption": 1186.2744977807845, "selected": false, "client_name": "sta0"}
2026-07-01 20:32:26,714 - METRIC - INFO - {"loss": 0.4162135720252991, "accuracy": 0.8812392354011536, "energy_consumption": 1099.8521609622742, "selected": false, "client_name": "sta8"}
2026-07-01 20:32:26,722 - METRIC - INFO - {"loss": 2.299290657043457, "accuracy": 0.1563330441713333, "energy_consumption": 1184.9163464317276, "selected": false, "client_name": "sta1"}
2026-07-01 20:32:26,746 - METRIC - INFO - {"loss": 2.348898410797119, "accuracy": 0.10995463281869888, "energy_consumption": 1073.8231143894202, "selected": false, "client_name": "sta5"}
2026-07-01 20:32:26,746 - METRIC - INFO - {"loss": 2.3641746044158936, "accuracy": 0.07975295186042786, "energy_consumption": 1200.849531997224, "selected": false, "client_name": "sta2"}
2026-07-01 20:32:26,756 - METRIC - INFO - {"loss": 2.3417136669158936, "accuracy": 0.05296803638339043, "energy_consumption": 1252.8567892857272, "selected": false, "client_name": "sta6"}
2026-07-01 20:32:26,759 - METRIC - INFO - {"loss": 2.3252127170562744, "accuracy": 0.07851240038871765, "energy_consumption": 1149.415566502098, "selected": false, "client_name": "sta7"}
2026-07-01 20:32:26,771 - METRIC - INFO - {"loss": 0.30763134360313416, "accuracy": 0.9226720929145813, "energy_consumption": 923.6236627669, "selected": false, "client_name": "sta10"}
2026-07-01 20:32:26,774 - METRIC - INFO - {"loss": 2.308722496032715, "accuracy": 0.1350882202386856, "energy_consumption": 1173.9140463815509, "selected": false, "client_name": "sta3"}
2026-07-01 20:32:26,828 - METRIC - INFO - {"loss": 0.24848715960979462, "accuracy": 0.9329301714897156, "energy_consumption": 1093.3146770712278, "selected": false, "client_name": "sta9"}
2026-07-01 20:32:27,279 - METRIC - INFO - mean_accuracy: 0.32877022061835637

2026-07-01 20:32:27,279 - METRIC - INFO - round: 2
2026-07-01 20:32:27,279 - METRIC - INFO - n_selected: 4
2026-07-01 20:32:27,279 - METRIC - INFO - {"selected_trainers": ["sta10", "sta5", "sta8", "sta9"]}
2026-07-01 20:32:30,696 - EXECUT - INFO - received weights from trainer sta8!
2026-07-01 20:32:33,989 - EXECUT - INFO - received weights from trainer sta10!
2026-07-01 20:32:37,349 - EXECUT - INFO - received weights from trainer sta9!
2026-07-01 20:32:40,019 - EXECUT - INFO - received weights from trainer sta5!
2026-07-01 20:32:40,594 - EXECUT - INFO - sent aggregated weights to trainers!
2026-07-01 20:32:40,875 - METRIC - INFO - {"loss": 1.881054162979126, "accuracy": 0.6873339414596558, "energy_consumption": 2266.636541282519, "selected": false, "client_name": "sta1"}
2026-07-01 20:32:40,937 - METRIC - INFO - {"loss": 1.8796124458312988, "accuracy": 0.6774660348892212, "energy_consumption": 2184.131757584644, "selected": false, "client_name": "sta3"}
2026-07-01 20:32:40,944 - METRIC - INFO - {"loss": 1.8881908655166626, "accuracy": 0.6618055701255798, "energy_consumption": 1910.0124501469381, "selected": false, "client_name": "sta4"}
2026-07-01 20:32:40,974 - METRIC - INFO - {"loss": 1.8821957111358643, "accuracy": 0.6628803014755249, "energy_consumption": 2306.0590195886966, "selected": false, "client_name": "sta0"}
2026-07-01 20:32:40,987 - METRIC - INFO - {"loss": 1.8792321681976318, "accuracy": 0.6888889074325562, "energy_consumption": 2058.596460741807, "selected": false, "client_name": "sta6"}
2026-07-01 20:32:40,996 - METRIC - INFO - {"loss": 1.8850088119506836, "accuracy": 0.6750805377960205, "energy_consumption": 2284.4096886619723, "selected": false, "client_name": "sta2"}
2026-07-01 20:32:41,009 - METRIC - INFO - {"loss": 1.8813695907592773, "accuracy": 0.6765053272247314, "energy_consumption": 1891.5010927517023, "selected": false, "client_name": "sta7"}
2026-07-01 20:32:41,011 - METRIC - INFO - {"loss": 0.37568485736846924, "accuracy": 0.8958691954612732, "energy_consumption": 1673.38019654854, "selected": false, "client_name": "sta8"}
2026-07-01 20:32:41,039 - METRIC - INFO - {"loss": 0.2831711173057556, "accuracy": 0.9267206192016602, "energy_consumption": 1781.1602857519938, "selected": false, "client_name": "sta10"}
2026-07-01 20:32:41,086 - METRIC - INFO - {"loss": 0.24796539545059204, "accuracy": 0.9296316504478455, "energy_consumption": 1747.8093005140845, "selected": false, "client_name": "sta9"}
2026-07-01 20:32:41,284 - METRIC - INFO - {"loss": 0.25061535835266113, "accuracy": 0.9266079664230347, "energy_consumption": 1701.15811060209, "selected": false, "client_name": "sta5"}
2026-07-01 20:32:41,596 - METRIC - INFO - mean_accuracy: 0.7644354592670094

2026-07-01 20:32:41,596 - METRIC - INFO - round: 3
2026-07-01 20:32:41,596 - METRIC - INFO - n_selected: 6
2026-07-01 20:32:41,596 - METRIC - INFO - {"selected_trainers": ["sta10", "sta4", "sta5", "sta7", "sta8", "sta9"]}
2026-07-01 20:32:45,387 - EXECUT - INFO - received weights from trainer sta8!
2026-07-01 20:32:45,620 - EXECUT - INFO - received weights from trainer sta4!
2026-07-01 20:32:48,721 - EXECUT - INFO - received weights from trainer sta10!
2026-07-01 20:32:52,152 - EXECUT - INFO - received weights from trainer sta9!
2026-07-01 20:32:54,076 - EXECUT - INFO - received weights from trainer sta5!
2026-07-01 20:32:54,616 - EXECUT - INFO - received weights from trainer sta7!
2026-07-01 20:32:54,962 - EXECUT - INFO - sent aggregated weights to trainers!
2026-07-01 20:32:55,246 - METRIC - INFO - {"loss": 0.280599981546402, "accuracy": 0.926040768623352, "energy_consumption": 3081.731744751473, "selected": false, "client_name": "sta1"}
2026-07-01 20:32:55,303 - METRIC - INFO - {"loss": 0.2537582516670227, "accuracy": 0.9302863478660583, "energy_consumption": 3007.907628357036, "selected": false, "client_name": "sta3"}
2026-07-01 20:32:55,318 - METRIC - INFO - {"loss": 0.2510744035243988, "accuracy": 0.9265720248222351, "energy_consumption": 3069.7639687990245, "selected": false, "client_name": "sta0"}
2026-07-01 20:32:55,346 - METRIC - INFO - {"loss": 0.22247600555419922, "accuracy": 0.9340277910232544, "energy_consumption": 2747.7213185222263, "selected": false, "client_name": "sta4"}
2026-07-01 20:32:55,350 - METRIC - INFO - {"loss": 0.23484940826892853, "accuracy": 0.9234079122543335, "energy_consumption": 2360.613929051784, "selected": false, "client_name": "sta8"}
2026-07-01 20:32:55,357 - METRIC - INFO - {"loss": 0.2475702315568924, "accuracy": 0.9287671446800232, "energy_consumption": 2945.6805058060786, "selected": false, "client_name": "sta6"}
2026-07-01 20:32:55,362 - METRIC - INFO - {"loss": 0.2573477327823639, "accuracy": 0.9269602298736572, "energy_consumption": 3120.6352460551307, "selected": false, "client_name": "sta2"}
2026-07-01 20:32:55,400 - METRIC - INFO - {"loss": 0.19610291719436646, "accuracy": 0.9461538195610046, "energy_consumption": 2407.040452243019, "selected": false, "client_name": "sta10"}
2026-07-01 20:32:55,450 - METRIC - INFO - {"loss": 0.18225759267807007, "accuracy": 0.9469488859176636, "energy_consumption": 2499.176194337781, "selected": false, "client_name": "sta9"}
2026-07-01 20:32:55,565 - METRIC - INFO - {"loss": 0.18960118293762207, "accuracy": 0.947424590587616, "energy_consumption": 2298.3466295514063, "selected": false, "client_name": "sta5"}
2026-07-01 20:32:55,613 - METRIC - INFO - {"loss": 0.1720266342163086, "accuracy": 0.952479362487793, "energy_consumption": 2561.4065948077755, "selected": false, "client_name": "sta7"}
2026-07-01 20:32:55,964 - METRIC - INFO - mean_accuracy: 0.9353698979724537

2026-07-01 20:32:55,964 - METRIC - INFO - round: 4
2026-07-01 20:32:55,964 - METRIC - INFO - n_selected: 5
2026-07-01 20:32:55,964 - METRIC - INFO - {"selected_trainers": ["sta10", "sta5", "sta7", "sta8", "sta9"]}
2026-07-01 20:32:59,547 - EXECUT - INFO - received weights from trainer sta8!
2026-07-01 20:33:02,932 - EXECUT - INFO - received weights from trainer sta10!
2026-07-01 20:33:06,358 - EXECUT - INFO - received weights from trainer sta9!
2026-07-01 20:33:08,755 - EXECUT - INFO - received weights from trainer sta7!
2026-07-01 20:33:08,846 - EXECUT - INFO - received weights from trainer sta5!
2026-07-01 20:33:09,301 - EXECUT - INFO - sent aggregated weights to trainers!
2026-07-01 20:33:09,567 - METRIC - INFO - {"loss": 0.20647206902503967, "accuracy": 0.9433126449584961, "energy_consumption": 4069.7931131002997, "selected": false, "client_name": "sta1"}
2026-07-01 20:33:09,583 - METRIC - INFO - {"loss": 0.18027657270431519, "accuracy": 0.9444218873977661, "energy_consumption": 4089.8938557917536, "selected": false, "client_name": "sta0"}
2026-07-01 20:33:09,615 - METRIC - INFO - {"loss": 0.18717370927333832, "accuracy": 0.9454887509346008, "energy_consumption": 4070.285394381916, "selected": false, "client_name": "sta2"}
2026-07-01 20:33:09,628 - METRIC - INFO - {"loss": 0.1861383318901062, "accuracy": 0.9482210278511047, "energy_consumption": 3901.5622221813046, "selected": false, "client_name": "sta3"}
2026-07-01 20:33:09,663 - METRIC - INFO - {"loss": 0.18991391360759735, "accuracy": 0.9437500238418579, "energy_consumption": 3435.6144522970667, "selected": false, "client_name": "sta4"}
2026-07-01 20:33:09,713 - METRIC - INFO - {"loss": 0.17653729021549225, "accuracy": 0.9476407766342163, "energy_consumption": 3686.315516855965, "selected": false, "client_name": "sta6"}
2026-07-01 20:33:09,726 - METRIC - INFO - {"loss": 0.15116998553276062, "accuracy": 0.9591093063354492, "energy_consumption": 3245.3724546308786, "selected": false, "client_name": "sta10"}
2026-07-01 20:33:09,775 - METRIC - INFO - {"loss": 0.14626160264015198, "accuracy": 0.9557449221611023, "energy_consumption": 3171.292921907065, "selected": false, "client_name": "sta9"}
2026-07-01 20:33:09,811 - METRIC - INFO - {"loss": 0.17686045169830322, "accuracy": 0.937177300453186, "energy_consumption": 3008.8368596252717, "selected": false, "client_name": "sta8"}
2026-07-01 20:33:09,963 - METRIC - INFO - {"loss": 0.15282446146011353, "accuracy": 0.9572991728782654, "energy_consumption": 2847.582294954313, "selected": false, "client_name": "sta5"}
2026-07-01 20:33:10,047 - METRIC - INFO - {"loss": 0.13311411440372467, "accuracy": 0.9622195959091187, "energy_consumption": 2983.9227513359024, "selected": false, "client_name": "sta7"}
2026-07-01 20:33:10,303 - METRIC - INFO - mean_accuracy: 0.9494895826686512

2026-07-01 20:33:10,303 - METRIC - INFO - round: 5
2026-07-01 20:33:10,303 - METRIC - INFO - n_selected: 6
2026-07-01 20:33:10,303 - METRIC - INFO - {"selected_trainers": ["sta10", "sta4", "sta5", "sta7", "sta8", "sta9"]}
2026-07-01 20:33:14,108 - EXECUT - INFO - received weights from trainer sta8!
2026-07-01 20:33:15,729 - EXECUT - INFO - received weights from trainer sta4!
2026-07-01 20:33:17,479 - EXECUT - INFO - received weights from trainer sta10!
2026-07-01 20:33:20,958 - EXECUT - INFO - received weights from trainer sta9!
2026-07-01 20:33:22,903 - EXECUT - INFO - received weights from trainer sta7!
2026-07-01 20:33:22,925 - EXECUT - INFO - received weights from trainer sta5!
2026-07-01 20:33:23,690 - EXECUT - INFO - sent aggregated weights to trainers!
2026-07-01 20:33:23,962 - METRIC - INFO - {"loss": 0.1383003294467926, "accuracy": 0.9574036598205566, "energy_consumption": 4908.213376313353, "selected": false, "client_name": "sta0"}
2026-07-01 20:33:24,015 - METRIC - INFO - {"loss": 0.1403595209121704, "accuracy": 0.9555555582046509, "energy_consumption": 4039.7410854220757, "selected": false, "client_name": "sta4"}
2026-07-01 20:33:24,066 - METRIC - INFO - {"loss": 0.16210199892520905, "accuracy": 0.9539415240287781, "energy_consumption": 4861.1708281388865, "selected": false, "client_name": "sta1"}
2026-07-01 20:33:24,084 - METRIC - INFO - {"loss": 0.17355728149414062, "accuracy": 0.9414802193641663, "energy_consumption": 3776.943340872538, "selected": false, "client_name": "sta8"}
2026-07-01 20:33:24,132 - METRIC - INFO - {"loss": 0.1461186408996582, "accuracy": 0.9583454132080078, "energy_consumption": 4666.698692807805, "selected": false, "client_name": "sta3"}
2026-07-01 20:33:24,144 - METRIC - INFO - {"loss": 0.1358361542224884, "accuracy": 0.9598173499107361, "energy_consumption": 4577.378240823454, "selected": false, "client_name": "sta6"}
2026-07-01 20:33:24,145 - METRIC - INFO - {"loss": 0.14463458955287933, "accuracy": 0.9573040008544922, "energy_consumption": 4837.585089234454, "selected": false, "client_name": "sta2"}
2026-07-01 20:33:24,186 - METRIC - INFO - {"loss": 0.12889720499515533, "accuracy": 0.9618361592292786, "energy_consumption": 3282.885450914398, "selected": false, "client_name": "sta5"}
2026-07-01 20:33:24,222 - METRIC - INFO - {"loss": 0.12119852006435394, "accuracy": 0.9692307710647583, "energy_consumption": 4076.341693279321, "selected": false, "client_name": "sta10"}
2026-07-01 20:33:24,262 - METRIC - INFO - {"loss": 0.12122216820716858, "accuracy": 0.962891697883606, "energy_consumption": 3951.5363610272284, "selected": false, "client_name": "sta9"}
2026-07-01 20:33:24,318 - METRIC - INFO - {"loss": 0.10905689001083374, "accuracy": 0.9675324559211731, "energy_consumption": 3503.122922063405, "selected": false, "client_name": "sta7"}
2026-07-01 20:33:24,692 - METRIC - INFO - mean_accuracy: 0.9586671644991095

2026-07-01 20:33:24,692 - METRIC - INFO - round: 6
2026-07-01 20:33:24,692 - METRIC - INFO - n_selected: 6
2026-07-01 20:33:24,692 - METRIC - INFO - {"selected_trainers": ["sta10", "sta4", "sta5", "sta7", "sta8", "sta9"]}
2026-07-01 20:33:28,467 - EXECUT - INFO - received weights from trainer sta8!
2026-07-01 20:33:28,479 - EXECUT - INFO - received weights from trainer sta4!
2026-07-01 20:33:31,811 - EXECUT - INFO - received weights from trainer sta10!
2026-07-01 20:33:35,267 - EXECUT - INFO - received weights from trainer sta9!
2026-07-01 20:33:37,186 - EXECUT - INFO - received weights from trainer sta7!
2026-07-01 20:33:45,404 - EXECUT - INFO - received weights from trainer sta5!
2026-07-01 20:33:46,077 - EXECUT - INFO - sent aggregated weights to trainers!
2026-07-01 20:33:46,350 - METRIC - INFO - {"loss": 0.13665297627449036, "accuracy": 0.9605845808982849, "energy_consumption": 6242.79991831008, "selected": false, "client_name": "sta1"}
2026-07-01 20:33:46,386 - METRIC - INFO - {"loss": 0.11475401371717453, "accuracy": 0.9630831480026245, "energy_consumption": 6329.227049954722, "selected": false, "client_name": "sta0"}
2026-07-01 20:33:46,416 - METRIC - INFO - {"loss": 0.11925254017114639, "accuracy": 0.9626745581626892, "energy_consumption": 6258.677328480202, "selected": false, "client_name": "sta2"}
2026-07-01 20:33:46,431 - METRIC - INFO - {"loss": 0.12351307272911072, "accuracy": 0.9629736542701721, "energy_consumption": 6143.126753274633, "selected": false, "client_name": "sta3"}
2026-07-01 20:33:46,442 - METRIC - INFO - {"loss": 0.11290442943572998, "accuracy": 0.9677321314811707, "energy_consumption": 5682.54667356101, "selected": false, "client_name": "sta6"}
2026-07-01 20:33:46,478 - METRIC - INFO - {"loss": 0.1199435219168663, "accuracy": 0.9621342420578003, "energy_consumption": 4771.987561668792, "selected": false, "client_name": "sta8"}
2026-07-01 20:33:46,478 - METRIC - INFO - {"loss": 0.12173040956258774, "accuracy": 0.9624999761581421, "energy_consumption": 5086.287587011432, "selected": false, "client_name": "sta4"}
2026-07-01 20:33:46,521 - METRIC - INFO - {"loss": 0.10629906505346298, "accuracy": 0.9748988151550293, "energy_consumption": 5211.78879131089, "selected": false, "client_name": "sta10"}
2026-07-01 20:33:46,567 - METRIC - INFO - {"loss": 0.10605757683515549, "accuracy": 0.9683892130851746, "energy_consumption": 5006.225821243543, "selected": false, "client_name": "sta9"}
2026-07-01 20:33:46,632 - METRIC - INFO - {"loss": 0.11169107258319855, "accuracy": 0.9669068455696106, "energy_consumption": 4099.907891975297, "selected": false, "client_name": "sta5"}
2026-07-01 20:33:46,661 - METRIC - INFO - {"loss": 0.09340620040893555, "accuracy": 0.974616289138794, "energy_consumption": 4185.881095174551, "selected": false, "client_name": "sta7"}
2026-07-01 20:33:47,080 - METRIC - INFO - mean_accuracy: 0.9660448594526811

2026-07-01 20:33:47,080 - METRIC - INFO - round: 7
2026-07-01 20:33:47,080 - METRIC - INFO - n_selected: 6
2026-07-01 20:33:47,080 - METRIC - INFO - {"selected_trainers": ["sta10", "sta4", "sta5", "sta7", "sta8", "sta9"]}
2026-07-01 20:33:50,826 - EXECUT - INFO - received weights from trainer sta4!
2026-07-01 20:33:50,874 - EXECUT - INFO - received weights from trainer sta8!
2026-07-01 20:33:54,243 - EXECUT - INFO - received weights from trainer sta10!
2026-07-01 20:33:57,723 - EXECUT - INFO - received weights from trainer sta9!
2026-07-01 20:33:59,588 - EXECUT - INFO - received weights from trainer sta5!
2026-07-01 20:34:07,828 - EXECUT - INFO - received weights from trainer sta7!
2026-07-01 20:34:08,452 - EXECUT - INFO - sent aggregated weights to trainers!
2026-07-01 20:34:08,719 - METRIC - INFO - {"loss": 0.11932162195444107, "accuracy": 0.9641275405883789, "energy_consumption": 7581.743046206393, "selected": false, "client_name": "sta1"}
2026-07-01 20:34:08,781 - METRIC - INFO - {"loss": 0.10736548900604248, "accuracy": 0.9667341709136963, "energy_consumption": 7546.948530659055, "selected": false, "client_name": "sta3"}
2026-07-01 20:34:08,791 - METRIC - INFO - {"loss": 0.1028267964720726, "accuracy": 0.9685821533203125, "energy_consumption": 7612.95184193447, "selected": false, "client_name": "sta2"}
2026-07-01 20:34:08,792 - METRIC - INFO - {"loss": 0.09826020896434784, "accuracy": 0.9707762598991394, "energy_consumption": 6894.280726456706, "selected": false, "client_name": "sta6"}
2026-07-01 20:34:08,826 - METRIC - INFO - {"loss": 0.1096755862236023, "accuracy": 0.9652777910232544, "energy_consumption": 6198.988254950926, "selected": false, "client_name": "sta4"}
2026-07-01 20:34:08,835 - METRIC - INFO - {"loss": 0.10575074702501297, "accuracy": 0.9690189361572266, "energy_consumption": 5774.815583357808, "selected": false, "client_name": "sta8"}
2026-07-01 20:34:08,864 - METRIC - INFO - {"loss": 0.0984419509768486, "accuracy": 0.9655172228813171, "energy_consumption": 7804.262075207381, "selected": false, "client_name": "sta0"}
2026-07-01 20:34:08,894 - METRIC - INFO - {"loss": 0.09093661606311798, "accuracy": 0.97773277759552, "energy_consumption": 6290.763761781088, "selected": false, "client_name": "sta10"}
2026-07-01 20:34:08,935 - METRIC - INFO - {"loss": 0.09427955001592636, "accuracy": 0.9694887399673462, "energy_consumption": 6020.902528544509, "selected": false, "client_name": "sta9"}
2026-07-01 20:34:08,998 - METRIC - INFO - {"loss": 0.08093197643756866, "accuracy": 0.9775679111480713, "energy_consumption": 4848.9360526252685, "selected": false, "client_name": "sta7"}
2026-07-01 20:34:09,080 - METRIC - INFO - {"loss": 0.10061966627836227, "accuracy": 0.9685081243515015, "energy_consumption": 4906.885330108886, "selected": false, "client_name": "sta5"}
2026-07-01 20:34:09,455 - METRIC - INFO - mean_accuracy: 0.9693937843496149

2026-07-01 20:34:09,455 - METRIC - INFO - round: 8
2026-07-01 20:34:09,455 - METRIC - INFO - n_selected: 6
2026-07-01 20:34:09,455 - METRIC - INFO - {"selected_trainers": ["sta10", "sta4", "sta5", "sta7", "sta8", "sta9"]}
2026-07-01 20:34:13,240 - EXECUT - INFO - received weights from trainer sta8!
2026-07-01 20:34:13,269 - EXECUT - INFO - received weights from trainer sta4!
2026-07-01 20:34:16,553 - EXECUT - INFO - received weights from trainer sta10!
2026-07-01 20:34:20,060 - EXECUT - INFO - received weights from trainer sta9!
2026-07-01 20:34:21,976 - EXECUT - INFO - received weights from trainer sta7!
2026-07-01 20:34:21,990 - EXECUT - INFO - received weights from trainer sta5!
2026-07-01 20:34:22,950 - EXECUT - INFO - sent aggregated weights to trainers!
2026-07-01 20:34:23,222 - METRIC - INFO - {"loss": 0.0869266539812088, "accuracy": 0.9716024398803711, "energy_consumption": 8728.31818587395, "selected": false, "client_name": "sta0"}
2026-07-01 20:34:23,264 - METRIC - INFO - {"loss": 0.10628961771726608, "accuracy": 0.9667847752571106, "energy_consumption": 8697.138913423583, "selected": false, "client_name": "sta1"}
2026-07-01 20:34:23,283 - METRIC - INFO - {"loss": 0.08716942369937897, "accuracy": 0.9747336506843567, "energy_consumption": 7823.99626646557, "selected": false, "client_name": "sta6"}
2026-07-01 20:34:23,289 - METRIC - INFO - {"loss": 0.09569395333528519, "accuracy": 0.9710732102394104, "energy_consumption": 8480.503272235115, "selected": false, "client_name": "sta3"}
2026-07-01 20:34:23,295 - METRIC - INFO - {"loss": 0.09018617868423462, "accuracy": 0.9726101160049438, "energy_consumption": 8627.39672698256, "selected": false, "client_name": "sta2"}
2026-07-01 20:34:23,306 - METRIC - INFO - {"loss": 0.0972776785492897, "accuracy": 0.9716007113456726, "energy_consumption": 6357.7139596435045, "selected": false, "client_name": "sta8"}
2026-07-01 20:34:23,311 - METRIC - INFO - {"loss": 0.09867136925458908, "accuracy": 0.9708333611488342, "energy_consumption": 6991.612506887362, "selected": false, "client_name": "sta4"}
2026-07-01 20:34:23,364 - METRIC - INFO - {"loss": 0.08268754184246063, "accuracy": 0.9789473414421082, "energy_consumption": 6996.099821479752, "selected": false, "client_name": "sta10"}
2026-07-01 20:34:23,405 - METRIC - INFO - {"loss": 0.08612924069166183, "accuracy": 0.9733369946479797, "energy_consumption": 6652.534326265402, "selected": false, "client_name": "sta9"}
2026-07-01 20:34:23,483 - METRIC - INFO - {"loss": 0.09060368686914444, "accuracy": 0.9730451107025146, "energy_consumption": 5533.887768075814, "selected": false, "client_name": "sta5"}
2026-07-01 20:34:23,570 - METRIC - INFO - {"loss": 0.0715128481388092, "accuracy": 0.9811097979545593, "energy_consumption": 5395.000045194221, "selected": false, "client_name": "sta7"}
2026-07-01 20:34:23,952 - METRIC - INFO - mean_accuracy: 0.9732434099370783

2026-07-01 20:34:23,952 - METRIC - INFO - round: 9
2026-07-01 20:34:23,952 - METRIC - INFO - n_selected: 6
2026-07-01 20:34:23,952 - METRIC - INFO - {"selected_trainers": ["sta10", "sta4", "sta5", "sta7", "sta8", "sta9"]}
2026-07-01 20:34:27,722 - EXECUT - INFO - received weights from trainer sta4!
2026-07-01 20:34:27,734 - EXECUT - INFO - received weights from trainer sta8!
2026-07-01 20:34:31,110 - EXECUT - INFO - received weights from trainer sta10!
2026-07-01 20:34:34,462 - EXECUT - INFO - received weights from trainer sta9!
2026-07-01 20:34:36,474 - EXECUT - INFO - received weights from trainer sta7!
2026-07-01 20:34:36,571 - EXECUT - INFO - received weights from trainer sta5!
2026-07-01 20:34:37,488 - EXECUT - INFO - sent aggregated weights to trainers!
2026-07-01 20:34:37,751 - METRIC - INFO - {"loss": 0.09571985900402069, "accuracy": 0.9707705974578857, "energy_consumption": 9801.020758450115, "selected": false, "client_name": "sta1"}
2026-07-01 20:34:37,752 - METRIC - INFO - {"loss": 0.07728195190429688, "accuracy": 0.9748478531837463, "energy_consumption": 9794.596769880252, "selected": false, "client_name": "sta0"}
2026-07-01 20:34:37,807 - METRIC - INFO - {"loss": 0.08896084129810333, "accuracy": 0.9722222089767456, "energy_consumption": 7647.020203061288, "selected": false, "client_name": "sta4"}
2026-07-01 20:34:37,819 - METRIC - INFO - {"loss": 0.08605141937732697, "accuracy": 0.9733873009681702, "energy_consumption": 9374.657075942869, "selected": false, "client_name": "sta3"}
2026-07-01 20:34:37,831 - METRIC - INFO - {"loss": 0.07854384183883667, "accuracy": 0.9774733781814575, "energy_consumption": 8634.756978887159, "selected": false, "client_name": "sta6"}
2026-07-01 20:34:37,831 - METRIC - INFO - {"loss": 0.08020168542861938, "accuracy": 0.9744898080825806, "energy_consumption": 9709.01424104453, "selected": false, "client_name": "sta2"}
2026-07-01 20:34:37,854 - METRIC - INFO - {"loss": 0.0874667763710022, "accuracy": 0.9759036302566528, "energy_consumption": 7141.41195955953, "selected": false, "client_name": "sta8"}
2026-07-01 20:34:37,906 - METRIC - INFO - {"loss": 0.07470490038394928, "accuracy": 0.9797570705413818, "energy_consumption": 7861.235396469225, "selected": false, "client_name": "sta10"}
2026-07-01 20:34:37,960 - METRIC - INFO - {"loss": 0.07878665626049042, "accuracy": 0.9747113585472107, "energy_consumption": 7430.0977537862, "selected": false, "client_name": "sta9"}
2026-07-01 20:34:37,989 - METRIC - INFO - {"loss": 0.08376798778772354, "accuracy": 0.9757139086723328, "energy_consumption": 6037.958672171408, "selected": false, "client_name": "sta5"}
2026-07-01 20:34:38,108 - METRIC - INFO - {"loss": 0.06490132957696915, "accuracy": 0.982585608959198, "energy_consumption": 5851.527478321808, "selected": false, "client_name": "sta7"}
2026-07-01 20:34:38,491 - METRIC - INFO - mean_accuracy: 0.9756238839843057

2026-07-01 20:34:38,491 - METRIC - INFO - round: 10
2026-07-01 20:34:38,491 - METRIC - INFO - n_selected: 6
2026-07-01 20:34:38,491 - METRIC - INFO - {"selected_trainers": ["sta10", "sta4", "sta5", "sta7", "sta8", "sta9"]}
2026-07-01 20:34:42,250 - EXECUT - INFO - received weights from trainer sta8!
2026-07-01 20:34:42,261 - EXECUT - INFO - received weights from trainer sta4!
2026-07-01 20:34:45,634 - EXECUT - INFO - received weights from trainer sta10!
2026-07-01 20:34:49,096 - EXECUT - INFO - received weights from trainer sta9!
2026-07-01 20:34:51,098 - EXECUT - INFO - received weights from trainer sta5!
2026-07-01 20:34:59,246 - EXECUT - INFO - received weights from trainer sta7!
2026-07-01 20:34:59,855 - EXECUT - INFO - sent aggregated weights to trainers!
2026-07-01 20:35:00,154 - METRIC - INFO - {"loss": 0.07111695408821106, "accuracy": 0.9780933260917664, "energy_consumption": 11100.035542450203, "selected": false, "client_name": "sta0"}
2026-07-01 20:35:00,220 - METRIC - INFO - {"loss": 0.07350503653287888, "accuracy": 0.9766380190849304, "energy_consumption": 11063.049223512779, "selected": false, "client_name": "sta2"}
2026-07-01 20:35:00,224 - METRIC - INFO - {"loss": 0.07956445217132568, "accuracy": 0.9748336672782898, "energy_consumption": 10847.202149344308, "selected": false, "client_name": "sta3"}
2026-07-01 20:35:00,234 - METRIC - INFO - {"loss": 0.08871924877166748, "accuracy": 0.9725420475006104, "energy_consumption": 11129.911961780563, "selected": false, "client_name": "sta1"}
2026-07-01 20:35:00,244 - METRIC - INFO - {"loss": 0.08308644592761993, "accuracy": 0.9729166626930237, "energy_consumption": 8704.01079011671, "selected": false, "client_name": "sta4"}
2026-07-01 20:35:00,259 - METRIC - INFO - {"loss": 0.08474913984537125, "accuracy": 0.9750430583953857, "energy_consumption": 8152.613324387313, "selected": false, "client_name": "sta8"}
2026-07-01 20:35:00,295 - METRIC - INFO - {"loss": 0.07597459852695465, "accuracy": 0.9778489470481873, "energy_consumption": 6868.464050295332, "selected": false, "client_name": "sta5"}
2026-07-01 20:35:00,296 - METRIC - INFO - {"loss": 0.07267463952302933, "accuracy": 0.9783865809440613, "energy_consumption": 9905.371214668246, "selected": false, "client_name": "sta6"}
2026-07-01 20:35:00,324 - METRIC - INFO - {"loss": 0.07174304872751236, "accuracy": 0.9805667996406555, "energy_consumption": 8934.30466010695, "selected": false, "client_name": "sta10"}
2026-07-01 20:35:00,350 - METRIC - INFO - {"loss": 0.07529936730861664, "accuracy": 0.9763606190681458, "energy_consumption": 8481.556757084662, "selected": false, "client_name": "sta9"}
2026-07-01 20:35:00,358 - METRIC - INFO - {"loss": 0.05896764621138573, "accuracy": 0.9834710955619812, "energy_consumption": 6579.348874265959, "selected": false, "client_name": "sta7"}
2026-07-01 20:35:00,857 - METRIC - INFO - mean_accuracy: 0.9769728021188215

2026-07-01 20:35:00,857 - METRIC - INFO - round: 11
2026-07-01 20:35:00,857 - METRIC - INFO - n_selected: 6
2026-07-01 20:35:00,857 - METRIC - INFO - {"selected_trainers": ["sta10", "sta4", "sta5", "sta7", "sta8", "sta9"]}
2026-07-01 20:35:04,650 - EXECUT - INFO - received weights from trainer sta4!
2026-07-01 20:35:04,684 - EXECUT - INFO - received weights from trainer sta8!
2026-07-01 20:35:07,986 - EXECUT - INFO - received weights from trainer sta10!
2026-07-01 20:35:11,496 - EXECUT - INFO - received weights from trainer sta9!
2026-07-01 20:35:13,467 - EXECUT - INFO - received weights from trainer sta7!
2026-07-01 20:35:13,488 - EXECUT - INFO - received weights from trainer sta5!
2026-07-01 20:35:14,328 - EXECUT - INFO - sent aggregated weights to trainers!
2026-07-01 20:35:14,611 - METRIC - INFO - {"loss": 0.06488508731126785, "accuracy": 0.9776875972747803, "energy_consumption": 11907.186682058757, "selected": false, "client_name": "sta0"}
2026-07-01 20:35:14,693 - METRIC - INFO - {"loss": 0.07295551151037216, "accuracy": 0.9771478176116943, "energy_consumption": 11860.2762496297, "selected": false, "client_name": "sta3"}
2026-07-01 20:35:14,696 - METRIC - INFO - {"loss": 0.06748953461647034, "accuracy": 0.9790548086166382, "energy_consumption": 11976.88544728736, "selected": false, "client_name": "sta2"}
2026-07-01 20:35:14,706 - METRIC - INFO - {"loss": 0.06727820634841919, "accuracy": 0.9802131056785583, "energy_consumption": 10801.86266775589, "selected": false, "client_name": "sta6"}
2026-07-01 20:35:14,709 - METRIC - INFO - {"loss": 0.08235760778188705, "accuracy": 0.9729849696159363, "energy_consumption": 11967.141513485325, "selected": false, "client_name": "sta1"}
2026-07-01 20:35:14,726 - METRIC - INFO - {"loss": 0.07620257139205933, "accuracy": 0.9767642021179199, "energy_consumption": 8902.557078661275, "selected": false, "client_name": "sta8"}
2026-07-01 20:35:14,730 - METRIC - INFO - {"loss": 0.07754859328269958, "accuracy": 0.9736111164093018, "energy_consumption": 9538.015897982412, "selected": false, "client_name": "sta4"}
2026-07-01 20:35:14,789 - METRIC - INFO - {"loss": 0.06280239671468735, "accuracy": 0.9821862578392029, "energy_consumption": 9570.831410747853, "selected": false, "client_name": "sta10"}
2026-07-01 20:35:14,820 - METRIC - INFO - {"loss": 0.06821346282958984, "accuracy": 0.978559672832489, "energy_consumption": 9145.224730840884, "selected": false, "client_name": "sta9"}
2026-07-01 20:35:14,852 - METRIC - INFO - {"loss": 0.07243786007165909, "accuracy": 0.9791833758354187, "energy_consumption": 7526.27686425991, "selected": false, "client_name": "sta5"}
2026-07-01 20:35:14,928 - METRIC - INFO - {"loss": 0.054373469203710556, "accuracy": 0.9852420091629028, "energy_consumption": 7182.8915425041105, "selected": false, "client_name": "sta7"}
2026-07-01 20:35:15,331 - METRIC - INFO - mean_accuracy: 0.9784213575449857

2026-07-01 20:35:15,331 - METRIC - INFO - round: 12
2026-07-01 20:35:15,331 - METRIC - INFO - n_selected: 6
2026-07-01 20:35:15,331 - METRIC - INFO - {"selected_trainers": ["sta10", "sta4", "sta5", "sta7", "sta8", "sta9"]}
2026-07-01 20:35:19,098 - EXECUT - INFO - received weights from trainer sta4!
2026-07-01 20:35:19,137 - EXECUT - INFO - received weights from trainer sta8!
2026-07-01 20:35:22,506 - EXECUT - INFO - received weights from trainer sta10!
2026-07-01 20:35:25,951 - EXECUT - INFO - received weights from trainer sta9!
2026-07-01 20:35:27,918 - EXECUT - INFO - received weights from trainer sta7!
2026-07-01 20:35:27,975 - EXECUT - INFO - received weights from trainer sta5!
2026-07-01 20:35:28,736 - EXECUT - INFO - sent aggregated weights to trainers!
2026-07-01 20:35:29,014 - METRIC - INFO - {"loss": 0.06065839156508446, "accuracy": 0.978904664516449, "energy_consumption": 12896.655108306173, "selected": false, "client_name": "sta0"}
2026-07-01 20:35:29,016 - METRIC - INFO - {"loss": 0.07703067362308502, "accuracy": 0.9743135571479797, "energy_consumption": 13033.29171788047, "selected": false, "client_name": "sta1"}
2026-07-01 20:35:29,070 - METRIC - INFO - {"loss": 0.06844930350780487, "accuracy": 0.9774370789527893, "energy_consumption": 12665.686901347153, "selected": false, "client_name": "sta3"}
2026-07-01 20:35:29,095 - METRIC - INFO - {"loss": 0.07154841721057892, "accuracy": 0.9750000238418579, "energy_consumption": 10219.457343873954, "selected": false, "client_name": "sta4"}
2026-07-01 20:35:29,100 - METRIC - INFO - {"loss": 0.06292742490768433, "accuracy": 0.9801288843154907, "energy_consumption": 12941.88848424879, "selected": false, "client_name": "sta2"}
2026-07-01 20:35:29,100 - METRIC - INFO - {"loss": 0.07145107537508011, "accuracy": 0.9784853458404541, "energy_consumption": 9577.041088677726, "selected": false, "client_name": "sta8"}
2026-07-01 20:35:29,135 - METRIC - INFO - {"loss": 0.06301980465650558, "accuracy": 0.9802131056785583, "energy_consumption": 11576.08040706871, "selected": false, "client_name": "sta6"}
2026-07-01 20:35:29,163 - METRIC - INFO - {"loss": 0.0598900131881237, "accuracy": 0.9829959273338318, "energy_consumption": 10400.904059797887, "selected": false, "client_name": "sta10"}
2026-07-01 20:35:29,165 - METRIC - INFO - {"loss": 0.06820882111787796, "accuracy": 0.9799839854240417, "energy_consumption": 8058.885175884883, "selected": false, "client_name": "sta5"}
2026-07-01 20:35:29,199 - METRIC - INFO - {"loss": 0.06599055230617523, "accuracy": 0.978559672832489, "energy_consumption": 9950.2371577856, "selected": false, "client_name": "sta9"}
2026-07-01 20:35:29,259 - METRIC - INFO - {"loss": 0.050296537578105927, "accuracy": 0.986127495765686, "energy_consumption": 7656.908433878976, "selected": false, "client_name": "sta7"}
2026-07-01 20:35:29,738 - METRIC - INFO - mean_accuracy: 0.9792863401499662

2026-07-01 20:35:29,738 - METRIC - INFO - round: 13
2026-07-01 20:35:29,738 - METRIC - INFO - n_selected: 6
2026-07-01 20:35:29,738 - METRIC - INFO - {"selected_trainers": ["sta10", "sta4", "sta5", "sta7", "sta8", "sta9"]}
2026-07-01 20:35:33,493 - EXECUT - INFO - received weights from trainer sta4!
2026-07-01 20:35:33,551 - EXECUT - INFO - received weights from trainer sta8!
2026-07-01 20:35:36,867 - EXECUT - INFO - received weights from trainer sta10!
2026-07-01 20:35:40,293 - EXECUT - INFO - received weights from trainer sta9!
2026-07-01 20:35:42,325 - EXECUT - INFO - received weights from trainer sta7!
2026-07-01 20:35:42,336 - EXECUT - INFO - received weights from trainer sta5!
2026-07-01 20:35:43,101 - EXECUT - INFO - sent aggregated weights to trainers!
2026-07-01 20:35:43,377 - METRIC - INFO - {"loss": 0.07326655089855194, "accuracy": 0.975199282169342, "energy_consumption": 13908.061197170862, "selected": false, "client_name": "sta1"}
2026-07-01 20:35:43,394 - METRIC - INFO - {"loss": 0.05740106850862503, "accuracy": 0.9801217317581177, "energy_consumption": 13617.08793266717, "selected": false, "client_name": "sta0"}
2026-07-01 20:35:43,443 - METRIC - INFO - {"loss": 0.06850307434797287, "accuracy": 0.9756944179534912, "energy_consumption": 11038.650554501513, "selected": false, "client_name": "sta4"}
2026-07-01 20:35:43,460 - METRIC - INFO - {"loss": 0.06436298787593842, "accuracy": 0.9783048629760742, "energy_consumption": 13783.212174830483, "selected": false, "client_name": "sta3"}
2026-07-01 20:35:43,460 - METRIC - INFO - {"loss": 0.05934515967965126, "accuracy": 0.9814715385437012, "energy_consumption": 13754.546576241171, "selected": false, "client_name": "sta2"}
2026-07-01 20:35:43,474 - METRIC - INFO - {"loss": 0.05950344353914261, "accuracy": 0.9814307689666748, "energy_consumption": 12505.70991415245, "selected": false, "client_name": "sta6"}
2026-07-01 20:35:43,478 - METRIC - INFO - {"loss": 0.06777849048376083, "accuracy": 0.977624773979187, "energy_consumption": 10377.75183644362, "selected": false, "client_name": "sta8"}
2026-07-01 20:35:43,529 - METRIC - INFO - {"loss": 0.05611889809370041, "accuracy": 0.9846153855323792, "energy_consumption": 11004.509354189075, "selected": false, "client_name": "sta10"}
2026-07-01 20:35:43,574 - METRIC - INFO - {"loss": 0.06170028820633888, "accuracy": 0.9788345098495483, "energy_consumption": 10593.63971775796, "selected": false, "client_name": "sta9"}
2026-07-01 20:35:43,603 - METRIC - INFO - {"loss": 0.06400865316390991, "accuracy": 0.9813184142112732, "energy_consumption": 8666.997081180292, "selected": false, "client_name": "sta5"}
2026-07-01 20:35:43,707 - METRIC - INFO - {"loss": 0.04807943105697632, "accuracy": 0.9855371713638306, "energy_consumption": 8225.38632107765, "selected": false, "client_name": "sta7"}
2026-07-01 20:35:44,104 - METRIC - INFO - mean_accuracy: 0.9800138961185109

2026-07-01 20:35:44,104 - METRIC - INFO - round: 14
2026-07-01 20:35:44,104 - METRIC - INFO - n_selected: 6
2026-07-01 20:35:44,104 - METRIC - INFO - {"selected_trainers": ["sta10", "sta4", "sta5", "sta7", "sta8", "sta9"]}
2026-07-01 20:35:47,876 - EXECUT - INFO - received weights from trainer sta4!
2026-07-01 20:35:47,892 - EXECUT - INFO - received weights from trainer sta8!
2026-07-01 20:35:51,303 - EXECUT - INFO - received weights from trainer sta10!
2026-07-01 20:35:54,660 - EXECUT - INFO - received weights from trainer sta9!
2026-07-01 20:35:56,674 - EXECUT - INFO - received weights from trainer sta7!
2026-07-01 20:35:56,715 - EXECUT - INFO - received weights from trainer sta5!
2026-07-01 20:35:57,652 - EXECUT - INFO - sent aggregated weights to trainers!
2026-07-01 20:35:57,938 - METRIC - INFO - {"loss": 0.06924489140510559, "accuracy": 0.9760850071907043, "energy_consumption": 14894.886142625139, "selected": false, "client_name": "sta1"}
2026-07-01 20:35:57,942 - METRIC - INFO - {"loss": 0.05376823991537094, "accuracy": 0.9821500778198242, "energy_consumption": 14675.193115836644, "selected": false, "client_name": "sta0"}
2026-07-01 20:35:57,967 - METRIC - INFO - {"loss": 0.06424018740653992, "accuracy": 0.9763888716697693, "energy_consumption": 11647.245872074513, "selected": false, "client_name": "sta4"}
2026-07-01 20:35:57,981 - METRIC - INFO - {"loss": 0.05618499219417572, "accuracy": 0.9817400574684143, "energy_consumption": 14810.534322182624, "selected": false, "client_name": "sta2"}
2026-07-01 20:35:57,991 - METRIC - INFO - {"loss": 0.06068146601319313, "accuracy": 0.9797512292861938, "energy_consumption": 14708.552289898436, "selected": false, "client_name": "sta3"}
2026-07-01 20:35:58,015 - METRIC - INFO - {"loss": 0.064621701836586, "accuracy": 0.9784853458404541, "energy_consumption": 10947.183245388265, "selected": false, "client_name": "sta8"}
2026-07-01 20:35:58,024 - METRIC - INFO - {"loss": 0.05642102286219597, "accuracy": 0.9817351698875427, "energy_consumption": 13216.079264195121, "selected": false, "client_name": "sta6"}
2026-07-01 20:35:58,064 - METRIC - INFO - {"loss": 0.05972098559141159, "accuracy": 0.9813184142112732, "energy_consumption": 9098.627833473332, "selected": false, "client_name": "sta5"}
2026-07-01 20:35:58,073 - METRIC - INFO - {"loss": 0.051633305847644806, "accuracy": 0.9825910925865173, "energy_consumption": 11799.802519395133, "selected": false, "client_name": "sta10"}
2026-07-01 20:35:58,109 - METRIC - INFO - {"loss": 0.061344925314188004, "accuracy": 0.9793843030929565, "energy_consumption": 11386.194419236228, "selected": false, "client_name": "sta9"}
2026-07-01 20:35:58,141 - METRIC - INFO - {"loss": 0.046270351856946945, "accuracy": 0.9870129823684692, "energy_consumption": 8608.03287903667, "selected": false, "client_name": "sta7"}
2026-07-01 20:35:58,655 - METRIC - INFO - mean_accuracy: 0.9806038683111017

2026-07-01 20:35:58,655 - METRIC - INFO - round: 15
2026-07-01 20:35:58,655 - METRIC - INFO - n_selected: 6
2026-07-01 20:35:58,655 - METRIC - INFO - {"selected_trainers": ["sta10", "sta4", "sta5", "sta7", "sta8", "sta9"]}
2026-07-01 20:36:02,397 - EXECUT - INFO - received weights from trainer sta4!
2026-07-01 20:36:02,456 - EXECUT - INFO - received weights from trainer sta8!
2026-07-01 20:36:05,760 - EXECUT - INFO - received weights from trainer sta10!
2026-07-01 20:36:09,247 - EXECUT - INFO - received weights from trainer sta9!
2026-07-01 20:36:11,239 - EXECUT - INFO - received weights from trainer sta5!
2026-07-01 20:36:11,250 - EXECUT - INFO - received weights from trainer sta7!
2026-07-01 20:36:12,023 - EXECUT - INFO - sent aggregated weights to trainers!
2026-07-01 20:36:12,331 - METRIC - INFO - {"loss": 0.06523249298334122, "accuracy": 0.9774136543273926, "energy_consumption": 15777.91344300877, "selected": false, "client_name": "sta1"}
2026-07-01 20:36:12,339 - METRIC - INFO - {"loss": 0.05133522301912308, "accuracy": 0.9821500778198242, "energy_consumption": 15565.121714038323, "selected": false, "client_name": "sta0"}
2026-07-01 20:36:12,364 - METRIC - INFO - {"loss": 0.060908243060112, "accuracy": 0.9791666865348816, "energy_consumption": 12408.800254827065, "selected": false, "client_name": "sta4"}
2026-07-01 20:36:12,386 - METRIC - INFO - {"loss": 0.05360860005021095, "accuracy": 0.9814307689666748, "energy_consumption": 14081.98743718625, "selected": false, "client_name": "sta6"}
2026-07-01 20:36:12,391 - METRIC - INFO - {"loss": 0.05269499495625496, "accuracy": 0.9822770953178406, "energy_consumption": 15584.037453669489, "selected": false, "client_name": "sta2"}
2026-07-01 20:36:12,393 - METRIC - INFO - {"loss": 0.05783520266413689, "accuracy": 0.9803297519683838, "energy_consumption": 15516.96080225506, "selected": false, "client_name": "sta3"}
2026-07-01 20:36:12,468 - METRIC - INFO - {"loss": 0.05022096633911133, "accuracy": 0.9842105507850647, "energy_consumption": 12494.070389362723, "selected": false, "client_name": "sta10"}
2026-07-01 20:36:12,512 - METRIC - INFO - {"loss": 0.05627984181046486, "accuracy": 0.9796591401100159, "energy_consumption": 12228.735435503446, "selected": false, "client_name": "sta9"}
2026-07-01 20:36:12,522 - METRIC - INFO - {"loss": 0.06236381456255913, "accuracy": 0.979345977306366, "energy_consumption": 11756.290959372574, "selected": false, "client_name": "sta8"}
2026-07-01 20:36:12,550 - METRIC - INFO - {"loss": 0.05773279815912247, "accuracy": 0.9815852642059326, "energy_consumption": 9659.793438525068, "selected": false, "client_name": "sta5"}
2026-07-01 20:36:12,598 - METRIC - INFO - {"loss": 0.04509766027331352, "accuracy": 0.9855371713638306, "energy_consumption": 9185.08405409527, "selected": false, "client_name": "sta7"}
2026-07-01 20:36:13,025 - METRIC - INFO - mean_accuracy: 0.9811914671551097

2026-07-01 20:36:13,025 - METRIC - INFO - round: 16
2026-07-01 20:36:13,025 - METRIC - INFO - n_selected: 6
2026-07-01 20:36:13,025 - METRIC - INFO - {"selected_trainers": ["sta10", "sta4", "sta5", "sta7", "sta8", "sta9"]}
2026-07-01 20:36:16,827 - EXECUT - INFO - received weights from trainer sta8!
2026-07-01 20:36:18,263 - EXECUT - INFO - received weights from trainer sta4!
2026-07-01 20:36:20,247 - EXECUT - INFO - received weights from trainer sta10!
2026-07-01 20:36:23,597 - EXECUT - INFO - received weights from trainer sta9!
2026-07-01 20:36:25,593 - EXECUT - INFO - received weights from trainer sta7!
2026-07-01 20:36:25,632 - EXECUT - INFO - received weights from trainer sta5!
2026-07-01 20:36:26,379 - EXECUT - INFO - sent aggregated weights to trainers!
2026-07-01 20:36:26,667 - METRIC - INFO - {"loss": 0.06268616020679474, "accuracy": 0.978742241859436, "energy_consumption": 16802.63514703199, "selected": false, "client_name": "sta1"}
2026-07-01 20:36:26,673 - METRIC - INFO - {"loss": 0.049425046890974045, "accuracy": 0.9833671450614929, "energy_consumption": 16580.562905321432, "selected": false, "client_name": "sta0"}
2026-07-01 20:36:26,703 - METRIC - INFO - {"loss": 0.050677742809057236, "accuracy": 0.9838882684707642, "energy_consumption": 16525.019708920285, "selected": false, "client_name": "sta2"}
2026-07-01 20:36:26,721 - METRIC - INFO - {"loss": 0.05154448375105858, "accuracy": 0.9826483726501465, "energy_consumption": 14778.989297428197, "selected": false, "client_name": "sta6"}
2026-07-01 20:36:26,725 - METRIC - INFO - {"loss": 0.05539880692958832, "accuracy": 0.9820653796195984, "energy_consumption": 16565.28594555221, "selected": false, "client_name": "sta3"}
2026-07-01 20:36:26,744 - METRIC - INFO - {"loss": 0.05915805697441101, "accuracy": 0.9802065491676331, "energy_consumption": 12348.509622552172, "selected": false, "client_name": "sta8"}
2026-07-01 20:36:26,807 - METRIC - INFO - {"loss": 0.048511430621147156, "accuracy": 0.9838056564331055, "energy_consumption": 13257.982767835925, "selected": false, "client_name": "sta10"}
2026-07-01 20:36:26,817 - METRIC - INFO - {"loss": 0.05583488941192627, "accuracy": 0.9818521738052368, "energy_consumption": 10151.05636867756, "selected": false, "client_name": "sta5"}
2026-07-01 20:36:26,856 - METRIC - INFO - {"loss": 0.0539119727909565, "accuracy": 0.9802089333534241, "energy_consumption": 12873.927376537908, "selected": false, "client_name": "sta9"}
2026-07-01 20:36:26,861 - METRIC - INFO - {"loss": 0.05731159821152687, "accuracy": 0.9798611402511597, "energy_consumption": 13175.305884502948, "selected": false, "client_name": "sta4"}
2026-07-01 20:36:26,936 - METRIC - INFO - {"loss": 0.04368813335895538, "accuracy": 0.9858323335647583, "energy_consumption": 9642.212014630852, "selected": false, "client_name": "sta7"}
2026-07-01 20:36:27,381 - METRIC - INFO - mean_accuracy: 0.9820434722033414

2026-07-01 20:36:27,382 - METRIC - INFO - round: 17
2026-07-01 20:36:27,382 - METRIC - INFO - n_selected: 6
2026-07-01 20:36:27,382 - METRIC - INFO - {"selected_trainers": ["sta10", "sta4", "sta5", "sta7", "sta8", "sta9"]}
2026-07-01 20:36:31,120 - EXECUT - INFO - received weights from trainer sta4!
2026-07-01 20:36:31,172 - EXECUT - INFO - received weights from trainer sta8!
2026-07-01 20:36:34,565 - EXECUT - INFO - received weights from trainer sta10!
2026-07-01 20:36:37,972 - EXECUT - INFO - received weights from trainer sta9!
2026-07-01 20:36:39,997 - EXECUT - INFO - received weights from trainer sta7!
2026-07-01 20:36:48,083 - EXECUT - INFO - received weights from trainer sta5!
2026-07-01 20:36:48,746 - EXECUT - INFO - sent aggregated weights to trainers!
2026-07-01 20:36:49,023 - METRIC - INFO - {"loss": 0.06002515181899071, "accuracy": 0.9800708293914795, "energy_consumption": 18126.312409829647, "selected": false, "client_name": "sta1"}
2026-07-01 20:36:49,033 - METRIC - INFO - {"loss": 0.04741797223687172, "accuracy": 0.9837728142738342, "energy_consumption": 17972.924461072864, "selected": false, "client_name": "sta0"}
2026-07-01 20:36:49,073 - METRIC - INFO - {"loss": 0.055110931396484375, "accuracy": 0.9826388955116272, "energy_consumption": 14340.050416686074, "selected": false, "client_name": "sta4"}
2026-07-01 20:36:49,103 - METRIC - INFO - {"loss": 0.105149045586586, "accuracy": 0.9681583642959595, "energy_consumption": 13419.872802712545, "selected": false, "client_name": "sta8"}
2026-07-01 20:36:49,159 - METRIC - INFO - {"loss": 0.04943441227078438, "accuracy": 0.9825910925865173, "energy_consumption": 14383.323663115621, "selected": false, "client_name": "sta10"}
2026-07-01 20:36:49,196 - METRIC - INFO - {"loss": 0.04824359714984894, "accuracy": 0.9841568470001221, "energy_consumption": 17952.969814902255, "selected": false, "client_name": "sta2"}
2026-07-01 20:36:49,204 - METRIC - INFO - {"loss": 0.04971719905734062, "accuracy": 0.9826483726501465, "energy_consumption": 16110.322494156098, "selected": false, "client_name": "sta6"}
2026-07-01 20:36:49,208 - METRIC - INFO - {"loss": 0.05233112722635269, "accuracy": 0.9807586669921875, "energy_consumption": 14025.693318122447, "selected": false, "client_name": "sta9"}
2026-07-01 20:36:49,210 - METRIC - INFO - {"loss": 0.05312148854136467, "accuracy": 0.9820653796195984, "energy_consumption": 18000.302225511543, "selected": false, "client_name": "sta3"}
2026-07-01 20:36:49,222 - METRIC - INFO - {"loss": 0.05375071242451668, "accuracy": 0.9823859333992004, "energy_consumption": 11134.499288975858, "selected": false, "client_name": "sta5"}
2026-07-01 20:36:49,334 - METRIC - INFO - {"loss": 0.04049178957939148, "accuracy": 0.9864226579666138, "energy_consumption": 10361.85559680242, "selected": false, "client_name": "sta7"}
2026-07-01 20:36:49,748 - METRIC - INFO - mean_accuracy: 0.9814245321533897

2026-07-01 20:36:49,748 - METRIC - INFO - round: 18
2026-07-01 20:36:49,748 - METRIC - INFO - n_selected: 6
2026-07-01 20:36:49,748 - METRIC - INFO - {"selected_trainers": ["sta10", "sta4", "sta5", "sta7", "sta8", "sta9"]}
2026-07-01 20:36:53,500 - EXECUT - INFO - received weights from trainer sta4!
2026-07-01 20:36:53,551 - EXECUT - INFO - received weights from trainer sta8!
2026-07-01 20:36:56,910 - EXECUT - INFO - received weights from trainer sta10!
2026-07-01 20:37:00,240 - EXECUT - INFO - received weights from trainer sta9!
2026-07-01 20:37:02,417 - EXECUT - INFO - received weights from trainer sta5!
2026-07-01 20:37:10,531 - EXECUT - INFO - received weights from trainer sta7!
2026-07-01 20:37:11,113 - EXECUT - INFO - sent aggregated weights to trainers!
2026-07-01 20:37:11,396 - METRIC - INFO - {"loss": 0.05802927538752556, "accuracy": 0.9791851043701172, "energy_consumption": 19551.745794131624, "selected": false, "client_name": "sta1"}
2026-07-01 20:37:11,403 - METRIC - INFO - {"loss": 0.046142641454935074, "accuracy": 0.9833671450614929, "energy_consumption": 19434.915088518137, "selected": false, "client_name": "sta0"}
2026-07-01 20:37:11,443 - METRIC - INFO - {"loss": 0.052769895642995834, "accuracy": 0.9833333492279053, "energy_consumption": 15543.317691198352, "selected": false, "client_name": "sta4"}
2026-07-01 20:37:11,457 - METRIC - INFO - {"loss": 0.04722623899579048, "accuracy": 0.9852309226989746, "energy_consumption": 19266.998764761112, "selected": false, "client_name": "sta2"}
2026-07-01 20:37:11,469 - METRIC - INFO - {"loss": 0.05142108350992203, "accuracy": 0.9832224249839783, "energy_consumption": 19334.964173936274, "selected": false, "client_name": "sta3"}
2026-07-01 20:37:11,488 - METRIC - INFO - {"loss": 0.18747921288013458, "accuracy": 0.9449225664138794, "energy_consumption": 14506.21246181278, "selected": false, "client_name": "sta8"}
2026-07-01 20:37:11,497 - METRIC - INFO - {"loss": 0.04837017506361008, "accuracy": 0.9829528331756592, "energy_consumption": 17528.971410716724, "selected": false, "client_name": "sta6"}
2026-07-01 20:37:11,537 - METRIC - INFO - {"loss": 0.04374626278877258, "accuracy": 0.9842105507850647, "energy_consumption": 15629.228201340824, "selected": false, "client_name": "sta10"}
2026-07-01 20:37:11,583 - METRIC - INFO - {"loss": 0.05339283496141434, "accuracy": 0.97993403673172, "energy_consumption": 15209.544238263055, "selected": false, "client_name": "sta9"}
2026-07-01 20:37:11,702 - METRIC - INFO - {"loss": 0.052897945046424866, "accuracy": 0.9818521738052368, "energy_consumption": 12078.219279377796, "selected": false, "client_name": "sta5"}
2026-07-01 20:37:11,769 - METRIC - INFO - {"loss": 0.03892887756228447, "accuracy": 0.9867178201675415, "energy_consumption": 11129.525216376276, "selected": false, "client_name": "sta7"}
2026-07-01 20:37:12,116 - METRIC - INFO - mean_accuracy: 0.9795389934019609

2026-07-01 20:37:12,116 - METRIC - INFO - round: 19
2026-07-01 20:37:12,116 - METRIC - INFO - n_selected: 6
2026-07-01 20:37:12,116 - METRIC - INFO - {"selected_trainers": ["sta10", "sta4", "sta5", "sta7", "sta8", "sta9"]}
2026-07-01 20:37:15,876 - EXECUT - INFO - received weights from trainer sta4!
2026-07-01 20:37:15,898 - EXECUT - INFO - received weights from trainer sta8!
2026-07-01 20:37:19,344 - EXECUT - INFO - received weights from trainer sta10!
2026-07-01 20:37:22,703 - EXECUT - INFO - received weights from trainer sta9!
2026-07-01 20:37:24,725 - EXECUT - INFO - received weights from trainer sta5!
2026-07-01 20:37:32,868 - EXECUT - INFO - received weights from trainer sta7!
2026-07-01 20:37:33,502 - EXECUT - INFO - sent aggregated weights to trainers!
2026-07-01 20:37:33,843 - METRIC - INFO - {"loss": 0.05022990703582764, "accuracy": 0.9835116863250732, "energy_consumption": 20756.83637171153, "selected": false, "client_name": "sta3"}
2026-07-01 20:37:33,843 - METRIC - INFO - {"loss": 0.051485586911439896, "accuracy": 0.980555534362793, "energy_consumption": 16609.514580651954, "selected": false, "client_name": "sta4"}
2026-07-01 20:37:33,852 - METRIC - INFO - {"loss": 0.04522259533405304, "accuracy": 0.9846938848495483, "energy_consumption": 20617.409294034922, "selected": false, "client_name": "sta2"}
2026-07-01 20:37:33,874 - METRIC - INFO - {"loss": 0.054753247648477554, "accuracy": 0.9802065491676331, "energy_consumption": 15472.58925440797, "selected": false, "client_name": "sta8"}
2026-07-01 20:37:33,894 - METRIC - INFO - {"loss": 0.04592191427946091, "accuracy": 0.9837728142738342, "energy_consumption": 20866.79267373277, "selected": false, "client_name": "sta0"}
2026-07-01 20:37:33,900 - METRIC - INFO - {"loss": 0.046675775200128555, "accuracy": 0.9823439717292786, "energy_consumption": 19004.85890813634, "selected": false, "client_name": "sta6"}
2026-07-01 20:37:33,976 - METRIC - INFO - {"loss": 0.05736501142382622, "accuracy": 0.978742241859436, "energy_consumption": 21050.414273870505, "selected": false, "client_name": "sta1"}
2026-07-01 20:37:34,027 - METRIC - INFO - {"loss": 0.05120312422513962, "accuracy": 0.9834534525871277, "energy_consumption": 12978.62502599926, "selected": false, "client_name": "sta5"}
2026-07-01 20:37:34,042 - METRIC - INFO - {"loss": 0.043559350073337555, "accuracy": 0.983400821685791, "energy_consumption": 16768.078100037197, "selected": false, "client_name": "sta10"}
2026-07-01 20:37:34,088 - METRIC - INFO - {"loss": 0.050431519746780396, "accuracy": 0.981583297252655, "energy_consumption": 16255.663992142632, "selected": false, "client_name": "sta9"}
2026-07-01 20:37:34,134 - METRIC - INFO - {"loss": 0.03853291645646095, "accuracy": 0.9878984689712524, "energy_consumption": 11870.846870161475, "selected": false, "client_name": "sta7"}
2026-07-01 20:37:34,505 - METRIC - INFO - mean_accuracy: 0.9827420657331293

2026-07-01 20:37:34,505 - METRIC - INFO - round: 20
2026-07-01 20:37:34,505 - METRIC - INFO - n_selected: 6
2026-07-01 20:37:34,505 - METRIC - INFO - {"selected_trainers": ["sta10", "sta4", "sta5", "sta7", "sta8", "sta9"]}
2026-07-01 20:37:38,268 - EXECUT - INFO - received weights from trainer sta8!
2026-07-01 20:37:38,282 - EXECUT - INFO - received weights from trainer sta4!
2026-07-01 20:37:41,675 - EXECUT - INFO - received weights from trainer sta10!
2026-07-01 20:37:45,144 - EXECUT - INFO - received weights from trainer sta9!
2026-07-01 20:37:47,027 - EXECUT - INFO - received weights from trainer sta7!
2026-07-01 20:37:47,074 - EXECUT - INFO - received weights from trainer sta5!
2026-07-01 20:37:48,011 - EXECUT - INFO - sent aggregated weights to trainers!
2026-07-01 20:37:48,291 - METRIC - INFO - {"loss": 0.05414276197552681, "accuracy": 0.9809566140174866, "energy_consumption": 21838.477111228123, "selected": false, "client_name": "sta1"}
2026-07-01 20:37:48,306 - METRIC - INFO - {"loss": 0.04329468682408333, "accuracy": 0.9853955507278442, "energy_consumption": 21657.45188832343, "selected": false, "client_name": "sta0"}
2026-07-01 20:37:48,345 - METRIC - INFO - {"loss": 0.050506342202425, "accuracy": 0.9833333492279053, "energy_consumption": 17205.35002886417, "selected": false, "client_name": "sta4"}
2026-07-01 20:37:48,371 - METRIC - INFO - {"loss": 0.04834539070725441, "accuracy": 0.983801007270813, "energy_consumption": 21543.314947255665, "selected": false, "client_name": "sta3"}
2026-07-01 20:37:48,376 - METRIC - INFO - {"loss": 0.04434085637331009, "accuracy": 0.9849624037742615, "energy_consumption": 21398.02277190799, "selected": false, "client_name": "sta2"}
2026-07-01 20:37:48,381 - METRIC - INFO - {"loss": 0.054296571761369705, "accuracy": 0.9802065491676331, "energy_consumption": 16259.452824150369, "selected": false, "client_name": "sta8"}
2026-07-01 20:37:48,382 - METRIC - INFO - {"loss": 0.04594714567065239, "accuracy": 0.9829528331756592, "energy_consumption": 19737.828195864262, "selected": false, "client_name": "sta6"}
2026-07-01 20:37:48,433 - METRIC - INFO - {"loss": 0.04139354079961777, "accuracy": 0.9858299493789673, "energy_consumption": 17585.108287679664, "selected": false, "client_name": "sta10"}
2026-07-01 20:37:48,477 - METRIC - INFO - {"loss": 0.048920948058366776, "accuracy": 0.981583297252655, "energy_consumption": 17025.720878566102, "selected": false, "client_name": "sta9"}
2026-07-01 20:37:48,477 - METRIC - INFO - {"loss": 0.04947809875011444, "accuracy": 0.9837203025817871, "energy_consumption": 13409.294599321925, "selected": false, "client_name": "sta5"}
2026-07-01 20:37:48,519 - METRIC - INFO - {"loss": 0.03770839795470238, "accuracy": 0.9876033067703247, "energy_consumption": 12366.124798420897, "selected": false, "client_name": "sta7"}
2026-07-01 20:37:49,012 - METRIC - INFO - mean_accuracy: 0.9836677421223033

2026-07-01 20:37:49,012 - METRIC - INFO - round: 21
2026-07-01 20:37:49,012 - METRIC - INFO - n_selected: 6
2026-07-01 20:37:49,012 - METRIC - INFO - {"selected_trainers": ["sta10", "sta4", "sta5", "sta7", "sta8", "sta9"]}
2026-07-01 20:37:52,779 - EXECUT - INFO - received weights from trainer sta4!
2026-07-01 20:37:52,800 - EXECUT - INFO - received weights from trainer sta8!
2026-07-01 20:37:56,163 - EXECUT - INFO - received weights from trainer sta10!
2026-07-01 20:37:59,592 - EXECUT - INFO - received weights from trainer sta9!
2026-07-01 20:38:01,503 - EXECUT - INFO - received weights from trainer sta5!
2026-07-01 20:38:01,579 - EXECUT - INFO - received weights from trainer sta7!
2026-07-01 20:38:02,552 - EXECUT - INFO - sent aggregated weights to trainers!
2026-07-01 20:38:02,838 - METRIC - INFO - {"loss": 0.0524449348449707, "accuracy": 0.9813994765281677, "energy_consumption": 22905.77170632211, "selected": false, "client_name": "sta1"}
2026-07-01 20:38:02,843 - METRIC - INFO - {"loss": 0.04199479892849922, "accuracy": 0.9849898815155029, "energy_consumption": 22724.01258653144, "selected": false, "client_name": "sta0"}
2026-07-01 20:38:02,865 - METRIC - INFO - {"loss": 0.04980311542749405, "accuracy": 0.9840278029441833, "energy_consumption": 17914.208816071707, "selected": false, "client_name": "sta4"}
2026-07-01 20:38:02,878 - METRIC - INFO - {"loss": 0.04710323363542557, "accuracy": 0.9849580526351929, "energy_consumption": 22490.16777033837, "selected": false, "client_name": "sta3"}
2026-07-01 20:38:02,899 - METRIC - INFO - {"loss": 0.042944952845573425, "accuracy": 0.9854994416236877, "energy_consumption": 22381.87039332079, "selected": false, "client_name": "sta2"}
2026-07-01 20:38:02,915 - METRIC - INFO - {"loss": 0.055375825613737106, "accuracy": 0.979345977306366, "energy_consumption": 16858.01005181561, "selected": false, "client_name": "sta8"}
2026-07-01 20:38:02,926 - METRIC - INFO - {"loss": 0.04441256448626518, "accuracy": 0.9838660359382629, "energy_consumption": 20598.906117851893, "selected": false, "client_name": "sta6"}
2026-07-01 20:38:02,974 - METRIC - INFO - {"loss": 0.0410776361823082, "accuracy": 0.9854251146316528, "energy_consumption": 18240.591921937907, "selected": false, "client_name": "sta10"}
2026-07-01 20:38:03,016 - METRIC - INFO - {"loss": 0.047445669770240784, "accuracy": 0.9826827645301819, "energy_consumption": 17668.26142804592, "selected": false, "client_name": "sta9"}
2026-07-01 20:38:03,018 - METRIC - INFO - {"loss": 0.04936688765883446, "accuracy": 0.9839872121810913, "energy_consumption": 13936.179820282481, "selected": false, "client_name": "sta5"}
2026-07-01 20:38:03,124 - METRIC - INFO - {"loss": 0.03750056400895119, "accuracy": 0.9881936311721802, "energy_consumption": 12885.047214642622, "selected": false, "client_name": "sta7"}
2026-07-01 20:38:03,555 - METRIC - INFO - mean_accuracy: 0.9840341264551337

2026-07-01 20:38:03,555 - METRIC - INFO - round: 22
2026-07-01 20:38:03,555 - METRIC - INFO - n_selected: 6
2026-07-01 20:38:03,555 - METRIC - INFO - {"selected_trainers": ["sta10", "sta4", "sta5", "sta7", "sta8", "sta9"]}
2026-07-01 20:38:07,299 - EXECUT - INFO - received weights from trainer sta4!
2026-07-01 20:38:07,343 - EXECUT - INFO - received weights from trainer sta8!
2026-07-01 20:38:10,717 - EXECUT - INFO - received weights from trainer sta10!
2026-07-01 20:38:14,133 - EXECUT - INFO - received weights from trainer sta9!
2026-07-01 20:38:16,117 - EXECUT - INFO - received weights from trainer sta7!
2026-07-01 20:38:16,128 - EXECUT - INFO - received weights from trainer sta5!
2026-07-01 20:38:16,970 - EXECUT - INFO - sent aggregated weights to trainers!
2026-07-01 20:38:17,254 - METRIC - INFO - {"loss": 0.05125318840146065, "accuracy": 0.98228520154953, "energy_consumption": 23816.737575141593, "selected": false, "client_name": "sta1"}
2026-07-01 20:38:17,256 - METRIC - INFO - {"loss": 0.04100588336586952, "accuracy": 0.9858012199401855, "energy_consumption": 23795.966518350084, "selected": false, "client_name": "sta0"}
2026-07-01 20:38:17,274 - METRIC - INFO - {"loss": 0.04746271297335625, "accuracy": 0.9840278029441833, "energy_consumption": 18459.47728168804, "selected": false, "client_name": "sta4"}
2026-07-01 20:38:17,300 - METRIC - INFO - {"loss": 0.042283281683921814, "accuracy": 0.9852309226989746, "energy_consumption": 23066.79276701479, "selected": false, "client_name": "sta2"}
2026-07-01 20:38:17,308 - METRIC - INFO - {"loss": 0.04599351808428764, "accuracy": 0.9843795299530029, "energy_consumption": 23167.515943335795, "selected": false, "client_name": "sta3"}
2026-07-01 20:38:17,341 - METRIC - INFO - {"loss": 0.052874986082315445, "accuracy": 0.9810671210289001, "energy_consumption": 17606.139863545017, "selected": false, "client_name": "sta8"}
2026-07-01 20:38:17,343 - METRIC - INFO - {"loss": 0.043626755475997925, "accuracy": 0.983561635017395, "energy_consumption": 21370.385628833566, "selected": false, "client_name": "sta6"}
2026-07-01 20:38:17,376 - METRIC - INFO - {"loss": 0.041438281536102295, "accuracy": 0.9858299493789673, "energy_consumption": 19092.598620025277, "selected": false, "client_name": "sta10"}
2026-07-01 20:38:17,416 - METRIC - INFO - {"loss": 0.04658040776848793, "accuracy": 0.9826827645301819, "energy_consumption": 18482.113157229553, "selected": false, "client_name": "sta9"}
2026-07-01 20:38:17,496 - METRIC - INFO - {"loss": 0.04840875416994095, "accuracy": 0.9837203025817871, "energy_consumption": 14409.557232233627, "selected": false, "client_name": "sta5"}
2026-07-01 20:38:17,519 - METRIC - INFO - {"loss": 0.03550262749195099, "accuracy": 0.9876033067703247, "energy_consumption": 13344.575220987337, "selected": false, "client_name": "sta7"}
2026-07-01 20:38:17,972 - METRIC - INFO - mean_accuracy: 0.9841990687630393

2026-07-01 20:38:17,972 - METRIC - INFO - round: 23
2026-07-01 20:38:17,972 - METRIC - INFO - n_selected: 6
2026-07-01 20:38:17,972 - METRIC - INFO - {"selected_trainers": ["sta10", "sta4", "sta5", "sta7", "sta8", "sta9"]}
2026-07-01 20:38:21,735 - EXECUT - INFO - received weights from trainer sta4!
2026-07-01 20:38:21,769 - EXECUT - INFO - received weights from trainer sta8!
2026-07-01 20:38:25,111 - EXECUT - INFO - received weights from trainer sta10!
2026-07-01 20:38:28,617 - EXECUT - INFO - received weights from trainer sta9!
2026-07-01 20:38:30,511 - EXECUT - INFO - received weights from trainer sta5!
2026-07-01 20:38:30,545 - EXECUT - INFO - received weights from trainer sta7!
2026-07-01 20:38:31,462 - EXECUT - INFO - sent aggregated weights to trainers!
2026-07-01 20:38:31,751 - METRIC - INFO - {"loss": 0.0499490387737751, "accuracy": 0.9831709265708923, "energy_consumption": 24687.633861854607, "selected": false, "client_name": "sta1"}
2026-07-01 20:38:31,767 - METRIC - INFO - {"loss": 0.040699608623981476, "accuracy": 0.9858012199401855, "energy_consumption": 24668.972729219597, "selected": false, "client_name": "sta0"}
2026-07-01 20:38:31,783 - METRIC - INFO - {"loss": 0.04676352068781853, "accuracy": 0.9826388955116272, "energy_consumption": 19239.675854061563, "selected": false, "client_name": "sta4"}
2026-07-01 20:38:31,813 - METRIC - INFO - {"loss": 0.045201629400253296, "accuracy": 0.9852473139762878, "energy_consumption": 24246.516163740307, "selected": false, "client_name": "sta3"}
2026-07-01 20:38:31,815 - METRIC - INFO - {"loss": 0.04088529199361801, "accuracy": 0.9860365390777588, "energy_consumption": 24089.95801181253, "selected": false, "client_name": "sta2"}
2026-07-01 20:38:31,834 - METRIC - INFO - {"loss": 0.042484965175390244, "accuracy": 0.9841704964637756, "energy_consumption": 22319.356146412178, "selected": false, "client_name": "sta6"}
2026-07-01 20:38:31,859 - METRIC - INFO - {"loss": 0.05273798480629921, "accuracy": 0.9819276928901672, "energy_consumption": 18441.17423966935, "selected": false, "client_name": "sta8"}
2026-07-01 20:38:31,899 - METRIC - INFO - {"loss": 0.038493700325489044, "accuracy": 0.9874494075775146, "energy_consumption": 19786.403000028167, "selected": false, "client_name": "sta10"}
2026-07-01 20:38:31,933 - METRIC - INFO - {"loss": 0.045952752232551575, "accuracy": 0.9840571880340576, "energy_consumption": 19076.470572160673, "selected": false, "client_name": "sta9"}
2026-07-01 20:38:32,008 - METRIC - INFO - {"loss": 0.046463966369628906, "accuracy": 0.9847878217697144, "energy_consumption": 15017.979755423881, "selected": false, "client_name": "sta5"}
2026-07-01 20:38:32,038 - METRIC - INFO - {"loss": 0.03517014905810356, "accuracy": 0.9896694421768188, "energy_consumption": 13931.292096246152, "selected": false, "client_name": "sta7"}
2026-07-01 20:38:32,465 - METRIC - INFO - mean_accuracy: 0.9849960858171637

2026-07-01 20:38:32,465 - METRIC - INFO - round: 24
2026-07-01 20:38:32,465 - METRIC - INFO - n_selected: 6
2026-07-01 20:38:32,465 - METRIC - INFO - {"selected_trainers": ["sta10", "sta4", "sta5", "sta7", "sta8", "sta9"]}
2026-07-01 20:38:36,252 - EXECUT - INFO - received weights from trainer sta4!
2026-07-01 20:38:36,264 - EXECUT - INFO - received weights from trainer sta8!
2026-07-01 20:38:39,622 - EXECUT - INFO - received weights from trainer sta10!
2026-07-01 20:38:43,009 - EXECUT - INFO - received weights from trainer sta9!
2026-07-01 20:38:45,036 - EXECUT - INFO - received weights from trainer sta5!
2026-07-01 20:38:45,049 - EXECUT - INFO - received weights from trainer sta7!
2026-07-01 20:38:45,822 - EXECUT - INFO - sent aggregated weights to trainers!
2026-07-01 20:38:46,105 - METRIC - INFO - {"loss": 0.04854418709874153, "accuracy": 0.9831709265708923, "energy_consumption": 25765.230820251607, "selected": false, "client_name": "sta1"}
2026-07-01 20:38:46,112 - METRIC - INFO - {"loss": 0.0392804779112339, "accuracy": 0.9858012199401855, "energy_consumption": 25621.014996737493, "selected": false, "client_name": "sta0"}
2026-07-01 20:38:46,129 - METRIC - INFO - {"loss": 0.04625586047768593, "accuracy": 0.9826388955116272, "energy_consumption": 19906.89947180662, "selected": false, "client_name": "sta4"}
2026-07-01 20:38:46,184 - METRIC - INFO - {"loss": 0.04409318044781685, "accuracy": 0.9852473139762878, "energy_consumption": 25175.239664547338, "selected": false, "client_name": "sta3"}
2026-07-01 20:38:46,186 - METRIC - INFO - {"loss": 0.05226840823888779, "accuracy": 0.9802065491676331, "energy_consumption": 19028.00652555053, "selected": false, "client_name": "sta8"}
2026-07-01 20:38:46,186 - METRIC - INFO - {"loss": 0.04037979990243912, "accuracy": 0.9868420958518982, "energy_consumption": 25127.265584185527, "selected": false, "client_name": "sta2"}
2026-07-01 20:38:46,220 - METRIC - INFO - {"loss": 0.042062461376190186, "accuracy": 0.9847792983055115, "energy_consumption": 23062.835059259127, "selected": false, "client_name": "sta6"}
2026-07-01 20:38:46,240 - METRIC - INFO - {"loss": 0.03878486156463623, "accuracy": 0.9874494075775146, "energy_consumption": 20598.57653404779, "selected": false, "client_name": "sta10"}
2026-07-01 20:38:46,289 - METRIC - INFO - {"loss": 0.04592704400420189, "accuracy": 0.9840571880340576, "energy_consumption": 19842.290479867395, "selected": false, "client_name": "sta9"}
2026-07-01 20:38:46,318 - METRIC - INFO - {"loss": 0.03514360263943672, "accuracy": 0.9884887933731079, "energy_consumption": 14361.188375684389, "selected": false, "client_name": "sta7"}
2026-07-01 20:38:46,457 - METRIC - INFO - {"loss": 0.04653300344944, "accuracy": 0.9847878217697144, "energy_consumption": 15522.632123713272, "selected": false, "client_name": "sta5"}
2026-07-01 20:38:46,825 - METRIC - INFO - mean_accuracy: 0.9848608645525846

2026-07-01 20:38:46,825 - METRIC - INFO - round: 25
2026-07-01 20:38:46,825 - METRIC - INFO - n_selected: 6
2026-07-01 20:38:46,825 - METRIC - INFO - {"selected_trainers": ["sta10", "sta4", "sta5", "sta7", "sta8", "sta9"]}
2026-07-01 20:38:50,566 - EXECUT - INFO - received weights from trainer sta4!
2026-07-01 20:38:50,620 - EXECUT - INFO - received weights from trainer sta8!
2026-07-01 20:38:53,974 - EXECUT - INFO - received weights from trainer sta10!
2026-07-01 20:38:57,371 - EXECUT - INFO - received weights from trainer sta9!
2026-07-01 20:38:59,353 - EXECUT - INFO - received weights from trainer sta5!
2026-07-01 20:38:59,422 - EXECUT - INFO - received weights from trainer sta7!
2026-07-01 20:39:00,303 - EXECUT - INFO - sent aggregated weights to trainers!
2026-07-01 20:39:00,570 - METRIC - INFO - {"loss": 0.04794561117887497, "accuracy": 0.9831709265708923, "energy_consumption": 26603.611279544464, "selected": false, "client_name": "sta1"}
2026-07-01 20:39:00,579 - METRIC - INFO - {"loss": 0.039307087659835815, "accuracy": 0.9849898815155029, "energy_consumption": 26437.20295268104, "selected": false, "client_name": "sta0"}
2026-07-01 20:39:00,614 - METRIC - INFO - {"loss": 0.04494844377040863, "accuracy": 0.9833333492279053, "energy_consumption": 20711.44557192678, "selected": false, "client_name": "sta4"}
2026-07-01 20:39:00,624 - METRIC - INFO - {"loss": 0.039546702057123184, "accuracy": 0.9865735769271851, "energy_consumption": 25972.182842018596, "selected": false, "client_name": "sta2"}
2026-07-01 20:39:00,631 - METRIC - INFO - {"loss": 0.04383189231157303, "accuracy": 0.9855365753173828, "energy_consumption": 26242.02999843117, "selected": false, "client_name": "sta3"}
2026-07-01 20:39:00,653 - METRIC - INFO - {"loss": 0.05056142434477806, "accuracy": 0.9810671210289001, "energy_consumption": 19801.444112754092, "selected": false, "client_name": "sta8"}
2026-07-01 20:39:00,658 - METRIC - INFO - {"loss": 0.04139696806669235, "accuracy": 0.9847792983055115, "energy_consumption": 24086.690877155354, "selected": false, "client_name": "sta6"}
2026-07-01 20:39:00,707 - METRIC - INFO - {"loss": 0.0373070165514946, "accuracy": 0.986639678478241, "energy_consumption": 21242.101631914, "selected": false, "client_name": "sta10"}
2026-07-01 20:39:00,760 - METRIC - INFO - {"loss": 0.045558273792266846, "accuracy": 0.984606921672821, "energy_consumption": 20528.99261995519, "selected": false, "client_name": "sta9"}
2026-07-01 20:39:00,824 - METRIC - INFO - {"loss": 0.04678095132112503, "accuracy": 0.9845209717750549, "energy_consumption": 16126.151125893588, "selected": false, "client_name": "sta5"}
2026-07-01 20:39:00,915 - METRIC - INFO - {"loss": 0.034823592752218246, "accuracy": 0.9884887933731079, "energy_consumption": 14971.549063467077, "selected": false, "client_name": "sta7"}
2026-07-01 20:39:01,305 - METRIC - INFO - mean_accuracy: 0.9848824631084095

2026-07-01 20:39:01,305 - METRIC - INFO - round: 26
2026-07-01 20:39:01,305 - METRIC - INFO - n_selected: 6
2026-07-01 20:39:01,306 - METRIC - INFO - {"selected_trainers": ["sta10", "sta4", "sta5", "sta7", "sta8", "sta9"]}
2026-07-01 20:39:05,085 - EXECUT - INFO - received weights from trainer sta4!
2026-07-01 20:39:05,099 - EXECUT - INFO - received weights from trainer sta8!
2026-07-01 20:39:08,432 - EXECUT - INFO - received weights from trainer sta10!
2026-07-01 20:39:11,918 - EXECUT - INFO - received weights from trainer sta9!
2026-07-01 20:39:13,815 - EXECUT - INFO - received weights from trainer sta7!
2026-07-01 20:39:13,884 - EXECUT - INFO - received weights from trainer sta5!
2026-07-01 20:39:14,704 - EXECUT - INFO - sent aggregated weights to trainers!
2026-07-01 20:39:14,987 - METRIC - INFO - {"loss": 0.038975898176431656, "accuracy": 0.9866125583648682, "energy_consumption": 27573.82687837883, "selected": false, "client_name": "sta0"}
2026-07-01 20:39:14,993 - METRIC - INFO - {"loss": 0.047579120844602585, "accuracy": 0.9840567111968994, "energy_consumption": 27678.2413716474, "selected": false, "client_name": "sta1"}
2026-07-01 20:39:15,009 - METRIC - INFO - {"loss": 0.04431288316845894, "accuracy": 0.9840278029441833, "energy_consumption": 21404.012224180213, "selected": false, "client_name": "sta4"}
2026-07-01 20:39:15,030 - METRIC - INFO - {"loss": 0.042941074818372726, "accuracy": 0.9866936802864075, "energy_consumption": 27093.318271250093, "selected": false, "client_name": "sta3"}
2026-07-01 20:39:15,062 - METRIC - INFO - {"loss": 0.039250925183296204, "accuracy": 0.9868420958518982, "energy_consumption": 27048.57917590628, "selected": false, "client_name": "sta2"}
2026-07-01 20:39:15,083 - METRIC - INFO - {"loss": 0.04084445536136627, "accuracy": 0.98569256067276, "energy_consumption": 24812.829248217477, "selected": false, "client_name": "sta6"}
2026-07-01 20:39:15,116 - METRIC - INFO - {"loss": 0.03641582652926445, "accuracy": 0.9874494075775146, "energy_consumption": 22121.26273466314, "selected": false, "client_name": "sta10"}
2026-07-01 20:39:15,153 - METRIC - INFO - {"loss": 0.045617327094078064, "accuracy": 0.9840571880340576, "energy_consumption": 21362.741214262096, "selected": false, "client_name": "sta9"}
2026-07-01 20:39:15,176 - METRIC - INFO - {"loss": 0.05067618563771248, "accuracy": 0.9819276928901672, "energy_consumption": 20422.593068714326, "selected": false, "client_name": "sta8"}
2026-07-01 20:39:15,203 - METRIC - INFO - {"loss": 0.03390294685959816, "accuracy": 0.9887839555740356, "energy_consumption": 15388.748253566511, "selected": false, "client_name": "sta7"}
2026-07-01 20:39:15,230 - METRIC - INFO - {"loss": 0.0445474311709404, "accuracy": 0.985321581363678, "energy_consumption": 16655.060467552983, "selected": false, "client_name": "sta5"}
2026-07-01 20:39:15,706 - METRIC - INFO - mean_accuracy: 0.9855877486142245

2026-07-01 20:39:15,706 - METRIC - INFO - round: 27
2026-07-01 20:39:15,706 - METRIC - INFO - n_selected: 6
2026-07-01 20:39:15,706 - METRIC - INFO - {"selected_trainers": ["sta10", "sta4", "sta5", "sta7", "sta8", "sta9"]}
2026-07-01 20:39:19,463 - EXECUT - INFO - received weights from trainer sta4!
2026-07-01 20:39:19,508 - EXECUT - INFO - received weights from trainer sta8!
2026-07-01 20:39:22,894 - EXECUT - INFO - received weights from trainer sta10!
2026-07-01 20:39:26,258 - EXECUT - INFO - received weights from trainer sta9!
2026-07-01 20:39:28,238 - EXECUT - INFO - received weights from trainer sta5!
2026-07-01 20:39:28,290 - EXECUT - INFO - received weights from trainer sta7!
2026-07-01 20:39:29,188 - EXECUT - INFO - sent aggregated weights to trainers!
2026-07-01 20:39:29,491 - METRIC - INFO - {"loss": 0.038076501339673996, "accuracy": 0.9866125583648682, "energy_consumption": 28372.80689258432, "selected": false, "client_name": "sta0"}
2026-07-01 20:39:29,502 - METRIC - INFO - {"loss": 0.04645631089806557, "accuracy": 0.9849424362182617, "energy_consumption": 28509.84833936367, "selected": false, "client_name": "sta1"}
2026-07-01 20:39:29,528 - METRIC - INFO - {"loss": 0.04441678151488304, "accuracy": 0.9819444417953491, "energy_consumption": 22231.405127685077, "selected": false, "client_name": "sta4"}
2026-07-01 20:39:29,545 - METRIC - INFO - {"loss": 0.03818516805768013, "accuracy": 0.9876477122306824, "energy_consumption": 27973.847064310718, "selected": false, "client_name": "sta2"}
2026-07-01 20:39:29,561 - METRIC - INFO - {"loss": 0.0424877367913723, "accuracy": 0.9861151576042175, "energy_consumption": 28219.69385135517, "selected": false, "client_name": "sta3"}
2026-07-01 20:39:29,571 - METRIC - INFO - {"loss": 0.053426869213581085, "accuracy": 0.9810671210289001, "energy_consumption": 21175.709574426095, "selected": false, "client_name": "sta8"}
2026-07-01 20:39:29,580 - METRIC - INFO - {"loss": 0.04058368131518364, "accuracy": 0.98569256067276, "energy_consumption": 25677.634989667185, "selected": false, "client_name": "sta6"}
2026-07-01 20:39:29,631 - METRIC - INFO - {"loss": 0.036062248051166534, "accuracy": 0.9886639714241028, "energy_consumption": 22759.34860437575, "selected": false, "client_name": "sta10"}
2026-07-01 20:39:29,685 - METRIC - INFO - {"loss": 0.04617045074701309, "accuracy": 0.9832325577735901, "energy_consumption": 22140.931259664783, "selected": false, "client_name": "sta9"}
2026-07-01 20:39:29,711 - METRIC - INFO - {"loss": 0.044999442994594574, "accuracy": 0.9858553409576416, "energy_consumption": 17229.67863309446, "selected": false, "client_name": "sta5"}
2026-07-01 20:39:29,804 - METRIC - INFO - {"loss": 0.03388218581676483, "accuracy": 0.9893742799758911, "energy_consumption": 15900.459284262985, "selected": false, "client_name": "sta7"}
2026-07-01 20:39:30,191 - METRIC - INFO - mean_accuracy: 0.9855589216405695

2026-07-01 20:39:30,191 - METRIC - INFO - round: 28
2026-07-01 20:39:30,191 - METRIC - INFO - n_selected: 6
2026-07-01 20:39:30,191 - METRIC - INFO - {"selected_trainers": ["sta10", "sta4", "sta5", "sta7", "sta8", "sta9"]}
2026-07-01 20:39:33,955 - EXECUT - INFO - received weights from trainer sta4!
2026-07-01 20:39:33,988 - EXECUT - INFO - received weights from trainer sta8!
2026-07-01 20:39:37,327 - EXECUT - INFO - received weights from trainer sta10!
2026-07-01 20:39:40,790 - EXECUT - INFO - received weights from trainer sta9!
2026-07-01 20:39:42,698 - EXECUT - INFO - received weights from trainer sta5!
2026-07-01 20:39:50,930 - EXECUT - INFO - received weights from trainer sta7!
2026-07-01 20:39:51,659 - EXECUT - INFO - sent aggregated weights to trainers!
2026-07-01 20:39:51,929 - METRIC - INFO - {"loss": 0.03725030645728111, "accuracy": 0.9862068891525269, "energy_consumption": 29808.916237189573, "selected": false, "client_name": "sta0"}
2026-07-01 20:39:51,942 - METRIC - INFO - {"loss": 0.045326538383960724, "accuracy": 0.9849424362182617, "energy_consumption": 29933.690964292793, "selected": false, "client_name": "sta1"}
2026-07-01 20:39:51,989 - METRIC - INFO - {"loss": 0.04132356867194176, "accuracy": 0.9869829416275024, "energy_consumption": 29566.309857101463, "selected": false, "client_name": "sta3"}
2026-07-01 20:39:51,990 - METRIC - INFO - {"loss": 0.04278132691979408, "accuracy": 0.9840278029441833, "energy_consumption": 23327.303564952806, "selected": false, "client_name": "sta4"}
2026-07-01 20:39:51,995 - METRIC - INFO - {"loss": 0.0381690114736557, "accuracy": 0.9879162311553955, "energy_consumption": 29335.02403344305, "selected": false, "client_name": "sta2"}
2026-07-01 20:39:52,008 - METRIC - INFO - {"loss": 0.049930281937122345, "accuracy": 0.9827883243560791, "energy_consumption": 22148.156695278183, "selected": false, "client_name": "sta8"}
2026-07-01 20:39:52,011 - METRIC - INFO - {"loss": 0.03964075818657875, "accuracy": 0.9866057634353638, "energy_consumption": 26824.750825019564, "selected": false, "client_name": "sta6"}
2026-07-01 20:39:52,083 - METRIC - INFO - {"loss": 0.035858482122421265, "accuracy": 0.9890688061714172, "energy_consumption": 23939.817913605963, "selected": false, "client_name": "sta10"}
2026-07-01 20:39:52,121 - METRIC - INFO - {"loss": 0.04370640590786934, "accuracy": 0.9855884909629822, "energy_consumption": 18035.374805230455, "selected": false, "client_name": "sta5"}
2026-07-01 20:39:52,136 - METRIC - INFO - {"loss": 0.044087473303079605, "accuracy": 0.9854315519332886, "energy_consumption": 23249.98529759137, "selected": false, "client_name": "sta9"}
2026-07-01 20:39:52,183 - METRIC - INFO - {"loss": 0.033969756215810776, "accuracy": 0.9887839555740356, "energy_consumption": 16533.938328379136, "selected": false, "client_name": "sta7"}
2026-07-01 20:39:52,660 - METRIC - INFO - mean_accuracy: 0.9862130175937306

2026-07-01 20:39:52,660 - METRIC - INFO - round: 29
2026-07-01 20:39:52,660 - METRIC - INFO - n_selected: 6
2026-07-01 20:39:52,660 - METRIC - INFO - {"selected_trainers": ["sta10", "sta4", "sta5", "sta7", "sta8", "sta9"]}
2026-07-01 20:39:56,465 - EXECUT - INFO - received weights from trainer sta8!
2026-07-01 20:39:56,477 - EXECUT - INFO - received weights from trainer sta4!
2026-07-01 20:39:59,818 - EXECUT - INFO - received weights from trainer sta10!
2026-07-01 20:40:03,256 - EXECUT - INFO - received weights from trainer sta9!
2026-07-01 20:40:05,239 - EXECUT - INFO - received weights from trainer sta5!
2026-07-01 20:40:13,415 - EXECUT - INFO - received weights from trainer sta7!
2026-07-01 20:40:14,038 - EXECUT - INFO - sent aggregated weights to trainers!
2026-07-01 20:40:14,324 - METRIC - INFO - {"loss": 0.03690286725759506, "accuracy": 0.9866125583648682, "energy_consumption": 31291.89545346034, "selected": false, "client_name": "sta0"}
2026-07-01 20:40:14,326 - METRIC - INFO - {"loss": 0.044750940054655075, "accuracy": 0.9844995737075806, "energy_consumption": 31342.598446046355, "selected": false, "client_name": "sta1"}
2026-07-01 20:40:14,353 - METRIC - INFO - {"loss": 0.042215265333652496, "accuracy": 0.9819444417953491, "energy_consumption": 24410.233536915403, "selected": false, "client_name": "sta4"}
2026-07-01 20:40:14,409 - METRIC - INFO - {"loss": 0.05035077780485153, "accuracy": 0.9810671210289001, "energy_consumption": 23130.975487859425, "selected": false, "client_name": "sta8"}
2026-07-01 20:40:14,451 - METRIC - INFO - {"loss": 0.03512438386678696, "accuracy": 0.9886639714241028, "energy_consumption": 25303.703847474826, "selected": false, "client_name": "sta10"}
2026-07-01 20:40:14,475 - METRIC - INFO - {"loss": 0.04113258793950081, "accuracy": 0.9869829416275024, "energy_consumption": 30932.265650253077, "selected": false, "client_name": "sta3"}
2026-07-01 20:40:14,479 - METRIC - INFO - {"loss": 0.03893677145242691, "accuracy": 0.9873791337013245, "energy_consumption": 30816.415379942482, "selected": false, "client_name": "sta2"}
2026-07-01 20:40:14,494 - METRIC - INFO - {"loss": 0.04532773420214653, "accuracy": 0.984606921672821, "energy_consumption": 24330.39329211988, "selected": false, "client_name": "sta9"}
2026-07-01 20:40:14,503 - METRIC - INFO - {"loss": 0.03988618776202202, "accuracy": 0.9859969615936279, "energy_consumption": 28155.818551374883, "selected": false, "client_name": "sta6"}
2026-07-01 20:40:14,559 - METRIC - INFO - {"loss": 0.04300141707062721, "accuracy": 0.9861222505569458, "energy_consumption": 18872.008933899684, "selected": false, "client_name": "sta5"}
2026-07-01 20:40:14,751 - METRIC - INFO - {"loss": 0.0328197181224823, "accuracy": 0.9890791177749634, "energy_consumption": 17309.807126554813, "selected": false, "client_name": "sta7"}
2026-07-01 20:40:15,040 - METRIC - INFO - mean_accuracy: 0.9857231812043623

2026-07-01 20:40:15,040 - METRIC - INFO - round: 30
2026-07-01 20:40:15,040 - METRIC - INFO - n_selected: 6
2026-07-01 20:40:15,040 - METRIC - INFO - {"selected_trainers": ["sta10", "sta4", "sta5", "sta7", "sta8", "sta9"]}
2026-07-01 20:40:18,823 - EXECUT - INFO - received weights from trainer sta4!
2026-07-01 20:40:18,840 - EXECUT - INFO - received weights from trainer sta8!
2026-07-01 20:40:22,217 - EXECUT - INFO - received weights from trainer sta10!
2026-07-01 20:40:25,674 - EXECUT - INFO - received weights from trainer sta9!
2026-07-01 20:40:27,586 - EXECUT - INFO - received weights from trainer sta7!
2026-07-01 20:40:27,638 - EXECUT - INFO - received weights from trainer sta5!
2026-07-01 20:40:28,440 - EXECUT - INFO - sent aggregated weights to trainers!
2026-07-01 20:40:28,719 - METRIC - INFO - {"loss": 0.04449819400906563, "accuracy": 0.9849424362182617, "energy_consumption": 32245.75442950707, "selected": false, "client_name": "sta1"}
2026-07-01 20:40:28,735 - METRIC - INFO - {"loss": 0.03717571124434471, "accuracy": 0.9866125583648682, "energy_consumption": 32134.26079381344, "selected": false, "client_name": "sta0"}
2026-07-01 20:40:28,771 - METRIC - INFO - {"loss": 0.04092080146074295, "accuracy": 0.9864044189453125, "energy_consumption": 31950.67924212904, "selected": false, "client_name": "sta3"}
2026-07-01 20:40:28,772 - METRIC - INFO - {"loss": 0.0368272103369236, "accuracy": 0.9873791337013245, "energy_consumption": 31882.458290480972, "selected": false, "client_name": "sta2"}
2026-07-01 20:40:28,785 - METRIC - INFO - {"loss": 0.05018741637468338, "accuracy": 0.9810671210289001, "energy_consumption": 23746.14546216369, "selected": false, "client_name": "sta8"}
2026-07-01 20:40:28,798 - METRIC - INFO - {"loss": 0.038802068680524826, "accuracy": 0.9859969615936279, "energy_consumption": 28961.897950118102, "selected": false, "client_name": "sta6"}
2026-07-01 20:40:28,845 - METRIC - INFO - {"loss": 0.0364542081952095, "accuracy": 0.9886639714241028, "energy_consumption": 25976.330455349613, "selected": false, "client_name": "sta10"}
2026-07-01 20:40:28,866 - METRIC - INFO - {"loss": 0.04119328781962395, "accuracy": 0.9847221970558167, "energy_consumption": 25152.282004665605, "selected": false, "client_name": "sta4"}
2026-07-01 20:40:28,888 - METRIC - INFO - {"loss": 0.04538770765066147, "accuracy": 0.9840571880340576, "energy_consumption": 25003.168369075727, "selected": false, "client_name": "sta9"}
2026-07-01 20:40:28,960 - METRIC - INFO - {"loss": 0.042513612657785416, "accuracy": 0.9866560101509094, "energy_consumption": 19463.276548738435, "selected": false, "client_name": "sta5"}
2026-07-01 20:40:29,040 - METRIC - INFO - {"loss": 0.03267788887023926, "accuracy": 0.9893742799758911, "energy_consumption": 17725.39423224451, "selected": false, "client_name": "sta7"}
2026-07-01 20:40:29,441 - METRIC - INFO - mean_accuracy: 0.9859887524084612

2026-07-01 20:40:29,441 - METRIC - INFO - round: 31
2026-07-01 20:40:29,441 - METRIC - INFO - n_selected: 6
2026-07-01 20:40:29,441 - METRIC - INFO - {"selected_trainers": ["sta10", "sta4", "sta5", "sta7", "sta8", "sta9"]}
2026-07-01 20:40:33,220 - EXECUT - INFO - received weights from trainer sta4!
2026-07-01 20:40:33,230 - EXECUT - INFO - received weights from trainer sta8!
2026-07-01 20:40:36,586 - EXECUT - INFO - received weights from trainer sta10!
2026-07-01 20:40:40,001 - EXECUT - INFO - received weights from trainer sta9!
2026-07-01 20:40:42,034 - EXECUT - INFO - received weights from trainer sta7!
2026-07-01 20:40:42,048 - EXECUT - INFO - received weights from trainer sta5!
2026-07-01 20:40:42,838 - EXECUT - INFO - sent aggregated weights to trainers!
2026-07-01 20:40:43,133 - METRIC - INFO - {"loss": 0.036887943744659424, "accuracy": 0.9870182275772095, "energy_consumption": 33009.527696859775, "selected": false, "client_name": "sta0"}
2026-07-01 20:40:43,136 - METRIC - INFO - {"loss": 0.044012401252985, "accuracy": 0.9849424362182617, "energy_consumption": 33108.23139334132, "selected": false, "client_name": "sta1"}
2026-07-01 20:40:43,147 - METRIC - INFO - {"loss": 0.041268277913331985, "accuracy": 0.9826388955116272, "energy_consumption": 25840.00124706448, "selected": false, "client_name": "sta4"}
2026-07-01 20:40:43,175 - METRIC - INFO - {"loss": 0.04043978452682495, "accuracy": 0.9864044189453125, "energy_consumption": 32844.13979677082, "selected": false, "client_name": "sta3"}
2026-07-01 20:40:43,184 - METRIC - INFO - {"loss": 0.03868060186505318, "accuracy": 0.9863013625144958, "energy_consumption": 29921.732856130973, "selected": false, "client_name": "sta6"}
2026-07-01 20:40:43,185 - METRIC - INFO - {"loss": 0.03694790229201317, "accuracy": 0.9873791337013245, "energy_consumption": 32742.837512283382, "selected": false, "client_name": "sta2"}
2026-07-01 20:40:43,188 - METRIC - INFO - {"loss": 0.04862600192427635, "accuracy": 0.9810671210289001, "energy_consumption": 24553.890707863957, "selected": false, "client_name": "sta8"}
2026-07-01 20:40:43,248 - METRIC - INFO - {"loss": 0.036150671541690826, "accuracy": 0.9874494075775146, "energy_consumption": 26846.03552056198, "selected": false, "client_name": "sta10"}
2026-07-01 20:40:43,289 - METRIC - INFO - {"loss": 0.05417944863438606, "accuracy": 0.9813084006309509, "energy_consumption": 25812.11375319885, "selected": false, "client_name": "sta9"}
2026-07-01 20:40:43,388 - METRIC - INFO - {"loss": 0.04291132837533951, "accuracy": 0.9863891005516052, "energy_consumption": 20026.727876414192, "selected": false, "client_name": "sta5"}
2026-07-01 20:40:43,406 - METRIC - INFO - {"loss": 0.03238643705844879, "accuracy": 0.9896694421768188, "energy_consumption": 18285.310623043188, "selected": false, "client_name": "sta7"}
2026-07-01 20:40:43,840 - METRIC - INFO - mean_accuracy: 0.9855061769485474

2026-07-01 20:40:43,841 - METRIC - INFO - round: 32
2026-07-01 20:40:43,841 - METRIC - INFO - n_selected: 6
2026-07-01 20:40:43,841 - METRIC - INFO - {"selected_trainers": ["sta10", "sta4", "sta5", "sta7", "sta8", "sta9"]}
2026-07-01 20:40:47,644 - EXECUT - INFO - received weights from trainer sta8!
2026-07-01 20:40:49,081 - EXECUT - INFO - received weights from trainer sta4!
2026-07-01 20:40:51,002 - EXECUT - INFO - received weights from trainer sta10!
2026-07-01 20:40:54,440 - EXECUT - INFO - received weights from trainer sta9!
2026-07-01 20:40:56,395 - EXECUT - INFO - received weights from trainer sta5!
2026-07-01 20:40:56,414 - EXECUT - INFO - received weights from trainer sta7!
2026-07-01 20:40:57,196 - EXECUT - INFO - sent aggregated weights to trainers!
2026-07-01 20:40:57,479 - METRIC - INFO - {"loss": 0.03701448440551758, "accuracy": 0.9874239563941956, "energy_consumption": 34107.349137711426, "selected": false, "client_name": "sta0"}
2026-07-01 20:40:57,491 - METRIC - INFO - {"loss": 0.04045376926660538, "accuracy": 0.9840278029441833, "energy_consumption": 26552.758859417285, "selected": false, "client_name": "sta4"}
2026-07-01 20:40:57,520 - METRIC - INFO - {"loss": 0.040420036762952805, "accuracy": 0.9869829416275024, "energy_consumption": 33802.94637515967, "selected": false, "client_name": "sta3"}
2026-07-01 20:40:57,522 - METRIC - INFO - {"loss": 0.03758073225617409, "accuracy": 0.9871106147766113, "energy_consumption": 33777.13364881371, "selected": false, "client_name": "sta2"}
2026-07-01 20:40:57,535 - METRIC - INFO - {"loss": 0.05023042485117912, "accuracy": 0.9827883243560791, "energy_consumption": 25147.326258359084, "selected": false, "client_name": "sta8"}
2026-07-01 20:40:57,575 - METRIC - INFO - {"loss": 0.03934382274746895, "accuracy": 0.9872146248817444, "energy_consumption": 30799.67822738682, "selected": false, "client_name": "sta6"}
2026-07-01 20:40:57,583 - METRIC - INFO - {"loss": 0.0442751981317997, "accuracy": 0.9844995737075806, "energy_consumption": 34205.163842591355, "selected": false, "client_name": "sta1"}
2026-07-01 20:40:57,599 - METRIC - INFO - {"loss": 0.03405570611357689, "accuracy": 0.9886639714241028, "energy_consumption": 27529.781892902334, "selected": false, "client_name": "sta10"}
2026-07-01 20:40:57,640 - METRIC - INFO - {"loss": 0.04298832640051842, "accuracy": 0.9854315519332886, "energy_consumption": 26398.345779803065, "selected": false, "client_name": "sta9"}
2026-07-01 20:40:57,722 - METRIC - INFO - {"loss": 0.03208869695663452, "accuracy": 0.9887839555740356, "energy_consumption": 18740.957196584928, "selected": false, "client_name": "sta7"}
2026-07-01 20:40:57,842 - METRIC - INFO - {"loss": 0.04166213795542717, "accuracy": 0.9866560101509094, "energy_consumption": 20573.43647133037, "selected": false, "client_name": "sta5"}
2026-07-01 20:40:58,199 - METRIC - INFO - mean_accuracy: 0.9863257570700212

2026-07-01 20:40:58,199 - METRIC - INFO - round: 33
2026-07-01 20:40:58,199 - METRIC - INFO - n_selected: 6
2026-07-01 20:40:58,199 - METRIC - INFO - {"selected_trainers": ["sta10", "sta4", "sta5", "sta7", "sta8", "sta9"]}
2026-07-01 20:41:01,959 - EXECUT - INFO - received weights from trainer sta8!
2026-07-01 20:41:01,980 - EXECUT - INFO - received weights from trainer sta4!
2026-07-01 20:41:05,408 - EXECUT - INFO - received weights from trainer sta10!
2026-07-01 20:41:08,757 - EXECUT - INFO - received weights from trainer sta9!
2026-07-01 20:41:10,751 - EXECUT - INFO - received weights from trainer sta7!
2026-07-01 20:41:18,909 - EXECUT - INFO - received weights from trainer sta5!
2026-07-01 20:41:19,624 - EXECUT - INFO - sent aggregated weights to trainers!
2026-07-01 20:41:19,896 - METRIC - INFO - {"loss": 0.04245034232735634, "accuracy": 0.9871567487716675, "energy_consumption": 35603.451007102485, "selected": false, "client_name": "sta1"}
2026-07-01 20:41:19,906 - METRIC - INFO - {"loss": 0.035735346376895905, "accuracy": 0.9870182275772095, "energy_consumption": 35519.4203863477, "selected": false, "client_name": "sta0"}
2026-07-01 20:41:19,924 - METRIC - INFO - {"loss": 0.040731433779001236, "accuracy": 0.9847221970558167, "energy_consumption": 27625.39959351917, "selected": false, "client_name": "sta4"}
2026-07-01 20:41:19,943 - METRIC - INFO - {"loss": 0.03981946408748627, "accuracy": 0.9866936802864075, "energy_consumption": 35054.122250047825, "selected": false, "client_name": "sta3"}
2026-07-01 20:41:19,950 - METRIC - INFO - {"loss": 0.035672929137945175, "accuracy": 0.9881847500801086, "energy_consumption": 35137.63414566633, "selected": false, "client_name": "sta2"}
2026-07-01 20:41:19,990 - METRIC - INFO - {"loss": 0.047692444175481796, "accuracy": 0.9827883243560791, "energy_consumption": 26225.20368365717, "selected": false, "client_name": "sta8"}
2026-07-01 20:41:19,991 - METRIC - INFO - {"loss": 0.038070645183324814, "accuracy": 0.9866057634353638, "energy_consumption": 31888.53398982281, "selected": false, "client_name": "sta6"}
2026-07-01 20:41:20,093 - METRIC - INFO - {"loss": 0.03307391330599785, "accuracy": 0.9890791177749634, "energy_consumption": 19499.67404392415, "selected": false, "client_name": "sta7"}
2026-07-01 20:41:20,142 - METRIC - INFO - {"loss": 0.03397686779499054, "accuracy": 0.9886639714241028, "energy_consumption": 28633.687550415878, "selected": false, "client_name": "sta10"}
2026-07-01 20:41:20,162 - METRIC - INFO - {"loss": 0.04112216830253601, "accuracy": 0.9874566197395325, "energy_consumption": 21372.968927024038, "selected": false, "client_name": "sta5"}
2026-07-01 20:41:20,196 - METRIC - INFO - {"loss": 0.04298416152596474, "accuracy": 0.9862561821937561, "energy_consumption": 27522.071043608576, "selected": false, "client_name": "sta9"}
2026-07-01 20:41:20,627 - METRIC - INFO - mean_accuracy: 0.9867841438813643

2026-07-01 20:41:20,627 - METRIC - INFO - round: 34
2026-07-01 20:41:20,627 - METRIC - INFO - n_selected: 6
2026-07-01 20:41:20,627 - METRIC - INFO - {"selected_trainers": ["sta10", "sta4", "sta5", "sta7", "sta8", "sta9"]}
2026-07-01 20:41:24,417 - EXECUT - INFO - received weights from trainer sta4!
2026-07-01 20:41:24,427 - EXECUT - INFO - received weights from trainer sta8!
2026-07-01 20:41:27,805 - EXECUT - INFO - received weights from trainer sta10!
2026-07-01 20:41:31,186 - EXECUT - INFO - received weights from trainer sta9!
2026-07-01 20:41:33,144 - EXECUT - INFO - received weights from trainer sta5!
2026-07-01 20:41:33,294 - EXECUT - INFO - received weights from trainer sta7!
2026-07-01 20:41:33,997 - EXECUT - INFO - sent aggregated weights to trainers!
2026-07-01 20:41:34,280 - METRIC - INFO - {"loss": 0.042430419474840164, "accuracy": 0.9867138862609863, "energy_consumption": 36433.389993179706, "selected": false, "client_name": "sta1"}
2026-07-01 20:41:34,296 - METRIC - INFO - {"loss": 0.03939450532197952, "accuracy": 0.9826388955116272, "energy_consumption": 28316.83572403586, "selected": false, "client_name": "sta4"}
2026-07-01 20:41:34,322 - METRIC - INFO - {"loss": 0.03561730310320854, "accuracy": 0.9876477122306824, "energy_consumption": 35948.09141942433, "selected": false, "client_name": "sta2"}
2026-07-01 20:41:34,335 - METRIC - INFO - {"loss": 0.03950042650103569, "accuracy": 0.9864044189453125, "energy_consumption": 35927.82944149134, "selected": false, "client_name": "sta3"}
2026-07-01 20:41:34,341 - METRIC - INFO - {"loss": 0.0501665435731411, "accuracy": 0.9827883243560791, "energy_consumption": 26888.58248596758, "selected": false, "client_name": "sta8"}
2026-07-01 20:41:34,354 - METRIC - INFO - {"loss": 0.03792783245444298, "accuracy": 0.9863013625144958, "energy_consumption": 32765.120228184078, "selected": false, "client_name": "sta6"}
2026-07-01 20:41:34,391 - METRIC - INFO - {"loss": 0.03362812474370003, "accuracy": 0.9898785352706909, "energy_consumption": 29397.600236552527, "selected": false, "client_name": "sta10"}
2026-07-01 20:41:34,394 - METRIC - INFO - {"loss": 0.035496897995471954, "accuracy": 0.9878296256065369, "energy_consumption": 36571.53054358028, "selected": false, "client_name": "sta0"}
2026-07-01 20:41:34,457 - METRIC - INFO - {"loss": 0.042031846940517426, "accuracy": 0.985981285572052, "energy_consumption": 28286.223172621132, "selected": false, "client_name": "sta9"}
2026-07-01 20:41:34,522 - METRIC - INFO - {"loss": 0.0407593660056591, "accuracy": 0.9874566197395325, "energy_consumption": 21900.25564817138, "selected": false, "client_name": "sta5"}
2026-07-01 20:41:34,597 - METRIC - INFO - {"loss": 0.032228466123342514, "accuracy": 0.9887839555740356, "energy_consumption": 19992.267999878983, "selected": false, "client_name": "sta7"}
2026-07-01 20:41:34,999 - METRIC - INFO - mean_accuracy: 0.9865840565074574

2026-07-01 20:41:34,999 - METRIC - INFO - round: 35
2026-07-01 20:41:34,999 - METRIC - INFO - n_selected: 6
2026-07-01 20:41:34,999 - METRIC - INFO - {"selected_trainers": ["sta10", "sta4", "sta5", "sta7", "sta8", "sta9"]}
2026-07-01 20:41:38,792 - EXECUT - INFO - received weights from trainer sta4!
2026-07-01 20:41:38,812 - EXECUT - INFO - received weights from trainer sta8!
2026-07-01 20:41:42,183 - EXECUT - INFO - received weights from trainer sta10!
2026-07-01 20:41:45,566 - EXECUT - INFO - received weights from trainer sta9!
2026-07-01 20:41:47,514 - EXECUT - INFO - received weights from trainer sta7!
2026-07-01 20:41:47,566 - EXECUT - INFO - received weights from trainer sta5!
2026-07-01 20:41:48,376 - EXECUT - INFO - sent aggregated weights to trainers!
2026-07-01 20:41:48,649 - METRIC - INFO - {"loss": 0.041841622442007065, "accuracy": 0.985828161239624, "energy_consumption": 37387.336367634474, "selected": false, "client_name": "sta1"}
2026-07-01 20:41:48,673 - METRIC - INFO - {"loss": 0.035324785858392715, "accuracy": 0.9874239563941956, "energy_consumption": 37370.29584154514, "selected": false, "client_name": "sta0"}
2026-07-01 20:41:48,682 - METRIC - INFO - {"loss": 0.0391540452837944, "accuracy": 0.9833333492279053, "energy_consumption": 29160.493194225808, "selected": false, "client_name": "sta4"}
2026-07-01 20:41:48,705 - METRIC - INFO - {"loss": 0.03536916896700859, "accuracy": 0.9871106147766113, "energy_consumption": 37072.866250088315, "selected": false, "client_name": "sta2"}
2026-07-01 20:41:48,718 - METRIC - INFO - {"loss": 0.047283340245485306, "accuracy": 0.9827883243560791, "energy_consumption": 27544.497859071944, "selected": false, "client_name": "sta8"}
2026-07-01 20:41:48,726 - METRIC - INFO - {"loss": 0.039072003215551376, "accuracy": 0.9866936802864075, "energy_consumption": 37027.36831613467, "selected": false, "client_name": "sta3"}
2026-07-01 20:41:48,759 - METRIC - INFO - {"loss": 0.03762549161911011, "accuracy": 0.9863013625144958, "energy_consumption": 33644.74951629758, "selected": false, "client_name": "sta6"}
2026-07-01 20:41:48,781 - METRIC - INFO - {"loss": 0.03403441607952118, "accuracy": 0.9890688061714172, "energy_consumption": 30050.95618866543, "selected": false, "client_name": "sta10"}
2026-07-01 20:41:48,836 - METRIC - INFO - {"loss": 0.0422527939081192, "accuracy": 0.9854315519332886, "energy_consumption": 28943.23011264747, "selected": false, "client_name": "sta9"}
2026-07-01 20:41:48,842 - METRIC - INFO - {"loss": 0.041039396077394485, "accuracy": 0.9874566197395325, "energy_consumption": 22462.201470186243, "selected": false, "client_name": "sta5"}
2026-07-01 20:41:48,993 - METRIC - INFO - {"loss": 0.03128509595990181, "accuracy": 0.9893742799758911, "energy_consumption": 20543.649375587134, "selected": false, "client_name": "sta7"}
2026-07-01 20:41:49,379 - METRIC - INFO - mean_accuracy: 0.9864373369650408

2026-07-01 20:41:49,379 - METRIC - INFO - round: 36
2026-07-01 20:41:49,379 - METRIC - INFO - n_selected: 6
2026-07-01 20:41:49,379 - METRIC - INFO - {"selected_trainers": ["sta10", "sta4", "sta5", "sta7", "sta8", "sta9"]}
2026-07-01 20:41:53,153 - EXECUT - INFO - received weights from trainer sta4!
2026-07-01 20:41:53,197 - EXECUT - INFO - received weights from trainer sta8!
2026-07-01 20:41:56,547 - EXECUT - INFO - received weights from trainer sta10!
2026-07-01 20:42:01,921 - EXECUT - INFO - received weights from trainer sta5!
2026-07-01 20:42:01,937 - EXECUT - INFO - received weights from trainer sta7!
2026-07-01 20:42:10,153 - EXECUT - INFO - received weights from trainer sta9!
2026-07-01 20:42:10,909 - EXECUT - INFO - sent aggregated weights to trainers!
2026-07-01 20:42:11,193 - METRIC - INFO - {"loss": 0.041601430624723434, "accuracy": 0.9862710237503052, "energy_consumption": 38799.39475971295, "selected": false, "client_name": "sta1"}
2026-07-01 20:42:11,195 - METRIC - INFO - {"loss": 0.03497844189405441, "accuracy": 0.9882352948188782, "energy_consumption": 38839.804955123414, "selected": false, "client_name": "sta0"}
2026-07-01 20:42:11,217 - METRIC - INFO - {"loss": 0.03901602327823639, "accuracy": 0.9840278029441833, "energy_consumption": 30228.36024679716, "selected": false, "client_name": "sta4"}
2026-07-01 20:42:11,239 - METRIC - INFO - {"loss": 0.03871144354343414, "accuracy": 0.9875614643096924, "energy_consumption": 38502.21787848626, "selected": false, "client_name": "sta3"}
2026-07-01 20:42:11,251 - METRIC - INFO - {"loss": 0.048099346458911896, "accuracy": 0.9819276928901672, "energy_consumption": 28549.124672022586, "selected": false, "client_name": "sta8"}
2026-07-01 20:42:11,252 - METRIC - INFO - {"loss": 0.03553024306893349, "accuracy": 0.9876477122306824, "energy_consumption": 38603.281483533996, "selected": false, "client_name": "sta2"}
2026-07-01 20:42:11,296 - METRIC - INFO - {"loss": 0.03765286132693291, "accuracy": 0.9869102239608765, "energy_consumption": 34928.45966229451, "selected": false, "client_name": "sta6"}
2026-07-01 20:42:11,331 - METRIC - INFO - {"loss": 0.0334571935236454, "accuracy": 0.9890688061714172, "energy_consumption": 31190.04056126755, "selected": false, "client_name": "sta10"}
2026-07-01 20:42:11,346 - METRIC - INFO - {"loss": 0.04184002801775932, "accuracy": 0.9874566197395325, "energy_consumption": 23278.558535027005, "selected": false, "client_name": "sta5"}
2026-07-01 20:42:11,378 - METRIC - INFO - {"loss": 0.042131178081035614, "accuracy": 0.9854315519332886, "energy_consumption": 29982.485945017746, "selected": false, "client_name": "sta9"}
2026-07-01 20:42:11,402 - METRIC - INFO - {"loss": 0.032628197222948074, "accuracy": 0.9899646043777466, "energy_consumption": 21304.977438196274, "selected": false, "client_name": "sta7"}
2026-07-01 20:42:11,910 - METRIC - INFO - mean_accuracy: 0.9867729815569791

2026-07-01 20:42:11,910 - METRIC - INFO - round: 37
2026-07-01 20:42:11,910 - METRIC - INFO - n_selected: 6
2026-07-01 20:42:11,910 - METRIC - INFO - {"selected_trainers": ["sta10", "sta4", "sta5", "sta7", "sta8", "sta9"]}
2026-07-01 20:42:15,694 - EXECUT - INFO - received weights from trainer sta4!
2026-07-01 20:42:15,716 - EXECUT - INFO - received weights from trainer sta8!
2026-07-01 20:42:19,028 - EXECUT - INFO - received weights from trainer sta10!
2026-07-01 20:42:22,505 - EXECUT - INFO - received weights from trainer sta9!
2026-07-01 20:42:24,460 - EXECUT - INFO - received weights from trainer sta5!
2026-07-01 20:42:24,482 - EXECUT - INFO - received weights from trainer sta7!
2026-07-01 20:42:25,347 - EXECUT - INFO - sent aggregated weights to trainers!
2026-07-01 20:42:25,633 - METRIC - INFO - {"loss": 0.04126448929309845, "accuracy": 0.9867138862609863, "energy_consumption": 39736.62560342969, "selected": false, "client_name": "sta1"}
2026-07-01 20:42:25,636 - METRIC - INFO - {"loss": 0.03510803356766701, "accuracy": 0.9878296256065369, "energy_consumption": 39829.50085294552, "selected": false, "client_name": "sta0"}
2026-07-01 20:42:25,646 - METRIC - INFO - {"loss": 0.03814389929175377, "accuracy": 0.9847221970558167, "energy_consumption": 30906.135573029915, "selected": false, "client_name": "sta4"}
2026-07-01 20:42:25,696 - METRIC - INFO - {"loss": 0.03546131029725075, "accuracy": 0.9871106147766113, "energy_consumption": 39649.735238223584, "selected": false, "client_name": "sta2"}
2026-07-01 20:42:25,698 - METRIC - INFO - {"loss": 0.03866105154156685, "accuracy": 0.9872722029685974, "energy_consumption": 39380.6231140504, "selected": false, "client_name": "sta3"}
2026-07-01 20:42:25,714 - METRIC - INFO - {"loss": 0.04677901417016983, "accuracy": 0.9827883243560791, "energy_consumption": 29276.06409225319, "selected": false, "client_name": "sta8"}
2026-07-01 20:42:25,721 - METRIC - INFO - {"loss": 0.0374804250895977, "accuracy": 0.9869102239608765, "energy_consumption": 35637.30057894868, "selected": false, "client_name": "sta6"}
2026-07-01 20:42:25,756 - METRIC - INFO - {"loss": 0.032221075147390366, "accuracy": 0.9890688061714172, "energy_consumption": 32026.990984819677, "selected": false, "client_name": "sta10"}
2026-07-01 20:42:25,809 - METRIC - INFO - {"loss": 0.04187692329287529, "accuracy": 0.985981285572052, "energy_consumption": 30801.700611009557, "selected": false, "client_name": "sta9"}
2026-07-01 20:42:25,812 - METRIC - INFO - {"loss": 0.040135275572538376, "accuracy": 0.9874566197395325, "energy_consumption": 23762.85962969141, "selected": false, "client_name": "sta5"}
2026-07-01 20:42:25,848 - METRIC - INFO - {"loss": 0.030504941940307617, "accuracy": 0.9896694421768188, "energy_consumption": 21771.6061997455, "selected": false, "client_name": "sta7"}
2026-07-01 20:42:26,349 - METRIC - INFO - mean_accuracy: 0.9868657480586659

2026-07-01 20:42:26,349 - METRIC - INFO - round: 38
2026-07-01 20:42:26,349 - METRIC - INFO - n_selected: 6
2026-07-01 20:42:26,349 - METRIC - INFO - {"selected_trainers": ["sta10", "sta4", "sta5", "sta7", "sta8", "sta9"]}
2026-07-01 20:42:30,113 - EXECUT - INFO - received weights from trainer sta4!
2026-07-01 20:42:31,704 - EXECUT - INFO - received weights from trainer sta8!
2026-07-01 20:42:33,517 - EXECUT - INFO - received weights from trainer sta10!
2026-07-01 20:42:36,889 - EXECUT - INFO - received weights from trainer sta9!
2026-07-01 20:42:38,889 - EXECUT - INFO - received weights from trainer sta5!
2026-07-01 20:42:38,962 - EXECUT - INFO - received weights from trainer sta7!
2026-07-01 20:42:39,689 - EXECUT - INFO - sent aggregated weights to trainers!
2026-07-01 20:42:39,968 - METRIC - INFO - {"loss": 0.04103154316544533, "accuracy": 0.9871567487716675, "energy_consumption": 40582.934928684335, "selected": false, "client_name": "sta1"}
2026-07-01 20:42:39,979 - METRIC - INFO - {"loss": 0.0347541905939579, "accuracy": 0.9882352948188782, "energy_consumption": 40636.27766336792, "selected": false, "client_name": "sta0"}
2026-07-01 20:42:39,990 - METRIC - INFO - {"loss": 0.037929508835077286, "accuracy": 0.9833333492279053, "energy_consumption": 31703.82763555776, "selected": false, "client_name": "sta4"}
2026-07-01 20:42:40,020 - METRIC - INFO - {"loss": 0.038370244204998016, "accuracy": 0.9872722029685974, "energy_consumption": 40431.0485367789, "selected": false, "client_name": "sta3"}
2026-07-01 20:42:40,042 - METRIC - INFO - {"loss": 0.04903106391429901, "accuracy": 0.9819276928901672, "energy_consumption": 30020.53324176335, "selected": false, "client_name": "sta8"}
2026-07-01 20:42:40,052 - METRIC - INFO - {"loss": 0.03477909788489342, "accuracy": 0.9879162311553955, "energy_consumption": 40578.49263435667, "selected": false, "client_name": "sta2"}
2026-07-01 20:42:40,076 - METRIC - INFO - {"loss": 0.03708663955330849, "accuracy": 0.9866057634353638, "energy_consumption": 36469.1079247695, "selected": false, "client_name": "sta6"}
2026-07-01 20:42:40,102 - METRIC - INFO - {"loss": 0.032850831747055054, "accuracy": 0.9894737005233765, "energy_consumption": 32701.73793940232, "selected": false, "client_name": "sta10"}
2026-07-01 20:42:40,152 - METRIC - INFO - {"loss": 0.04183978587388992, "accuracy": 0.9857064485549927, "energy_consumption": 31440.339906196285, "selected": false, "client_name": "sta9"}
2026-07-01 20:42:40,195 - METRIC - INFO - {"loss": 0.030896691605448723, "accuracy": 0.9896694421768188, "energy_consumption": 22298.663677039258, "selected": false, "client_name": "sta7"}
2026-07-01 20:42:40,203 - METRIC - INFO - {"loss": 0.04015098139643669, "accuracy": 0.9877235293388367, "energy_consumption": 24306.483541099387, "selected": false, "client_name": "sta5"}
2026-07-01 20:42:40,692 - METRIC - INFO - mean_accuracy: 0.9868200367147272

2026-07-01 20:42:40,692 - METRIC - INFO - round: 39
2026-07-01 20:42:40,692 - METRIC - INFO - n_selected: 6
2026-07-01 20:42:40,692 - METRIC - INFO - {"selected_trainers": ["sta10", "sta4", "sta5", "sta7", "sta8", "sta9"]}
2026-07-01 20:42:44,468 - EXECUT - INFO - received weights from trainer sta4!
2026-07-01 20:42:44,500 - EXECUT - INFO - received weights from trainer sta8!
2026-07-01 20:42:47,885 - EXECUT - INFO - received weights from trainer sta10!
2026-07-01 20:42:51,379 - EXECUT - INFO - received weights from trainer sta9!
2026-07-01 20:42:53,195 - EXECUT - INFO - received weights from trainer sta7!
2026-07-01 20:42:53,284 - EXECUT - INFO - received weights from trainer sta5!
2026-07-01 20:42:54,148 - EXECUT - INFO - sent aggregated weights to trainers!
2026-07-01 20:42:54,445 - METRIC - INFO - {"loss": 0.03497583791613579, "accuracy": 0.9878296256065369, "energy_consumption": 41599.26590732881, "selected": false, "client_name": "sta0"}
2026-07-01 20:42:54,449 - METRIC - INFO - {"loss": 0.04066944867372513, "accuracy": 0.9871567487716675, "energy_consumption": 41610.42534253231, "selected": false, "client_name": "sta1"}
2026-07-01 20:42:54,485 - METRIC - INFO - {"loss": 0.03859693929553032, "accuracy": 0.9854166507720947, "energy_consumption": 32352.966984819974, "selected": false, "client_name": "sta4"}
2026-07-01 20:42:54,526 - METRIC - INFO - {"loss": 0.04539864882826805, "accuracy": 0.9836488962173462, "energy_consumption": 30685.2276353732, "selected": false, "client_name": "sta8"}
2026-07-01 20:42:54,533 - METRIC - INFO - {"loss": 0.03837861493229866, "accuracy": 0.9875614643096924, "energy_consumption": 41490.85716418137, "selected": false, "client_name": "sta3"}
2026-07-01 20:42:54,536 - METRIC - INFO - {"loss": 0.03485114872455597, "accuracy": 0.9884532690048218, "energy_consumption": 41560.437876549404, "selected": false, "client_name": "sta2"}
2026-07-01 20:42:54,552 - METRIC - INFO - {"loss": 0.03713742271065712, "accuracy": 0.9872146248817444, "energy_consumption": 37197.76238810434, "selected": false, "client_name": "sta6"}
2026-07-01 20:42:54,595 - METRIC - INFO - {"loss": 0.03464765101671219, "accuracy": 0.9874494075775146, "energy_consumption": 33557.114733818875, "selected": false, "client_name": "sta10"}
2026-07-01 20:42:54,612 - METRIC - INFO - {"loss": 0.04043189808726311, "accuracy": 0.987189769744873, "energy_consumption": 24810.059342837914, "selected": false, "client_name": "sta5"}
2026-07-01 20:42:54,634 - METRIC - INFO - {"loss": 0.041707105934619904, "accuracy": 0.9857064485549927, "energy_consumption": 32296.45419237968, "selected": false, "client_name": "sta9"}
2026-07-01 20:42:54,654 - METRIC - INFO - {"loss": 0.030372869223356247, "accuracy": 0.9893742799758911, "energy_consumption": 22732.345188305208, "selected": false, "client_name": "sta7"}
2026-07-01 20:42:55,151 - METRIC - INFO - mean_accuracy: 0.9870001077651978

2026-07-01 20:42:55,151 - METRIC - INFO - round: 40
2026-07-01 20:42:55,151 - METRIC - INFO - n_selected: 6
2026-07-01 20:42:55,151 - METRIC - INFO - {"selected_trainers": ["sta10", "sta4", "sta5", "sta7", "sta8", "sta9"]}
2026-07-01 20:42:58,920 - EXECUT - INFO - received weights from trainer sta4!
2026-07-01 20:42:59,007 - EXECUT - INFO - received weights from trainer sta8!
2026-07-01 20:43:02,326 - EXECUT - INFO - received weights from trainer sta10!
2026-07-01 20:43:05,720 - EXECUT - INFO - received weights from trainer sta9!
2026-07-01 20:43:07,702 - EXECUT - INFO - received weights from trainer sta7!
2026-07-01 20:43:07,715 - EXECUT - INFO - received weights from trainer sta5!
2026-07-01 20:43:08,528 - EXECUT - INFO - sent aggregated weights to trainers!
2026-07-01 20:43:08,831 - METRIC - INFO - {"loss": 0.034478869289159775, "accuracy": 0.9878296256065369, "energy_consumption": 42377.45709340087, "selected": false, "client_name": "sta0"}
2026-07-01 20:43:08,833 - METRIC - INFO - {"loss": 0.04043451324105263, "accuracy": 0.9871567487716675, "energy_consumption": 42458.73405535615, "selected": false, "client_name": "sta1"}
2026-07-01 20:43:08,849 - METRIC - INFO - {"loss": 0.0374767929315567, "accuracy": 0.9847221970558167, "energy_consumption": 33068.84600861203, "selected": false, "client_name": "sta4"}
2026-07-01 20:43:08,898 - METRIC - INFO - {"loss": 0.03417680412530899, "accuracy": 0.9881847500801086, "energy_consumption": 42299.15488560585, "selected": false, "client_name": "sta2"}
2026-07-01 20:43:08,902 - METRIC - INFO - {"loss": 0.03813576698303223, "accuracy": 0.9875614643096924, "energy_consumption": 42294.07896568679, "selected": false, "client_name": "sta3"}
2026-07-01 20:43:08,919 - METRIC - INFO - {"loss": 0.03705626353621483, "accuracy": 0.9863013625144958, "energy_consumption": 38136.99544634389, "selected": false, "client_name": "sta6"}
2026-07-01 20:43:08,966 - METRIC - INFO - {"loss": 0.032111406326293945, "accuracy": 0.9890688061714172, "energy_consumption": 34206.56484425329, "selected": false, "client_name": "sta10"}
2026-07-01 20:43:09,019 - METRIC - INFO - {"loss": 0.041810572147369385, "accuracy": 0.9862561821937561, "energy_consumption": 33082.51757972194, "selected": false, "client_name": "sta9"}
2026-07-01 20:43:09,023 - METRIC - INFO - {"loss": 0.05570541322231293, "accuracy": 0.9836488962173462, "energy_consumption": 31475.173508694665, "selected": false, "client_name": "sta8"}
2026-07-01 20:43:09,055 - METRIC - INFO - {"loss": 0.0304244551807642, "accuracy": 0.9896694421768188, "energy_consumption": 23297.721318959764, "selected": false, "client_name": "sta7"}
2026-07-01 20:43:09,070 - METRIC - INFO - {"loss": 0.04051479697227478, "accuracy": 0.9869228601455688, "energy_consumption": 25399.682619404815, "selected": false, "client_name": "sta5"}
2026-07-01 20:43:09,529 - METRIC - INFO - mean_accuracy: 0.9870293032039296

2026-07-01 20:43:09,529 - METRIC - INFO - round: 41
2026-07-01 20:43:09,529 - METRIC - INFO - n_selected: 6
2026-07-01 20:43:09,529 - METRIC - INFO - {"selected_trainers": ["sta10", "sta4", "sta5", "sta7", "sta8", "sta9"]}
2026-07-01 20:43:13,313 - EXECUT - INFO - received weights from trainer sta8!
2026-07-01 20:43:14,770 - EXECUT - INFO - received weights from trainer sta4!
2026-07-01 20:43:16,682 - EXECUT - INFO - received weights from trainer sta10!
2026-07-01 20:43:20,134 - EXECUT - INFO - received weights from trainer sta9!
2026-07-01 20:43:22,105 - EXECUT - INFO - received weights from trainer sta5!
2026-07-01 20:43:22,115 - EXECUT - INFO - received weights from trainer sta7!
2026-07-01 20:43:22,881 - EXECUT - INFO - sent aggregated weights to trainers!
2026-07-01 20:43:23,160 - METRIC - INFO - {"loss": 0.0401698537170887, "accuracy": 0.9867138862609863, "energy_consumption": 43549.19721433751, "selected": false, "client_name": "sta1"}
2026-07-01 20:43:23,202 - METRIC - INFO - {"loss": 0.03462909907102585, "accuracy": 0.9882352948188782, "energy_consumption": 43366.61502901122, "selected": false, "client_name": "sta0"}
2026-07-01 20:43:23,202 - METRIC - INFO - {"loss": 0.03733063116669655, "accuracy": 0.9847221970558167, "energy_consumption": 33723.81347107323, "selected": false, "client_name": "sta4"}
2026-07-01 20:43:23,222 - METRIC - INFO - {"loss": 0.037861377000808716, "accuracy": 0.9875614643096924, "energy_consumption": 43406.2469629115, "selected": false, "client_name": "sta3"}
2026-07-01 20:43:23,239 - METRIC - INFO - {"loss": 0.034595318138599396, "accuracy": 0.9879162311553955, "energy_consumption": 43368.74692418061, "selected": false, "client_name": "sta2"}
2026-07-01 20:43:23,243 - METRIC - INFO - {"loss": 0.047139279544353485, "accuracy": 0.9845094680786133, "energy_consumption": 32093.045504649243, "selected": false, "client_name": "sta8"}
2026-07-01 20:43:23,274 - METRIC - INFO - {"loss": 0.03680576756596565, "accuracy": 0.9866057634353638, "energy_consumption": 38797.40409678859, "selected": false, "client_name": "sta6"}
2026-07-01 20:43:23,303 - METRIC - INFO - {"loss": 0.031899116933345795, "accuracy": 0.9894737005233765, "energy_consumption": 35086.216821520815, "selected": false, "client_name": "sta10"}
2026-07-01 20:43:23,335 - METRIC - INFO - {"loss": 0.03947398066520691, "accuracy": 0.9879903793334961, "energy_consumption": 25880.45456633902, "selected": false, "client_name": "sta5"}
2026-07-01 20:43:23,346 - METRIC - INFO - {"loss": 0.04161718860268593, "accuracy": 0.9865310788154602, "energy_consumption": 33796.470701311024, "selected": false, "client_name": "sta9"}
2026-07-01 20:43:23,526 - METRIC - INFO - {"loss": 0.030643803998827934, "accuracy": 0.9902597665786743, "energy_consumption": 23683.076846063163, "selected": false, "client_name": "sta7"}
2026-07-01 20:43:23,883 - METRIC - INFO - mean_accuracy: 0.9873199300332502

2026-07-01 20:43:23,883 - METRIC - INFO - round: 42
2026-07-01 20:43:23,883 - METRIC - INFO - n_selected: 6
2026-07-01 20:43:23,883 - METRIC - INFO - {"selected_trainers": ["sta10", "sta4", "sta5", "sta7", "sta8", "sta9"]}
2026-07-01 20:43:27,676 - EXECUT - INFO - received weights from trainer sta4!
2026-07-01 20:43:27,692 - EXECUT - INFO - received weights from trainer sta8!
2026-07-01 20:43:31,042 - EXECUT - INFO - received weights from trainer sta10!
2026-07-01 20:43:34,499 - EXECUT - INFO - received weights from trainer sta9!
2026-07-01 20:43:36,474 - EXECUT - INFO - received weights from trainer sta5!
2026-07-01 20:43:36,487 - EXECUT - INFO - received weights from trainer sta7!
2026-07-01 20:43:37,369 - EXECUT - INFO - sent aggregated weights to trainers!
2026-07-01 20:43:37,667 - METRIC - INFO - {"loss": 0.039786193519830704, "accuracy": 0.9880425333976746, "energy_consumption": 44322.48937814056, "selected": false, "client_name": "sta1"}
2026-07-01 20:43:37,675 - METRIC - INFO - {"loss": 0.034537423402071, "accuracy": 0.9878296256065369, "energy_consumption": 44157.69152006569, "selected": false, "client_name": "sta0"}
2026-07-01 20:43:37,751 - METRIC - INFO - {"loss": 0.046718258410692215, "accuracy": 0.9836488962173462, "energy_consumption": 32924.51549813153, "selected": false, "client_name": "sta8"}
2026-07-01 20:43:37,813 - METRIC - INFO - {"loss": 0.032137442380189896, "accuracy": 0.9894737005233765, "energy_consumption": 35892.53793728008, "selected": false, "client_name": "sta10"}
2026-07-01 20:43:37,822 - METRIC - INFO - {"loss": 0.036757923662662506, "accuracy": 0.9861111044883728, "energy_consumption": 34522.83875085278, "selected": false, "client_name": "sta4"}
2026-07-01 20:43:37,842 - METRIC - INFO - {"loss": 0.03972822055220604, "accuracy": 0.9877235293388367, "energy_consumption": 26494.63037152512, "selected": false, "client_name": "sta5"}
2026-07-01 20:43:37,844 - METRIC - INFO - {"loss": 0.037937507033348083, "accuracy": 0.9878507256507874, "energy_consumption": 44136.23596567185, "selected": false, "client_name": "sta3"}
2026-07-01 20:43:37,848 - METRIC - INFO - {"loss": 0.03226207196712494, "accuracy": 0.9890791177749634, "energy_consumption": 24259.842168553234, "selected": false, "client_name": "sta7"}
2026-07-01 20:43:37,854 - METRIC - INFO - {"loss": 0.033348601311445236, "accuracy": 0.988990306854248, "energy_consumption": 44064.695502694536, "selected": false, "client_name": "sta2"}
2026-07-01 20:43:37,857 - METRIC - INFO - {"loss": 0.04249441996216774, "accuracy": 0.9865310788154602, "energy_consumption": 34601.130549881564, "selected": false, "client_name": "sta9"}
2026-07-01 20:43:37,890 - METRIC - INFO - {"loss": 0.036444421857595444, "accuracy": 0.9869102239608765, "energy_consumption": 39743.68298723532, "selected": false, "client_name": "sta6"}
2026-07-01 20:43:38,371 - METRIC - INFO - mean_accuracy: 0.9874718947844072

2026-07-01 20:43:38,371 - METRIC - INFO - round: 43
2026-07-01 20:43:38,371 - METRIC - INFO - n_selected: 6
2026-07-01 20:43:38,371 - METRIC - INFO - {"selected_trainers": ["sta10", "sta4", "sta5", "sta7", "sta8", "sta9"]}
2026-07-01 20:43:42,164 - EXECUT - INFO - received weights from trainer sta8!
2026-07-01 20:43:42,174 - EXECUT - INFO - received weights from trainer sta4!
2026-07-01 20:43:45,576 - EXECUT - INFO - received weights from trainer sta10!
2026-07-01 20:43:50,860 - EXECUT - INFO - received weights from trainer sta5!
2026-07-01 20:43:59,118 - EXECUT - INFO - received weights from trainer sta7!
2026-07-01 20:43:59,132 - EXECUT - INFO - received weights from trainer sta9!
2026-07-01 20:43:59,744 - EXECUT - INFO - sent aggregated weights to trainers!
2026-07-01 20:44:00,006 - METRIC - INFO - {"loss": 0.03980354964733124, "accuracy": 0.9871567487716675, "energy_consumption": 45808.81791226941, "selected": false, "client_name": "sta1"}
2026-07-01 20:44:00,025 - METRIC - INFO - {"loss": 0.03431916981935501, "accuracy": 0.9882352948188782, "energy_consumption": 45589.63127457068, "selected": false, "client_name": "sta0"}
2026-07-01 20:44:00,059 - METRIC - INFO - {"loss": 0.03699464350938797, "accuracy": 0.9854166507720947, "energy_consumption": 35526.825566112, "selected": false, "client_name": "sta4"}
2026-07-01 20:44:00,065 - METRIC - INFO - {"loss": 0.03756006434559822, "accuracy": 0.9875614643096924, "energy_consumption": 45478.70723646859, "selected": false, "client_name": "sta3"}
2026-07-01 20:44:00,080 - METRIC - INFO - {"loss": 0.03336995467543602, "accuracy": 0.9884532690048218, "energy_consumption": 45444.98616444002, "selected": false, "client_name": "sta2"}
2026-07-01 20:44:00,082 - METRIC - INFO - {"loss": 0.036415424197912216, "accuracy": 0.9866057634353638, "energy_consumption": 40949.403941778626, "selected": false, "client_name": "sta6"}
2026-07-01 20:44:00,082 - METRIC - INFO - {"loss": 0.04476448893547058, "accuracy": 0.9853700399398804, "energy_consumption": 33978.04862832211, "selected": false, "client_name": "sta8"}
2026-07-01 20:44:00,149 - METRIC - INFO - {"loss": 0.03208446875214577, "accuracy": 0.9898785352706909, "energy_consumption": 37003.20393672408, "selected": false, "client_name": "sta10"}
2026-07-01 20:44:00,196 - METRIC - INFO - {"loss": 0.0412118099629879, "accuracy": 0.9862561821937561, "energy_consumption": 35683.47775860195, "selected": false, "client_name": "sta9"}
2026-07-01 20:44:00,240 - METRIC - INFO - {"loss": 0.030251601710915565, "accuracy": 0.9896694421768188, "energy_consumption": 24995.940071122426, "selected": false, "client_name": "sta7"}
2026-07-01 20:44:00,271 - METRIC - INFO - {"loss": 0.03994350507855415, "accuracy": 0.987189769744873, "energy_consumption": 27240.095648392813, "selected": false, "client_name": "sta5"}
2026-07-01 20:44:00,745 - METRIC - INFO - mean_accuracy: 0.9874357418580488

2026-07-01 20:44:00,745 - METRIC - INFO - round: 44
2026-07-01 20:44:00,745 - METRIC - INFO - n_selected: 6
2026-07-01 20:44:00,745 - METRIC - INFO - {"selected_trainers": ["sta10", "sta4", "sta5", "sta7", "sta8", "sta9"]}
2026-07-01 20:44:04,535 - EXECUT - INFO - received weights from trainer sta4!
2026-07-01 20:44:04,545 - EXECUT - INFO - received weights from trainer sta8!
2026-07-01 20:44:07,902 - EXECUT - INFO - received weights from trainer sta10!
2026-07-01 20:44:11,305 - EXECUT - INFO - received weights from trainer sta9!
2026-07-01 20:44:13,289 - EXECUT - INFO - received weights from trainer sta5!
2026-07-01 20:44:13,355 - EXECUT - INFO - received weights from trainer sta7!
2026-07-01 20:44:14,158 - EXECUT - INFO - sent aggregated weights to trainers!
2026-07-01 20:44:14,450 - METRIC - INFO - {"loss": 0.03942859545350075, "accuracy": 0.9871567487716675, "energy_consumption": 46873.6681888445, "selected": false, "client_name": "sta1"}
2026-07-01 20:44:14,457 - METRIC - INFO - {"loss": 0.03438858687877655, "accuracy": 0.9882352948188782, "energy_consumption": 46573.457607526696, "selected": false, "client_name": "sta0"}
2026-07-01 20:44:14,479 - METRIC - INFO - {"loss": 0.03696516901254654, "accuracy": 0.9854166507720947, "energy_consumption": 36380.51553962358, "selected": false, "client_name": "sta4"}
2026-07-01 20:44:14,507 - METRIC - INFO - {"loss": 0.03755250945687294, "accuracy": 0.9875614643096924, "energy_consumption": 46510.530561850064, "selected": false, "client_name": "sta3"}
2026-07-01 20:44:14,530 - METRIC - INFO - {"loss": 0.047498855739831924, "accuracy": 0.9836488962173462, "energy_consumption": 34530.72482149377, "selected": false, "client_name": "sta8"}
2026-07-01 20:44:14,530 - METRIC - INFO - {"loss": 0.03339734673500061, "accuracy": 0.9884532690048218, "energy_consumption": 46434.09086306412, "selected": false, "client_name": "sta2"}
2026-07-01 20:44:14,537 - METRIC - INFO - {"loss": 0.03604797273874283, "accuracy": 0.9866057634353638, "energy_consumption": 41852.67380592627, "selected": false, "client_name": "sta6"}
2026-07-01 20:44:14,593 - METRIC - INFO - {"loss": 0.032700859010219574, "accuracy": 0.9902834296226501, "energy_consumption": 37619.739331563855, "selected": false, "client_name": "sta10"}
2026-07-01 20:44:14,605 - METRIC - INFO - {"loss": 0.038209978491067886, "accuracy": 0.9877235293388367, "energy_consumption": 27867.951747158968, "selected": false, "client_name": "sta5"}
2026-07-01 20:44:14,638 - METRIC - INFO - {"loss": 0.04144492745399475, "accuracy": 0.9862561821937561, "energy_consumption": 36270.15166468712, "selected": false, "client_name": "sta9"}
2026-07-01 20:44:14,808 - METRIC - INFO - {"loss": 0.029979674145579338, "accuracy": 0.9899646043777466, "energy_consumption": 25505.83065846832, "selected": false, "client_name": "sta7"}
2026-07-01 20:44:15,160 - METRIC - INFO - mean_accuracy: 0.9873914393511686

2026-07-01 20:44:15,160 - METRIC - INFO - round: 45
2026-07-01 20:44:15,160 - METRIC - INFO - n_selected: 6
2026-07-01 20:44:15,160 - METRIC - INFO - {"selected_trainers": ["sta10", "sta4", "sta5", "sta7", "sta8", "sta9"]}
2026-07-01 20:44:18,929 - EXECUT - INFO - received weights from trainer sta4!
2026-07-01 20:44:20,505 - EXECUT - INFO - received weights from trainer sta8!
2026-07-01 20:44:22,348 - EXECUT - INFO - received weights from trainer sta10!
2026-07-01 20:44:25,749 - EXECUT - INFO - received weights from trainer sta9!
2026-07-01 20:44:27,699 - EXECUT - INFO - received weights from trainer sta5!
2026-07-01 20:44:27,774 - EXECUT - INFO - received weights from trainer sta7!
2026-07-01 20:44:28,593 - EXECUT - INFO - sent aggregated weights to trainers!
2026-07-01 20:44:28,877 - METRIC - INFO - {"loss": 0.03928600624203682, "accuracy": 0.9875996708869934, "energy_consumption": 47970.1370378759, "selected": false, "client_name": "sta1"}
2026-07-01 20:44:28,880 - METRIC - INFO - {"loss": 0.034389689564704895, "accuracy": 0.9882352948188782, "energy_consumption": 47589.52816084706, "selected": false, "client_name": "sta0"}
2026-07-01 20:44:28,891 - METRIC - INFO - {"loss": 0.03618351370096207, "accuracy": 0.9854166507720947, "energy_consumption": 36968.93675674434, "selected": false, "client_name": "sta4"}
2026-07-01 20:44:28,919 - METRIC - INFO - {"loss": 0.0374477244913578, "accuracy": 0.9875614643096924, "energy_consumption": 47339.555959063946, "selected": false, "client_name": "sta3"}
2026-07-01 20:44:28,928 - METRIC - INFO - {"loss": 0.03367013856768608, "accuracy": 0.9887217879295349, "energy_consumption": 47250.068338783, "selected": false, "client_name": "sta2"}
2026-07-01 20:44:28,943 - METRIC - INFO - {"loss": 0.04647834971547127, "accuracy": 0.9836488962173462, "energy_consumption": 35350.79931334678, "selected": false, "client_name": "sta8"}
2026-07-01 20:44:28,948 - METRIC - INFO - {"loss": 0.03628098592162132, "accuracy": 0.9869102239608765, "energy_consumption": 42576.33574331599, "selected": false, "client_name": "sta6"}
2026-07-01 20:44:28,996 - METRIC - INFO - {"loss": 0.03210430219769478, "accuracy": 0.9898785352706909, "energy_consumption": 38456.35158401376, "selected": false, "client_name": "sta10"}
2026-07-01 20:44:29,037 - METRIC - INFO - {"loss": 0.041145652532577515, "accuracy": 0.9868059158325195, "energy_consumption": 37164.94632390036, "selected": false, "client_name": "sta9"}
2026-07-01 20:44:29,110 - METRIC - INFO - {"loss": 0.038850609213113785, "accuracy": 0.987189769744873, "energy_consumption": 28339.643127194428, "selected": false, "client_name": "sta5"}
2026-07-01 20:44:29,172 - METRIC - INFO - {"loss": 0.02958090417087078, "accuracy": 0.9899646043777466, "energy_consumption": 25989.592276770436, "selected": false, "client_name": "sta7"}
2026-07-01 20:44:29,594 - METRIC - INFO - mean_accuracy: 0.987448437647386

2026-07-01 20:44:29,594 - METRIC - INFO - round: 46
2026-07-01 20:44:29,594 - METRIC - INFO - n_selected: 6
2026-07-01 20:44:29,594 - METRIC - INFO - {"selected_trainers": ["sta10", "sta4", "sta5", "sta7", "sta8", "sta9"]}
2026-07-01 20:44:33,367 - EXECUT - INFO - received weights from trainer sta4!
2026-07-01 20:44:33,378 - EXECUT - INFO - received weights from trainer sta8!
2026-07-01 20:44:36,761 - EXECUT - INFO - received weights from trainer sta10!
2026-07-01 20:44:40,163 - EXECUT - INFO - received weights from trainer sta9!
2026-07-01 20:44:42,118 - EXECUT - INFO - received weights from trainer sta7!
2026-07-01 20:44:42,177 - EXECUT - INFO - received weights from trainer sta5!
2026-07-01 20:44:42,968 - EXECUT - INFO - sent aggregated weights to trainers!
2026-07-01 20:44:43,234 - METRIC - INFO - {"loss": 0.03868953138589859, "accuracy": 0.9871567487716675, "energy_consumption": 48837.19619975046, "selected": false, "client_name": "sta1"}
2026-07-01 20:44:43,235 - METRIC - INFO - {"loss": 0.03384259715676308, "accuracy": 0.9886409640312195, "energy_consumption": 48347.82717090269, "selected": false, "client_name": "sta0"}
2026-07-01 20:44:43,253 - METRIC - INFO - {"loss": 0.03626459091901779, "accuracy": 0.9868055582046509, "energy_consumption": 37718.635066008836, "selected": false, "client_name": "sta4"}
2026-07-01 20:44:43,293 - METRIC - INFO - {"loss": 0.03708624467253685, "accuracy": 0.9878507256507874, "energy_consumption": 48300.671745843996, "selected": false, "client_name": "sta3"}
2026-07-01 20:44:43,295 - METRIC - INFO - {"loss": 0.03383380547165871, "accuracy": 0.9884532690048218, "energy_consumption": 48279.41464564832, "selected": false, "client_name": "sta2"}
2026-07-01 20:44:43,321 - METRIC - INFO - {"loss": 0.04485825449228287, "accuracy": 0.9827883243560791, "energy_consumption": 35968.55753882101, "selected": false, "client_name": "sta8"}
2026-07-01 20:44:43,326 - METRIC - INFO - {"loss": 0.03648112714290619, "accuracy": 0.9869102239608765, "energy_consumption": 43458.06126492843, "selected": false, "client_name": "sta6"}
2026-07-01 20:44:43,375 - METRIC - INFO - {"loss": 0.03022642806172371, "accuracy": 0.9898785352706909, "energy_consumption": 39138.12913312639, "selected": false, "client_name": "sta10"}
2026-07-01 20:44:43,415 - METRIC - INFO - {"loss": 0.041982926428318024, "accuracy": 0.985981285572052, "energy_consumption": 37812.21780791406, "selected": false, "client_name": "sta9"}
2026-07-01 20:44:43,570 - METRIC - INFO - {"loss": 0.030375691130757332, "accuracy": 0.990850031375885, "energy_consumption": 26525.03684051607, "selected": false, "client_name": "sta7"}
2026-07-01 20:44:43,598 - METRIC - INFO - {"loss": 0.03845527023077011, "accuracy": 0.9882572889328003, "energy_consumption": 28934.794099607974, "selected": false, "client_name": "sta5"}
2026-07-01 20:44:43,969 - METRIC - INFO - mean_accuracy: 0.9875975413755937

2026-07-01 20:44:43,969 - METRIC - INFO - round: 47
2026-07-01 20:44:43,969 - METRIC - INFO - n_selected: 6
2026-07-01 20:44:43,969 - METRIC - INFO - {"selected_trainers": ["sta10", "sta4", "sta5", "sta7", "sta8", "sta9"]}
2026-07-01 20:44:47,728 - EXECUT - INFO - received weights from trainer sta4!
2026-07-01 20:44:47,739 - EXECUT - INFO - received weights from trainer sta8!
2026-07-01 20:44:51,124 - EXECUT - INFO - received weights from trainer sta10!
2026-07-01 20:44:54,526 - EXECUT - INFO - received weights from trainer sta9!
2026-07-01 20:44:56,493 - EXECUT - INFO - received weights from trainer sta7!
2026-07-01 20:44:56,549 - EXECUT - INFO - received weights from trainer sta5!
2026-07-01 20:44:57,345 - EXECUT - INFO - sent aggregated weights to trainers!
2026-07-01 20:44:57,643 - METRIC - INFO - {"loss": 0.03596022352576256, "accuracy": 0.9868055582046509, "energy_consumption": 38290.3199110653, "selected": false, "client_name": "sta4"}
2026-07-01 20:44:57,671 - METRIC - INFO - {"loss": 0.03303410857915878, "accuracy": 0.9887217879295349, "energy_consumption": 49065.82834379432, "selected": false, "client_name": "sta2"}
2026-07-01 20:44:57,675 - METRIC - INFO - {"loss": 0.037297993898391724, "accuracy": 0.9875614643096924, "energy_consumption": 49076.03670276949, "selected": false, "client_name": "sta3"}
2026-07-01 20:44:57,699 - METRIC - INFO - {"loss": 0.04493975266814232, "accuracy": 0.9845094680786133, "energy_consumption": 36749.30944846799, "selected": false, "client_name": "sta8"}
2026-07-01 20:44:57,707 - METRIC - INFO - {"loss": 0.03609779477119446, "accuracy": 0.9866057634353638, "energy_consumption": 44158.779801005236, "selected": false, "client_name": "sta6"}
2026-07-01 20:44:57,737 - METRIC - INFO - {"loss": 0.03893227130174637, "accuracy": 0.9880425333976746, "energy_consumption": 49678.24987414144, "selected": false, "client_name": "sta1"}
2026-07-01 20:44:57,742 - METRIC - INFO - {"loss": 0.03411349654197693, "accuracy": 0.9882352948188782, "energy_consumption": 49344.596438068416, "selected": false, "client_name": "sta0"}
2026-07-01 20:44:57,809 - METRIC - INFO - {"loss": 0.03753788396716118, "accuracy": 0.9874566197395325, "energy_consumption": 29430.79574773434, "selected": false, "client_name": "sta5"}
2026-07-01 20:44:57,867 - METRIC - INFO - {"loss": 0.03122517839074135, "accuracy": 0.9898785352706909, "energy_consumption": 40014.05826091132, "selected": false, "client_name": "sta10"}
2026-07-01 20:44:57,911 - METRIC - INFO - {"loss": 0.04111526906490326, "accuracy": 0.9865310788154602, "energy_consumption": 38660.59206641549, "selected": false, "client_name": "sta9"}
2026-07-01 20:44:57,960 - METRIC - INFO - {"loss": 0.02980552427470684, "accuracy": 0.990850031375885, "energy_consumption": 26984.941027792822, "selected": false, "client_name": "sta7"}
2026-07-01 20:44:58,346 - METRIC - INFO - mean_accuracy: 0.9877452850341797

2026-07-01 20:44:58,346 - METRIC - INFO - round: 48
2026-07-01 20:44:58,346 - METRIC - INFO - n_selected: 6
2026-07-01 20:44:58,346 - METRIC - INFO - {"selected_trainers": ["sta10", "sta4", "sta5", "sta7", "sta8", "sta9"]}
2026-07-01 20:45:02,137 - EXECUT - INFO - received weights from trainer sta8!
2026-07-01 20:45:02,154 - EXECUT - INFO - received weights from trainer sta4!
2026-07-01 20:45:05,482 - EXECUT - INFO - received weights from trainer sta10!
2026-07-01 20:45:08,894 - EXECUT - INFO - received weights from trainer sta9!
2026-07-01 20:45:10,940 - EXECUT - INFO - received weights from trainer sta7!
2026-07-01 20:45:10,973 - EXECUT - INFO - received weights from trainer sta5!
2026-07-01 20:45:11,706 - EXECUT - INFO - sent aggregated weights to trainers!
2026-07-01 20:45:12,006 - METRIC - INFO - {"loss": 0.03408238664269447, "accuracy": 0.9886409640312195, "energy_consumption": 50270.73305671294, "selected": false, "client_name": "sta0"}
2026-07-01 20:45:12,012 - METRIC - INFO - {"loss": 0.038738470524549484, "accuracy": 0.9884853959083557, "energy_consumption": 50834.43072988533, "selected": false, "client_name": "sta1"}
2026-07-01 20:45:12,025 - METRIC - INFO - {"loss": 0.03520139679312706, "accuracy": 0.9868055582046509, "energy_consumption": 38988.229215446874, "selected": false, "client_name": "sta4"}
2026-07-01 20:45:12,048 - METRIC - INFO - {"loss": 0.033171527087688446, "accuracy": 0.988990306854248, "energy_consumption": 50156.30796622646, "selected": false, "client_name": "sta2"}
2026-07-01 20:45:12,076 - METRIC - INFO - {"loss": 0.047047484666109085, "accuracy": 0.9845094680786133, "energy_consumption": 37394.57770701441, "selected": false, "client_name": "sta8"}
2026-07-01 20:45:12,076 - METRIC - INFO - {"loss": 0.037022821605205536, "accuracy": 0.9878507256507874, "energy_consumption": 50055.79707549202, "selected": false, "client_name": "sta3"}
2026-07-01 20:45:12,079 - METRIC - INFO - {"loss": 0.03599262982606888, "accuracy": 0.9872146248817444, "energy_consumption": 45057.66343610166, "selected": false, "client_name": "sta6"}
2026-07-01 20:45:12,140 - METRIC - INFO - {"loss": 0.030939649790525436, "accuracy": 0.9894737005233765, "energy_consumption": 40758.701376291356, "selected": false, "client_name": "sta10"}
2026-07-01 20:45:12,182 - METRIC - INFO - {"loss": 0.04158690199255943, "accuracy": 0.9862561821937561, "energy_consumption": 39374.2207985313, "selected": false, "client_name": "sta9"}
2026-07-01 20:45:12,251 - METRIC - INFO - {"loss": 0.037301287055015564, "accuracy": 0.9879903793334961, "energy_consumption": 29973.318937901167, "selected": false, "client_name": "sta5"}
2026-07-01 20:45:12,323 - METRIC - INFO - {"loss": 0.028932904824614525, "accuracy": 0.9896694421768188, "energy_consumption": 27535.833025069798, "selected": false, "client_name": "sta7"}
2026-07-01 20:45:12,708 - METRIC - INFO - mean_accuracy: 0.9878078861670061

2026-07-01 20:45:12,708 - METRIC - INFO - round: 49
2026-07-01 20:45:12,708 - METRIC - INFO - n_selected: 6
2026-07-01 20:45:12,708 - METRIC - INFO - {"selected_trainers": ["sta10", "sta4", "sta5", "sta7", "sta8", "sta9"]}
2026-07-01 20:45:16,495 - EXECUT - INFO - received weights from trainer sta8!
2026-07-01 20:45:17,959 - EXECUT - INFO - received weights from trainer sta4!
2026-07-01 20:45:19,863 - EXECUT - INFO - received weights from trainer sta10!
2026-07-01 20:45:23,289 - EXECUT - INFO - received weights from trainer sta9!
2026-07-01 20:45:25,236 - EXECUT - INFO - received weights from trainer sta7!
2026-07-01 20:45:25,250 - EXECUT - INFO - received weights from trainer sta5!
2026-07-01 20:45:26,071 - EXECUT - INFO - sent aggregated weights to trainers!
2026-07-01 20:45:26,370 - METRIC - INFO - {"loss": 0.03849852830171585, "accuracy": 0.9871567487716675, "energy_consumption": 51930.86901037655, "selected": false, "client_name": "sta1"}
2026-07-01 20:45:26,379 - METRIC - INFO - {"loss": 0.03395756706595421, "accuracy": 0.9886409640312195, "energy_consumption": 51384.918723881085, "selected": false, "client_name": "sta0"}
2026-07-01 20:45:26,411 - METRIC - INFO - {"loss": 0.0354580283164978, "accuracy": 0.9847221970558167, "energy_consumption": 39623.885773845876, "selected": false, "client_name": "sta4"}
2026-07-01 20:45:26,420 - METRIC - INFO - {"loss": 0.033004507422447205, "accuracy": 0.9887217879295349, "energy_consumption": 51060.01823218372, "selected": false, "client_name": "sta2"}
2026-07-01 20:45:26,422 - METRIC - INFO - {"loss": 0.036800481379032135, "accuracy": 0.9878507256507874, "energy_consumption": 50833.39267707919, "selected": false, "client_name": "sta3"}
2026-07-01 20:45:26,428 - METRIC - INFO - {"loss": 0.03571319952607155, "accuracy": 0.9866057634353638, "energy_consumption": 45805.91569005916, "selected": false, "client_name": "sta6"}
2026-07-01 20:45:26,436 - METRIC - INFO - {"loss": 0.044285278767347336, "accuracy": 0.9845094680786133, "energy_consumption": 38191.573954260726, "selected": false, "client_name": "sta8"}
2026-07-01 20:45:26,485 - METRIC - INFO - {"loss": 0.033650368452072144, "accuracy": 0.9894737005233765, "energy_consumption": 41576.46398422615, "selected": false, "client_name": "sta10"}
2026-07-01 20:45:26,537 - METRIC - INFO - {"loss": 0.04141209274530411, "accuracy": 0.9868059158325195, "energy_consumption": 40216.576479721014, "selected": false, "client_name": "sta9"}
2026-07-01 20:45:26,589 - METRIC - INFO - {"loss": 0.028825052082538605, "accuracy": 0.990554928779602, "energy_consumption": 28037.644123280417, "selected": false, "client_name": "sta7"}
2026-07-01 20:45:26,707 - METRIC - INFO - {"loss": 0.0369335301220417, "accuracy": 0.9877235293388367, "energy_consumption": 30474.28725969029, "selected": false, "client_name": "sta5"}
2026-07-01 20:45:27,073 - METRIC - INFO - mean_accuracy: 0.9875241572206671

2026-07-01 20:45:27,073 - METRIC - INFO - round: 50
2026-07-01 20:45:27,073 - METRIC - INFO - n_selected: 6
2026-07-01 20:45:27,073 - METRIC - INFO - {"selected_trainers": ["sta10", "sta4", "sta5", "sta7", "sta8", "sta9"]}
2026-07-01 20:45:30,850 - EXECUT - INFO - received weights from trainer sta4!
2026-07-01 20:45:30,892 - EXECUT - INFO - received weights from trainer sta8!
2026-07-01 20:45:34,290 - EXECUT - INFO - received weights from trainer sta10!
2026-07-01 20:45:37,691 - EXECUT - INFO - received weights from trainer sta9!
2026-07-01 20:45:39,598 - EXECUT - INFO - received weights from trainer sta5!
2026-07-01 20:45:39,637 - EXECUT - INFO - received weights from trainer sta7!
2026-07-01 20:45:40,471 - EXECUT - INFO - sent aggregated weights to trainers!
2026-07-01 20:45:40,755 - METRIC - INFO - {"loss": 0.03814668580889702, "accuracy": 0.9875996708869934, "energy_consumption": 52776.40182301684, "selected": false, "client_name": "sta1"}
2026-07-01 20:45:40,772 - METRIC - INFO - {"loss": 0.03365059569478035, "accuracy": 0.9886409640312195, "energy_consumption": 52236.11854540596, "selected": false, "client_name": "sta0"}
2026-07-01 20:45:40,776 - METRIC - INFO - {"loss": 0.03503911569714546, "accuracy": 0.9868055582046509, "energy_consumption": 40350.39187994947, "selected": false, "client_name": "sta4"}
2026-07-01 20:45:40,819 - METRIC - INFO - {"loss": 0.036777105182409286, "accuracy": 0.9881399869918823, "energy_consumption": 51719.97650475452, "selected": false, "client_name": "sta3"}
2026-07-01 20:45:40,821 - METRIC - INFO - {"loss": 0.03360660374164581, "accuracy": 0.9884532690048218, "energy_consumption": 52070.62539032581, "selected": false, "client_name": "sta2"}
2026-07-01 20:45:40,830 - METRIC - INFO - {"loss": 0.043360695242881775, "accuracy": 0.9862306118011475, "energy_consumption": 38782.1417262367, "selected": false, "client_name": "sta8"}
2026-07-01 20:45:40,858 - METRIC - INFO - {"loss": 0.0365062840282917, "accuracy": 0.9866057634353638, "energy_consumption": 46643.310615352806, "selected": false, "client_name": "sta6"}
2026-07-01 20:45:40,873 - METRIC - INFO - {"loss": 0.03034546971321106, "accuracy": 0.9906882643699646, "energy_consumption": 42220.24883702344, "selected": false, "client_name": "sta10"}
2026-07-01 20:45:40,931 - METRIC - INFO - {"loss": 0.04143603518605232, "accuracy": 0.9865310788154602, "energy_consumption": 40835.069448057635, "selected": false, "client_name": "sta9"}
2026-07-01 20:45:40,994 - METRIC - INFO - {"loss": 0.03829406201839447, "accuracy": 0.9874566197395325, "energy_consumption": 31042.37186275002, "selected": false, "client_name": "sta5"}
2026-07-01 20:45:41,080 - METRIC - INFO - {"loss": 0.030407963320612907, "accuracy": 0.990850031375885, "energy_consumption": 28570.222828600163, "selected": false, "client_name": "sta7"}
2026-07-01 20:45:41,474 - METRIC - INFO - mean_accuracy: 0.9880001653324474

2026-07-01 20:45:41,474 - METRIC - INFO - round: 51
2026-07-01 20:45:41,474 - METRIC - INFO - n_selected: 6
2026-07-01 20:45:41,474 - METRIC - INFO - {"selected_trainers": ["sta10", "sta4", "sta5", "sta7", "sta8", "sta9"]}
2026-07-01 20:45:45,238 - EXECUT - INFO - received weights from trainer sta4!
2026-07-01 20:45:45,268 - EXECUT - INFO - received weights from trainer sta8!
2026-07-01 20:45:48,663 - EXECUT - INFO - received weights from trainer sta10!
2026-07-01 20:45:52,090 - EXECUT - INFO - received weights from trainer sta9!
2026-07-01 20:45:54,045 - EXECUT - INFO - received weights from trainer sta7!
2026-07-01 20:45:54,056 - EXECUT - INFO - received weights from trainer sta5!
2026-07-01 20:45:54,871 - EXECUT - INFO - sent aggregated weights to trainers!
2026-07-01 20:45:55,172 - METRIC - INFO - {"loss": 0.034086525440216064, "accuracy": 0.9886409640312195, "energy_consumption": 53391.400322615285, "selected": false, "client_name": "sta0"}
2026-07-01 20:45:55,179 - METRIC - INFO - {"loss": 0.03815899044275284, "accuracy": 0.9880425333976746, "energy_consumption": 53881.980284221914, "selected": false, "client_name": "sta1"}
2026-07-01 20:45:55,191 - METRIC - INFO - {"loss": 0.035494763404130936, "accuracy": 0.987500011920929, "energy_consumption": 40951.91530541306, "selected": false, "client_name": "sta4"}
2026-07-01 20:45:55,210 - METRIC - INFO - {"loss": 0.03333836793899536, "accuracy": 0.9887217879295349, "energy_consumption": 52883.93325135122, "selected": false, "client_name": "sta2"}
2026-07-01 20:45:55,248 - METRIC - INFO - {"loss": 0.036971841007471085, "accuracy": 0.9878507256507874, "energy_consumption": 52574.908813835114, "selected": false, "client_name": "sta3"}
2026-07-01 20:45:55,253 - METRIC - INFO - {"loss": 0.04540961608290672, "accuracy": 0.9845094680786133, "energy_consumption": 39501.599020828304, "selected": false, "client_name": "sta8"}
2026-07-01 20:45:55,271 - METRIC - INFO - {"loss": 0.03636443242430687, "accuracy": 0.9866057634353638, "energy_consumption": 47319.24161463526, "selected": false, "client_name": "sta6"}
2026-07-01 20:45:55,309 - METRIC - INFO - {"loss": 0.031590964645147324, "accuracy": 0.9902834296226501, "energy_consumption": 43164.13497502415, "selected": false, "client_name": "sta10"}
2026-07-01 20:45:55,319 - METRIC - INFO - {"loss": 0.03610905259847641, "accuracy": 0.9879903793334961, "energy_consumption": 31529.206460142577, "selected": false, "client_name": "sta5"}
2026-07-01 20:45:55,353 - METRIC - INFO - {"loss": 0.041085582226514816, "accuracy": 0.9868059158325195, "energy_consumption": 41699.82159850494, "selected": false, "client_name": "sta9"}
2026-07-01 20:45:55,359 - METRIC - INFO - {"loss": 0.029762106016278267, "accuracy": 0.9902597665786743, "energy_consumption": 29084.666968797254, "selected": false, "client_name": "sta7"}
2026-07-01 20:45:55,874 - METRIC - INFO - mean_accuracy: 0.9879282496192239

2026-07-01 20:45:55,874 - METRIC - INFO - round: 52
2026-07-01 20:45:55,874 - METRIC - INFO - n_selected: 6
2026-07-01 20:45:55,874 - METRIC - INFO - {"selected_trainers": ["sta10", "sta4", "sta5", "sta7", "sta8", "sta9"]}
2026-07-01 20:45:59,636 - EXECUT - INFO - received weights from trainer sta8!
2026-07-01 20:45:59,654 - EXECUT - INFO - received weights from trainer sta4!
2026-07-01 20:46:03,013 - EXECUT - INFO - received weights from trainer sta10!
2026-07-01 20:46:06,464 - EXECUT - INFO - received weights from trainer sta9!
2026-07-01 20:46:08,432 - EXECUT - INFO - received weights from trainer sta5!
2026-07-01 20:46:16,626 - EXECUT - INFO - received weights from trainer sta7!
2026-07-01 20:46:17,240 - EXECUT - INFO - sent aggregated weights to trainers!
2026-07-01 20:46:17,525 - METRIC - INFO - {"loss": 0.03820279240608215, "accuracy": 0.9880425333976746, "energy_consumption": 55102.93875378487, "selected": false, "client_name": "sta1"}
2026-07-01 20:46:17,541 - METRIC - INFO - {"loss": 0.03375944495201111, "accuracy": 0.9890466332435608, "energy_consumption": 54741.90097199136, "selected": false, "client_name": "sta0"}
2026-07-01 20:46:17,555 - METRIC - INFO - {"loss": 0.03541393205523491, "accuracy": 0.988194465637207, "energy_consumption": 41999.6201011149, "selected": false, "client_name": "sta4"}
2026-07-01 20:46:17,580 - METRIC - INFO - {"loss": 0.0329468809068203, "accuracy": 0.989258885383606, "energy_consumption": 54260.086702144275, "selected": false, "client_name": "sta2"}
2026-07-01 20:46:17,601 - METRIC - INFO - {"loss": 0.04486368969082832, "accuracy": 0.9845094680786133, "energy_consumption": 40488.06534012411, "selected": false, "client_name": "sta8"}
2026-07-01 20:46:17,601 - METRIC - INFO - {"loss": 0.03659989312291145, "accuracy": 0.9878507256507874, "energy_consumption": 53985.690719166705, "selected": false, "client_name": "sta3"}
2026-07-01 20:46:17,646 - METRIC - INFO - {"loss": 0.03616819903254509, "accuracy": 0.9866057634353638, "energy_consumption": 48638.43209907966, "selected": false, "client_name": "sta6"}
2026-07-01 20:46:17,668 - METRIC - INFO - {"loss": 0.030804699286818504, "accuracy": 0.9906882643699646, "energy_consumption": 44246.98182143148, "selected": false, "client_name": "sta10"}
2026-07-01 20:46:17,685 - METRIC - INFO - {"loss": 0.037213392555713654, "accuracy": 0.9882572889328003, "energy_consumption": 32375.931979215482, "selected": false, "client_name": "sta5"}
2026-07-01 20:46:17,717 - METRIC - INFO - {"loss": 0.042379461228847504, "accuracy": 0.9870808124542236, "energy_consumption": 42704.6308026506, "selected": false, "client_name": "sta9"}
2026-07-01 20:46:17,725 - METRIC - INFO - {"loss": 0.029162302613258362, "accuracy": 0.990554928779602, "energy_consumption": 29788.519787678706, "selected": false, "client_name": "sta7"}
2026-07-01 20:46:18,243 - METRIC - INFO - mean_accuracy: 0.9881899790330366

2026-07-01 20:46:18,243 - METRIC - INFO - round: 53
2026-07-01 20:46:18,243 - METRIC - INFO - n_selected: 6
2026-07-01 20:46:18,243 - METRIC - INFO - {"selected_trainers": ["sta10", "sta4", "sta5", "sta7", "sta8", "sta9"]}
2026-07-01 20:46:21,988 - EXECUT - INFO - received weights from trainer sta8!
2026-07-01 20:46:22,013 - EXECUT - INFO - received weights from trainer sta4!
2026-07-01 20:46:25,433 - EXECUT - INFO - received weights from trainer sta10!
2026-07-01 20:46:28,822 - EXECUT - INFO - received weights from trainer sta9!
2026-07-01 20:46:30,786 - EXECUT - INFO - received weights from trainer sta7!
2026-07-01 20:46:30,799 - EXECUT - INFO - received weights from trainer sta5!
2026-07-01 20:46:31,700 - EXECUT - INFO - sent aggregated weights to trainers!
2026-07-01 20:46:31,989 - METRIC - INFO - {"loss": 0.0377594456076622, "accuracy": 0.9880425333976746, "energy_consumption": 56072.0086305008, "selected": false, "client_name": "sta1"}
2026-07-01 20:46:32,008 - METRIC - INFO - {"loss": 0.03411315381526947, "accuracy": 0.9886409640312195, "energy_consumption": 55526.171379520645, "selected": false, "client_name": "sta0"}
2026-07-01 20:46:32,023 - METRIC - INFO - {"loss": 0.03495367243885994, "accuracy": 0.988194465637207, "energy_consumption": 42751.09931987191, "selected": false, "client_name": "sta4"}
2026-07-01 20:46:32,047 - METRIC - INFO - {"loss": 0.03657565638422966, "accuracy": 0.9881399869918823, "energy_consumption": 54920.67936862036, "selected": false, "client_name": "sta3"}
2026-07-01 20:46:32,060 - METRIC - INFO - {"loss": 0.03295242786407471, "accuracy": 0.9884532690048218, "energy_consumption": 55183.649964149765, "selected": false, "client_name": "sta2"}
2026-07-01 20:46:32,062 - METRIC - INFO - {"loss": 0.035817570984363556, "accuracy": 0.9866057634353638, "energy_consumption": 49665.8132496481, "selected": false, "client_name": "sta6"}
2026-07-01 20:46:32,137 - METRIC - INFO - {"loss": 0.030640412122011185, "accuracy": 0.9902834296226501, "energy_consumption": 44913.35657830426, "selected": false, "client_name": "sta10"}
2026-07-01 20:46:32,173 - METRIC - INFO - {"loss": 0.04129570722579956, "accuracy": 0.9870808124542236, "energy_consumption": 43342.80780992247, "selected": false, "client_name": "sta9"}
2026-07-01 20:46:32,209 - METRIC - INFO - {"loss": 0.04524891823530197, "accuracy": 0.9853700399398804, "energy_consumption": 41277.18756881215, "selected": false, "client_name": "sta8"}
2026-07-01 20:46:32,253 - METRIC - INFO - {"loss": 0.03682238981127739, "accuracy": 0.9882572889328003, "energy_consumption": 32972.26810090241, "selected": false, "client_name": "sta5"}
2026-07-01 20:46:32,409 - METRIC - INFO - {"loss": 0.028867948800325394, "accuracy": 0.990554928779602, "energy_consumption": 30331.670905440402, "selected": false, "client_name": "sta7"}
2026-07-01 20:46:32,703 - METRIC - INFO - mean_accuracy: 0.9881475892933932

2026-07-01 20:46:32,703 - METRIC - INFO - round: 54
2026-07-01 20:46:32,703 - METRIC - INFO - n_selected: 6
2026-07-01 20:46:32,703 - METRIC - INFO - {"selected_trainers": ["sta10", "sta4", "sta5", "sta7", "sta8", "sta9"]}
2026-07-01 20:46:36,453 - EXECUT - INFO - received weights from trainer sta4!
2026-07-01 20:46:36,493 - EXECUT - INFO - received weights from trainer sta8!
2026-07-01 20:46:39,845 - EXECUT - INFO - received weights from trainer sta10!
2026-07-01 20:46:43,298 - EXECUT - INFO - received weights from trainer sta9!
2026-07-01 20:46:45,273 - EXECUT - INFO - received weights from trainer sta7!
2026-07-01 20:46:45,300 - EXECUT - INFO - received weights from trainer sta5!
2026-07-01 20:46:46,079 - EXECUT - INFO - sent aggregated weights to trainers!
2026-07-01 20:46:46,372 - METRIC - INFO - {"loss": 0.03806252405047417, "accuracy": 0.9880425333976746, "energy_consumption": 57046.220137706776, "selected": false, "client_name": "sta1"}
2026-07-01 20:46:46,373 - METRIC - INFO - {"loss": 0.03411654010415077, "accuracy": 0.9886409640312195, "energy_consumption": 56539.509800557, "selected": false, "client_name": "sta0"}
2026-07-01 20:46:46,398 - METRIC - INFO - {"loss": 0.03481323644518852, "accuracy": 0.9888888597488403, "energy_consumption": 43348.1869099776, "selected": false, "client_name": "sta4"}
2026-07-01 20:46:46,438 - METRIC - INFO - {"loss": 0.04693201556801796, "accuracy": 0.9845094680786133, "energy_consumption": 41944.22070535641, "selected": false, "client_name": "sta8"}
2026-07-01 20:46:46,484 - METRIC - INFO - {"loss": 0.030099602416157722, "accuracy": 0.9906882643699646, "energy_consumption": 45758.99715402737, "selected": false, "client_name": "sta10"}
2026-07-01 20:46:46,521 - METRIC - INFO - {"loss": 0.03656713292002678, "accuracy": 0.9881399869918823, "energy_consumption": 55665.51126315634, "selected": false, "client_name": "sta3"}
2026-07-01 20:46:46,523 - METRIC - INFO - {"loss": 0.033299922943115234, "accuracy": 0.9884532690048218, "energy_consumption": 56177.98456118891, "selected": false, "client_name": "sta2"}
2026-07-01 20:46:46,542 - METRIC - INFO - {"loss": 0.0419735386967659, "accuracy": 0.9865310788154602, "energy_consumption": 44182.199696573174, "selected": false, "client_name": "sta9"}
2026-07-01 20:46:46,545 - METRIC - INFO - {"loss": 0.028753012418746948, "accuracy": 0.990554928779602, "energy_consumption": 30781.959599259837, "selected": false, "client_name": "sta7"}
2026-07-01 20:46:46,557 - METRIC - INFO - {"loss": 0.03623070567846298, "accuracy": 0.9866057634353638, "energy_consumption": 50423.26699585382, "selected": false, "client_name": "sta6"}
2026-07-01 20:46:46,614 - METRIC - INFO - {"loss": 0.03767845407128334, "accuracy": 0.9877235293388367, "energy_consumption": 33436.87685027424, "selected": false, "client_name": "sta5"}
2026-07-01 20:46:47,082 - METRIC - INFO - mean_accuracy: 0.9880707859992981

2026-07-01 20:46:47,082 - METRIC - INFO - round: 55
2026-07-01 20:46:47,082 - METRIC - INFO - n_selected: 6
2026-07-01 20:46:47,082 - METRIC - INFO - {"selected_trainers": ["sta10", "sta4", "sta5", "sta7", "sta8", "sta9"]}
2026-07-01 20:46:50,848 - EXECUT - INFO - received weights from trainer sta4!
2026-07-01 20:46:50,858 - EXECUT - INFO - received weights from trainer sta8!
2026-07-01 20:46:54,212 - EXECUT - INFO - received weights from trainer sta10!
2026-07-01 20:46:57,725 - EXECUT - INFO - received weights from trainer sta9!
2026-07-01 20:46:59,616 - EXECUT - INFO - received weights from trainer sta7!
2026-07-01 20:46:59,665 - EXECUT - INFO - received weights from trainer sta5!
2026-07-01 20:47:00,442 - EXECUT - INFO - sent aggregated weights to trainers!
2026-07-01 20:47:00,715 - METRIC - INFO - {"loss": 0.03808634355664253, "accuracy": 0.9880425333976746, "energy_consumption": 57908.266959505265, "selected": false, "client_name": "sta1"}
2026-07-01 20:47:00,722 - METRIC - INFO - {"loss": 0.03405587375164032, "accuracy": 0.9882352948188782, "energy_consumption": 57364.35782184556, "selected": false, "client_name": "sta0"}
2026-07-01 20:47:00,729 - METRIC - INFO - {"loss": 0.03471102565526962, "accuracy": 0.987500011920929, "energy_consumption": 44157.370920147754, "selected": false, "client_name": "sta4"}
2026-07-01 20:47:00,760 - METRIC - INFO - {"loss": 0.03352148085832596, "accuracy": 0.9884532690048218, "energy_consumption": 57082.1501976917, "selected": false, "client_name": "sta2"}
2026-07-01 20:47:00,782 - METRIC - INFO - {"loss": 0.036558616906404495, "accuracy": 0.9881399869918823, "energy_consumption": 56804.132657012226, "selected": false, "client_name": "sta3"}
2026-07-01 20:47:00,796 - METRIC - INFO - {"loss": 0.036530088633298874, "accuracy": 0.9863013625144958, "energy_consumption": 51301.92760726202, "selected": false, "client_name": "sta6"}
2026-07-01 20:47:00,817 - METRIC - INFO - {"loss": 0.04359691962599754, "accuracy": 0.9862306118011475, "energy_consumption": 42719.033580542484, "selected": false, "client_name": "sta8"}
2026-07-01 20:47:00,858 - METRIC - INFO - {"loss": 0.031309325248003006, "accuracy": 0.9906882643699646, "energy_consumption": 46431.85461906456, "selected": false, "client_name": "sta10"}
2026-07-01 20:47:00,901 - METRIC - INFO - {"loss": 0.04048779606819153, "accuracy": 0.9870808124542236, "energy_consumption": 44836.598017182165, "selected": false, "client_name": "sta9"}
2026-07-01 20:47:00,937 - METRIC - INFO - {"loss": 0.036761775612831116, "accuracy": 0.9879903793334961, "energy_consumption": 34050.24847636629, "selected": false, "client_name": "sta5"}
2026-07-01 20:47:01,042 - METRIC - INFO - {"loss": 0.029070930555462837, "accuracy": 0.990850031375885, "energy_consumption": 31306.647819351576, "selected": false, "client_name": "sta7"}
2026-07-01 20:47:01,444 - METRIC - INFO - mean_accuracy: 0.988137505271218

2026-07-01 20:47:01,444 - METRIC - INFO - round: 56
2026-07-01 20:47:01,444 - METRIC - INFO - n_selected: 6
2026-07-01 20:47:01,444 - METRIC - INFO - {"selected_trainers": ["sta10", "sta4", "sta5", "sta7", "sta8", "sta9"]}
2026-07-01 20:47:05,199 - EXECUT - INFO - received weights from trainer sta4!
2026-07-01 20:47:05,248 - EXECUT - INFO - received weights from trainer sta8!
2026-07-01 20:47:08,590 - EXECUT - INFO - received weights from trainer sta10!
2026-07-01 20:47:12,017 - EXECUT - INFO - received weights from trainer sta9!
2026-07-01 20:47:13,940 - EXECUT - INFO - received weights from trainer sta5!
2026-07-01 20:47:13,960 - EXECUT - INFO - received weights from trainer sta7!
2026-07-01 20:47:14,826 - EXECUT - INFO - sent aggregated weights to trainers!
2026-07-01 20:47:15,111 - METRIC - INFO - {"loss": 0.0380953885614872, "accuracy": 0.9880425333976746, "energy_consumption": 59008.793578240446, "selected": false, "client_name": "sta1"}
2026-07-01 20:47:15,122 - METRIC - INFO - {"loss": 0.03389578312635422, "accuracy": 0.9886409640312195, "energy_consumption": 58395.08394163232, "selected": false, "client_name": "sta0"}
2026-07-01 20:47:15,162 - METRIC - INFO - {"loss": 0.03579048067331314, "accuracy": 0.9866057634353638, "energy_consumption": 52010.85056187014, "selected": false, "client_name": "sta6"}
2026-07-01 20:47:15,166 - METRIC - INFO - {"loss": 0.03196599334478378, "accuracy": 0.988990306854248, "energy_consumption": 58143.81542186669, "selected": false, "client_name": "sta2"}
2026-07-01 20:47:15,169 - METRIC - INFO - {"loss": 0.036657627671957016, "accuracy": 0.9878507256507874, "energy_consumption": 57601.66050345992, "selected": false, "client_name": "sta3"}
2026-07-01 20:47:15,172 - METRIC - INFO - {"loss": 0.04441149905323982, "accuracy": 0.9853700399398804, "energy_consumption": 43404.0900343921, "selected": false, "client_name": "sta8"}
2026-07-01 20:47:15,235 - METRIC - INFO - {"loss": 0.029451744630932808, "accuracy": 0.9902834296226501, "energy_consumption": 47293.41057509925, "selected": false, "client_name": "sta10"}
2026-07-01 20:47:15,238 - METRIC - INFO - {"loss": 0.03502886742353439, "accuracy": 0.988194465637207, "energy_consumption": 44737.03789666214, "selected": false, "client_name": "sta4"}
2026-07-01 20:47:15,282 - METRIC - INFO - {"loss": 0.0418446846306324, "accuracy": 0.9870808124542236, "energy_consumption": 45680.50267113082, "selected": false, "client_name": "sta9"}
2026-07-01 20:47:15,418 - METRIC - INFO - {"loss": 0.0280334260314703, "accuracy": 0.990554928779602, "energy_consumption": 31725.125969892346, "selected": false, "client_name": "sta7"}
2026-07-01 20:47:15,466 - METRIC - INFO - {"loss": 0.03716720640659332, "accuracy": 0.9877235293388367, "energy_consumption": 34487.727157061345, "selected": false, "client_name": "sta5"}
2026-07-01 20:47:15,828 - METRIC - INFO - mean_accuracy: 0.988121590831063

2026-07-01 20:47:15,828 - METRIC - INFO - round: 57
2026-07-01 20:47:15,828 - METRIC - INFO - n_selected: 6
2026-07-01 20:47:15,828 - METRIC - INFO - {"selected_trainers": ["sta10", "sta4", "sta5", "sta7", "sta8", "sta9"]}
2026-07-01 20:47:19,602 - EXECUT - INFO - received weights from trainer sta4!
2026-07-01 20:47:19,634 - EXECUT - INFO - received weights from trainer sta8!
2026-07-01 20:47:22,993 - EXECUT - INFO - received weights from trainer sta10!
2026-07-01 20:47:28,414 - EXECUT - INFO - received weights from trainer sta5!
2026-07-01 20:47:28,441 - EXECUT - INFO - received weights from trainer sta7!
2026-07-01 20:47:36,590 - EXECUT - INFO - received weights from trainer sta9!
2026-07-01 20:47:37,232 - EXECUT - INFO - sent aggregated weights to trainers!
2026-07-01 20:47:37,526 - METRIC - INFO - {"loss": 0.03785940632224083, "accuracy": 0.9880425333976746, "energy_consumption": 60434.9630222487, "selected": false, "client_name": "sta1"}
2026-07-01 20:47:37,531 - METRIC - INFO - {"loss": 0.03470519557595253, "accuracy": 0.9888888597488403, "energy_consumption": 45729.270899172836, "selected": false, "client_name": "sta4"}
2026-07-01 20:47:37,532 - METRIC - INFO - {"loss": 0.03411838784813881, "accuracy": 0.9886409640312195, "energy_consumption": 59714.55941233982, "selected": false, "client_name": "sta0"}
2026-07-01 20:47:37,579 - METRIC - INFO - {"loss": 0.03654422610998154, "accuracy": 0.9881399869918823, "energy_consumption": 58991.995545320606, "selected": false, "client_name": "sta3"}
2026-07-01 20:47:37,580 - METRIC - INFO - {"loss": 0.03253083676099777, "accuracy": 0.9887217879295349, "energy_consumption": 59513.266454506556, "selected": false, "client_name": "sta2"}
2026-07-01 20:47:37,590 - METRIC - INFO - {"loss": 0.04212675243616104, "accuracy": 0.9853700399398804, "energy_consumption": 44473.53735852658, "selected": false, "client_name": "sta8"}
2026-07-01 20:47:37,603 - METRIC - INFO - {"loss": 0.03574322536587715, "accuracy": 0.9866057634353638, "energy_consumption": 53248.53231721442, "selected": false, "client_name": "sta6"}
2026-07-01 20:47:37,679 - METRIC - INFO - {"loss": 0.030497290194034576, "accuracy": 0.9906882643699646, "energy_consumption": 48292.15078548164, "selected": false, "client_name": "sta10"}
2026-07-01 20:47:37,683 - METRIC - INFO - {"loss": 0.03700508177280426, "accuracy": 0.9885241389274597, "energy_consumption": 35252.137575328314, "selected": false, "client_name": "sta5"}
2026-07-01 20:47:37,683 - METRIC - INFO - {"loss": 0.04093635827302933, "accuracy": 0.9876305460929871, "energy_consumption": 46667.967842613776, "selected": false, "client_name": "sta9"}
2026-07-01 20:47:37,715 - METRIC - INFO - {"loss": 0.027936559170484543, "accuracy": 0.9911451935768127, "energy_consumption": 32501.70606741814, "selected": false, "client_name": "sta7"}
2026-07-01 20:47:38,234 - METRIC - INFO - mean_accuracy: 0.9883998253128745

2026-07-01 20:47:38,234 - METRIC - INFO - round: 58
2026-07-01 20:47:38,234 - METRIC - INFO - n_selected: 6
2026-07-01 20:47:38,234 - METRIC - INFO - {"selected_trainers": ["sta10", "sta4", "sta5", "sta7", "sta8", "sta9"]}
2026-07-01 20:47:41,968 - EXECUT - INFO - received weights from trainer sta4!
2026-07-01 20:47:42,024 - EXECUT - INFO - received weights from trainer sta8!
2026-07-01 20:47:45,396 - EXECUT - INFO - received weights from trainer sta10!
2026-07-01 20:47:48,787 - EXECUT - INFO - received weights from trainer sta9!
2026-07-01 20:47:50,824 - EXECUT - INFO - received weights from trainer sta7!
2026-07-01 20:47:50,845 - EXECUT - INFO - received weights from trainer sta5!
2026-07-01 20:47:51,585 - EXECUT - INFO - sent aggregated weights to trainers!
2026-07-01 20:47:51,887 - METRIC - INFO - {"loss": 0.03756435588002205, "accuracy": 0.9880425333976746, "energy_consumption": 61260.246835554535, "selected": false, "client_name": "sta1"}
2026-07-01 20:47:51,890 - METRIC - INFO - {"loss": 0.03402538225054741, "accuracy": 0.9886409640312195, "energy_consumption": 60560.04167853981, "selected": false, "client_name": "sta0"}
2026-07-01 20:47:51,910 - METRIC - INFO - {"loss": 0.03419305756688118, "accuracy": 0.988194465637207, "energy_consumption": 46543.67111609153, "selected": false, "client_name": "sta4"}
2026-07-01 20:47:51,959 - METRIC - INFO - {"loss": 0.03258150443434715, "accuracy": 0.9887217879295349, "energy_consumption": 60375.70969223325, "selected": false, "client_name": "sta2"}
2026-07-01 20:47:51,964 - METRIC - INFO - {"loss": 0.036265213042497635, "accuracy": 0.9881399869918823, "energy_consumption": 59996.969286084546, "selected": false, "client_name": "sta3"}
2026-07-01 20:47:51,969 - METRIC - INFO - {"loss": 0.04395592212677002, "accuracy": 0.9836488962173462, "energy_consumption": 45246.78380551323, "selected": false, "client_name": "sta8"}
2026-07-01 20:47:51,973 - METRIC - INFO - {"loss": 0.03574233874678612, "accuracy": 0.9866057634353638, "energy_consumption": 54168.65708775284, "selected": false, "client_name": "sta6"}
2026-07-01 20:47:52,029 - METRIC - INFO - {"loss": 0.030233699828386307, "accuracy": 0.9906882643699646, "energy_consumption": 48934.06382580355, "selected": false, "client_name": "sta10"}
2026-07-01 20:47:52,081 - METRIC - INFO - {"loss": 0.041451506316661835, "accuracy": 0.9870808124542236, "energy_consumption": 47363.73932041138, "selected": false, "client_name": "sta9"}
2026-07-01 20:47:52,108 - METRIC - INFO - {"loss": 0.028749139979481697, "accuracy": 0.990554928779602, "energy_consumption": 33015.29839980949, "selected": false, "client_name": "sta7"}
2026-07-01 20:47:52,129 - METRIC - INFO - {"loss": 0.0364510715007782, "accuracy": 0.9882572889328003, "energy_consumption": 35861.27385047683, "selected": false, "client_name": "sta5"}
2026-07-01 20:47:52,586 - METRIC - INFO - mean_accuracy: 0.9880523356524381

2026-07-01 20:47:52,586 - METRIC - INFO - round: 59
2026-07-01 20:47:52,586 - METRIC - INFO - n_selected: 6
2026-07-01 20:47:52,586 - METRIC - INFO - {"selected_trainers": ["sta10", "sta4", "sta5", "sta7", "sta8", "sta9"]}
2026-07-01 20:47:56,368 - EXECUT - INFO - received weights from trainer sta8!
2026-07-01 20:47:56,380 - EXECUT - INFO - received weights from trainer sta4!
2026-07-01 20:47:59,751 - EXECUT - INFO - received weights from trainer sta10!
2026-07-01 20:48:03,157 - EXECUT - INFO - received weights from trainer sta9!
2026-07-01 20:48:05,107 - EXECUT - INFO - received weights from trainer sta7!
2026-07-01 20:48:05,142 - EXECUT - INFO - received weights from trainer sta5!
2026-07-01 20:48:06,036 - EXECUT - INFO - sent aggregated weights to trainers!
2026-07-01 20:48:06,327 - METRIC - INFO - {"loss": 0.03794948756694794, "accuracy": 0.9880425333976746, "energy_consumption": 62186.031064368624, "selected": false, "client_name": "sta1"}
2026-07-01 20:48:06,341 - METRIC - INFO - {"loss": 0.03406629338860512, "accuracy": 0.9890466332435608, "energy_consumption": 61536.13471743174, "selected": false, "client_name": "sta0"}
2026-07-01 20:48:06,358 - METRIC - INFO - {"loss": 0.03448430076241493, "accuracy": 0.9888888597488403, "energy_consumption": 47121.66187514261, "selected": false, "client_name": "sta4"}
2026-07-01 20:48:06,387 - METRIC - INFO - {"loss": 0.03656819462776184, "accuracy": 0.9881399869918823, "energy_consumption": 60764.24450476473, "selected": false, "client_name": "sta3"}
2026-07-01 20:48:06,392 - METRIC - INFO - {"loss": 0.032218579202890396, "accuracy": 0.988990306854248, "energy_consumption": 61359.52412405281, "selected": false, "client_name": "sta2"}
2026-07-01 20:48:06,410 - METRIC - INFO - {"loss": 0.03582453355193138, "accuracy": 0.9866057634353638, "energy_consumption": 54837.58940333002, "selected": false, "client_name": "sta6"}
2026-07-01 20:48:06,420 - METRIC - INFO - {"loss": 0.042949873954057693, "accuracy": 0.9845094680786133, "energy_consumption": 45855.069976401224, "selected": false, "client_name": "sta8"}
2026-07-01 20:48:06,466 - METRIC - INFO - {"loss": 0.029492061585187912, "accuracy": 0.9906882643699646, "energy_consumption": 49727.433545812004, "selected": false, "client_name": "sta10"}
2026-07-01 20:48:06,521 - METRIC - INFO - {"loss": 0.04144013300538063, "accuracy": 0.9868059158325195, "energy_consumption": 48123.1524952242, "selected": false, "client_name": "sta9"}
2026-07-01 20:48:06,569 - METRIC - INFO - {"loss": 0.03673013299703598, "accuracy": 0.9882572889328003, "energy_consumption": 36323.290154249335, "selected": false, "client_name": "sta5"}
2026-07-01 20:48:06,581 - METRIC - INFO - {"loss": 0.028981249779462814, "accuracy": 0.990850031375885, "energy_consumption": 33434.86224437802, "selected": false, "client_name": "sta7"}
2026-07-01 20:48:07,039 - METRIC - INFO - mean_accuracy: 0.9882568229328502

2026-07-01 20:48:07,039 - METRIC - INFO - round: 60
2026-07-01 20:48:07,039 - METRIC - INFO - n_selected: 6
2026-07-01 20:48:07,039 - METRIC - INFO - {"selected_trainers": ["sta10", "sta4", "sta5", "sta7", "sta8", "sta9"]}
2026-07-01 20:48:10,819 - EXECUT - INFO - received weights from trainer sta4!
2026-07-01 20:48:10,830 - EXECUT - INFO - received weights from trainer sta8!
2026-07-01 20:48:14,172 - EXECUT - INFO - received weights from trainer sta10!
2026-07-01 20:48:17,604 - EXECUT - INFO - received weights from trainer sta9!
2026-07-01 20:48:19,625 - EXECUT - INFO - received weights from trainer sta7!
2026-07-01 20:48:27,752 - EXECUT - INFO - received weights from trainer sta5!
2026-07-01 20:48:28,403 - EXECUT - INFO - sent aggregated weights to trainers!
2026-07-01 20:48:28,727 - METRIC - INFO - {"loss": 0.03423113003373146, "accuracy": 0.9888888597488403, "energy_consumption": 48207.38466119908, "selected": false, "client_name": "sta4"}
2026-07-01 20:48:28,767 - METRIC - INFO - {"loss": 0.03219148889183998, "accuracy": 0.989258885383606, "energy_consumption": 62725.935175248596, "selected": false, "client_name": "sta2"}
2026-07-01 20:48:28,770 - METRIC - INFO - {"loss": 0.042349979281425476, "accuracy": 0.9853700399398804, "energy_consumption": 46916.40790761612, "selected": false, "client_name": "sta8"}
2026-07-01 20:48:28,771 - METRIC - INFO - {"loss": 0.03622972592711449, "accuracy": 0.9884292483329773, "energy_consumption": 62184.34903051559, "selected": false, "client_name": "sta3"}
2026-07-01 20:48:28,812 - METRIC - INFO - {"loss": 0.035810574889183044, "accuracy": 0.9866057634353638, "energy_consumption": 56155.10612414626, "selected": false, "client_name": "sta6"}
2026-07-01 20:48:28,827 - METRIC - INFO - {"loss": 0.030102718621492386, "accuracy": 0.991093099117279, "energy_consumption": 50860.280173455256, "selected": false, "client_name": "sta10"}
2026-07-01 20:48:28,845 - METRIC - INFO - {"loss": 0.033959511667490005, "accuracy": 0.9890466332435608, "energy_consumption": 62978.11491946925, "selected": false, "client_name": "sta0"}
2026-07-01 20:48:28,850 - METRIC - INFO - {"loss": 0.037530142813920975, "accuracy": 0.9880425333976746, "energy_consumption": 63566.77440750151, "selected": false, "client_name": "sta1"}
2026-07-01 20:48:28,874 - METRIC - INFO - {"loss": 0.041085418313741684, "accuracy": 0.9876305460929871, "energy_consumption": 49169.61992674334, "selected": false, "client_name": "sta9"}
2026-07-01 20:48:28,895 - METRIC - INFO - {"loss": 0.02814779244363308, "accuracy": 0.990850031375885, "energy_consumption": 34152.86736148869, "selected": false, "client_name": "sta7"}
2026-07-01 20:48:29,012 - METRIC - INFO - {"loss": 0.03601130098104477, "accuracy": 0.9879903793334961, "energy_consumption": 37163.68626701646, "selected": false, "client_name": "sta5"}
2026-07-01 20:48:29,405 - METRIC - INFO - mean_accuracy: 0.98847327449105

2026-07-01 20:48:29,405 - METRIC - INFO - round: 61
2026-07-01 20:48:29,405 - METRIC - INFO - n_selected: 6
2026-07-01 20:48:29,405 - METRIC - INFO - {"selected_trainers": ["sta10", "sta4", "sta5", "sta7", "sta8", "sta9"]}
2026-07-01 20:48:33,158 - EXECUT - INFO - received weights from trainer sta4!
2026-07-01 20:48:33,224 - EXECUT - INFO - received weights from trainer sta8!
2026-07-01 20:48:36,605 - EXECUT - INFO - received weights from trainer sta10!
2026-07-01 20:48:40,005 - EXECUT - INFO - received weights from trainer sta9!
2026-07-01 20:48:41,964 - EXECUT - INFO - received weights from trainer sta7!
2026-07-01 20:48:42,035 - EXECUT - INFO - received weights from trainer sta5!
2026-07-01 20:48:42,799 - EXECUT - INFO - sent aggregated weights to trainers!
2026-07-01 20:48:43,089 - METRIC - INFO - {"loss": 0.037588734179735184, "accuracy": 0.9875996708869934, "energy_consumption": 64308.876068853046, "selected": false, "client_name": "sta1"}
2026-07-01 20:48:43,099 - METRIC - INFO - {"loss": 0.034086745232343674, "accuracy": 0.9894523620605469, "energy_consumption": 63745.95089502615, "selected": false, "client_name": "sta0"}
2026-07-01 20:48:43,115 - METRIC - INFO - {"loss": 0.03371364250779152, "accuracy": 0.9888888597488403, "energy_consumption": 48983.65098502666, "selected": false, "client_name": "sta4"}
2026-07-01 20:48:43,144 - METRIC - INFO - {"loss": 0.032406050711870193, "accuracy": 0.988990306854248, "energy_consumption": 63476.482352763036, "selected": false, "client_name": "sta2"}
2026-07-01 20:48:43,147 - METRIC - INFO - {"loss": 0.036220431327819824, "accuracy": 0.9884292483329773, "energy_consumption": 63161.874848785665, "selected": false, "client_name": "sta3"}
2026-07-01 20:48:43,161 - METRIC - INFO - {"loss": 0.04472556710243225, "accuracy": 0.9853700399398804, "energy_consumption": 47493.420857271165, "selected": false, "client_name": "sta8"}
2026-07-01 20:48:43,170 - METRIC - INFO - {"loss": 0.03590553626418114, "accuracy": 0.9869102239608765, "energy_consumption": 57059.83333538262, "selected": false, "client_name": "sta6"}
2026-07-01 20:48:43,284 - METRIC - INFO - {"loss": 0.02801409177482128, "accuracy": 0.990850031375885, "energy_consumption": 34670.06080829041, "selected": false, "client_name": "sta7"}
2026-07-01 20:48:43,324 - METRIC - INFO - {"loss": 0.029780684038996696, "accuracy": 0.9906882643699646, "energy_consumption": 51550.50660987483, "selected": false, "client_name": "sta10"}
2026-07-01 20:48:43,370 - METRIC - INFO - {"loss": 0.042110759764909744, "accuracy": 0.9870808124542236, "energy_consumption": 49816.51606593411, "selected": false, "client_name": "sta9"}
2026-07-01 20:48:43,445 - METRIC - INFO - {"loss": 0.03666023910045624, "accuracy": 0.9879903793334961, "energy_consumption": 37796.507396550325, "selected": false, "client_name": "sta5"}
2026-07-01 20:48:43,802 - METRIC - INFO - mean_accuracy: 0.9883863817561757

2026-07-01 20:48:43,802 - METRIC - INFO - round: 62
2026-07-01 20:48:43,802 - METRIC - INFO - n_selected: 6
2026-07-01 20:48:43,802 - METRIC - INFO - {"selected_trainers": ["sta10", "sta4", "sta5", "sta7", "sta8", "sta9"]}
2026-07-01 20:48:47,575 - EXECUT - INFO - received weights from trainer sta4!
2026-07-01 20:48:47,590 - EXECUT - INFO - received weights from trainer sta8!
2026-07-01 20:48:50,960 - EXECUT - INFO - received weights from trainer sta10!
2026-07-01 20:48:54,396 - EXECUT - INFO - received weights from trainer sta9!
2026-07-01 20:48:56,356 - EXECUT - INFO - received weights from trainer sta5!
2026-07-01 20:48:56,439 - EXECUT - INFO - received weights from trainer sta7!
2026-07-01 20:48:57,263 - EXECUT - INFO - sent aggregated weights to trainers!
2026-07-01 20:48:57,567 - METRIC - INFO - {"loss": 0.03752215579152107, "accuracy": 0.9880425333976746, "energy_consumption": 65296.070745348465, "selected": false, "client_name": "sta1"}
2026-07-01 20:48:57,579 - METRIC - INFO - {"loss": 0.0340324342250824, "accuracy": 0.9894523620605469, "energy_consumption": 64734.1241012638, "selected": false, "client_name": "sta0"}
2026-07-01 20:48:57,583 - METRIC - INFO - {"loss": 0.03435168415307999, "accuracy": 0.9895833134651184, "energy_consumption": 49571.852445937926, "selected": false, "client_name": "sta4"}
2026-07-01 20:48:57,622 - METRIC - INFO - {"loss": 0.035616256296634674, "accuracy": 0.9869102239608765, "energy_consumption": 57734.366093095734, "selected": false, "client_name": "sta6"}
2026-07-01 20:48:57,629 - METRIC - INFO - {"loss": 0.03199087455868721, "accuracy": 0.989258885383606, "energy_consumption": 64524.21532891465, "selected": false, "client_name": "sta2"}
2026-07-01 20:48:57,644 - METRIC - INFO - {"loss": 0.03615646809339523, "accuracy": 0.9884292483329773, "energy_consumption": 64009.39920538616, "selected": false, "client_name": "sta3"}
2026-07-01 20:48:57,653 - METRIC - INFO - {"loss": 0.043168939650058746, "accuracy": 0.9853700399398804, "energy_consumption": 48264.37000171125, "selected": false, "client_name": "sta8"}
2026-07-01 20:48:57,702 - METRIC - INFO - {"loss": 0.029387259855866432, "accuracy": 0.9906882643699646, "energy_consumption": 52326.27697689702, "selected": false, "client_name": "sta10"}
2026-07-01 20:48:57,748 - METRIC - INFO - {"loss": 0.04077821969985962, "accuracy": 0.9876305460929871, "energy_consumption": 50578.89866625594, "selected": false, "client_name": "sta9"}
2026-07-01 20:48:57,814 - METRIC - INFO - {"loss": 0.03664010390639305, "accuracy": 0.9877235293388367, "energy_consumption": 38237.85918928938, "selected": false, "client_name": "sta5"}
2026-07-01 20:48:57,815 - METRIC - INFO - {"loss": 0.02835364080965519, "accuracy": 0.9902597665786743, "energy_consumption": 35098.452919397, "selected": false, "client_name": "sta7"}
2026-07-01 20:48:58,265 - METRIC - INFO - mean_accuracy: 0.9884862466291948

2026-07-01 20:48:58,265 - METRIC - INFO - round: 63
2026-07-01 20:48:58,265 - METRIC - INFO - n_selected: 6
2026-07-01 20:48:58,265 - METRIC - INFO - {"selected_trainers": ["sta10", "sta4", "sta5", "sta7", "sta8", "sta9"]}
2026-07-01 20:49:02,025 - EXECUT - INFO - received weights from trainer sta4!
2026-07-01 20:49:02,086 - EXECUT - INFO - received weights from trainer sta8!
2026-07-01 20:49:05,431 - EXECUT - INFO - received weights from trainer sta10!
2026-07-01 20:49:08,907 - EXECUT - INFO - received weights from trainer sta9!
2026-07-01 20:49:10,779 - EXECUT - INFO - received weights from trainer sta5!
2026-07-01 20:49:10,813 - EXECUT - INFO - received weights from trainer sta7!
2026-07-01 20:49:11,742 - EXECUT - INFO - sent aggregated weights to trainers!
2026-07-01 20:49:12,046 - METRIC - INFO - {"loss": 0.03752948343753815, "accuracy": 0.9875996708869934, "energy_consumption": 66123.18818864303, "selected": false, "client_name": "sta1"}
2026-07-01 20:49:12,047 - METRIC - INFO - {"loss": 0.03411935642361641, "accuracy": 0.9894523620605469, "energy_consumption": 65568.26766368438, "selected": false, "client_name": "sta0"}
2026-07-01 20:49:12,074 - METRIC - INFO - {"loss": 0.033920228481292725, "accuracy": 0.9888888597488403, "energy_consumption": 50365.58925916831, "selected": false, "client_name": "sta4"}
2026-07-01 20:49:12,108 - METRIC - INFO - {"loss": 0.03625943139195442, "accuracy": 0.9884292483329773, "energy_consumption": 65070.49688304904, "selected": false, "client_name": "sta3"}
2026-07-01 20:49:12,108 - METRIC - INFO - {"loss": 0.032167866826057434, "accuracy": 0.988990306854248, "energy_consumption": 65371.54744341357, "selected": false, "client_name": "sta2"}
2026-07-01 20:49:12,118 - METRIC - INFO - {"loss": 0.04412556067109108, "accuracy": 0.9853700399398804, "energy_consumption": 49028.33222703174, "selected": false, "client_name": "sta8"}
2026-07-01 20:49:12,142 - METRIC - INFO - {"loss": 0.03603757545351982, "accuracy": 0.9869102239608765, "energy_consumption": 58737.833658608375, "selected": false, "client_name": "sta6"}
2026-07-01 20:49:12,190 - METRIC - INFO - {"loss": 0.029180575162172318, "accuracy": 0.9906882643699646, "energy_consumption": 52996.641933021536, "selected": false, "client_name": "sta10"}
2026-07-01 20:49:12,236 - METRIC - INFO - {"loss": 0.04082300513982773, "accuracy": 0.9879054427146912, "energy_consumption": 51403.30899239313, "selected": false, "client_name": "sta9"}
2026-07-01 20:49:12,243 - METRIC - INFO - {"loss": 0.028305258601903915, "accuracy": 0.9902597665786743, "energy_consumption": 35627.46245468004, "selected": false, "client_name": "sta7"}
2026-07-01 20:49:12,256 - METRIC - INFO - {"loss": 0.03610742464661598, "accuracy": 0.9879903793334961, "energy_consumption": 38870.36071539047, "selected": false, "client_name": "sta5"}
2026-07-01 20:49:12,744 - METRIC - INFO - mean_accuracy: 0.9884076877073809

2026-07-01 20:49:12,744 - METRIC - INFO - round: 64
2026-07-01 20:49:12,744 - METRIC - INFO - n_selected: 6
2026-07-01 20:49:12,744 - METRIC - INFO - {"selected_trainers": ["sta10", "sta4", "sta5", "sta7", "sta8", "sta9"]}
2026-07-01 20:49:16,521 - EXECUT - INFO - received weights from trainer sta8!
2026-07-01 20:49:16,533 - EXECUT - INFO - received weights from trainer sta4!
2026-07-01 20:49:19,881 - EXECUT - INFO - received weights from trainer sta10!
2026-07-01 20:49:23,313 - EXECUT - INFO - received weights from trainer sta9!
2026-07-01 20:49:25,314 - EXECUT - INFO - received weights from trainer sta7!
2026-07-01 20:49:25,326 - EXECUT - INFO - received weights from trainer sta5!
2026-07-01 20:49:26,108 - EXECUT - INFO - sent aggregated weights to trainers!
2026-07-01 20:49:26,408 - METRIC - INFO - {"loss": 0.03763306885957718, "accuracy": 0.9875996708869934, "energy_consumption": 67210.10274280595, "selected": false, "client_name": "sta1"}
2026-07-01 20:49:26,419 - METRIC - INFO - {"loss": 0.03420238196849823, "accuracy": 0.9890466332435608, "energy_consumption": 66585.23714475571, "selected": false, "client_name": "sta0"}
2026-07-01 20:49:26,442 - METRIC - INFO - {"loss": 0.03376907855272293, "accuracy": 0.9888888597488403, "energy_consumption": 51029.62154921091, "selected": false, "client_name": "sta4"}
2026-07-01 20:49:26,471 - METRIC - INFO - {"loss": 0.03211485221982002, "accuracy": 0.988990306854248, "energy_consumption": 66332.68563808467, "selected": false, "client_name": "sta2"}
2026-07-01 20:49:26,477 - METRIC - INFO - {"loss": 0.04035910591483116, "accuracy": 0.9853700399398804, "energy_consumption": 49645.26044273936, "selected": false, "client_name": "sta8"}
2026-07-01 20:49:26,488 - METRIC - INFO - {"loss": 0.03610816225409508, "accuracy": 0.9884292483329773, "energy_consumption": 66168.38813447788, "selected": false, "client_name": "sta3"}
2026-07-01 20:49:26,495 - METRIC - INFO - {"loss": 0.035826221108436584, "accuracy": 0.9866057634353638, "energy_consumption": 59535.446264354556, "selected": false, "client_name": "sta6"}
2026-07-01 20:49:26,523 - METRIC - INFO - {"loss": 0.028491536155343056, "accuracy": 0.9906882643699646, "energy_consumption": 53873.39944845274, "selected": false, "client_name": "sta10"}
2026-07-01 20:49:26,578 - METRIC - INFO - {"loss": 0.03626067936420441, "accuracy": 0.9882572889328003, "energy_consumption": 39368.744513747595, "selected": false, "client_name": "sta5"}
2026-07-01 20:49:26,587 - METRIC - INFO - {"loss": 0.041052643209695816, "accuracy": 0.9876305460929871, "energy_consumption": 52050.478186607266, "selected": false, "client_name": "sta9"}
2026-07-01 20:49:26,603 - METRIC - INFO - {"loss": 0.02807501144707203, "accuracy": 0.990554928779602, "energy_consumption": 36070.55777420463, "selected": false, "client_name": "sta7"}
2026-07-01 20:49:27,111 - METRIC - INFO - mean_accuracy: 0.9883692318742926

2026-07-01 20:49:27,111 - METRIC - INFO - round: 65
2026-07-01 20:49:27,111 - METRIC - INFO - n_selected: 6
2026-07-01 20:49:27,111 - METRIC - INFO - {"selected_trainers": ["sta10", "sta4", "sta5", "sta7", "sta8", "sta9"]}
2026-07-01 20:49:30,912 - EXECUT - INFO - received weights from trainer sta8!
2026-07-01 20:49:30,924 - EXECUT - INFO - received weights from trainer sta4!
2026-07-01 20:49:34,290 - EXECUT - INFO - received weights from trainer sta10!
2026-07-01 20:49:37,670 - EXECUT - INFO - received weights from trainer sta9!
2026-07-01 20:49:39,658 - EXECUT - INFO - received weights from trainer sta5!
2026-07-01 20:49:39,692 - EXECUT - INFO - received weights from trainer sta7!
2026-07-01 20:49:40,474 - EXECUT - INFO - sent aggregated weights to trainers!
2026-07-01 20:49:40,778 - METRIC - INFO - {"loss": 0.034219592809677124, "accuracy": 0.9894523620605469, "energy_consumption": 67401.14694969139, "selected": false, "client_name": "sta0"}
2026-07-01 20:49:40,783 - METRIC - INFO - {"loss": 0.03757141903042793, "accuracy": 0.9884853959083557, "energy_consumption": 68060.9636484813, "selected": false, "client_name": "sta1"}
2026-07-01 20:49:40,821 - METRIC - INFO - {"loss": 0.03614319488406181, "accuracy": 0.9884292483329773, "energy_consumption": 67098.21869713739, "selected": false, "client_name": "sta3"}
2026-07-01 20:49:40,835 - METRIC - INFO - {"loss": 0.04275099188089371, "accuracy": 0.9836488962173462, "energy_consumption": 50447.998446598205, "selected": false, "client_name": "sta8"}
2026-07-01 20:49:40,844 - METRIC - INFO - {"loss": 0.03552694618701935, "accuracy": 0.9869102239608765, "energy_consumption": 60437.37891270471, "selected": false, "client_name": "sta6"}
2026-07-01 20:49:40,845 - METRIC - INFO - {"loss": 0.03176313266158104, "accuracy": 0.989258885383606, "energy_consumption": 67237.7237103408, "selected": false, "client_name": "sta2"}
2026-07-01 20:49:40,872 - METRIC - INFO - {"loss": 0.03365268558263779, "accuracy": 0.988194465637207, "energy_consumption": 51841.57391493317, "selected": false, "client_name": "sta4"}
2026-07-01 20:49:40,882 - METRIC - INFO - {"loss": 0.028029540553689003, "accuracy": 0.9906882643699646, "energy_consumption": 54549.06574173909, "selected": false, "client_name": "sta10"}
2026-07-01 20:49:40,947 - METRIC - INFO - {"loss": 0.04169375076889992, "accuracy": 0.9879054427146912, "energy_consumption": 52903.659084470164, "selected": false, "client_name": "sta9"}
2026-07-01 20:49:41,003 - METRIC - INFO - {"loss": 0.036613866686820984, "accuracy": 0.9882572889328003, "energy_consumption": 39976.82348800006, "selected": false, "client_name": "sta5"}
2026-07-01 20:49:41,153 - METRIC - INFO - {"loss": 0.027896404266357422, "accuracy": 0.9914403557777405, "energy_consumption": 36645.73273847314, "selected": false, "client_name": "sta7"}
2026-07-01 20:49:41,476 - METRIC - INFO - mean_accuracy: 0.9884246208451011

2026-07-01 20:49:41,476 - METRIC - INFO - round: 66
2026-07-01 20:49:41,476 - METRIC - INFO - n_selected: 6
2026-07-01 20:49:41,476 - METRIC - INFO - {"selected_trainers": ["sta10", "sta4", "sta5", "sta7", "sta8", "sta9"]}
2026-07-01 20:49:45,253 - EXECUT - INFO - received weights from trainer sta4!
2026-07-01 20:49:45,275 - EXECUT - INFO - received weights from trainer sta8!
2026-07-01 20:49:48,635 - EXECUT - INFO - received weights from trainer sta10!
2026-07-01 20:49:52,020 - EXECUT - INFO - received weights from trainer sta9!
2026-07-01 20:49:54,085 - EXECUT - INFO - received weights from trainer sta7!
2026-07-01 20:49:54,096 - EXECUT - INFO - received weights from trainer sta5!
2026-07-01 20:49:54,829 - EXECUT - INFO - sent aggregated weights to trainers!
2026-07-01 20:49:55,116 - METRIC - INFO - {"loss": 0.03766743838787079, "accuracy": 0.9880425333976746, "energy_consumption": 69030.56820861086, "selected": false, "client_name": "sta1"}
2026-07-01 20:49:55,140 - METRIC - INFO - {"loss": 0.03454521298408508, "accuracy": 0.9894523620605469, "energy_consumption": 68408.96751467219, "selected": false, "client_name": "sta0"}
2026-07-01 20:49:55,143 - METRIC - INFO - {"loss": 0.03372294828295708, "accuracy": 0.9888888597488403, "energy_consumption": 52435.37728585873, "selected": false, "client_name": "sta4"}
2026-07-01 20:49:55,170 - METRIC - INFO - {"loss": 0.04344934970140457, "accuracy": 0.9853700399398804, "energy_consumption": 51091.9875539224, "selected": false, "client_name": "sta8"}
2026-07-01 20:49:55,247 - METRIC - INFO - {"loss": 0.028575226664543152, "accuracy": 0.9906882643699646, "energy_consumption": 55343.597401560684, "selected": false, "client_name": "sta10"}
2026-07-01 20:49:55,274 - METRIC - INFO - {"loss": 0.035704877227544785, "accuracy": 0.9869102239608765, "energy_consumption": 61232.20812355687, "selected": false, "client_name": "sta6"}
2026-07-01 20:49:55,294 - METRIC - INFO - {"loss": 0.0408899299800396, "accuracy": 0.9876305460929871, "energy_consumption": 53584.28060946387, "selected": false, "client_name": "sta9"}
2026-07-01 20:49:55,299 - METRIC - INFO - {"loss": 0.03637246415019035, "accuracy": 0.9884292483329773, "energy_consumption": 68121.43475403839, "selected": false, "client_name": "sta3"}
2026-07-01 20:49:55,303 - METRIC - INFO - {"loss": 0.032026130706071854, "accuracy": 0.989258885383606, "energy_consumption": 68227.33943016936, "selected": false, "client_name": "sta2"}
2026-07-01 20:49:55,339 - METRIC - INFO - {"loss": 0.03549821302294731, "accuracy": 0.9882572889328003, "energy_consumption": 40462.62410830848, "selected": false, "client_name": "sta5"}
2026-07-01 20:49:55,373 - METRIC - INFO - {"loss": 0.0281970277428627, "accuracy": 0.990850031375885, "energy_consumption": 37099.49512130381, "selected": false, "client_name": "sta7"}
2026-07-01 20:49:55,830 - METRIC - INFO - mean_accuracy: 0.9885252985087308

2026-07-01 20:49:55,830 - METRIC - INFO - round: 67
2026-07-01 20:49:55,830 - METRIC - INFO - n_selected: 6
2026-07-01 20:49:55,830 - METRIC - INFO - {"selected_trainers": ["sta10", "sta4", "sta5", "sta7", "sta8", "sta9"]}
2026-07-01 20:49:59,610 - EXECUT - INFO - received weights from trainer sta4!
2026-07-01 20:49:59,652 - EXECUT - INFO - received weights from trainer sta8!
2026-07-01 20:50:02,989 - EXECUT - INFO - received weights from trainer sta10!
2026-07-01 20:50:06,451 - EXECUT - INFO - received weights from trainer sta9!
2026-07-01 20:50:08,362 - EXECUT - INFO - received weights from trainer sta7!
2026-07-01 20:50:16,542 - EXECUT - INFO - received weights from trainer sta5!
2026-07-01 20:50:17,203 - EXECUT - INFO - sent aggregated weights to trainers!
2026-07-01 20:50:17,500 - METRIC - INFO - {"loss": 0.03735154867172241, "accuracy": 0.9875996708869934, "energy_consumption": 70480.59350942684, "selected": false, "client_name": "sta1"}
2026-07-01 20:50:17,535 - METRIC - INFO - {"loss": 0.03377756476402283, "accuracy": 0.9895833134651184, "energy_consumption": 53688.945637929, "selected": false, "client_name": "sta4"}
2026-07-01 20:50:17,535 - METRIC - INFO - {"loss": 0.034259822219610214, "accuracy": 0.9894523620605469, "energy_consumption": 69801.98928434608, "selected": false, "client_name": "sta0"}
2026-07-01 20:50:17,586 - METRIC - INFO - {"loss": 0.03191733732819557, "accuracy": 0.988990306854248, "energy_consumption": 69552.2551187429, "selected": false, "client_name": "sta2"}
2026-07-01 20:50:17,592 - METRIC - INFO - {"loss": 0.03632639721035957, "accuracy": 0.9884292483329773, "energy_consumption": 69535.98620859701, "selected": false, "client_name": "sta3"}
2026-07-01 20:50:17,601 - METRIC - INFO - {"loss": 0.0357922799885273, "accuracy": 0.9869102239608765, "energy_consumption": 62529.13593526531, "selected": false, "client_name": "sta6"}
2026-07-01 20:50:17,649 - METRIC - INFO - {"loss": 0.028857175260782242, "accuracy": 0.991093099117279, "energy_consumption": 56457.90908209171, "selected": false, "client_name": "sta10"}
2026-07-01 20:50:17,697 - METRIC - INFO - {"loss": 0.036074478179216385, "accuracy": 0.9879903793334961, "energy_consumption": 41299.033256969415, "selected": false, "client_name": "sta5"}
2026-07-01 20:50:17,698 - METRIC - INFO - {"loss": 0.04144560545682907, "accuracy": 0.9879054427146912, "energy_consumption": 54710.536987696185, "selected": false, "client_name": "sta9"}
2026-07-01 20:50:17,710 - METRIC - INFO - {"loss": 0.028580516576766968, "accuracy": 0.990850031375885, "energy_consumption": 37907.81466558498, "selected": false, "client_name": "sta7"}
2026-07-01 20:50:17,712 - METRIC - INFO - {"loss": 0.04192018881440163, "accuracy": 0.9862306118011475, "energy_consumption": 52173.365832894575, "selected": false, "client_name": "sta8"}
2026-07-01 20:50:18,206 - METRIC - INFO - mean_accuracy: 0.9886395172639326

2026-07-01 20:50:18,206 - METRIC - INFO - round: 68
2026-07-01 20:50:18,206 - METRIC - INFO - n_selected: 6
2026-07-01 20:50:18,206 - METRIC - INFO - {"selected_trainers": ["sta10", "sta4", "sta5", "sta7", "sta8", "sta9"]}
2026-07-01 20:50:22,004 - EXECUT - INFO - received weights from trainer sta4!
2026-07-01 20:50:22,016 - EXECUT - INFO - received weights from trainer sta8!
2026-07-01 20:50:25,381 - EXECUT - INFO - received weights from trainer sta10!
2026-07-01 20:50:28,846 - EXECUT - INFO - received weights from trainer sta9!
2026-07-01 20:50:30,751 - EXECUT - INFO - received weights from trainer sta5!
2026-07-01 20:50:30,800 - EXECUT - INFO - received weights from trainer sta7!
2026-07-01 20:50:31,588 - EXECUT - INFO - sent aggregated weights to trainers!
2026-07-01 20:50:31,889 - METRIC - INFO - {"loss": 0.03721511363983154, "accuracy": 0.9880425333976746, "energy_consumption": 71302.0374795051, "selected": false, "client_name": "sta1"}
2026-07-01 20:50:31,901 - METRIC - INFO - {"loss": 0.034326810389757156, "accuracy": 0.9890466332435608, "energy_consumption": 70617.53037931203, "selected": false, "client_name": "sta0"}
2026-07-01 20:50:31,932 - METRIC - INFO - {"loss": 0.03245626017451286, "accuracy": 0.988990306854248, "energy_consumption": 70362.86394476348, "selected": false, "client_name": "sta2"}
2026-07-01 20:50:31,940 - METRIC - INFO - {"loss": 0.03602217510342598, "accuracy": 0.9884292483329773, "energy_consumption": 70426.44692930838, "selected": false, "client_name": "sta3"}
2026-07-01 20:50:31,949 - METRIC - INFO - {"loss": 0.03608757629990578, "accuracy": 0.9869102239608765, "energy_consumption": 63425.95748822893, "selected": false, "client_name": "sta6"}
2026-07-01 20:50:31,983 - METRIC - INFO - {"loss": 0.04170947149395943, "accuracy": 0.9862306118011475, "energy_consumption": 52913.15372085637, "selected": false, "client_name": "sta8"}
2026-07-01 20:50:32,043 - METRIC - INFO - {"loss": 0.033459458500146866, "accuracy": 0.9888888597488403, "energy_consumption": 54379.121801601184, "selected": false, "client_name": "sta4"}
2026-07-01 20:50:32,061 - METRIC - INFO - {"loss": 0.041858550161123276, "accuracy": 0.9873557090759277, "energy_consumption": 55530.709753735035, "selected": false, "client_name": "sta9"}
2026-07-01 20:50:32,062 - METRIC - INFO - {"loss": 0.028799589723348618, "accuracy": 0.9906882643699646, "energy_consumption": 57310.278750055964, "selected": false, "client_name": "sta10"}
2026-07-01 20:50:32,116 - METRIC - INFO - {"loss": 0.03740505874156952, "accuracy": 0.9877235293388367, "energy_consumption": 41893.03961937508, "selected": false, "client_name": "sta5"}
2026-07-01 20:50:32,151 - METRIC - INFO - {"loss": 0.028471888974308968, "accuracy": 0.9911451935768127, "energy_consumption": 38386.78109344669, "selected": false, "client_name": "sta7"}
2026-07-01 20:50:32,591 - METRIC - INFO - mean_accuracy: 0.9884955557909879

2026-07-01 20:50:32,591 - METRIC - INFO - round: 69
2026-07-01 20:50:32,591 - METRIC - INFO - n_selected: 6
2026-07-01 20:50:32,591 - METRIC - INFO - {"selected_trainers": ["sta10", "sta4", "sta5", "sta7", "sta8", "sta9"]}
2026-07-01 20:50:36,383 - EXECUT - INFO - received weights from trainer sta4!
2026-07-01 20:50:36,393 - EXECUT - INFO - received weights from trainer sta8!
2026-07-01 20:50:39,726 - EXECUT - INFO - received weights from trainer sta10!
2026-07-01 20:50:43,100 - EXECUT - INFO - received weights from trainer sta9!
2026-07-01 20:50:45,140 - EXECUT - INFO - received weights from trainer sta7!
2026-07-01 20:50:45,179 - EXECUT - INFO - received weights from trainer sta5!
2026-07-01 20:50:45,953 - EXECUT - INFO - sent aggregated weights to trainers!
2026-07-01 20:50:46,238 - METRIC - INFO - {"loss": 0.03728959336876869, "accuracy": 0.9875996708869934, "energy_consumption": 72360.70806867376, "selected": false, "client_name": "sta1"}
2026-07-01 20:50:46,242 - METRIC - INFO - {"loss": 0.03459329530596733, "accuracy": 0.9890466332435608, "energy_consumption": 71737.30253218679, "selected": false, "client_name": "sta0"}
2026-07-01 20:50:46,264 - METRIC - INFO - {"loss": 0.03329262137413025, "accuracy": 0.9895833134651184, "energy_consumption": 55051.33642212886, "selected": false, "client_name": "sta4"}
2026-07-01 20:50:46,297 - METRIC - INFO - {"loss": 0.032257601618766785, "accuracy": 0.989258885383606, "energy_consumption": 71446.2688987129, "selected": false, "client_name": "sta2"}
2026-07-01 20:50:46,311 - METRIC - INFO - {"loss": 0.03616126999258995, "accuracy": 0.9869102239608765, "energy_consumption": 64148.72117257525, "selected": false, "client_name": "sta6"}
2026-07-01 20:50:46,312 - METRIC - INFO - {"loss": 0.04539993032813072, "accuracy": 0.9870912432670593, "energy_consumption": 53510.15680330425, "selected": false, "client_name": "sta8"}
2026-07-01 20:50:46,313 - METRIC - INFO - {"loss": 0.036214761435985565, "accuracy": 0.9884292483329773, "energy_consumption": 71483.93375248392, "selected": false, "client_name": "sta3"}
2026-07-01 20:50:46,372 - METRIC - INFO - {"loss": 0.028935223817825317, "accuracy": 0.991093099117279, "energy_consumption": 58042.995122688, "selected": false, "client_name": "sta10"}
2026-07-01 20:50:46,417 - METRIC - INFO - {"loss": 0.03550172224640846, "accuracy": 0.9879903793334961, "energy_consumption": 42373.89419214064, "selected": false, "client_name": "sta5"}
2026-07-01 20:50:46,427 - METRIC - INFO - {"loss": 0.04191596806049347, "accuracy": 0.9876305460929871, "energy_consumption": 56184.2978286405, "selected": false, "client_name": "sta9"}
2026-07-01 20:50:46,575 - METRIC - INFO - {"loss": 0.02818099409341812, "accuracy": 0.990850031375885, "energy_consumption": 38791.72901571901, "selected": false, "client_name": "sta7"}
2026-07-01 20:50:46,954 - METRIC - INFO - mean_accuracy: 0.9886802976781671

2026-07-01 20:50:46,954 - METRIC - INFO - round: 70
2026-07-01 20:50:46,954 - METRIC - INFO - n_selected: 6
2026-07-01 20:50:46,954 - METRIC - INFO - {"selected_trainers": ["sta10", "sta4", "sta5", "sta7", "sta8", "sta9"]}
2026-07-01 20:50:50,715 - EXECUT - INFO - received weights from trainer sta4!
2026-07-01 20:50:50,769 - EXECUT - INFO - received weights from trainer sta8!
2026-07-01 20:50:54,195 - EXECUT - INFO - received weights from trainer sta10!
2026-07-01 20:50:57,559 - EXECUT - INFO - received weights from trainer sta9!
2026-07-01 20:50:59,534 - EXECUT - INFO - received weights from trainer sta5!
2026-07-01 20:50:59,545 - EXECUT - INFO - received weights from trainer sta7!
2026-07-01 20:51:00,316 - EXECUT - INFO - sent aggregated weights to trainers!
2026-07-01 20:51:00,609 - METRIC - INFO - {"loss": 0.03720766305923462, "accuracy": 0.9875996708869934, "energy_consumption": 73093.14341508041, "selected": false, "client_name": "sta1"}
2026-07-01 20:51:00,615 - METRIC - INFO - {"loss": 0.034421104937791824, "accuracy": 0.9890466332435608, "energy_consumption": 72544.37691744218, "selected": false, "client_name": "sta0"}
2026-07-01 20:51:00,652 - METRIC - INFO - {"loss": 0.0335761122405529, "accuracy": 0.9888888597488403, "energy_consumption": 55900.53666154501, "selected": false, "client_name": "sta4"}
2026-07-01 20:51:00,669 - METRIC - INFO - {"loss": 0.03577845171093941, "accuracy": 0.9869102239608765, "energy_consumption": 65057.04562282618, "selected": false, "client_name": "sta6"}
2026-07-01 20:51:00,682 - METRIC - INFO - {"loss": 0.043191492557525635, "accuracy": 0.9836488962173462, "energy_consumption": 54306.822346710236, "selected": false, "client_name": "sta8"}
2026-07-01 20:51:00,692 - METRIC - INFO - {"loss": 0.036119282245635986, "accuracy": 0.9884292483329773, "energy_consumption": 72293.043801019, "selected": false, "client_name": "sta3"}
2026-07-01 20:51:00,694 - METRIC - INFO - {"loss": 0.03179361671209335, "accuracy": 0.988990306854248, "energy_consumption": 72160.77117663216, "selected": false, "client_name": "sta2"}
2026-07-01 20:51:00,757 - METRIC - INFO - {"loss": 0.027838001027703285, "accuracy": 0.9906882643699646, "energy_consumption": 58896.00383971439, "selected": false, "client_name": "sta10"}
2026-07-01 20:51:00,794 - METRIC - INFO - {"loss": 0.041545942425727844, "accuracy": 0.9876305460929871, "energy_consumption": 56995.90313080599, "selected": false, "client_name": "sta9"}
2026-07-01 20:51:00,858 - METRIC - INFO - {"loss": 0.03656342625617981, "accuracy": 0.9879903793334961, "energy_consumption": 42986.229171948726, "selected": false, "client_name": "sta5"}
2026-07-01 20:51:00,946 - METRIC - INFO - {"loss": 0.02975333109498024, "accuracy": 0.990554928779602, "energy_consumption": 39332.553157323346, "selected": false, "client_name": "sta7"}
2026-07-01 20:51:01,318 - METRIC - INFO - mean_accuracy: 0.9882161779837175

2026-07-01 20:51:01,318 - METRIC - INFO - round: 71
2026-07-01 20:51:01,318 - METRIC - INFO - n_selected: 6
2026-07-01 20:51:01,318 - METRIC - INFO - {"selected_trainers": ["sta10", "sta4", "sta5", "sta7", "sta8", "sta9"]}
2026-07-01 20:51:05,109 - EXECUT - INFO - received weights from trainer sta8!
2026-07-01 20:51:06,553 - EXECUT - INFO - received weights from trainer sta4!
2026-07-01 20:51:08,474 - EXECUT - INFO - received weights from trainer sta10!
2026-07-01 20:51:11,841 - EXECUT - INFO - received weights from trainer sta9!
2026-07-01 20:51:13,875 - EXECUT - INFO - received weights from trainer sta5!
2026-07-01 20:51:22,072 - EXECUT - INFO - received weights from trainer sta7!
2026-07-01 20:51:22,693 - EXECUT - INFO - sent aggregated weights to trainers!
2026-07-01 20:51:23,000 - METRIC - INFO - {"loss": 0.03732343763113022, "accuracy": 0.9880425333976746, "energy_consumption": 74605.51517702827, "selected": false, "client_name": "sta1"}
2026-07-01 20:51:23,001 - METRIC - INFO - {"loss": 0.0333654060959816, "accuracy": 0.9895833134651184, "energy_consumption": 56938.22726652634, "selected": false, "client_name": "sta4"}
2026-07-01 20:51:23,051 - METRIC - INFO - {"loss": 0.034670814871788025, "accuracy": 0.9886409640312195, "energy_consumption": 74028.3228132299, "selected": false, "client_name": "sta0"}
2026-07-01 20:51:23,054 - METRIC - INFO - {"loss": 0.04242590442299843, "accuracy": 0.9862306118011475, "energy_consumption": 55315.46260291709, "selected": false, "client_name": "sta8"}
2026-07-01 20:51:23,074 - METRIC - INFO - {"loss": 0.03222214803099632, "accuracy": 0.989258885383606, "energy_consumption": 73704.10034524693, "selected": false, "client_name": "sta2"}
2026-07-01 20:51:23,079 - METRIC - INFO - {"loss": 0.03618547320365906, "accuracy": 0.9884292483329773, "energy_consumption": 73834.59783875254, "selected": false, "client_name": "sta3"}
2026-07-01 20:51:23,080 - METRIC - INFO - {"loss": 0.03614471107721329, "accuracy": 0.9869102239608765, "energy_consumption": 66281.02909481057, "selected": false, "client_name": "sta6"}
2026-07-01 20:51:23,105 - METRIC - INFO - {"loss": 0.02792184241116047, "accuracy": 0.9906882643699646, "energy_consumption": 60007.59769865492, "selected": false, "client_name": "sta10"}
2026-07-01 20:51:23,144 - METRIC - INFO - {"loss": 0.04214378446340561, "accuracy": 0.9879054427146912, "energy_consumption": 58024.63368508576, "selected": false, "client_name": "sta9"}
2026-07-01 20:51:23,147 - METRIC - INFO - {"loss": 0.035757604986429214, "accuracy": 0.9885241389274597, "energy_consumption": 43771.68774305557, "selected": false, "client_name": "sta5"}
2026-07-01 20:51:23,179 - METRIC - INFO - {"loss": 0.027875320985913277, "accuracy": 0.990850031375885, "energy_consumption": 40031.97818073809, "selected": false, "client_name": "sta7"}
2026-07-01 20:51:23,695 - METRIC - INFO - mean_accuracy: 0.9886421507055109

2026-07-01 20:51:23,695 - METRIC - INFO - round: 72
2026-07-01 20:51:23,695 - METRIC - INFO - n_selected: 6
2026-07-01 20:51:23,695 - METRIC - INFO - {"selected_trainers": ["sta10", "sta4", "sta5", "sta7", "sta8", "sta9"]}
2026-07-01 20:51:27,498 - EXECUT - INFO - received weights from trainer sta8!
2026-07-01 20:51:27,509 - EXECUT - INFO - received weights from trainer sta4!
2026-07-01 20:51:30,862 - EXECUT - INFO - received weights from trainer sta10!
2026-07-01 20:51:34,255 - EXECUT - INFO - received weights from trainer sta9!
2026-07-01 20:51:36,247 - EXECUT - INFO - received weights from trainer sta5!
2026-07-01 20:51:36,318 - EXECUT - INFO - received weights from trainer sta7!
2026-07-01 20:51:37,052 - EXECUT - INFO - sent aggregated weights to trainers!
2026-07-01 20:51:37,329 - METRIC - INFO - {"loss": 0.037261348217725754, "accuracy": 0.9875996708869934, "energy_consumption": 75664.26726540053, "selected": false, "client_name": "sta1"}
2026-07-01 20:51:37,346 - METRIC - INFO - {"loss": 0.034651681780815125, "accuracy": 0.9890466332435608, "energy_consumption": 75050.9977451051, "selected": false, "client_name": "sta0"}
2026-07-01 20:51:37,356 - METRIC - INFO - {"loss": 0.033659230917692184, "accuracy": 0.9895833134651184, "energy_consumption": 57769.38404226899, "selected": false, "client_name": "sta4"}
2026-07-01 20:51:37,401 - METRIC - INFO - {"loss": 0.03176164999604225, "accuracy": 0.988990306854248, "energy_consumption": 74753.81000327304, "selected": false, "client_name": "sta2"}
2026-07-01 20:51:37,404 - METRIC - INFO - {"loss": 0.03609931096434593, "accuracy": 0.9884292483329773, "energy_consumption": 74849.09563889282, "selected": false, "client_name": "sta3"}
2026-07-01 20:51:37,405 - METRIC - INFO - {"loss": 0.04199681431055069, "accuracy": 0.9862306118011475, "energy_consumption": 55863.06571534685, "selected": false, "client_name": "sta8"}
2026-07-01 20:51:37,422 - METRIC - INFO - {"loss": 0.03563660755753517, "accuracy": 0.9866057634353638, "energy_consumption": 66967.55180573095, "selected": false, "client_name": "sta6"}
2026-07-01 20:51:37,475 - METRIC - INFO - {"loss": 0.027661576867103577, "accuracy": 0.9906882643699646, "energy_consumption": 60738.99543987746, "selected": false, "client_name": "sta10"}
2026-07-01 20:51:37,503 - METRIC - INFO - {"loss": 0.0360586978495121, "accuracy": 0.9885241389274597, "energy_consumption": 44368.985233854044, "selected": false, "client_name": "sta5"}
2026-07-01 20:51:37,516 - METRIC - INFO - {"loss": 0.04140041768550873, "accuracy": 0.9879054427146912, "energy_consumption": 58656.43355522424, "selected": false, "client_name": "sta9"}
2026-07-01 20:51:37,543 - METRIC - INFO - {"loss": 0.027792708948254585, "accuracy": 0.990850031375885, "energy_consumption": 40434.34707225882, "selected": false, "client_name": "sta7"}
2026-07-01 20:51:38,053 - METRIC - INFO - mean_accuracy: 0.9885866750370372

2026-07-01 20:51:38,053 - METRIC - INFO - round: 73
2026-07-01 20:51:38,053 - METRIC - INFO - n_selected: 6
2026-07-01 20:51:38,053 - METRIC - INFO - {"selected_trainers": ["sta10", "sta4", "sta5", "sta7", "sta8", "sta9"]}
2026-07-01 20:51:41,824 - EXECUT - INFO - received weights from trainer sta8!
2026-07-01 20:51:41,911 - EXECUT - INFO - received weights from trainer sta4!
2026-07-01 20:51:45,195 - EXECUT - INFO - received weights from trainer sta10!
2026-07-01 20:51:48,600 - EXECUT - INFO - received weights from trainer sta9!
2026-07-01 20:51:50,504 - EXECUT - INFO - received weights from trainer sta7!
2026-07-01 20:51:50,516 - EXECUT - INFO - received weights from trainer sta5!
2026-07-01 20:51:51,427 - EXECUT - INFO - sent aggregated weights to trainers!
2026-07-01 20:51:51,714 - METRIC - INFO - {"loss": 0.0346534363925457, "accuracy": 0.9890466332435608, "energy_consumption": 75878.97614886178, "selected": false, "client_name": "sta0"}
2026-07-01 20:51:51,725 - METRIC - INFO - {"loss": 0.03314955160021782, "accuracy": 0.9888888597488403, "energy_consumption": 58313.46489610405, "selected": false, "client_name": "sta4"}
2026-07-01 20:51:51,772 - METRIC - INFO - {"loss": 0.03618567809462547, "accuracy": 0.9884292483329773, "energy_consumption": 75586.22125853266, "selected": false, "client_name": "sta3"}
2026-07-01 20:51:51,774 - METRIC - INFO - {"loss": 0.03150986135005951, "accuracy": 0.988990306854248, "energy_consumption": 75567.91118960142, "selected": false, "client_name": "sta2"}
2026-07-01 20:51:51,778 - METRIC - INFO - {"loss": 0.04391979053616524, "accuracy": 0.9870912432670593, "energy_consumption": 56587.59765465112, "selected": false, "client_name": "sta8"}
2026-07-01 20:51:51,785 - METRIC - INFO - {"loss": 0.035743631422519684, "accuracy": 0.9869102239608765, "energy_consumption": 67952.42762725598, "selected": false, "client_name": "sta6"}
2026-07-01 20:51:51,806 - METRIC - INFO - {"loss": 0.037323687225580215, "accuracy": 0.9880425333976746, "energy_consumption": 76502.03224000947, "selected": false, "client_name": "sta1"}
2026-07-01 20:51:51,841 - METRIC - INFO - {"loss": 0.028191814199090004, "accuracy": 0.991093099117279, "energy_consumption": 61573.791690747035, "selected": false, "client_name": "sta10"}
2026-07-01 20:51:51,892 - METRIC - INFO - {"loss": 0.04150426387786865, "accuracy": 0.9879054427146912, "energy_consumption": 59486.166458122134, "selected": false, "client_name": "sta9"}
2026-07-01 20:51:51,953 - METRIC - INFO - {"loss": 0.03553015738725662, "accuracy": 0.9890578985214233, "energy_consumption": 44916.21372712169, "selected": false, "client_name": "sta5"}
2026-07-01 20:51:52,037 - METRIC - INFO - {"loss": 0.027951514348387718, "accuracy": 0.990554928779602, "energy_consumption": 40975.724854111475, "selected": false, "client_name": "sta7"}
2026-07-01 20:51:52,429 - METRIC - INFO - mean_accuracy: 0.9887282198125665

2026-07-01 20:51:52,429 - METRIC - INFO - round: 74
2026-07-01 20:51:52,429 - METRIC - INFO - n_selected: 6
2026-07-01 20:51:52,429 - METRIC - INFO - {"selected_trainers": ["sta10", "sta4", "sta5", "sta7", "sta8", "sta9"]}
2026-07-01 20:51:56,189 - EXECUT - INFO - received weights from trainer sta8!
2026-07-01 20:51:56,237 - EXECUT - INFO - received weights from trainer sta4!
2026-07-01 20:51:59,574 - EXECUT - INFO - received weights from trainer sta10!
2026-07-01 20:52:03,018 - EXECUT - INFO - received weights from trainer sta9!
2026-07-01 20:52:05,033 - EXECUT - INFO - received weights from trainer sta5!
2026-07-01 20:52:13,183 - EXECUT - INFO - received weights from trainer sta7!
2026-07-01 20:52:13,835 - EXECUT - INFO - sent aggregated weights to trainers!
2026-07-01 20:52:14,132 - METRIC - INFO - {"loss": 0.037617720663547516, "accuracy": 0.9880425333976746, "energy_consumption": 78016.30863356708, "selected": false, "client_name": "sta1"}
2026-07-01 20:52:14,133 - METRIC - INFO - {"loss": 0.03492388129234314, "accuracy": 0.9890466332435608, "energy_consumption": 77545.32121039878, "selected": false, "client_name": "sta0"}
2026-07-01 20:52:14,134 - METRIC - INFO - {"loss": 0.0334792360663414, "accuracy": 0.9895833134651184, "energy_consumption": 59447.596362028395, "selected": false, "client_name": "sta4"}
2026-07-01 20:52:14,189 - METRIC - INFO - {"loss": 0.04049210250377655, "accuracy": 0.9862306118011475, "energy_consumption": 57628.66316318214, "selected": false, "client_name": "sta8"}
2026-07-01 20:52:14,190 - METRIC - INFO - {"loss": 0.03639307990670204, "accuracy": 0.9884292483329773, "energy_consumption": 77040.93933109364, "selected": false, "client_name": "sta3"}
2026-07-01 20:52:14,199 - METRIC - INFO - {"loss": 0.031635332852602005, "accuracy": 0.989258885383606, "energy_consumption": 77008.31777374994, "selected": false, "client_name": "sta2"}
2026-07-01 20:52:14,199 - METRIC - INFO - {"loss": 0.036131348460912704, "accuracy": 0.9866057634353638, "energy_consumption": 69320.79079413012, "selected": false, "client_name": "sta6"}
2026-07-01 20:52:14,239 - METRIC - INFO - {"loss": 0.028007257729768753, "accuracy": 0.9906882643699646, "energy_consumption": 62817.620861986885, "selected": false, "client_name": "sta10"}
2026-07-01 20:52:14,306 - METRIC - INFO - {"loss": 0.04087141156196594, "accuracy": 0.9879054427146912, "energy_consumption": 60572.19672047403, "selected": false, "client_name": "sta9"}
2026-07-01 20:52:14,445 - METRIC - INFO - {"loss": 0.028078973293304443, "accuracy": 0.990554928779602, "energy_consumption": 41733.99422068692, "selected": false, "client_name": "sta7"}
2026-07-01 20:52:14,480 - METRIC - INFO - {"loss": 0.03573036938905716, "accuracy": 0.9882572889328003, "energy_consumption": 45734.08796651562, "selected": false, "client_name": "sta5"}
2026-07-01 20:52:14,838 - METRIC - INFO - mean_accuracy: 0.988600264896046

2026-07-01 20:52:14,838 - METRIC - INFO - round: 75
2026-07-01 20:52:14,838 - METRIC - INFO - n_selected: 6
2026-07-01 20:52:14,838 - METRIC - INFO - {"selected_trainers": ["sta10", "sta4", "sta5", "sta7", "sta8", "sta9"]}
2026-07-01 20:52:18,594 - EXECUT - INFO - received weights from trainer sta8!
2026-07-01 20:52:18,658 - EXECUT - INFO - received weights from trainer sta4!
2026-07-01 20:52:22,039 - EXECUT - INFO - received weights from trainer sta10!
2026-07-01 20:52:25,439 - EXECUT - INFO - received weights from trainer sta9!
2026-07-01 20:52:27,443 - EXECUT - INFO - received weights from trainer sta7!
2026-07-01 20:52:27,464 - EXECUT - INFO - received weights from trainer sta5!
2026-07-01 20:52:28,264 - EXECUT - INFO - sent aggregated weights to trainers!
2026-07-01 20:52:28,544 - METRIC - INFO - {"loss": 0.03788101673126221, "accuracy": 0.9884853959083557, "energy_consumption": 79032.39173898887, "selected": false, "client_name": "sta1"}
2026-07-01 20:52:28,566 - METRIC - INFO - {"loss": 0.0335705429315567, "accuracy": 0.9895833134651184, "energy_consumption": 60247.887056126034, "selected": false, "client_name": "sta4"}
2026-07-01 20:52:28,596 - METRIC - INFO - {"loss": 0.03639792278409004, "accuracy": 0.9884292483329773, "energy_consumption": 78115.56005943923, "selected": false, "client_name": "sta3"}
2026-07-01 20:52:28,611 - METRIC - INFO - {"loss": 0.03122502751648426, "accuracy": 0.9897959232330322, "energy_consumption": 78027.58703570151, "selected": false, "client_name": "sta2"}
2026-07-01 20:52:28,614 - METRIC - INFO - {"loss": 0.04166997969150543, "accuracy": 0.9862306118011475, "energy_consumption": 58172.128694466075, "selected": false, "client_name": "sta8"}
2026-07-01 20:52:28,644 - METRIC - INFO - {"loss": 0.03592924028635025, "accuracy": 0.9875190258026123, "energy_consumption": 70243.17891310621, "selected": false, "client_name": "sta6"}
2026-07-01 20:52:28,671 - METRIC - INFO - {"loss": 0.034731101244688034, "accuracy": 0.9890466332435608, "energy_consumption": 78378.08908196907, "selected": false, "client_name": "sta0"}
2026-07-01 20:52:28,759 - METRIC - INFO - {"loss": 0.0357772633433342, "accuracy": 0.9887910485267639, "energy_consumption": 46298.93474336429, "selected": false, "client_name": "sta5"}
2026-07-01 20:52:28,766 - METRIC - INFO - {"loss": 0.028020193800330162, "accuracy": 0.990554928779602, "energy_consumption": 42232.35876222666, "selected": false, "client_name": "sta7"}
2026-07-01 20:52:28,789 - METRIC - INFO - {"loss": 0.02824617177248001, "accuracy": 0.991093099117279, "energy_consumption": 63440.036229366335, "selected": false, "client_name": "sta10"}
2026-07-01 20:52:28,842 - METRIC - INFO - {"loss": 0.042513154447078705, "accuracy": 0.9876305460929871, "energy_consumption": 61149.14467807111, "selected": false, "client_name": "sta9"}
2026-07-01 20:52:29,266 - METRIC - INFO - mean_accuracy: 0.9888327067548578

2026-07-01 20:52:29,266 - METRIC - INFO - round: 76
2026-07-01 20:52:29,266 - METRIC - INFO - n_selected: 6
2026-07-01 20:52:29,266 - METRIC - INFO - {"selected_trainers": ["sta10", "sta4", "sta5", "sta7", "sta8", "sta9"]}
2026-07-01 20:52:33,048 - EXECUT - INFO - received weights from trainer sta8!
2026-07-01 20:52:33,058 - EXECUT - INFO - received weights from trainer sta4!
2026-07-01 20:52:36,457 - EXECUT - INFO - received weights from trainer sta10!
2026-07-01 20:52:39,873 - EXECUT - INFO - received weights from trainer sta9!
2026-07-01 20:52:41,821 - EXECUT - INFO - received weights from trainer sta7!
2026-07-01 20:52:41,884 - EXECUT - INFO - received weights from trainer sta5!
2026-07-01 20:52:42,624 - EXECUT - INFO - sent aggregated weights to trainers!
2026-07-01 20:52:42,930 - METRIC - INFO - {"loss": 0.037376005202531815, "accuracy": 0.9880425333976746, "energy_consumption": 79926.42321266673, "selected": false, "client_name": "sta1"}
2026-07-01 20:52:42,935 - METRIC - INFO - {"loss": 0.03296998515725136, "accuracy": 0.9895833134651184, "energy_consumption": 60892.99017738784, "selected": false, "client_name": "sta4"}
2026-07-01 20:52:42,937 - METRIC - INFO - {"loss": 0.03501425310969353, "accuracy": 0.9890466332435608, "energy_consumption": 79348.00440217796, "selected": false, "client_name": "sta0"}
2026-07-01 20:52:42,968 - METRIC - INFO - {"loss": 0.03586897999048233, "accuracy": 0.9869102239608765, "energy_consumption": 70974.96117145875, "selected": false, "client_name": "sta6"}
2026-07-01 20:52:42,997 - METRIC - INFO - {"loss": 0.03192106634378433, "accuracy": 0.988990306854248, "energy_consumption": 78902.54031841486, "selected": false, "client_name": "sta2"}
2026-07-01 20:52:42,998 - METRIC - INFO - {"loss": 0.03617756813764572, "accuracy": 0.9884292483329773, "energy_consumption": 78961.9027672626, "selected": false, "client_name": "sta3"}
2026-07-01 20:52:43,032 - METRIC - INFO - {"loss": 0.02798733487725258, "accuracy": 0.9914979934692383, "energy_consumption": 64270.98525000804, "selected": false, "client_name": "sta10"}
2026-07-01 20:52:43,068 - METRIC - INFO - {"loss": 0.043122630566358566, "accuracy": 0.9862306118011475, "energy_consumption": 58925.92598645721, "selected": false, "client_name": "sta8"}
2026-07-01 20:52:43,103 - METRIC - INFO - {"loss": 0.042568389326334, "accuracy": 0.9876305460929871, "energy_consumption": 61908.4988648913, "selected": false, "client_name": "sta9"}
2026-07-01 20:52:43,150 - METRIC - INFO - {"loss": 0.03587912395596504, "accuracy": 0.9885241389274597, "energy_consumption": 46786.952048042214, "selected": false, "client_name": "sta5"}
2026-07-01 20:52:43,176 - METRIC - INFO - {"loss": 0.02899245359003544, "accuracy": 0.990850031375885, "energy_consumption": 42693.74945219646, "selected": false, "client_name": "sta7"}
2026-07-01 20:52:43,626 - METRIC - INFO - mean_accuracy: 0.9887032346291975

2026-07-01 20:52:43,626 - METRIC - INFO - round: 77
2026-07-01 20:52:43,626 - METRIC - INFO - n_selected: 6
2026-07-01 20:52:43,626 - METRIC - INFO - {"selected_trainers": ["sta10", "sta4", "sta5", "sta7", "sta8", "sta9"]}
2026-07-01 20:52:47,433 - EXECUT - INFO - received weights from trainer sta4!
2026-07-01 20:52:47,449 - EXECUT - INFO - received weights from trainer sta8!
2026-07-01 20:52:50,772 - EXECUT - INFO - received weights from trainer sta10!
2026-07-01 20:52:54,188 - EXECUT - INFO - received weights from trainer sta9!
2026-07-01 20:52:56,168 - EXECUT - INFO - received weights from trainer sta5!
2026-07-01 20:52:56,178 - EXECUT - INFO - received weights from trainer sta7!
2026-07-01 20:52:56,983 - EXECUT - INFO - sent aggregated weights to trainers!
2026-07-01 20:52:57,279 - METRIC - INFO - {"loss": 0.03751935064792633, "accuracy": 0.9884853959083557, "energy_consumption": 80921.71092467324, "selected": false, "client_name": "sta1"}
2026-07-01 20:52:57,290 - METRIC - INFO - {"loss": 0.03525933250784874, "accuracy": 0.9886409640312195, "energy_consumption": 80165.3385209644, "selected": false, "client_name": "sta0"}
2026-07-01 20:52:57,291 - METRIC - INFO - {"loss": 0.03345863148570061, "accuracy": 0.9895833134651184, "energy_consumption": 61655.021180932206, "selected": false, "client_name": "sta4"}
2026-07-01 20:52:57,324 - METRIC - INFO - {"loss": 0.03228716179728508, "accuracy": 0.9895274043083191, "energy_consumption": 79924.62083792713, "selected": false, "client_name": "sta2"}
2026-07-01 20:52:57,334 - METRIC - INFO - {"loss": 0.04219447448849678, "accuracy": 0.9870912432670593, "energy_consumption": 59566.12571571362, "selected": false, "client_name": "sta8"}
2026-07-01 20:52:57,356 - METRIC - INFO - {"loss": 0.03596402332186699, "accuracy": 0.988718569278717, "energy_consumption": 79949.45320881874, "selected": false, "client_name": "sta3"}
2026-07-01 20:52:57,360 - METRIC - INFO - {"loss": 0.03626275807619095, "accuracy": 0.9872146248817444, "energy_consumption": 71824.45873082177, "selected": false, "client_name": "sta6"}
2026-07-01 20:52:57,404 - METRIC - INFO - {"loss": 0.027371054515242577, "accuracy": 0.9906882643699646, "energy_consumption": 64965.60932663897, "selected": false, "client_name": "sta10"}
2026-07-01 20:52:57,442 - METRIC - INFO - {"loss": 0.04242442175745964, "accuracy": 0.9876305460929871, "energy_consumption": 62558.802095989435, "selected": false, "client_name": "sta9"}
2026-07-01 20:52:57,443 - METRIC - INFO - {"loss": 0.036495886743068695, "accuracy": 0.9882572889328003, "energy_consumption": 47402.906345124924, "selected": false, "client_name": "sta5"}
2026-07-01 20:52:57,488 - METRIC - INFO - {"loss": 0.02785087563097477, "accuracy": 0.990850031375885, "energy_consumption": 43226.49867152175, "selected": false, "client_name": "sta7"}
2026-07-01 20:52:57,985 - METRIC - INFO - mean_accuracy: 0.9887897859920155

2026-07-01 20:52:57,985 - METRIC - INFO - round: 78
2026-07-01 20:52:57,985 - METRIC - INFO - n_selected: 6
2026-07-01 20:52:57,985 - METRIC - INFO - {"selected_trainers": ["sta10", "sta4", "sta5", "sta7", "sta8", "sta9"]}
2026-07-01 20:53:01,771 - EXECUT - INFO - received weights from trainer sta4!
2026-07-01 20:53:01,787 - EXECUT - INFO - received weights from trainer sta8!
2026-07-01 20:53:05,148 - EXECUT - INFO - received weights from trainer sta10!
2026-07-01 20:53:08,620 - EXECUT - INFO - received weights from trainer sta9!
2026-07-01 20:53:10,547 - EXECUT - INFO - received weights from trainer sta5!
2026-07-01 20:53:10,643 - EXECUT - INFO - received weights from trainer sta7!
2026-07-01 20:53:11,475 - EXECUT - INFO - sent aggregated weights to trainers!
2026-07-01 20:53:11,771 - METRIC - INFO - {"loss": 0.03752615302801132, "accuracy": 0.9880425333976746, "energy_consumption": 81740.20490900824, "selected": false, "client_name": "sta1"}
2026-07-01 20:53:11,792 - METRIC - INFO - {"loss": 0.03506752476096153, "accuracy": 0.9890466332435608, "energy_consumption": 81110.9514254956, "selected": false, "client_name": "sta0"}
2026-07-01 20:53:11,796 - METRIC - INFO - {"loss": 0.03300943598151207, "accuracy": 0.9895833134651184, "energy_consumption": 62242.53923882031, "selected": false, "client_name": "sta4"}
2026-07-01 20:53:11,817 - METRIC - INFO - {"loss": 0.03151863440871239, "accuracy": 0.988990306854248, "energy_consumption": 80755.79055273559, "selected": false, "client_name": "sta2"}
2026-07-01 20:53:11,819 - METRIC - INFO - {"loss": 0.036191895604133606, "accuracy": 0.9884292483329773, "energy_consumption": 80665.0638134549, "selected": false, "client_name": "sta3"}
2026-07-01 20:53:11,825 - METRIC - INFO - {"loss": 0.03572982922196388, "accuracy": 0.9869102239608765, "energy_consumption": 72499.65694586153, "selected": false, "client_name": "sta6"}
2026-07-01 20:53:11,842 - METRIC - INFO - {"loss": 0.039807114750146866, "accuracy": 0.9862306118011475, "energy_consumption": 60313.97084614959, "selected": false, "client_name": "sta8"}
2026-07-01 20:53:11,911 - METRIC - INFO - {"loss": 0.027436284348368645, "accuracy": 0.9906882643699646, "energy_consumption": 65740.34272803777, "selected": false, "client_name": "sta10"}
2026-07-01 20:53:11,954 - METRIC - INFO - {"loss": 0.04210806265473366, "accuracy": 0.9879054427146912, "energy_consumption": 63345.58454597881, "selected": false, "client_name": "sta9"}
2026-07-01 20:53:12,022 - METRIC - INFO - {"loss": 0.03623475134372711, "accuracy": 0.9879903793334961, "energy_consumption": 47856.30066649858, "selected": false, "client_name": "sta5"}
2026-07-01 20:53:12,207 - METRIC - INFO - {"loss": 0.027849800884723663, "accuracy": 0.9911451935768127, "energy_consumption": 43646.54855613651, "selected": false, "client_name": "sta7"}
2026-07-01 20:53:12,477 - METRIC - INFO - mean_accuracy: 0.9886329228227789

2026-07-01 20:53:12,477 - METRIC - INFO - round: 79
2026-07-01 20:53:12,477 - METRIC - INFO - n_selected: 6
2026-07-01 20:53:12,477 - METRIC - INFO - {"selected_trainers": ["sta10", "sta4", "sta5", "sta7", "sta8", "sta9"]}
2026-07-01 20:53:16,257 - EXECUT - INFO - received weights from trainer sta4!
2026-07-01 20:53:16,298 - EXECUT - INFO - received weights from trainer sta8!
2026-07-01 20:53:19,614 - EXECUT - INFO - received weights from trainer sta10!
2026-07-01 20:53:23,065 - EXECUT - INFO - received weights from trainer sta9!
2026-07-01 20:53:25,000 - EXECUT - INFO - received weights from trainer sta7!
2026-07-01 20:53:25,080 - EXECUT - INFO - received weights from trainer sta5!
2026-07-01 20:53:25,877 - EXECUT - INFO - sent aggregated weights to trainers!
2026-07-01 20:53:26,180 - METRIC - INFO - {"loss": 0.03749706223607063, "accuracy": 0.9884853959083557, "energy_consumption": 82649.95748305913, "selected": false, "client_name": "sta1"}
2026-07-01 20:53:26,188 - METRIC - INFO - {"loss": 0.03491481766104698, "accuracy": 0.9890466332435608, "energy_consumption": 81892.41489447484, "selected": false, "client_name": "sta0"}
2026-07-01 20:53:26,200 - METRIC - INFO - {"loss": 0.03312058001756668, "accuracy": 0.9895833134651184, "energy_consumption": 63025.22992519338, "selected": false, "client_name": "sta4"}
2026-07-01 20:53:26,263 - METRIC - INFO - {"loss": 0.03956833481788635, "accuracy": 0.9870912432670593, "energy_consumption": 60943.90336884696, "selected": false, "client_name": "sta8"}
2026-07-01 20:53:26,325 - METRIC - INFO - {"loss": 0.027664611116051674, "accuracy": 0.9906882643699646, "energy_consumption": 66388.32971059339, "selected": false, "client_name": "sta10"}
2026-07-01 20:53:26,345 - METRIC - INFO - {"loss": 0.03609614074230194, "accuracy": 0.988718569278717, "energy_consumption": 81599.39800667625, "selected": false, "client_name": "sta3"}
2026-07-01 20:53:26,360 - METRIC - INFO - {"loss": 0.03160680830478668, "accuracy": 0.9895274043083191, "energy_consumption": 81710.01396812867, "selected": false, "client_name": "sta2"}
2026-07-01 20:53:26,366 - METRIC - INFO - {"loss": 0.03603838384151459, "accuracy": 0.9869102239608765, "energy_consumption": 73369.56020998402, "selected": false, "client_name": "sta6"}
2026-07-01 20:53:26,374 - METRIC - INFO - {"loss": 0.042132627218961716, "accuracy": 0.9879054427146912, "energy_consumption": 64031.452311916604, "selected": false, "client_name": "sta9"}
2026-07-01 20:53:26,398 - METRIC - INFO - {"loss": 0.03542770817875862, "accuracy": 0.9879903793334961, "energy_consumption": 48463.12317140528, "selected": false, "client_name": "sta5"}
2026-07-01 20:53:26,436 - METRIC - INFO - {"loss": 0.027822649106383324, "accuracy": 0.990850031375885, "energy_consumption": 44074.33920492036, "selected": false, "client_name": "sta7"}
2026-07-01 20:53:26,878 - METRIC - INFO - mean_accuracy: 0.9887997182932767

2026-07-01 20:53:26,878 - METRIC - INFO - round: 80
2026-07-01 20:53:26,878 - METRIC - INFO - n_selected: 6
2026-07-01 20:53:26,878 - METRIC - INFO - {"selected_trainers": ["sta10", "sta4", "sta5", "sta7", "sta8", "sta9"]}
2026-07-01 20:53:30,636 - EXECUT - INFO - received weights from trainer sta4!
2026-07-01 20:53:30,662 - EXECUT - INFO - received weights from trainer sta8!
2026-07-01 20:53:34,110 - EXECUT - INFO - received weights from trainer sta10!
2026-07-01 20:53:37,463 - EXECUT - INFO - received weights from trainer sta9!
2026-07-01 20:53:39,484 - EXECUT - INFO - received weights from trainer sta7!
2026-07-01 20:53:39,521 - EXECUT - INFO - received weights from trainer sta5!
2026-07-01 20:53:40,392 - EXECUT - INFO - sent aggregated weights to trainers!
2026-07-01 20:53:40,670 - METRIC - INFO - {"loss": 0.03749430552124977, "accuracy": 0.9884853959083557, "energy_consumption": 83518.85300938315, "selected": false, "client_name": "sta1"}
2026-07-01 20:53:40,672 - METRIC - INFO - {"loss": 0.03486405685544014, "accuracy": 0.9890466332435608, "energy_consumption": 82971.97954204645, "selected": false, "client_name": "sta0"}
2026-07-01 20:53:40,708 - METRIC - INFO - {"loss": 0.0330142006278038, "accuracy": 0.9895833134651184, "energy_consumption": 63582.70788919603, "selected": false, "client_name": "sta4"}
2026-07-01 20:53:40,713 - METRIC - INFO - {"loss": 0.031750887632369995, "accuracy": 0.9895274043083191, "energy_consumption": 82479.32273476041, "selected": false, "client_name": "sta2"}
2026-07-01 20:53:40,719 - METRIC - INFO - {"loss": 0.03605717793107033, "accuracy": 0.988718569278717, "energy_consumption": 82265.56578727248, "selected": false, "client_name": "sta3"}
2026-07-01 20:53:40,724 - METRIC - INFO - {"loss": 0.036272261291742325, "accuracy": 0.9869102239608765, "energy_consumption": 74144.30604693526, "selected": false, "client_name": "sta6"}
2026-07-01 20:53:40,743 - METRIC - INFO - {"loss": 0.042153432965278625, "accuracy": 0.9870912432670593, "energy_consumption": 61744.424523274654, "selected": false, "client_name": "sta8"}
2026-07-01 20:53:40,800 - METRIC - INFO - {"loss": 0.027433937415480614, "accuracy": 0.9906882643699646, "energy_consumption": 67265.58066411935, "selected": false, "client_name": "sta10"}
2026-07-01 20:53:40,860 - METRIC - INFO - {"loss": 0.04211195185780525, "accuracy": 0.9876305460929871, "energy_consumption": 64869.092899281044, "selected": false, "client_name": "sta9"}
2026-07-01 20:53:40,891 - METRIC - INFO - {"loss": 0.027928657829761505, "accuracy": 0.990850031375885, "energy_consumption": 44626.78977797776, "selected": false, "client_name": "sta7"}
2026-07-01 20:53:40,913 - METRIC - INFO - {"loss": 0.03544069826602936, "accuracy": 0.9882572889328003, "energy_consumption": 48887.252663601714, "selected": false, "client_name": "sta5"}
2026-07-01 20:53:41,394 - METRIC - INFO - mean_accuracy: 0.9887989922003313

2026-07-01 20:53:41,394 - METRIC - INFO - round: 81
2026-07-01 20:53:41,394 - METRIC - INFO - n_selected: 6
2026-07-01 20:53:41,394 - METRIC - INFO - {"selected_trainers": ["sta10", "sta4", "sta5", "sta7", "sta8", "sta9"]}
2026-07-01 20:53:45,187 - EXECUT - INFO - received weights from trainer sta4!
2026-07-01 20:53:45,197 - EXECUT - INFO - received weights from trainer sta8!
2026-07-01 20:53:48,532 - EXECUT - INFO - received weights from trainer sta10!
2026-07-01 20:53:52,000 - EXECUT - INFO - received weights from trainer sta9!
2026-07-01 20:53:53,997 - EXECUT - INFO - received weights from trainer sta7!
2026-07-01 20:53:54,038 - EXECUT - INFO - received weights from trainer sta5!
2026-07-01 20:53:54,916 - EXECUT - INFO - sent aggregated weights to trainers!
2026-07-01 20:53:55,214 - METRIC - INFO - {"loss": 0.037387531250715256, "accuracy": 0.9884853959083557, "energy_consumption": 84514.94819570433, "selected": false, "client_name": "sta1"}
2026-07-01 20:53:55,230 - METRIC - INFO - {"loss": 0.03500019386410713, "accuracy": 0.9890466332435608, "energy_consumption": 83827.39749515476, "selected": false, "client_name": "sta0"}
2026-07-01 20:53:55,288 - METRIC - INFO - {"loss": 0.036162201315164566, "accuracy": 0.988718569278717, "energy_consumption": 83235.5561349418, "selected": false, "client_name": "sta3"}
2026-07-01 20:53:55,296 - METRIC - INFO - {"loss": 0.03156530484557152, "accuracy": 0.9895274043083191, "energy_consumption": 83496.78744904565, "selected": false, "client_name": "sta2"}
2026-07-01 20:53:55,312 - METRIC - INFO - {"loss": 0.036241546273231506, "accuracy": 0.9869102239608765, "energy_consumption": 75097.16787569353, "selected": false, "client_name": "sta6"}
2026-07-01 20:53:55,338 - METRIC - INFO - {"loss": 0.027323709800839424, "accuracy": 0.991093099117279, "energy_consumption": 67985.69532737395, "selected": false, "client_name": "sta10"}
2026-07-01 20:53:55,366 - METRIC - INFO - {"loss": 0.033306196331977844, "accuracy": 0.9888888597488403, "energy_consumption": 64405.179059079, "selected": false, "client_name": "sta4"}
2026-07-01 20:53:55,392 - METRIC - INFO - {"loss": 0.03588135167956352, "accuracy": 0.9882572889328003, "energy_consumption": 49508.732381253634, "selected": false, "client_name": "sta5"}
2026-07-01 20:53:55,404 - METRIC - INFO - {"loss": 0.041440557688474655, "accuracy": 0.9862306118011475, "energy_consumption": 62383.566260200736, "selected": false, "client_name": "sta8"}
2026-07-01 20:53:55,411 - METRIC - INFO - {"loss": 0.04089256376028061, "accuracy": 0.9884551763534546, "energy_consumption": 65533.09667283889, "selected": false, "client_name": "sta9"}
2026-07-01 20:53:55,413 - METRIC - INFO - {"loss": 0.028297748416662216, "accuracy": 0.9911451935768127, "energy_consumption": 45151.75925160871, "selected": false, "client_name": "sta7"}
2026-07-01 20:53:55,918 - METRIC - INFO - mean_accuracy: 0.9887962232936512

2026-07-01 20:53:55,918 - METRIC - INFO - round: 82
2026-07-01 20:53:55,918 - METRIC - INFO - n_selected: 6
2026-07-01 20:53:55,918 - METRIC - INFO - {"selected_trainers": ["sta10", "sta4", "sta5", "sta7", "sta8", "sta9"]}
2026-07-01 20:53:59,712 - EXECUT - INFO - received weights from trainer sta4!
2026-07-01 20:53:59,727 - EXECUT - INFO - received weights from trainer sta8!
2026-07-01 20:54:03,089 - EXECUT - INFO - received weights from trainer sta10!
2026-07-01 20:54:06,488 - EXECUT - INFO - received weights from trainer sta9!
2026-07-01 20:54:08,511 - EXECUT - INFO - received weights from trainer sta7!
2026-07-01 20:54:16,631 - EXECUT - INFO - received weights from trainer sta5!
2026-07-01 20:54:17,483 - EXECUT - INFO - sent aggregated weights to trainers!
2026-07-01 20:54:17,757 - METRIC - INFO - {"loss": 0.03774154931306839, "accuracy": 0.9884853959083557, "energy_consumption": 86058.29065733831, "selected": false, "client_name": "sta1"}
2026-07-01 20:54:17,763 - METRIC - INFO - {"loss": 0.035174135118722916, "accuracy": 0.9886409640312195, "energy_consumption": 85273.28148905287, "selected": false, "client_name": "sta0"}
2026-07-01 20:54:17,788 - METRIC - INFO - {"loss": 0.0331527404487133, "accuracy": 0.9888888597488403, "energy_consumption": 65576.11830693774, "selected": false, "client_name": "sta4"}
2026-07-01 20:54:17,805 - METRIC - INFO - {"loss": 0.03130953386425972, "accuracy": 0.9900644421577454, "energy_consumption": 84999.91448734482, "selected": false, "client_name": "sta2"}
2026-07-01 20:54:17,818 - METRIC - INFO - {"loss": 0.036273568868637085, "accuracy": 0.988718569278717, "energy_consumption": 84774.67060444054, "selected": false, "client_name": "sta3"}
2026-07-01 20:54:17,830 - METRIC - INFO - {"loss": 0.03629731386899948, "accuracy": 0.9875190258026123, "energy_consumption": 76333.89075056199, "selected": false, "client_name": "sta6"}
2026-07-01 20:54:17,838 - METRIC - INFO - {"loss": 0.040991898626089096, "accuracy": 0.9870912432670593, "energy_consumption": 63570.51318756379, "selected": false, "client_name": "sta8"}
2026-07-01 20:54:17,889 - METRIC - INFO - {"loss": 0.027486348524689674, "accuracy": 0.991093099117279, "energy_consumption": 69201.18501333654, "selected": false, "client_name": "sta10"}
2026-07-01 20:54:17,942 - METRIC - INFO - {"loss": 0.035829853266477585, "accuracy": 0.9882572889328003, "energy_consumption": 50357.6156520296, "selected": false, "client_name": "sta5"}
2026-07-01 20:54:17,944 - METRIC - INFO - {"loss": 0.041394658386707306, "accuracy": 0.9881803393363953, "energy_consumption": 66634.27393840595, "selected": false, "client_name": "sta9"}
2026-07-01 20:54:18,027 - METRIC - INFO - {"loss": 0.028373776003718376, "accuracy": 0.9911451935768127, "energy_consumption": 45943.31349591118, "selected": false, "client_name": "sta7"}
2026-07-01 20:54:18,485 - METRIC - INFO - mean_accuracy: 0.9889167655598033

2026-07-01 20:54:18,485 - METRIC - INFO - round: 83
2026-07-01 20:54:18,485 - METRIC - INFO - n_selected: 6
2026-07-01 20:54:18,485 - METRIC - INFO - {"selected_trainers": ["sta10", "sta4", "sta5", "sta7", "sta8", "sta9"]}
2026-07-01 20:54:22,243 - EXECUT - INFO - received weights from trainer sta8!
2026-07-01 20:54:22,255 - EXECUT - INFO - received weights from trainer sta4!
2026-07-01 20:54:25,628 - EXECUT - INFO - received weights from trainer sta10!
2026-07-01 20:54:29,067 - EXECUT - INFO - received weights from trainer sta9!
2026-07-01 20:54:31,019 - EXECUT - INFO - received weights from trainer sta5!
2026-07-01 20:54:31,071 - EXECUT - INFO - received weights from trainer sta7!
2026-07-01 20:54:31,843 - EXECUT - INFO - sent aggregated weights to trainers!
2026-07-01 20:54:32,133 - METRIC - INFO - {"loss": 0.03525295481085777, "accuracy": 0.9882352948188782, "energy_consumption": 86374.53305330384, "selected": false, "client_name": "sta0"}
2026-07-01 20:54:32,142 - METRIC - INFO - {"loss": 0.03754189983010292, "accuracy": 0.9884853959083557, "energy_consumption": 87065.36956873655, "selected": false, "client_name": "sta1"}
2026-07-01 20:54:32,158 - METRIC - INFO - {"loss": 0.03328729048371315, "accuracy": 0.9895833134651184, "energy_consumption": 66219.66462271924, "selected": false, "client_name": "sta4"}
2026-07-01 20:54:32,195 - METRIC - INFO - {"loss": 0.04155400022864342, "accuracy": 0.9862306118011475, "energy_consumption": 64219.06750038167, "selected": false, "client_name": "sta8"}
2026-07-01 20:54:32,215 - METRIC - INFO - {"loss": 0.036167968064546585, "accuracy": 0.9884292483329773, "energy_consumption": 85537.37560748402, "selected": false, "client_name": "sta3"}
2026-07-01 20:54:32,228 - METRIC - INFO - {"loss": 0.035999711602926254, "accuracy": 0.9869102239608765, "energy_consumption": 77124.44419728576, "selected": false, "client_name": "sta6"}
2026-07-01 20:54:32,233 - METRIC - INFO - {"loss": 0.031160760670900345, "accuracy": 0.9895274043083191, "energy_consumption": 85905.99951968843, "selected": false, "client_name": "sta2"}
2026-07-01 20:54:32,261 - METRIC - INFO - {"loss": 0.02737300656735897, "accuracy": 0.9906882643699646, "energy_consumption": 70041.99310113961, "selected": false, "client_name": "sta10"}
2026-07-01 20:54:32,307 - METRIC - INFO - {"loss": 0.042010631412267685, "accuracy": 0.9876305460929871, "energy_consumption": 67458.71566735709, "selected": false, "client_name": "sta9"}
2026-07-01 20:54:32,330 - METRIC - INFO - {"loss": 0.027710851281881332, "accuracy": 0.990850031375885, "energy_consumption": 46399.089768263424, "selected": false, "client_name": "sta7"}
2026-07-01 20:54:32,340 - METRIC - INFO - {"loss": 0.03590289503335953, "accuracy": 0.9879903793334961, "energy_consumption": 50834.1983077669, "selected": false, "client_name": "sta5"}
2026-07-01 20:54:32,846 - METRIC - INFO - mean_accuracy: 0.9885964285243641

2026-07-01 20:54:32,846 - METRIC - INFO - round: 84
2026-07-01 20:54:32,846 - METRIC - INFO - n_selected: 6
2026-07-01 20:54:32,846 - METRIC - INFO - {"selected_trainers": ["sta10", "sta4", "sta5", "sta7", "sta8", "sta9"]}
2026-07-01 20:54:36,596 - EXECUT - INFO - received weights from trainer sta8!
2026-07-01 20:54:36,617 - EXECUT - INFO - received weights from trainer sta4!
2026-07-01 20:54:40,006 - EXECUT - INFO - received weights from trainer sta10!
2026-07-01 20:54:43,462 - EXECUT - INFO - received weights from trainer sta9!
2026-07-01 20:54:45,441 - EXECUT - INFO - received weights from trainer sta5!
2026-07-01 20:54:45,511 - EXECUT - INFO - received weights from trainer sta7!
2026-07-01 20:54:46,292 - EXECUT - INFO - sent aggregated weights to trainers!
2026-07-01 20:54:46,574 - METRIC - INFO - {"loss": 0.035443082451820374, "accuracy": 0.9886409640312195, "energy_consumption": 87185.7138865171, "selected": false, "client_name": "sta0"}
2026-07-01 20:54:46,604 - METRIC - INFO - {"loss": 0.033274631947278976, "accuracy": 0.9888888597488403, "energy_consumption": 67015.03952162997, "selected": false, "client_name": "sta4"}
2026-07-01 20:54:46,622 - METRIC - INFO - {"loss": 0.037525929510593414, "accuracy": 0.9884853959083557, "energy_consumption": 87813.5764868429, "selected": false, "client_name": "sta1"}
2026-07-01 20:54:46,636 - METRIC - INFO - {"loss": 0.03157208859920502, "accuracy": 0.9895274043083191, "energy_consumption": 86683.22787078818, "selected": false, "client_name": "sta2"}
2026-07-01 20:54:46,636 - METRIC - INFO - {"loss": 0.03617347031831741, "accuracy": 0.988718569278717, "energy_consumption": 86529.99542305246, "selected": false, "client_name": "sta3"}
2026-07-01 20:54:46,651 - METRIC - INFO - {"loss": 0.041122082620859146, "accuracy": 0.9870912432670593, "energy_consumption": 65046.840439364416, "selected": false, "client_name": "sta8"}
2026-07-01 20:54:46,654 - METRIC - INFO - {"loss": 0.03614731878042221, "accuracy": 0.9872146248817444, "energy_consumption": 78069.49386119428, "selected": false, "client_name": "sta6"}
2026-07-01 20:54:46,702 - METRIC - INFO - {"loss": 0.027087775990366936, "accuracy": 0.9914979934692383, "energy_consumption": 70687.77534680476, "selected": false, "client_name": "sta10"}
2026-07-01 20:54:46,754 - METRIC - INFO - {"loss": 0.043124083429574966, "accuracy": 0.9881803393363953, "energy_consumption": 68303.34343839838, "selected": false, "client_name": "sta9"}
2026-07-01 20:54:46,817 - METRIC - INFO - {"loss": 0.03572218120098114, "accuracy": 0.9882572889328003, "energy_consumption": 51451.08323173978, "selected": false, "client_name": "sta5"}
2026-07-01 20:54:46,839 - METRIC - INFO - {"loss": 0.02801346592605114, "accuracy": 0.9911451935768127, "energy_consumption": 46964.5060736479, "selected": false, "client_name": "sta7"}
2026-07-01 20:54:47,295 - METRIC - INFO - mean_accuracy: 0.9888770797035911

2026-07-01 20:54:47,295 - METRIC - INFO - round: 85
2026-07-01 20:54:47,295 - METRIC - INFO - n_selected: 6
2026-07-01 20:54:47,295 - METRIC - INFO - {"selected_trainers": ["sta10", "sta4", "sta5", "sta7", "sta8", "sta9"]}
2026-07-01 20:54:51,097 - EXECUT - INFO - received weights from trainer sta4!
2026-07-01 20:54:51,108 - EXECUT - INFO - received weights from trainer sta8!
2026-07-01 20:54:54,443 - EXECUT - INFO - received weights from trainer sta10!
2026-07-01 20:54:57,814 - EXECUT - INFO - received weights from trainer sta9!
2026-07-01 20:54:59,850 - EXECUT - INFO - received weights from trainer sta7!
2026-07-01 20:54:59,946 - EXECUT - INFO - received weights from trainer sta5!
2026-07-01 20:55:00,661 - EXECUT - INFO - sent aggregated weights to trainers!
2026-07-01 20:55:00,950 - METRIC - INFO - {"loss": 0.03757593408226967, "accuracy": 0.9884853959083557, "energy_consumption": 88750.32450559312, "selected": false, "client_name": "sta1"}
2026-07-01 20:55:00,950 - METRIC - INFO - {"loss": 0.035489559173583984, "accuracy": 0.9886409640312195, "energy_consumption": 88171.57150045453, "selected": false, "client_name": "sta0"}
2026-07-01 20:55:00,965 - METRIC - INFO - {"loss": 0.0330466702580452, "accuracy": 0.9888888597488403, "energy_consumption": 67637.57288902244, "selected": false, "client_name": "sta4"}
2026-07-01 20:55:01,013 - METRIC - INFO - {"loss": 0.041364636272192, "accuracy": 0.9879518151283264, "energy_consumption": 65656.42037909782, "selected": false, "client_name": "sta8"}
2026-07-01 20:55:01,024 - METRIC - INFO - {"loss": 0.03183785080909729, "accuracy": 0.9897959232330322, "energy_consumption": 87704.86632348868, "selected": false, "client_name": "sta2"}
2026-07-01 20:55:01,030 - METRIC - INFO - {"loss": 0.036233920603990555, "accuracy": 0.989007830619812, "energy_consumption": 87636.20153786869, "selected": false, "client_name": "sta3"}
2026-07-01 20:55:01,032 - METRIC - INFO - {"loss": 0.03654138743877411, "accuracy": 0.9872146248817444, "energy_consumption": 78749.50048618732, "selected": false, "client_name": "sta6"}
2026-07-01 20:55:01,073 - METRIC - INFO - {"loss": 0.027241775766015053, "accuracy": 0.9914979934692383, "energy_consumption": 71487.77282509812, "selected": false, "client_name": "sta10"}
2026-07-01 20:55:01,117 - METRIC - INFO - {"loss": 0.04221590980887413, "accuracy": 0.9881803393363953, "energy_consumption": 68941.98601636435, "selected": false, "client_name": "sta9"}
2026-07-01 20:55:01,192 - METRIC - INFO - {"loss": 0.035920772701501846, "accuracy": 0.9882572889328003, "energy_consumption": 51910.55132276882, "selected": false, "client_name": "sta5"}
2026-07-01 20:55:01,217 - METRIC - INFO - {"loss": 0.028317296877503395, "accuracy": 0.9911451935768127, "energy_consumption": 47378.74139273534, "selected": false, "client_name": "sta7"}
2026-07-01 20:55:01,663 - METRIC - INFO - mean_accuracy: 0.9890060208060525

2026-07-01 20:55:01,663 - METRIC - INFO - round: 86
2026-07-01 20:55:01,663 - METRIC - INFO - n_selected: 6
2026-07-01 20:55:01,663 - METRIC - INFO - {"selected_trainers": ["sta10", "sta4", "sta5", "sta7", "sta8", "sta9"]}
2026-07-01 20:55:05,442 - EXECUT - INFO - received weights from trainer sta4!
2026-07-01 20:55:05,453 - EXECUT - INFO - received weights from trainer sta8!
2026-07-01 20:55:08,813 - EXECUT - INFO - received weights from trainer sta10!
2026-07-01 20:55:12,248 - EXECUT - INFO - received weights from trainer sta9!
2026-07-01 20:55:14,231 - EXECUT - INFO - received weights from trainer sta5!
2026-07-01 20:55:14,322 - EXECUT - INFO - received weights from trainer sta7!
2026-07-01 20:55:15,021 - EXECUT - INFO - sent aggregated weights to trainers!
2026-07-01 20:55:15,296 - METRIC - INFO - {"loss": 0.03564140945672989, "accuracy": 0.9882352948188782, "energy_consumption": 89062.18688125521, "selected": false, "client_name": "sta0"}
2026-07-01 20:55:15,309 - METRIC - INFO - {"loss": 0.03770444914698601, "accuracy": 0.9884853959083557, "energy_consumption": 89595.06569659387, "selected": false, "client_name": "sta1"}
2026-07-01 20:55:15,324 - METRIC - INFO - {"loss": 0.03306003659963608, "accuracy": 0.9895833134651184, "energy_consumption": 68376.77367903163, "selected": false, "client_name": "sta4"}
2026-07-01 20:55:15,356 - METRIC - INFO - {"loss": 0.036223094910383224, "accuracy": 0.988718569278717, "energy_consumption": 88448.52062955378, "selected": false, "client_name": "sta3"}
2026-07-01 20:55:15,358 - METRIC - INFO - {"loss": 0.031647805124521255, "accuracy": 0.9895274043083191, "energy_consumption": 88542.99036769525, "selected": false, "client_name": "sta2"}
2026-07-01 20:55:15,372 - METRIC - INFO - {"loss": 0.036311421543359756, "accuracy": 0.9872146248817444, "energy_consumption": 79719.83394220474, "selected": false, "client_name": "sta6"}
2026-07-01 20:55:15,376 - METRIC - INFO - {"loss": 0.04013364389538765, "accuracy": 0.9870912432670593, "energy_consumption": 66456.26644960584, "selected": false, "client_name": "sta8"}
2026-07-01 20:55:15,451 - METRIC - INFO - {"loss": 0.027152545750141144, "accuracy": 0.991093099117279, "energy_consumption": 72193.2824822583, "selected": false, "client_name": "sta10"}
2026-07-01 20:55:15,497 - METRIC - INFO - {"loss": 0.041991546750068665, "accuracy": 0.9879054427146912, "energy_consumption": 69779.32780927184, "selected": false, "client_name": "sta9"}
2026-07-01 20:55:15,531 - METRIC - INFO - {"loss": 0.02783668413758278, "accuracy": 0.990850031375885, "energy_consumption": 47981.8676903553, "selected": false, "client_name": "sta7"}
2026-07-01 20:55:15,533 - METRIC - INFO - {"loss": 0.035686805844306946, "accuracy": 0.9882572889328003, "energy_consumption": 52489.42956208096, "selected": false, "client_name": "sta5"}
2026-07-01 20:55:16,022 - METRIC - INFO - mean_accuracy: 0.9888147007335316

2026-07-01 20:55:16,022 - METRIC - INFO - round: 87
2026-07-01 20:55:16,022 - METRIC - INFO - n_selected: 6
2026-07-01 20:55:16,022 - METRIC - INFO - {"selected_trainers": ["sta10", "sta4", "sta5", "sta7", "sta8", "sta9"]}
2026-07-01 20:55:19,781 - EXECUT - INFO - received weights from trainer sta4!
2026-07-01 20:55:19,819 - EXECUT - INFO - received weights from trainer sta8!
2026-07-01 20:55:23,136 - EXECUT - INFO - received weights from trainer sta10!
2026-07-01 20:55:26,601 - EXECUT - INFO - received weights from trainer sta9!
2026-07-01 20:55:28,635 - EXECUT - INFO - received weights from trainer sta5!
2026-07-01 20:55:28,661 - EXECUT - INFO - received weights from trainer sta7!
2026-07-01 20:55:29,509 - EXECUT - INFO - sent aggregated weights to trainers!
2026-07-01 20:55:29,807 - METRIC - INFO - {"loss": 0.03561010956764221, "accuracy": 0.9882352948188782, "energy_consumption": 90152.33417004855, "selected": false, "client_name": "sta0"}
2026-07-01 20:55:29,839 - METRIC - INFO - {"loss": 0.03753400593996048, "accuracy": 0.9884853959083557, "energy_consumption": 90550.53135234427, "selected": false, "client_name": "sta1"}
2026-07-01 20:55:29,846 - METRIC - INFO - {"loss": 0.033314287662506104, "accuracy": 0.9895833134651184, "energy_consumption": 69134.0583850221, "selected": false, "client_name": "sta4"}
2026-07-01 20:55:29,880 - METRIC - INFO - {"loss": 0.03147774934768677, "accuracy": 0.9897959232330322, "energy_consumption": 89581.85688134337, "selected": false, "client_name": "sta2"}
2026-07-01 20:55:29,896 - METRIC - INFO - {"loss": 0.036361902952194214, "accuracy": 0.988718569278717, "energy_consumption": 89469.6503610578, "selected": false, "client_name": "sta3"}
2026-07-01 20:55:29,904 - METRIC - INFO - {"loss": 0.03637581318616867, "accuracy": 0.9872146248817444, "energy_consumption": 80434.1102208166, "selected": false, "client_name": "sta6"}
2026-07-01 20:55:29,906 - METRIC - INFO - {"loss": 0.04010583832859993, "accuracy": 0.9870912432670593, "energy_consumption": 67095.50845706409, "selected": false, "client_name": "sta8"}
2026-07-01 20:55:29,954 - METRIC - INFO - {"loss": 0.02659103460609913, "accuracy": 0.9902834296226501, "energy_consumption": 73068.63912550175, "selected": false, "client_name": "sta10"}
2026-07-01 20:55:29,989 - METRIC - INFO - {"loss": 0.04251208156347275, "accuracy": 0.9876305460929871, "energy_consumption": 70505.28231555036, "selected": false, "client_name": "sta9"}
2026-07-01 20:55:30,024 - METRIC - INFO - {"loss": 0.029398974031209946, "accuracy": 0.990850031375885, "energy_consumption": 48439.010170562, "selected": false, "client_name": "sta7"}
2026-07-01 20:55:30,072 - METRIC - INFO - {"loss": 0.0357324443757534, "accuracy": 0.9882572889328003, "energy_consumption": 53061.23381861818, "selected": false, "client_name": "sta5"}
2026-07-01 20:55:30,510 - METRIC - INFO - mean_accuracy: 0.9887405146252025

2026-07-01 20:55:30,510 - METRIC - INFO - round: 88
2026-07-01 20:55:30,510 - METRIC - INFO - n_selected: 6
2026-07-01 20:55:30,510 - METRIC - INFO - {"selected_trainers": ["sta10", "sta4", "sta5", "sta7", "sta8", "sta9"]}
2026-07-01 20:55:34,324 - EXECUT - INFO - received weights from trainer sta8!
2026-07-01 20:55:35,759 - EXECUT - INFO - received weights from trainer sta4!
2026-07-01 20:55:37,742 - EXECUT - INFO - received weights from trainer sta10!
2026-07-01 20:55:41,081 - EXECUT - INFO - received weights from trainer sta9!
2026-07-01 20:55:43,062 - EXECUT - INFO - received weights from trainer sta7!
2026-07-01 20:55:43,118 - EXECUT - INFO - received weights from trainer sta5!
2026-07-01 20:55:43,874 - EXECUT - INFO - sent aggregated weights to trainers!
2026-07-01 20:55:44,178 - METRIC - INFO - {"loss": 0.033615633845329285, "accuracy": 0.9888888597488403, "energy_consumption": 69755.99984680528, "selected": false, "client_name": "sta4"}
2026-07-01 20:55:44,224 - METRIC - INFO - {"loss": 0.031604304909706116, "accuracy": 0.9900644421577454, "energy_consumption": 90323.2065975618, "selected": false, "client_name": "sta2"}
2026-07-01 20:55:44,228 - METRIC - INFO - {"loss": 0.03638250380754471, "accuracy": 0.988718569278717, "energy_consumption": 90255.01612499135, "selected": false, "client_name": "sta3"}
2026-07-01 20:55:44,228 - METRIC - INFO - {"loss": 0.04118143767118454, "accuracy": 0.9879518151283264, "energy_consumption": 67851.97505044538, "selected": false, "client_name": "sta8"}
2026-07-01 20:55:44,251 - METRIC - INFO - {"loss": 0.036513280123472214, "accuracy": 0.9872146248817444, "energy_consumption": 81343.01692201776, "selected": false, "client_name": "sta6"}
2026-07-01 20:55:44,274 - METRIC - INFO - {"loss": 0.03605091944336891, "accuracy": 0.9878296256065369, "energy_consumption": 90928.8456817812, "selected": false, "client_name": "sta0"}
2026-07-01 20:55:44,291 - METRIC - INFO - {"loss": 0.02648330293595791, "accuracy": 0.9914979934692383, "energy_consumption": 73863.77924365393, "selected": false, "client_name": "sta10"}
2026-07-01 20:55:44,326 - METRIC - INFO - {"loss": 0.0378476083278656, "accuracy": 0.9884853959083557, "energy_consumption": 91337.73112727609, "selected": false, "client_name": "sta1"}
2026-07-01 20:55:44,335 - METRIC - INFO - {"loss": 0.041998494416475296, "accuracy": 0.9879054427146912, "energy_consumption": 71316.04990641125, "selected": false, "client_name": "sta9"}
2026-07-01 20:55:44,483 - METRIC - INFO - {"loss": 0.028257794678211212, "accuracy": 0.990850031375885, "energy_consumption": 48966.19448058565, "selected": false, "client_name": "sta7"}
2026-07-01 20:55:44,523 - METRIC - INFO - {"loss": 0.036871861666440964, "accuracy": 0.9882572889328003, "energy_consumption": 53559.69462523391, "selected": false, "client_name": "sta5"}
2026-07-01 20:55:44,875 - METRIC - INFO - mean_accuracy: 0.9888785535638983

2026-07-01 20:55:44,875 - METRIC - INFO - round: 89
2026-07-01 20:55:44,875 - METRIC - INFO - n_selected: 6
2026-07-01 20:55:44,875 - METRIC - INFO - {"selected_trainers": ["sta10", "sta4", "sta5", "sta7", "sta8", "sta9"]}
2026-07-01 20:55:48,619 - EXECUT - INFO - received weights from trainer sta4!
2026-07-01 20:55:48,686 - EXECUT - INFO - received weights from trainer sta8!
2026-07-01 20:55:52,020 - EXECUT - INFO - received weights from trainer sta10!
2026-07-01 20:55:55,458 - EXECUT - INFO - received weights from trainer sta9!
2026-07-01 20:55:57,452 - EXECUT - INFO - received weights from trainer sta7!
2026-07-01 20:55:57,547 - EXECUT - INFO - received weights from trainer sta5!
2026-07-01 20:55:58,419 - EXECUT - INFO - sent aggregated weights to trainers!
2026-07-01 20:55:58,692 - METRIC - INFO - {"loss": 0.0358002670109272, "accuracy": 0.9882352948188782, "energy_consumption": 92014.54608946765, "selected": false, "client_name": "sta0"}
2026-07-01 20:55:58,694 - METRIC - INFO - {"loss": 0.03756420314311981, "accuracy": 0.9884853959083557, "energy_consumption": 92478.24029643218, "selected": false, "client_name": "sta1"}
2026-07-01 20:55:58,708 - METRIC - INFO - {"loss": 0.03327004611492157, "accuracy": 0.9902777671813965, "energy_consumption": 70457.43911862062, "selected": false, "client_name": "sta4"}
2026-07-01 20:55:58,751 - METRIC - INFO - {"loss": 0.036197151988744736, "accuracy": 0.989297091960907, "energy_consumption": 91331.09045002809, "selected": false, "client_name": "sta3"}
2026-07-01 20:55:58,752 - METRIC - INFO - {"loss": 0.03191298991441727, "accuracy": 0.9900644421577454, "energy_consumption": 91454.64175623636, "selected": false, "client_name": "sta2"}
2026-07-01 20:55:58,771 - METRIC - INFO - {"loss": 0.03888654708862305, "accuracy": 0.9870912432670593, "energy_consumption": 68521.08461761111, "selected": false, "client_name": "sta8"}
2026-07-01 20:55:58,781 - METRIC - INFO - {"loss": 0.036676689982414246, "accuracy": 0.9872146248817444, "energy_consumption": 82106.78716477107, "selected": false, "client_name": "sta6"}
2026-07-01 20:55:58,891 - METRIC - INFO - {"loss": 0.03696246072649956, "accuracy": 0.9882572889328003, "energy_consumption": 54141.22454020966, "selected": false, "client_name": "sta5"}
2026-07-01 20:55:58,923 - METRIC - INFO - {"loss": 0.02801106497645378, "accuracy": 0.990554928779602, "energy_consumption": 49438.7947061642, "selected": false, "client_name": "sta7"}
2026-07-01 20:55:58,934 - METRIC - INFO - {"loss": 0.026793763041496277, "accuracy": 0.991093099117279, "energy_consumption": 74588.10581090023, "selected": false, "client_name": "sta10"}
2026-07-01 20:55:58,978 - METRIC - INFO - {"loss": 0.041823022067546844, "accuracy": 0.9884551763534546, "energy_consumption": 71988.86469412563, "selected": false, "client_name": "sta9"}
2026-07-01 20:55:59,421 - METRIC - INFO - mean_accuracy: 0.9890023957599293

2026-07-01 20:55:59,421 - METRIC - INFO - round: 90
2026-07-01 20:55:59,421 - METRIC - INFO - n_selected: 6
2026-07-01 20:55:59,421 - METRIC - INFO - {"selected_trainers": ["sta10", "sta4", "sta5", "sta7", "sta8", "sta9"]}
2026-07-01 20:56:03,184 - EXECUT - INFO - received weights from trainer sta4!
2026-07-01 20:56:03,246 - EXECUT - INFO - received weights from trainer sta8!
2026-07-01 20:56:06,527 - EXECUT - INFO - received weights from trainer sta10!
2026-07-01 20:56:09,978 - EXECUT - INFO - received weights from trainer sta9!
2026-07-01 20:56:20,129 - EXECUT - INFO - received weights from trainer sta5!
2026-07-01 20:56:20,181 - EXECUT - INFO - received weights from trainer sta7!
2026-07-01 20:56:20,790 - EXECUT - INFO - sent aggregated weights to trainers!
2026-07-01 20:56:21,079 - METRIC - INFO - {"loss": 0.037888303399086, "accuracy": 0.9884853959083557, "energy_consumption": 94025.2716064609, "selected": false, "client_name": "sta1"}
2026-07-01 20:56:21,089 - METRIC - INFO - {"loss": 0.03585176169872284, "accuracy": 0.9878296256065369, "energy_consumption": 93506.22751059853, "selected": false, "client_name": "sta0"}
2026-07-01 20:56:21,099 - METRIC - INFO - {"loss": 0.033327363431453705, "accuracy": 0.9895833134651184, "energy_consumption": 71531.84928419387, "selected": false, "client_name": "sta4"}
2026-07-01 20:56:21,131 - METRIC - INFO - {"loss": 0.03152741491794586, "accuracy": 0.9900644421577454, "energy_consumption": 92851.66217552866, "selected": false, "client_name": "sta2"}
2026-07-01 20:56:21,140 - METRIC - INFO - {"loss": 0.040367383509874344, "accuracy": 0.9870912432670593, "energy_consumption": 69581.63446008404, "selected": false, "client_name": "sta8"}
2026-07-01 20:56:21,144 - METRIC - INFO - {"loss": 0.0363147146999836, "accuracy": 0.988718569278717, "energy_consumption": 92745.75222395467, "selected": false, "client_name": "sta3"}
2026-07-01 20:56:21,152 - METRIC - INFO - {"loss": 0.03648383915424347, "accuracy": 0.9872146248817444, "energy_consumption": 83382.44307762058, "selected": false, "client_name": "sta6"}
2026-07-01 20:56:21,201 - METRIC - INFO - {"loss": 0.02694837376475334, "accuracy": 0.9914979934692383, "energy_consumption": 75813.782715007, "selected": false, "client_name": "sta10"}
2026-07-01 20:56:21,236 - METRIC - INFO - {"loss": 0.042381882667541504, "accuracy": 0.9876305460929871, "energy_consumption": 73136.25104768352, "selected": false, "client_name": "sta9"}
2026-07-01 20:56:21,315 - METRIC - INFO - {"loss": 0.03566185384988785, "accuracy": 0.9885241389274597, "energy_consumption": 54897.97538546606, "selected": false, "client_name": "sta5"}
2026-07-01 20:56:21,395 - METRIC - INFO - {"loss": 0.029362810775637627, "accuracy": 0.990554928779602, "energy_consumption": 50174.22128276317, "selected": false, "client_name": "sta7"}
2026-07-01 20:56:21,792 - METRIC - INFO - mean_accuracy: 0.9888358928940513

2026-07-01 20:56:21,795 - METRIC - INFO - stop_condition: rounds
