2026-07-01 20:56:42,591 - EXECUT - INFO - starting server...
2026-07-01 20:56:47,409 - EXECUT - INFO - trainer number sta0 just joined the pool
2026-07-01 20:56:47,475 - EXECUT - INFO - trainer number sta4 just joined the pool
2026-07-01 20:56:47,592 - EXECUT - INFO - trainer number sta1 just joined the pool
2026-07-01 20:56:47,666 - EXECUT - INFO - trainer number sta3 just joined the pool
2026-07-01 20:56:47,707 - EXECUT - INFO - trainer number sta5 just joined the pool
2026-07-01 20:56:47,707 - EXECUT - INFO - trainer number sta2 just joined the pool
2026-07-01 20:56:47,707 - EXECUT - INFO - trainer number sta6 just joined the pool
2026-07-01 20:56:47,707 - EXECUT - INFO - trainer number sta7 just joined the pool
2026-07-01 20:56:47,931 - EXECUT - INFO - trainer number sta8 just joined the pool
2026-07-01 20:56:48,002 - EXECUT - INFO - trainer number sta10 just joined the pool
2026-07-01 20:56:48,110 - EXECUT - INFO - trainer number sta9 just joined the pool
2026-07-01 20:56:48,600 - EXECUT - INFO - mensagem de data_sz recebida: 
 {'id': 'sta0', 'dataset_sz': 747088320}
2026-07-01 20:56:48,600 - EXECUT - INFO - mensagem de data_sz recebida: 
 {'id': 'sta1', 'dataset_sz': 684321792}
2026-07-01 20:56:48,641 - EXECUT - INFO - mensagem de data_sz recebida: 
 {'id': 'sta10', 'dataset_sz': 748350720}
2026-07-01 20:56:48,641 - EXECUT - INFO - mensagem de data_sz recebida: 
 {'id': 'sta2', 'dataset_sz': 1128383616}
2026-07-01 20:56:48,641 - EXECUT - INFO - mensagem de data_sz recebida: 
 {'id': 'sta3', 'dataset_sz': 1047438528}
2026-07-01 20:56:48,641 - EXECUT - INFO - mensagem de data_sz recebida: 
 {'id': 'sta4', 'dataset_sz': 436285440}
2026-07-01 20:56:48,641 - EXECUT - INFO - mensagem de data_sz recebida: 
 {'id': 'sta5', 'dataset_sz': 1135301568}
2026-07-01 20:56:48,641 - EXECUT - INFO - mensagem de data_sz recebida: 
 {'id': 'sta6', 'dataset_sz': 995528640}
2026-07-01 20:56:48,641 - EXECUT - INFO - mensagem de data_sz recebida: 
 {'id': 'sta7', 'dataset_sz': 1026684672}
2026-07-01 20:56:48,641 - EXECUT - INFO - mensagem de data_sz recebida: 
 {'id': 'sta8', 'dataset_sz': 352361088}
2026-07-01 20:56:48,641 - EXECUT - INFO - mensagem de data_sz recebida: 
 {'id': 'sta9', 'dataset_sz': 1102428672}
2026-07-01 20:56:49,600 - METRIC - INFO - round: 1
2026-07-01 20:56:49,600 - METRIC - INFO - n_selected: 11
2026-07-01 20:56:49,600 - METRIC - INFO - {"selected_trainers": ["sta0", "sta1", "sta10", "sta2", "sta3", "sta4", "sta5", "sta6", "sta7", "sta8", "sta9"]}
2026-07-01 20:56:54,716 - EXECUT - INFO - received weights from trainer sta8!
2026-07-01 20:56:54,815 - EXECUT - INFO - received weights from trainer sta4!
2026-07-01 20:56:58,645 - EXECUT - INFO - received weights from trainer sta10!
2026-07-01 20:57:00,518 - EXECUT - INFO - received weights from trainer sta1!
2026-07-01 20:57:00,579 - EXECUT - INFO - received weights from trainer sta0!
2026-07-01 20:57:01,487 - EXECUT - INFO - received weights from trainer sta2!
2026-07-01 20:57:02,260 - EXECUT - INFO - received weights from trainer sta6!
2026-07-01 20:57:02,592 - EXECUT - INFO - received weights from trainer sta9!
2026-07-01 20:57:03,416 - EXECUT - INFO - received weights from trainer sta3!
2026-07-01 20:57:04,160 - EXECUT - INFO - received weights from trainer sta5!
2026-07-01 20:57:04,180 - EXECUT - INFO - received weights from trainer sta7!
2026-07-01 20:57:05,414 - EXECUT - INFO - sent aggregated weights to trainers!
2026-07-01 20:57:05,871 - METRIC - INFO - {"loss": 0.4059050381183624, "accuracy": 0.8986111283302307, "energy_consumption": 1109.794958349996, "selected": false, "client_name": "sta4"}
2026-07-01 20:57:05,906 - METRIC - INFO - {"loss": 0.4151774048805237, "accuracy": 0.8984509706497192, "energy_consumption": 1030.3883504785042, "selected": false, "client_name": "sta8"}
2026-07-01 20:57:05,946 - METRIC - INFO - {"loss": 0.29011043906211853, "accuracy": 0.9186235070228577, "energy_consumption": 1100.3469435681336, "selected": false, "client_name": "sta10"}
2026-07-01 20:57:05,963 - METRIC - INFO - {"loss": 0.24945078790187836, "accuracy": 0.9288399815559387, "energy_consumption": 1324.256007198156, "selected": false, "client_name": "sta2"}
2026-07-01 20:57:06,018 - METRIC - INFO - {"loss": 0.27828362584114075, "accuracy": 0.9200109839439392, "energy_consumption": 1070.1406133080195, "selected": false, "client_name": "sta9"}
2026-07-01 20:57:06,051 - METRIC - INFO - {"loss": 0.2640833556652069, "accuracy": 0.9242008924484253, "energy_consumption": 994.9252663283493, "selected": false, "client_name": "sta6"}
2026-07-01 20:57:06,128 - METRIC - INFO - {"loss": 0.2569116950035095, "accuracy": 0.9252735376358032, "energy_consumption": 970.2073519188021, "selected": false, "client_name": "sta5"}
2026-07-01 20:57:06,128 - METRIC - INFO - {"loss": 0.31582701206207275, "accuracy": 0.9115618467330933, "energy_consumption": 1250.2789818922329, "selected": false, "client_name": "sta0"}
2026-07-01 20:57:06,147 - METRIC - INFO - {"loss": 0.2789386212825775, "accuracy": 0.9137980937957764, "energy_consumption": 1111.338862900361, "selected": false, "client_name": "sta3"}
2026-07-01 20:57:06,157 - METRIC - INFO - {"loss": 0.24836455285549164, "accuracy": 0.9279811382293701, "energy_consumption": 928.1440769735017, "selected": false, "client_name": "sta7"}
2026-07-01 20:57:06,162 - METRIC - INFO - {"loss": 0.2945198118686676, "accuracy": 0.9171833395957947, "energy_consumption": 1333.2116113240281, "selected": false, "client_name": "sta1"}
2026-07-01 20:57:06,425 - METRIC - INFO - mean_accuracy: 0.916775947267359

2026-07-01 20:57:06,425 - METRIC - INFO - round: 2
2026-07-01 20:57:06,425 - METRIC - INFO - n_selected: 11
2026-07-01 20:57:06,425 - METRIC - INFO - {"selected_trainers": ["sta0", "sta1", "sta10", "sta2", "sta3", "sta4", "sta5", "sta6", "sta7", "sta8", "sta9"]}
2026-07-01 20:57:11,232 - EXECUT - INFO - received weights from trainer sta8!
2026-07-01 20:57:11,403 - EXECUT - INFO - received weights from trainer sta4!
2026-07-01 20:57:15,203 - EXECUT - INFO - received weights from trainer sta10!
2026-07-01 20:57:16,678 - EXECUT - INFO - received weights from trainer sta1!
2026-07-01 20:57:16,804 - EXECUT - INFO - received weights from trainer sta0!
2026-07-01 20:57:18,677 - EXECUT - INFO - received weights from trainer sta6!
2026-07-01 20:57:19,134 - EXECUT - INFO - received weights from trainer sta9!
2026-07-01 20:57:19,777 - EXECUT - INFO - received weights from trainer sta3!
2026-07-01 20:57:20,641 - EXECUT - INFO - received weights from trainer sta7!
2026-07-01 20:57:20,702 - EXECUT - INFO - received weights from trainer sta5!
2026-07-01 20:57:27,180 - EXECUT - INFO - received weights from trainer sta2!
2026-07-01 20:57:28,205 - EXECUT - INFO - sent aggregated weights to trainers!
2026-07-01 20:57:28,619 - METRIC - INFO - {"loss": 0.41925865411758423, "accuracy": 0.885875403881073, "energy_consumption": 2100.8050497795, "selected": false, "client_name": "sta2"}
2026-07-01 20:57:28,657 - METRIC - INFO - {"loss": 1.6620309352874756, "accuracy": 0.6006944179534912, "energy_consumption": 1779.4181614064382, "selected": false, "client_name": "sta4"}
2026-07-01 20:57:28,657 - METRIC - INFO - {"loss": 0.6557348370552063, "accuracy": 0.8441295623779297, "energy_consumption": 1935.072557825742, "selected": false, "client_name": "sta10"}
2026-07-01 20:57:28,693 - METRIC - INFO - {"loss": 2.120565176010132, "accuracy": 0.5370051860809326, "energy_consumption": 1814.1433187876119, "selected": false, "client_name": "sta8"}
2026-07-01 20:57:28,763 - METRIC - INFO - {"loss": 0.4361873269081116, "accuracy": 0.876580536365509, "energy_consumption": 1876.1584843524854, "selected": false, "client_name": "sta9"}
2026-07-01 20:57:28,826 - METRIC - INFO - {"loss": 0.7481926679611206, "accuracy": 0.8184233903884888, "energy_consumption": 1871.8501233064924, "selected": false, "client_name": "sta1"}
2026-07-01 20:57:28,834 - METRIC - INFO - {"loss": 0.4580121636390686, "accuracy": 0.877321183681488, "energy_consumption": 1636.295825722998, "selected": false, "client_name": "sta6"}
2026-07-01 20:57:28,842 - METRIC - INFO - {"loss": 0.6646841764450073, "accuracy": 0.8308316469192505, "energy_consumption": 1806.5437782618214, "selected": false, "client_name": "sta0"}
2026-07-01 20:57:28,860 - METRIC - INFO - {"loss": 0.4057806134223938, "accuracy": 0.8868427872657776, "energy_consumption": 1490.4708383483662, "selected": false, "client_name": "sta5"}
2026-07-01 20:57:28,876 - METRIC - INFO - {"loss": 0.448788046836853, "accuracy": 0.8785073757171631, "energy_consumption": 1681.4387152706918, "selected": false, "client_name": "sta3"}
2026-07-01 20:57:28,891 - METRIC - INFO - {"loss": 0.44451749324798584, "accuracy": 0.8780992031097412, "energy_consumption": 1481.9258311228941, "selected": false, "client_name": "sta7"}
2026-07-01 20:57:29,206 - METRIC - INFO - mean_accuracy: 0.8103918812491677

2026-07-01 20:57:29,206 - METRIC - INFO - round: 3
2026-07-01 20:57:29,206 - METRIC - INFO - n_selected: 11
2026-07-01 20:57:29,206 - METRIC - INFO - {"selected_trainers": ["sta0", "sta1", "sta10", "sta2", "sta3", "sta4", "sta5", "sta6", "sta7", "sta8", "sta9"]}
2026-07-01 20:57:34,048 - EXECUT - INFO - received weights from trainer sta8!
2026-07-01 20:57:34,150 - EXECUT - INFO - received weights from trainer sta4!
2026-07-01 20:57:37,965 - EXECUT - INFO - received weights from trainer sta10!
2026-07-01 20:57:39,520 - EXECUT - INFO - received weights from trainer sta1!
2026-07-01 20:57:40,848 - EXECUT - INFO - received weights from trainer sta2!
2026-07-01 20:57:41,545 - EXECUT - INFO - received weights from trainer sta6!
2026-07-01 20:57:41,921 - EXECUT - INFO - received weights from trainer sta9!
2026-07-01 20:57:42,571 - EXECUT - INFO - received weights from trainer sta3!
2026-07-01 20:57:43,462 - EXECUT - INFO - received weights from trainer sta7!
2026-07-01 20:57:49,862 - EXECUT - INFO - received weights from trainer sta0!
2026-07-01 20:57:50,092 - EXECUT - INFO - received weights from trainer sta5!
2026-07-01 20:57:51,012 - EXECUT - INFO - sent aggregated weights to trainers!
2026-07-01 20:57:51,400 - METRIC - INFO - {"loss": 0.37801116704940796, "accuracy": 0.8965277671813965, "energy_consumption": 2589.8862447309643, "selected": false, "client_name": "sta4"}
2026-07-01 20:57:51,440 - METRIC - INFO - {"loss": 0.36507663130760193, "accuracy": 0.9079173803329468, "energy_consumption": 2559.4895857910747, "selected": false, "client_name": "sta8"}
2026-07-01 20:57:51,499 - METRIC - INFO - {"loss": 0.314380943775177, "accuracy": 0.9093117117881775, "energy_consumption": 2743.401813917759, "selected": false, "client_name": "sta10"}
2026-07-01 20:57:51,535 - METRIC - INFO - {"loss": 0.28834232687950134, "accuracy": 0.9146079421043396, "energy_consumption": 2897.37509078478, "selected": false, "client_name": "sta2"}
2026-07-01 20:57:51,545 - METRIC - INFO - {"loss": 0.2920192778110504, "accuracy": 0.9147883653640747, "energy_consumption": 2678.403302927494, "selected": false, "client_name": "sta9"}
2026-07-01 20:57:51,595 - METRIC - INFO - {"loss": 0.28915509581565857, "accuracy": 0.9149551391601562, "energy_consumption": 2260.1767540562187, "selected": false, "client_name": "sta3"}
2026-07-01 20:57:51,604 - METRIC - INFO - {"loss": 0.28490138053894043, "accuracy": 0.915372908115387, "energy_consumption": 2279.2810333410694, "selected": false, "client_name": "sta6"}
2026-07-01 20:57:51,633 - METRIC - INFO - {"loss": 0.3248997628688812, "accuracy": 0.9010142087936401, "energy_consumption": 2342.196932990776, "selected": false, "client_name": "sta0"}
2026-07-01 20:57:51,639 - METRIC - INFO - {"loss": 0.27727073431015015, "accuracy": 0.9183346629142761, "energy_consumption": 2081.7630187067784, "selected": false, "client_name": "sta5"}
2026-07-01 20:57:51,677 - METRIC - INFO - {"loss": 0.32037320733070374, "accuracy": 0.8990256786346436, "energy_consumption": 2388.266899549141, "selected": false, "client_name": "sta1"}
2026-07-01 20:57:51,692 - METRIC - INFO - {"loss": 0.28404876589775085, "accuracy": 0.9185360074043274, "energy_consumption": 2031.5081958205903, "selected": false, "client_name": "sta7"}
2026-07-01 20:57:52,013 - METRIC - INFO - mean_accuracy: 0.9100356156175787

2026-07-01 20:57:52,013 - METRIC - INFO - round: 4
2026-07-01 20:57:52,013 - METRIC - INFO - n_selected: 11
2026-07-01 20:57:52,013 - METRIC - INFO - {"selected_trainers": ["sta0", "sta1", "sta10", "sta2", "sta3", "sta4", "sta5", "sta6", "sta7", "sta8", "sta9"]}
2026-07-01 20:57:56,802 - EXECUT - INFO - received weights from trainer sta8!
2026-07-01 20:57:56,964 - EXECUT - INFO - received weights from trainer sta4!
2026-07-01 20:58:00,771 - EXECUT - INFO - received weights from trainer sta10!
2026-07-01 20:58:02,311 - EXECUT - INFO - received weights from trainer sta1!
2026-07-01 20:58:02,416 - EXECUT - INFO - received weights from trainer sta0!
2026-07-01 20:58:03,619 - EXECUT - INFO - received weights from trainer sta2!
2026-07-01 20:58:04,345 - EXECUT - INFO - received weights from trainer sta6!
2026-07-01 20:58:04,768 - EXECUT - INFO - received weights from trainer sta9!
2026-07-01 20:58:05,393 - EXECUT - INFO - received weights from trainer sta3!
2026-07-01 20:58:06,209 - EXECUT - INFO - received weights from trainer sta7!
2026-07-01 20:58:06,268 - EXECUT - INFO - received weights from trainer sta5!
2026-07-01 20:58:06,656 - EXECUT - INFO - sent aggregated weights to trainers!
2026-07-01 20:58:07,084 - METRIC - INFO - {"loss": 0.27635282278060913, "accuracy": 0.9194444417953491, "energy_consumption": 3113.8148395400262, "selected": false, "client_name": "sta4"}
2026-07-01 20:58:07,108 - METRIC - INFO - {"loss": 0.2317497432231903, "accuracy": 0.934412956237793, "energy_consumption": 3314.7838710438186, "selected": false, "client_name": "sta10"}
2026-07-01 20:58:07,191 - METRIC - INFO - {"loss": 0.21626657247543335, "accuracy": 0.9334049224853516, "energy_consumption": 3430.6176200972304, "selected": false, "client_name": "sta2"}
2026-07-01 20:58:07,200 - METRIC - INFO - {"loss": 0.21687377989292145, "accuracy": 0.9351291656494141, "energy_consumption": 3225.562375232913, "selected": false, "client_name": "sta9"}
2026-07-01 20:58:07,205 - METRIC - INFO - {"loss": 0.24368789792060852, "accuracy": 0.9281947016716003, "energy_consumption": 2691.9690324579606, "selected": false, "client_name": "sta0"}
2026-07-01 20:58:07,210 - METRIC - INFO - {"loss": 0.2091989666223526, "accuracy": 0.9378169178962708, "energy_consumption": 2463.041725788727, "selected": false, "client_name": "sta5"}
2026-07-01 20:58:07,214 - METRIC - INFO - {"loss": 0.251613587141037, "accuracy": 0.9311531782150269, "energy_consumption": 3035.9011878436786, "selected": false, "client_name": "sta8"}
2026-07-01 20:58:07,228 - METRIC - INFO - {"loss": 0.23503655195236206, "accuracy": 0.9282550811767578, "energy_consumption": 2745.771623718727, "selected": false, "client_name": "sta1"}
2026-07-01 20:58:07,243 - METRIC - INFO - {"loss": 0.21085965633392334, "accuracy": 0.9418569207191467, "energy_consumption": 2718.564049108995, "selected": false, "client_name": "sta6"}
2026-07-01 20:58:07,288 - METRIC - INFO - {"loss": 0.21612656116485596, "accuracy": 0.9352039098739624, "energy_consumption": 2679.1125488025104, "selected": false, "client_name": "sta3"}
2026-07-01 20:58:07,450 - METRIC - INFO - {"loss": 0.21281392872333527, "accuracy": 0.9383116960525513, "energy_consumption": 2392.2231754990457, "selected": false, "client_name": "sta7"}
2026-07-01 20:58:07,659 - METRIC - INFO - mean_accuracy: 0.9330167174339294

2026-07-01 20:58:07,659 - METRIC - INFO - round: 5
2026-07-01 20:58:07,659 - METRIC - INFO - n_selected: 11
2026-07-01 20:58:07,659 - METRIC - INFO - {"selected_trainers": ["sta0", "sta1", "sta10", "sta2", "sta3", "sta4", "sta5", "sta6", "sta7", "sta8", "sta9"]}
2026-07-01 20:58:12,535 - EXECUT - INFO - received weights from trainer sta8!
2026-07-01 20:58:12,605 - EXECUT - INFO - received weights from trainer sta4!
2026-07-01 20:58:16,494 - EXECUT - INFO - received weights from trainer sta10!
2026-07-01 20:58:17,895 - EXECUT - INFO - received weights from trainer sta1!
2026-07-01 20:58:18,073 - EXECUT - INFO - received weights from trainer sta0!
2026-07-01 20:58:19,239 - EXECUT - INFO - received weights from trainer sta2!
2026-07-01 20:58:19,994 - EXECUT - INFO - received weights from trainer sta6!
2026-07-01 20:58:20,484 - EXECUT - INFO - received weights from trainer sta9!
2026-07-01 20:58:20,996 - EXECUT - INFO - received weights from trainer sta3!
2026-07-01 20:58:21,899 - EXECUT - INFO - received weights from trainer sta5!
2026-07-01 20:58:21,923 - EXECUT - INFO - received weights from trainer sta7!
2026-07-01 20:58:22,358 - EXECUT - INFO - sent aggregated weights to trainers!
2026-07-01 20:58:22,649 - METRIC - INFO - {"loss": 0.21351702511310577, "accuracy": 0.9402777552604675, "energy_consumption": 3629.4566725596965, "selected": false, "client_name": "sta4"}
2026-07-01 20:58:22,789 - METRIC - INFO - {"loss": 0.19297917187213898, "accuracy": 0.9449225664138794, "energy_consumption": 3583.457793510779, "selected": false, "client_name": "sta8"}
2026-07-01 20:58:22,899 - METRIC - INFO - {"loss": 0.1757049411535263, "accuracy": 0.9493927359580994, "energy_consumption": 3898.2637675787773, "selected": false, "client_name": "sta10"}
2026-07-01 20:58:22,977 - METRIC - INFO - {"loss": 0.17196276783943176, "accuracy": 0.9479054808616638, "energy_consumption": 3936.4577949054597, "selected": false, "client_name": "sta2"}
2026-07-01 20:58:22,989 - METRIC - INFO - {"loss": 0.1665121614933014, "accuracy": 0.948872983455658, "energy_consumption": 3791.919242827844, "selected": false, "client_name": "sta9"}
2026-07-01 20:58:22,990 - METRIC - INFO - {"loss": 0.16521930694580078, "accuracy": 0.9486422538757324, "energy_consumption": 2771.1789403466228, "selected": false, "client_name": "sta7"}
2026-07-01 20:58:23,038 - METRIC - INFO - {"loss": 0.1632755696773529, "accuracy": 0.951694667339325, "energy_consumption": 2855.5465882381177, "selected": false, "client_name": "sta5"}
2026-07-01 20:58:23,041 - METRIC - INFO - {"loss": 0.1860232800245285, "accuracy": 0.9480730295181274, "energy_consumption": 3091.832032528831, "selected": false, "client_name": "sta0"}
2026-07-01 20:58:23,043 - METRIC - INFO - {"loss": 0.16132143139839172, "accuracy": 0.9543378949165344, "energy_consumption": 3161.745763257406, "selected": false, "client_name": "sta6"}
2026-07-01 20:58:23,059 - METRIC - INFO - {"loss": 0.17232926189899445, "accuracy": 0.9470639228820801, "energy_consumption": 3123.6500960253356, "selected": false, "client_name": "sta3"}
2026-07-01 20:58:23,062 - METRIC - INFO - {"loss": 0.17909421026706696, "accuracy": 0.9441984295845032, "energy_consumption": 3110.4525698372067, "selected": false, "client_name": "sta1"}
2026-07-01 20:58:23,360 - METRIC - INFO - mean_accuracy: 0.9477619745514609

2026-07-01 20:58:23,360 - METRIC - INFO - round: 6
2026-07-01 20:58:23,360 - METRIC - INFO - n_selected: 11
2026-07-01 20:58:23,360 - METRIC - INFO - {"selected_trainers": ["sta0", "sta1", "sta10", "sta2", "sta3", "sta4", "sta5", "sta6", "sta7", "sta8", "sta9"]}
2026-07-01 20:58:28,162 - EXECUT - INFO - received weights from trainer sta8!
2026-07-01 20:58:28,312 - EXECUT - INFO - received weights from trainer sta4!
2026-07-01 20:58:32,215 - EXECUT - INFO - received weights from trainer sta10!
2026-07-01 20:58:33,686 - EXECUT - INFO - received weights from trainer sta1!
2026-07-01 20:58:34,937 - EXECUT - INFO - received weights from trainer sta2!
2026-07-01 20:58:35,696 - EXECUT - INFO - received weights from trainer sta6!
2026-07-01 20:58:36,164 - EXECUT - INFO - received weights from trainer sta9!
2026-07-01 20:58:36,750 - EXECUT - INFO - received weights from trainer sta3!
2026-07-01 20:58:37,589 - EXECUT - INFO - received weights from trainer sta5!
2026-07-01 20:58:37,625 - EXECUT - INFO - received weights from trainer sta7!
2026-07-01 20:58:44,022 - EXECUT - INFO - received weights from trainer sta0!
2026-07-01 20:58:45,078 - EXECUT - INFO - sent aggregated weights to trainers!
2026-07-01 20:58:45,451 - METRIC - INFO - {"loss": 0.17165507376194, "accuracy": 0.9506944417953491, "energy_consumption": 4411.299348595111, "selected": false, "client_name": "sta4"}
2026-07-01 20:58:45,471 - METRIC - INFO - {"loss": 0.1379500776529312, "accuracy": 0.9599892497062683, "energy_consumption": 4610.661497616429, "selected": false, "client_name": "sta2"}
2026-07-01 20:58:45,474 - METRIC - INFO - {"loss": 0.1553843915462494, "accuracy": 0.9561101794242859, "energy_consumption": 4354.064427875004, "selected": false, "client_name": "sta8"}
2026-07-01 20:58:45,481 - METRIC - INFO - {"loss": 0.141495019197464, "accuracy": 0.9582995772361755, "energy_consumption": 4754.3266616443825, "selected": false, "client_name": "sta10"}
2026-07-01 20:58:45,583 - METRIC - INFO - {"loss": 0.13359946012496948, "accuracy": 0.9579439163208008, "energy_consumption": 4568.269444274652, "selected": false, "client_name": "sta9"}
2026-07-01 20:58:45,594 - METRIC - INFO - {"loss": 0.15602365136146545, "accuracy": 0.9557809233665466, "energy_consumption": 3649.293158758105, "selected": false, "client_name": "sta0"}
2026-07-01 20:58:45,614 - METRIC - INFO - {"loss": 0.13106487691402435, "accuracy": 0.9640791416168213, "energy_consumption": 3803.7797188405275, "selected": false, "client_name": "sta6"}
2026-07-01 20:58:45,633 - METRIC - INFO - {"loss": 0.13833850622177124, "accuracy": 0.9595024585723877, "energy_consumption": 3654.605949815411, "selected": false, "client_name": "sta3"}
2026-07-01 20:58:45,646 - METRIC - INFO - {"loss": 0.1430330127477646, "accuracy": 0.9561558961868286, "energy_consumption": 3633.1175220147998, "selected": false, "client_name": "sta1"}
2026-07-01 20:58:45,647 - METRIC - INFO - {"loss": 0.13316696882247925, "accuracy": 0.9605017304420471, "energy_consumption": 3466.426614803912, "selected": false, "client_name": "sta5"}
2026-07-01 20:58:45,724 - METRIC - INFO - {"loss": 0.1319654881954193, "accuracy": 0.9610389471054077, "energy_consumption": 3304.704400828595, "selected": false, "client_name": "sta7"}
2026-07-01 20:58:46,081 - METRIC - INFO - mean_accuracy: 0.9581905874339017

2026-07-01 20:58:46,081 - METRIC - INFO - round: 7
2026-07-01 20:58:46,081 - METRIC - INFO - n_selected: 11
2026-07-01 20:58:46,081 - METRIC - INFO - {"selected_trainers": ["sta0", "sta1", "sta10", "sta2", "sta3", "sta4", "sta5", "sta6", "sta7", "sta8", "sta9"]}
2026-07-01 20:58:50,896 - EXECUT - INFO - received weights from trainer sta8!
2026-07-01 20:58:51,038 - EXECUT - INFO - received weights from trainer sta4!
2026-07-01 20:58:54,885 - EXECUT - INFO - received weights from trainer sta10!
2026-07-01 20:58:56,449 - EXECUT - INFO - received weights from trainer sta1!
2026-07-01 20:58:56,536 - EXECUT - INFO - received weights from trainer sta0!
2026-07-01 20:58:57,626 - EXECUT - INFO - received weights from trainer sta2!
2026-07-01 20:58:58,386 - EXECUT - INFO - received weights from trainer sta6!
2026-07-01 20:58:59,006 - EXECUT - INFO - received weights from trainer sta9!
2026-07-01 20:58:59,385 - EXECUT - INFO - received weights from trainer sta3!
2026-07-01 20:59:00,406 - EXECUT - INFO - received weights from trainer sta7!
2026-07-01 20:59:06,995 - EXECUT - INFO - received weights from trainer sta5!
2026-07-01 20:59:07,857 - EXECUT - INFO - sent aggregated weights to trainers!
2026-07-01 20:59:08,127 - METRIC - INFO - {"loss": 0.14535687863826752, "accuracy": 0.956944465637207, "energy_consumption": 5189.164632390241, "selected": false, "client_name": "sta4"}
2026-07-01 20:59:08,232 - METRIC - INFO - {"loss": 0.13073845207691193, "accuracy": 0.9655765891075134, "energy_consumption": 5120.015945813445, "selected": false, "client_name": "sta8"}
2026-07-01 20:59:08,236 - METRIC - INFO - {"loss": 0.11790764331817627, "accuracy": 0.9631578922271729, "energy_consumption": 5569.386544124542, "selected": false, "client_name": "sta10"}
2026-07-01 20:59:08,247 - METRIC - INFO - {"loss": 0.11709066480398178, "accuracy": 0.9656283855438232, "energy_consumption": 5384.855610389168, "selected": false, "client_name": "sta2"}
2026-07-01 20:59:08,338 - METRIC - INFO - {"loss": 0.1150759607553482, "accuracy": 0.9626168012619019, "energy_consumption": 5356.760420293027, "selected": false, "client_name": "sta9"}
2026-07-01 20:59:08,341 - METRIC - INFO - {"loss": 0.11115874350070953, "accuracy": 0.9674277305603027, "energy_consumption": 4444.136152045011, "selected": false, "client_name": "sta6"}
2026-07-01 20:59:08,387 - METRIC - INFO - {"loss": 0.1294926404953003, "accuracy": 0.9638945460319519, "energy_consumption": 4207.21093272584, "selected": false, "client_name": "sta0"}
2026-07-01 20:59:08,392 - METRIC - INFO - {"loss": 0.12607304751873016, "accuracy": 0.9629736542701721, "energy_consumption": 4227.596119047021, "selected": false, "client_name": "sta3"}
2026-07-01 20:59:08,399 - METRIC - INFO - {"loss": 0.11275874078273773, "accuracy": 0.9653055667877197, "energy_consumption": 4039.6599381873084, "selected": false, "client_name": "sta5"}
2026-07-01 20:59:08,417 - METRIC - INFO - {"loss": 0.11889594048261642, "accuracy": 0.9641275405883789, "energy_consumption": 4063.320476723677, "selected": false, "client_name": "sta1"}
2026-07-01 20:59:08,455 - METRIC - INFO - {"loss": 0.11026318371295929, "accuracy": 0.9669421315193176, "energy_consumption": 3834.912667850461, "selected": false, "client_name": "sta7"}
2026-07-01 20:59:08,859 - METRIC - INFO - mean_accuracy: 0.9640541185032238

2026-07-01 20:59:08,859 - METRIC - INFO - round: 8
2026-07-01 20:59:08,859 - METRIC - INFO - n_selected: 11
2026-07-01 20:59:08,859 - METRIC - INFO - {"selected_trainers": ["sta0", "sta1", "sta10", "sta2", "sta3", "sta4", "sta5", "sta6", "sta7", "sta8", "sta9"]}
2026-07-01 20:59:13,763 - EXECUT - INFO - received weights from trainer sta8!
2026-07-01 20:59:13,882 - EXECUT - INFO - received weights from trainer sta4!
2026-07-01 20:59:17,628 - EXECUT - INFO - received weights from trainer sta10!
2026-07-01 20:59:19,239 - EXECUT - INFO - received weights from trainer sta1!
2026-07-01 20:59:19,323 - EXECUT - INFO - received weights from trainer sta0!
2026-07-01 20:59:20,414 - EXECUT - INFO - received weights from trainer sta2!
2026-07-01 20:59:21,205 - EXECUT - INFO - received weights from trainer sta6!
2026-07-01 20:59:21,696 - EXECUT - INFO - received weights from trainer sta9!
2026-07-01 20:59:22,252 - EXECUT - INFO - received weights from trainer sta3!
2026-07-01 20:59:23,098 - EXECUT - INFO - received weights from trainer sta5!
2026-07-01 20:59:23,197 - EXECUT - INFO - received weights from trainer sta7!
2026-07-01 20:59:23,652 - EXECUT - INFO - sent aggregated weights to trainers!
2026-07-01 20:59:23,920 - METRIC - INFO - {"loss": 0.1237180158495903, "accuracy": 0.9624999761581421, "energy_consumption": 5719.3428801968275, "selected": false, "client_name": "sta4"}
2026-07-01 20:59:24,009 - METRIC - INFO - {"loss": 0.109689861536026, "accuracy": 0.9672977328300476, "energy_consumption": 5615.260289126702, "selected": false, "client_name": "sta8"}
2026-07-01 20:59:24,035 - METRIC - INFO - {"loss": 0.10399135202169418, "accuracy": 0.96750807762146, "energy_consumption": 5906.019632130148, "selected": false, "client_name": "sta2"}
2026-07-01 20:59:24,057 - METRIC - INFO - {"loss": 0.10093822330236435, "accuracy": 0.9663967490196228, "energy_consumption": 6111.470191738711, "selected": false, "client_name": "sta10"}
2026-07-01 20:59:24,129 - METRIC - INFO - {"loss": 0.09726130217313766, "accuracy": 0.9710806608200073, "energy_consumption": 4856.726819933158, "selected": false, "client_name": "sta6"}
2026-07-01 20:59:24,129 - METRIC - INFO - {"loss": 0.09780438244342804, "accuracy": 0.970588207244873, "energy_consumption": 5898.849245985842, "selected": false, "client_name": "sta9"}
2026-07-01 20:59:24,138 - METRIC - INFO - {"loss": 0.11656283587217331, "accuracy": 0.9655172228813171, "energy_consumption": 4589.887472043023, "selected": false, "client_name": "sta0"}
2026-07-01 20:59:24,168 - METRIC - INFO - {"loss": 0.10236068814992905, "accuracy": 0.968113362789154, "energy_consumption": 4391.611351323277, "selected": false, "client_name": "sta1"}
2026-07-01 20:59:24,189 - METRIC - INFO - {"loss": 0.0990234985947609, "accuracy": 0.9693087935447693, "energy_consumption": 4423.106173334706, "selected": false, "client_name": "sta5"}
2026-07-01 20:59:24,193 - METRIC - INFO - {"loss": 0.1025499626994133, "accuracy": 0.9699161052703857, "energy_consumption": 4612.680106818512, "selected": false, "client_name": "sta3"}
2026-07-01 20:59:24,256 - METRIC - INFO - {"loss": 0.09843823313713074, "accuracy": 0.9681227803230286, "energy_consumption": 4200.095291745449, "selected": false, "client_name": "sta7"}
2026-07-01 20:59:24,655 - METRIC - INFO - mean_accuracy: 0.9678499698638916

2026-07-01 20:59:24,655 - METRIC - INFO - round: 9
2026-07-01 20:59:24,655 - METRIC - INFO - n_selected: 11
2026-07-01 20:59:24,655 - METRIC - INFO - {"selected_trainers": ["sta0", "sta1", "sta10", "sta2", "sta3", "sta4", "sta5", "sta6", "sta7", "sta8", "sta9"]}
2026-07-01 20:59:29,496 - EXECUT - INFO - received weights from trainer sta8!
2026-07-01 20:59:29,597 - EXECUT - INFO - received weights from trainer sta4!
2026-07-01 20:59:33,537 - EXECUT - INFO - received weights from trainer sta10!
2026-07-01 20:59:34,967 - EXECUT - INFO - received weights from trainer sta1!
2026-07-01 20:59:35,151 - EXECUT - INFO - received weights from trainer sta0!
2026-07-01 20:59:36,266 - EXECUT - INFO - received weights from trainer sta2!
2026-07-01 20:59:36,938 - EXECUT - INFO - received weights from trainer sta6!
2026-07-01 20:59:37,465 - EXECUT - INFO - received weights from trainer sta9!
2026-07-01 20:59:38,046 - EXECUT - INFO - received weights from trainer sta3!
2026-07-01 20:59:38,861 - EXECUT - INFO - received weights from trainer sta5!
2026-07-01 20:59:45,629 - EXECUT - INFO - received weights from trainer sta7!
2026-07-01 20:59:46,455 - EXECUT - INFO - sent aggregated weights to trainers!
2026-07-01 20:59:46,737 - METRIC - INFO - {"loss": 0.10989460349082947, "accuracy": 0.9624999761581421, "energy_consumption": 6523.787345019711, "selected": false, "client_name": "sta4"}
2026-07-01 20:59:46,827 - METRIC - INFO - {"loss": 0.09878355264663696, "accuracy": 0.9707400798797607, "energy_consumption": 6385.791536838502, "selected": false, "client_name": "sta8"}
2026-07-01 20:59:46,838 - METRIC - INFO - {"loss": 0.08842326700687408, "accuracy": 0.9708502292633057, "energy_consumption": 6950.538214818734, "selected": false, "client_name": "sta10"}
2026-07-01 20:59:46,854 - METRIC - INFO - {"loss": 0.09248294681310654, "accuracy": 0.9707304239273071, "energy_consumption": 6683.870944173096, "selected": false, "client_name": "sta2"}
2026-07-01 20:59:46,929 - METRIC - INFO - {"loss": 0.08421480655670166, "accuracy": 0.9752611517906189, "energy_consumption": 6669.13898688463, "selected": false, "client_name": "sta9"}
2026-07-01 20:59:46,965 - METRIC - INFO - {"loss": 0.08771015703678131, "accuracy": 0.9738203883171082, "energy_consumption": 5493.741095882435, "selected": false, "client_name": "sta6"}
2026-07-01 20:59:46,978 - METRIC - INFO - {"loss": 0.10293490439653397, "accuracy": 0.9691683650016785, "energy_consumption": 5173.290347578414, "selected": false, "client_name": "sta0"}
2026-07-01 20:59:46,997 - METRIC - INFO - {"loss": 0.09154190868139267, "accuracy": 0.9712134599685669, "energy_consumption": 4880.8359548907065, "selected": false, "client_name": "sta1"}
2026-07-01 20:59:47,007 - METRIC - INFO - {"loss": 0.09116578847169876, "accuracy": 0.9710732102394104, "energy_consumption": 5226.233472922922, "selected": false, "client_name": "sta3"}
2026-07-01 20:59:47,015 - METRIC - INFO - {"loss": 0.08831562846899033, "accuracy": 0.9711769223213196, "energy_consumption": 5030.598050311746, "selected": false, "client_name": "sta5"}
2026-07-01 20:59:47,059 - METRIC - INFO - {"loss": 0.0856299102306366, "accuracy": 0.9713695645332336, "energy_consumption": 4747.394550694888, "selected": false, "client_name": "sta7"}
2026-07-01 20:59:47,457 - METRIC - INFO - mean_accuracy: 0.9707185246727683

2026-07-01 20:59:47,457 - METRIC - INFO - round: 10
2026-07-01 20:59:47,457 - METRIC - INFO - n_selected: 11
2026-07-01 20:59:47,457 - METRIC - INFO - {"selected_trainers": ["sta0", "sta1", "sta10", "sta2", "sta3", "sta4", "sta5", "sta6", "sta7", "sta8", "sta9"]}
2026-07-01 20:59:52,271 - EXECUT - INFO - received weights from trainer sta8!
2026-07-01 20:59:52,423 - EXECUT - INFO - received weights from trainer sta4!
2026-07-01 20:59:56,319 - EXECUT - INFO - received weights from trainer sta10!
2026-07-01 20:59:57,733 - EXECUT - INFO - received weights from trainer sta1!
2026-07-01 20:59:57,925 - EXECUT - INFO - received weights from trainer sta0!
2026-07-01 20:59:59,052 - EXECUT - INFO - received weights from trainer sta2!
2026-07-01 20:59:59,765 - EXECUT - INFO - received weights from trainer sta6!
2026-07-01 21:00:00,270 - EXECUT - INFO - received weights from trainer sta9!
2026-07-01 21:00:00,823 - EXECUT - INFO - received weights from trainer sta3!
2026-07-01 21:00:01,723 - EXECUT - INFO - received weights from trainer sta5!
2026-07-01 21:00:01,746 - EXECUT - INFO - received weights from trainer sta7!
2026-07-01 21:00:02,192 - EXECUT - INFO - sent aggregated weights to trainers!
2026-07-01 21:00:02,492 - METRIC - INFO - {"loss": 0.0994856208562851, "accuracy": 0.9666666388511658, "energy_consumption": 7027.691848914363, "selected": false, "client_name": "sta4"}
2026-07-01 21:00:02,596 - METRIC - INFO - {"loss": 0.0923905298113823, "accuracy": 0.9733218550682068, "energy_consumption": 6904.104951744071, "selected": false, "client_name": "sta8"}
2026-07-01 21:00:02,607 - METRIC - INFO - {"loss": 0.08470483869314194, "accuracy": 0.9750268459320068, "energy_consumption": 7208.007169735119, "selected": false, "client_name": "sta2"}
2026-07-01 21:00:02,620 - METRIC - INFO - {"loss": 0.0800153911113739, "accuracy": 0.9736841917037964, "energy_consumption": 7517.578584806806, "selected": false, "client_name": "sta10"}
2026-07-01 21:00:02,673 - METRIC - INFO - {"loss": 0.09426172077655792, "accuracy": 0.9711967706680298, "energy_consumption": 5434.034929548293, "selected": false, "client_name": "sta0"}
2026-07-01 21:00:02,697 - METRIC - INFO - {"loss": 0.07969041913747787, "accuracy": 0.9762557148933411, "energy_consumption": 5906.603298056581, "selected": false, "client_name": "sta6"}
2026-07-01 21:00:02,715 - METRIC - INFO - {"loss": 0.07834295183420181, "accuracy": 0.9755359888076782, "energy_consumption": 7198.492493352065, "selected": false, "client_name": "sta9"}
2026-07-01 21:00:02,747 - METRIC - INFO - {"loss": 0.07968486845493317, "accuracy": 0.9754469990730286, "energy_consumption": 5426.797118840135, "selected": false, "client_name": "sta5"}
2026-07-01 21:00:02,753 - METRIC - INFO - {"loss": 0.08151773363351822, "accuracy": 0.9739658832550049, "energy_consumption": 5613.975463880779, "selected": false, "client_name": "sta3"}
2026-07-01 21:00:02,778 - METRIC - INFO - {"loss": 0.0824747085571289, "accuracy": 0.9738706946372986, "energy_consumption": 5189.445818205583, "selected": false, "client_name": "sta1"}
2026-07-01 21:00:02,816 - METRIC - INFO - {"loss": 0.0770220011472702, "accuracy": 0.9737308025360107, "energy_consumption": 5105.124216869458, "selected": false, "client_name": "sta7"}
2026-07-01 21:00:03,195 - METRIC - INFO - mean_accuracy: 0.9735183986750516

2026-07-01 21:00:03,195 - METRIC - INFO - round: 11
2026-07-01 21:00:03,195 - METRIC - INFO - n_selected: 11
2026-07-01 21:00:03,195 - METRIC - INFO - {"selected_trainers": ["sta0", "sta1", "sta10", "sta2", "sta3", "sta4", "sta5", "sta6", "sta7", "sta8", "sta9"]}
2026-07-01 21:00:07,990 - EXECUT - INFO - received weights from trainer sta8!
2026-07-01 21:00:08,192 - EXECUT - INFO - received weights from trainer sta4!
2026-07-01 21:00:11,955 - EXECUT - INFO - received weights from trainer sta10!
2026-07-01 21:00:13,630 - EXECUT - INFO - received weights from trainer sta1!
2026-07-01 21:00:13,699 - EXECUT - INFO - received weights from trainer sta0!
2026-07-01 21:00:15,481 - EXECUT - INFO - received weights from trainer sta6!
2026-07-01 21:00:15,990 - EXECUT - INFO - received weights from trainer sta9!
2026-07-01 21:00:16,577 - EXECUT - INFO - received weights from trainer sta3!
2026-07-01 21:00:17,437 - EXECUT - INFO - received weights from trainer sta5!
2026-07-01 21:00:17,459 - EXECUT - INFO - received weights from trainer sta7!
2026-07-01 21:00:23,939 - EXECUT - INFO - received weights from trainer sta2!
2026-07-01 21:00:24,977 - EXECUT - INFO - sent aggregated weights to trainers!
2026-07-01 21:00:25,276 - METRIC - INFO - {"loss": 0.09085375815629959, "accuracy": 0.9673610925674438, "energy_consumption": 7806.221744683977, "selected": false, "client_name": "sta4"}
2026-07-01 21:00:25,374 - METRIC - INFO - {"loss": 0.08719461411237717, "accuracy": 0.9767642021179199, "energy_consumption": 7654.145346772211, "selected": false, "client_name": "sta8"}
2026-07-01 21:00:25,385 - METRIC - INFO - {"loss": 0.07810424268245697, "accuracy": 0.9771750569343567, "energy_consumption": 7981.991127936433, "selected": false, "client_name": "sta2"}
2026-07-01 21:00:25,401 - METRIC - INFO - {"loss": 0.07103659212589264, "accuracy": 0.9757084846496582, "energy_consumption": 8382.195937695662, "selected": false, "client_name": "sta10"}
2026-07-01 21:00:25,466 - METRIC - INFO - {"loss": 0.08609054982662201, "accuracy": 0.9736308455467224, "energy_consumption": 6022.149306924855, "selected": false, "client_name": "sta0"}
2026-07-01 21:00:25,467 - METRIC - INFO - {"loss": 0.06900255382061005, "accuracy": 0.9774601459503174, "energy_consumption": 8011.4689876894945, "selected": false, "client_name": "sta9"}
2026-07-01 21:00:25,485 - METRIC - INFO - {"loss": 0.07372495532035828, "accuracy": 0.9774733781814575, "energy_consumption": 6545.921867752144, "selected": false, "client_name": "sta6"}
2026-07-01 21:00:25,532 - METRIC - INFO - {"loss": 0.07320308685302734, "accuracy": 0.9770482778549194, "energy_consumption": 6031.231905124748, "selected": false, "client_name": "sta5"}
2026-07-01 21:00:25,550 - METRIC - INFO - {"loss": 0.07434792071580887, "accuracy": 0.9768585562705994, "energy_consumption": 6229.498113416497, "selected": false, "client_name": "sta3"}
2026-07-01 21:00:25,560 - METRIC - INFO - {"loss": 0.07578553259372711, "accuracy": 0.9756421446800232, "energy_consumption": 5706.894002017925, "selected": false, "client_name": "sta1"}
2026-07-01 21:00:25,582 - METRIC - INFO - {"loss": 0.07145068794488907, "accuracy": 0.9760921001434326, "energy_consumption": 5644.87851884222, "selected": false, "client_name": "sta7"}
2026-07-01 21:00:25,979 - METRIC - INFO - mean_accuracy: 0.9755649349906228

2026-07-01 21:00:25,979 - METRIC - INFO - round: 12
2026-07-01 21:00:25,979 - METRIC - INFO - n_selected: 11
2026-07-01 21:00:25,979 - METRIC - INFO - {"selected_trainers": ["sta0", "sta1", "sta10", "sta2", "sta3", "sta4", "sta5", "sta6", "sta7", "sta8", "sta9"]}
2026-07-01 21:00:30,810 - EXECUT - INFO - received weights from trainer sta8!
2026-07-01 21:00:30,880 - EXECUT - INFO - received weights from trainer sta4!
2026-07-01 21:00:36,327 - EXECUT - INFO - received weights from trainer sta1!
2026-07-01 21:00:36,405 - EXECUT - INFO - received weights from trainer sta10!
2026-07-01 21:00:36,472 - EXECUT - INFO - received weights from trainer sta0!
2026-07-01 21:00:37,535 - EXECUT - INFO - received weights from trainer sta2!
2026-07-01 21:00:38,258 - EXECUT - INFO - received weights from trainer sta6!
2026-07-01 21:00:38,817 - EXECUT - INFO - received weights from trainer sta9!
2026-07-01 21:00:39,359 - EXECUT - INFO - received weights from trainer sta3!
2026-07-01 21:00:40,203 - EXECUT - INFO - received weights from trainer sta5!
2026-07-01 21:00:40,269 - EXECUT - INFO - received weights from trainer sta7!
2026-07-01 21:00:40,753 - EXECUT - INFO - sent aggregated weights to trainers!
2026-07-01 21:00:41,030 - METRIC - INFO - {"loss": 0.08552858233451843, "accuracy": 0.9736111164093018, "energy_consumption": 8339.081503783116, "selected": false, "client_name": "sta4"}
2026-07-01 21:00:41,118 - METRIC - INFO - {"loss": 0.07366851717233658, "accuracy": 0.9779806733131409, "energy_consumption": 8508.03243339259, "selected": false, "client_name": "sta2"}
2026-07-01 21:00:41,121 - METRIC - INFO - {"loss": 0.07957614213228226, "accuracy": 0.979345977306366, "energy_consumption": 8134.2107821224035, "selected": false, "client_name": "sta8"}
2026-07-01 21:00:41,153 - METRIC - INFO - {"loss": 0.06615439802408218, "accuracy": 0.9773279428482056, "energy_consumption": 8957.355794085024, "selected": false, "client_name": "sta10"}
2026-07-01 21:00:41,211 - METRIC - INFO - {"loss": 0.08840222656726837, "accuracy": 0.9707762598991394, "energy_consumption": 6990.595468220787, "selected": false, "client_name": "sta6"}
2026-07-01 21:00:41,223 - METRIC - INFO - {"loss": 0.06339126825332642, "accuracy": 0.9780098795890808, "energy_consumption": 8495.780603583673, "selected": false, "client_name": "sta9"}
2026-07-01 21:00:41,247 - METRIC - INFO - {"loss": 0.06911873072385788, "accuracy": 0.9794502258300781, "energy_consumption": 6426.398312199497, "selected": false, "client_name": "sta5"}
2026-07-01 21:00:41,257 - METRIC - INFO - {"loss": 0.08249947428703308, "accuracy": 0.9740365147590637, "energy_consumption": 6368.310907175352, "selected": false, "client_name": "sta0"}
2026-07-01 21:00:41,271 - METRIC - INFO - {"loss": 0.07299093157052994, "accuracy": 0.9765279293060303, "energy_consumption": 6021.566609739686, "selected": false, "client_name": "sta1"}
2026-07-01 21:00:41,304 - METRIC - INFO - {"loss": 0.06881506741046906, "accuracy": 0.9794619679450989, "energy_consumption": 6613.37260363483, "selected": false, "client_name": "sta3"}
2026-07-01 21:00:41,329 - METRIC - INFO - {"loss": 0.06745077669620514, "accuracy": 0.9760921001434326, "energy_consumption": 5980.534414003609, "selected": false, "client_name": "sta7"}
2026-07-01 21:00:41,755 - METRIC - INFO - mean_accuracy: 0.9766018715771762

2026-07-01 21:00:41,755 - METRIC - INFO - round: 13
2026-07-01 21:00:41,755 - METRIC - INFO - n_selected: 11
2026-07-01 21:00:41,755 - METRIC - INFO - {"selected_trainers": ["sta0", "sta1", "sta10", "sta2", "sta3", "sta4", "sta5", "sta6", "sta7", "sta8", "sta9"]}
2026-07-01 21:00:46,598 - EXECUT - INFO - received weights from trainer sta8!
2026-07-01 21:00:46,703 - EXECUT - INFO - received weights from trainer sta4!
2026-07-01 21:00:50,524 - EXECUT - INFO - received weights from trainer sta10!
2026-07-01 21:00:52,083 - EXECUT - INFO - received weights from trainer sta1!
2026-07-01 21:00:52,192 - EXECUT - INFO - received weights from trainer sta0!
2026-07-01 21:00:53,361 - EXECUT - INFO - received weights from trainer sta2!
2026-07-01 21:00:54,068 - EXECUT - INFO - received weights from trainer sta6!
2026-07-01 21:00:54,571 - EXECUT - INFO - received weights from trainer sta9!
2026-07-01 21:00:55,121 - EXECUT - INFO - received weights from trainer sta3!
2026-07-01 21:00:56,071 - EXECUT - INFO - received weights from trainer sta7!
2026-07-01 21:00:56,085 - EXECUT - INFO - received weights from trainer sta5!
2026-07-01 21:00:56,471 - EXECUT - INFO - sent aggregated weights to trainers!
2026-07-01 21:00:56,758 - METRIC - INFO - {"loss": 0.07784540951251984, "accuracy": 0.9722222089767456, "energy_consumption": 8857.26512632857, "selected": false, "client_name": "sta4"}
2026-07-01 21:00:56,863 - METRIC - INFO - {"loss": 0.07494731992483139, "accuracy": 0.9802065491676331, "energy_consumption": 8652.988458932141, "selected": false, "client_name": "sta8"}
2026-07-01 21:00:56,874 - METRIC - INFO - {"loss": 0.07026894390583038, "accuracy": 0.9793233275413513, "energy_consumption": 9040.179455083266, "selected": false, "client_name": "sta2"}
2026-07-01 21:00:56,885 - METRIC - INFO - {"loss": 0.06284648925065994, "accuracy": 0.9789473414421082, "energy_consumption": 9545.210878217109, "selected": false, "client_name": "sta10"}
2026-07-01 21:00:56,969 - METRIC - INFO - {"loss": 0.06431262195110321, "accuracy": 0.9811263084411621, "energy_consumption": 7419.959712355942, "selected": false, "client_name": "sta6"}
2026-07-01 21:00:56,979 - METRIC - INFO - {"loss": 0.0627749115228653, "accuracy": 0.9802089333534241, "energy_consumption": 9026.172387460778, "selected": false, "client_name": "sta9"}
2026-07-01 21:00:57,005 - METRIC - INFO - {"loss": 0.07748362421989441, "accuracy": 0.9768762588500977, "energy_consumption": 6833.507234794375, "selected": false, "client_name": "sta0"}
2026-07-01 21:00:57,021 - METRIC - INFO - {"loss": 0.06763273477554321, "accuracy": 0.9796279668807983, "energy_consumption": 6359.242485944192, "selected": false, "client_name": "sta1"}
2026-07-01 21:00:57,063 - METRIC - INFO - {"loss": 0.06382768601179123, "accuracy": 0.9799839854240417, "energy_consumption": 6832.329624368567, "selected": false, "client_name": "sta5"}
2026-07-01 21:00:57,082 - METRIC - INFO - {"loss": 0.06622607260942459, "accuracy": 0.9780156016349792, "energy_consumption": 7033.2941553479695, "selected": false, "client_name": "sta3"}
2026-07-01 21:00:57,114 - METRIC - INFO - {"loss": 0.0643371045589447, "accuracy": 0.9790436625480652, "energy_consumption": 6352.091384993656, "selected": false, "client_name": "sta7"}
2026-07-01 21:00:57,474 - METRIC - INFO - mean_accuracy: 0.9786892858418551

2026-07-01 21:00:57,474 - METRIC - INFO - round: 14
2026-07-01 21:00:57,474 - METRIC - INFO - n_selected: 11
2026-07-01 21:00:57,474 - METRIC - INFO - {"selected_trainers": ["sta0", "sta1", "sta10", "sta2", "sta3", "sta4", "sta5", "sta6", "sta7", "sta8", "sta9"]}
2026-07-01 21:01:02,277 - EXECUT - INFO - received weights from trainer sta8!
2026-07-01 21:01:02,425 - EXECUT - INFO - received weights from trainer sta4!
2026-07-01 21:01:06,282 - EXECUT - INFO - received weights from trainer sta10!
2026-07-01 21:01:07,756 - EXECUT - INFO - received weights from trainer sta1!
2026-07-01 21:01:07,919 - EXECUT - INFO - received weights from trainer sta0!
2026-07-01 21:01:09,041 - EXECUT - INFO - received weights from trainer sta2!
2026-07-01 21:01:09,704 - EXECUT - INFO - received weights from trainer sta6!
2026-07-01 21:01:10,384 - EXECUT - INFO - received weights from trainer sta9!
2026-07-01 21:01:10,764 - EXECUT - INFO - received weights from trainer sta3!
2026-07-01 21:01:11,729 - EXECUT - INFO - received weights from trainer sta5!
2026-07-01 21:01:11,776 - EXECUT - INFO - received weights from trainer sta7!
2026-07-01 21:01:12,245 - EXECUT - INFO - sent aggregated weights to trainers!
2026-07-01 21:01:12,544 - METRIC - INFO - {"loss": 0.07255632430315018, "accuracy": 0.9736111164093018, "energy_consumption": 9371.147176643535, "selected": false, "client_name": "sta4"}
2026-07-01 21:01:12,635 - METRIC - INFO - {"loss": 0.06876634806394577, "accuracy": 0.978249192237854, "energy_consumption": 9533.374912531503, "selected": false, "client_name": "sta2"}
2026-07-01 21:01:12,652 - METRIC - INFO - {"loss": 0.07119853794574738, "accuracy": 0.9819276928901672, "energy_consumption": 9195.691456497916, "selected": false, "client_name": "sta8"}
2026-07-01 21:01:12,668 - METRIC - INFO - {"loss": 0.05771668627858162, "accuracy": 0.9801619648933411, "energy_consumption": 10081.439903549095, "selected": false, "client_name": "sta10"}
2026-07-01 21:01:12,748 - METRIC - INFO - {"loss": 0.061842817813158035, "accuracy": 0.9791094064712524, "energy_consumption": 9592.331394739263, "selected": false, "client_name": "sta9"}
2026-07-01 21:01:12,752 - METRIC - INFO - {"loss": 0.06195025518536568, "accuracy": 0.9808219075202942, "energy_consumption": 7845.725421258185, "selected": false, "client_name": "sta6"}
2026-07-01 21:01:12,776 - METRIC - INFO - {"loss": 0.060188937932252884, "accuracy": 0.980250895023346, "energy_consumption": 7243.611016815174, "selected": false, "client_name": "sta5"}
2026-07-01 21:01:12,795 - METRIC - INFO - {"loss": 0.07426188141107559, "accuracy": 0.9776875972747803, "energy_consumption": 7233.229356412391, "selected": false, "client_name": "sta0"}
2026-07-01 21:01:12,816 - METRIC - INFO - {"loss": 0.061436355113983154, "accuracy": 0.9794619679450989, "energy_consumption": 7447.741452441742, "selected": false, "client_name": "sta3"}
2026-07-01 21:01:12,859 - METRIC - INFO - {"loss": 0.06150372326374054, "accuracy": 0.9790436625480652, "energy_consumption": 6730.691245351384, "selected": false, "client_name": "sta7"}
2026-07-01 21:01:12,868 - METRIC - INFO - {"loss": 0.0634407177567482, "accuracy": 0.9805137515068054, "energy_consumption": 6691.140747928943, "selected": false, "client_name": "sta1"}
2026-07-01 21:01:13,247 - METRIC - INFO - mean_accuracy: 0.9791671958836642

2026-07-01 21:01:13,247 - METRIC - INFO - round: 15
2026-07-01 21:01:13,247 - METRIC - INFO - n_selected: 11
2026-07-01 21:01:13,247 - METRIC - INFO - {"selected_trainers": ["sta0", "sta1", "sta10", "sta2", "sta3", "sta4", "sta5", "sta6", "sta7", "sta8", "sta9"]}
2026-07-01 21:01:18,194 - EXECUT - INFO - received weights from trainer sta4!
2026-07-01 21:01:18,871 - EXECUT - INFO - received weights from trainer sta8!
2026-07-01 21:01:22,088 - EXECUT - INFO - received weights from trainer sta10!
2026-07-01 21:01:23,600 - EXECUT - INFO - received weights from trainer sta1!
2026-07-01 21:01:23,809 - EXECUT - INFO - received weights from trainer sta0!
2026-07-01 21:01:24,884 - EXECUT - INFO - received weights from trainer sta2!
2026-07-01 21:01:25,576 - EXECUT - INFO - received weights from trainer sta6!
2026-07-01 21:01:26,046 - EXECUT - INFO - received weights from trainer sta9!
2026-07-01 21:01:26,575 - EXECUT - INFO - received weights from trainer sta3!
2026-07-01 21:01:27,488 - EXECUT - INFO - received weights from trainer sta5!
2026-07-01 21:01:27,516 - EXECUT - INFO - received weights from trainer sta7!
2026-07-01 21:01:28,109 - EXECUT - INFO - sent aggregated weights to trainers!
2026-07-01 21:01:28,389 - METRIC - INFO - {"loss": 0.0704556554555893, "accuracy": 0.9743055701255798, "energy_consumption": 9883.57588364469, "selected": false, "client_name": "sta4"}
2026-07-01 21:01:28,507 - METRIC - INFO - {"loss": 0.053518954664468765, "accuracy": 0.9821862578392029, "energy_consumption": 10630.964476764586, "selected": false, "client_name": "sta10"}
2026-07-01 21:01:28,512 - METRIC - INFO - {"loss": 0.0670112743973732, "accuracy": 0.9785177111625671, "energy_consumption": 10048.153814630963, "selected": false, "client_name": "sta2"}
2026-07-01 21:01:28,592 - METRIC - INFO - {"loss": 0.053124040365219116, "accuracy": 0.9837822914123535, "energy_consumption": 10120.109159698659, "selected": false, "client_name": "sta9"}
2026-07-01 21:01:28,594 - METRIC - INFO - {"loss": 0.05815862491726875, "accuracy": 0.9814307689666748, "energy_consumption": 8271.734636447462, "selected": false, "client_name": "sta6"}
2026-07-01 21:01:28,609 - METRIC - INFO - {"loss": 0.07021224498748779, "accuracy": 0.9819276928901672, "energy_consumption": 9724.61187503882, "selected": false, "client_name": "sta8"}
2026-07-01 21:01:28,625 - METRIC - INFO - {"loss": 0.05745372921228409, "accuracy": 0.9811975955963135, "energy_consumption": 7872.522464770153, "selected": false, "client_name": "sta3"}
2026-07-01 21:01:28,644 - METRIC - INFO - {"loss": 0.07001548260450363, "accuracy": 0.9776875972747803, "energy_consumption": 7618.462474376286, "selected": false, "client_name": "sta0"}
2026-07-01 21:01:28,664 - METRIC - INFO - {"loss": 0.05929484963417053, "accuracy": 0.9818423390388489, "energy_consumption": 7040.583449773216, "selected": false, "client_name": "sta1"}
2026-07-01 21:01:28,691 - METRIC - INFO - {"loss": 0.059123486280441284, "accuracy": 0.981051504611969, "energy_consumption": 7659.815405030258, "selected": false, "client_name": "sta5"}
2026-07-01 21:01:28,710 - METRIC - INFO - {"loss": 0.060736510902643204, "accuracy": 0.9793388247489929, "energy_consumption": 7110.856372007266, "selected": false, "client_name": "sta7"}
2026-07-01 21:01:29,111 - METRIC - INFO - mean_accuracy: 0.9802971048788591

2026-07-01 21:01:29,111 - METRIC - INFO - round: 16
2026-07-01 21:01:29,111 - METRIC - INFO - n_selected: 11
2026-07-01 21:01:29,111 - METRIC - INFO - {"selected_trainers": ["sta0", "sta1", "sta10", "sta2", "sta3", "sta4", "sta5", "sta6", "sta7", "sta8", "sta9"]}
2026-07-01 21:01:33,958 - EXECUT - INFO - received weights from trainer sta8!
2026-07-01 21:01:34,065 - EXECUT - INFO - received weights from trainer sta4!
2026-07-01 21:01:37,877 - EXECUT - INFO - received weights from trainer sta10!
2026-07-01 21:01:39,379 - EXECUT - INFO - received weights from trainer sta1!
2026-07-01 21:01:39,574 - EXECUT - INFO - received weights from trainer sta0!
2026-07-01 21:01:40,690 - EXECUT - INFO - received weights from trainer sta2!
2026-07-01 21:01:41,896 - EXECUT - INFO - received weights from trainer sta9!
2026-07-01 21:01:42,497 - EXECUT - INFO - received weights from trainer sta3!
2026-07-01 21:01:43,336 - EXECUT - INFO - received weights from trainer sta5!
2026-07-01 21:01:50,010 - EXECUT - INFO - received weights from trainer sta6!
2026-07-01 21:01:50,076 - EXECUT - INFO - received weights from trainer sta7!
2026-07-01 21:01:50,767 - EXECUT - INFO - sent aggregated weights to trainers!
2026-07-01 21:01:51,059 - METRIC - INFO - {"loss": 0.06494913250207901, "accuracy": 0.9770833253860474, "energy_consumption": 10657.07005639397, "selected": false, "client_name": "sta4"}
2026-07-01 21:01:51,156 - METRIC - INFO - {"loss": 0.06762300431728363, "accuracy": 0.9810671210289001, "energy_consumption": 10510.949264392304, "selected": false, "client_name": "sta8"}
2026-07-01 21:01:51,258 - METRIC - INFO - {"loss": 0.05040504038333893, "accuracy": 0.9835073947906494, "energy_consumption": 10919.459714499222, "selected": false, "client_name": "sta9"}
2026-07-01 21:01:51,306 - METRIC - INFO - {"loss": 0.05031859502196312, "accuracy": 0.9829959273338318, "energy_consumption": 11455.780278785625, "selected": false, "client_name": "sta10"}
2026-07-01 21:01:51,310 - METRIC - INFO - {"loss": 0.06349833309650421, "accuracy": 0.9803974032402039, "energy_consumption": 10812.963184538045, "selected": false, "client_name": "sta2"}
2026-07-01 21:01:51,317 - METRIC - INFO - {"loss": 0.055007703602313995, "accuracy": 0.9831865429878235, "energy_consumption": 8272.133970857141, "selected": false, "client_name": "sta5"}
2026-07-01 21:01:51,332 - METRIC - INFO - {"loss": 0.05695953220129013, "accuracy": 0.9805137515068054, "energy_consumption": 7543.235336407197, "selected": false, "client_name": "sta1"}
2026-07-01 21:01:51,375 - METRIC - INFO - {"loss": 0.058453381061553955, "accuracy": 0.9817001223564148, "energy_consumption": 7650.5791537925015, "selected": false, "client_name": "sta7"}
2026-07-01 21:01:51,392 - METRIC - INFO - {"loss": 0.05520325154066086, "accuracy": 0.9823439717292786, "energy_consumption": 8902.050021765328, "selected": false, "client_name": "sta6"}
2026-07-01 21:01:51,451 - METRIC - INFO - {"loss": 0.0548054575920105, "accuracy": 0.9814868569374084, "energy_consumption": 8480.673147793561, "selected": false, "client_name": "sta3"}
2026-07-01 21:01:51,575 - METRIC - INFO - {"loss": 0.06965605169534683, "accuracy": 0.9764705896377563, "energy_consumption": 8203.702989795, "selected": false, "client_name": "sta0"}
2026-07-01 21:01:51,770 - METRIC - INFO - mean_accuracy: 0.9809775460850109

2026-07-01 21:01:51,770 - METRIC - INFO - round: 17
2026-07-01 21:01:51,770 - METRIC - INFO - n_selected: 11
2026-07-01 21:01:51,770 - METRIC - INFO - {"selected_trainers": ["sta0", "sta1", "sta10", "sta2", "sta3", "sta4", "sta5", "sta6", "sta7", "sta8", "sta9"]}
2026-07-01 21:01:56,571 - EXECUT - INFO - received weights from trainer sta8!
2026-07-01 21:01:56,744 - EXECUT - INFO - received weights from trainer sta4!
2026-07-01 21:02:00,510 - EXECUT - INFO - received weights from trainer sta10!
2026-07-01 21:02:02,090 - EXECUT - INFO - received weights from trainer sta1!
2026-07-01 21:02:02,220 - EXECUT - INFO - received weights from trainer sta0!
2026-07-01 21:02:03,340 - EXECUT - INFO - received weights from trainer sta2!
2026-07-01 21:02:04,073 - EXECUT - INFO - received weights from trainer sta6!
2026-07-01 21:02:04,544 - EXECUT - INFO - received weights from trainer sta9!
2026-07-01 21:02:05,114 - EXECUT - INFO - received weights from trainer sta3!
2026-07-01 21:02:06,013 - EXECUT - INFO - received weights from trainer sta5!
2026-07-01 21:02:06,053 - EXECUT - INFO - received weights from trainer sta7!
2026-07-01 21:02:06,585 - EXECUT - INFO - sent aggregated weights to trainers!
2026-07-01 21:02:06,855 - METRIC - INFO - {"loss": 0.06377959996461868, "accuracy": 0.9756944179534912, "energy_consumption": 11177.79269829794, "selected": false, "client_name": "sta4"}
2026-07-01 21:02:06,949 - METRIC - INFO - {"loss": 0.06059149280190468, "accuracy": 0.9809345006942749, "energy_consumption": 11334.550662713684, "selected": false, "client_name": "sta2"}
2026-07-01 21:02:06,964 - METRIC - INFO - {"loss": 0.05086879804730415, "accuracy": 0.9838056564331055, "energy_consumption": 12028.993484428727, "selected": false, "client_name": "sta10"}
2026-07-01 21:02:06,971 - METRIC - INFO - {"loss": 0.06653401255607605, "accuracy": 0.9819276928901672, "energy_consumption": 11004.08594266869, "selected": false, "client_name": "sta8"}
2026-07-01 21:02:07,054 - METRIC - INFO - {"loss": 0.04692200943827629, "accuracy": 0.9848818182945251, "energy_consumption": 11455.728753767535, "selected": false, "client_name": "sta9"}
2026-07-01 21:02:07,065 - METRIC - INFO - {"loss": 0.05474643036723137, "accuracy": 0.9829528331756592, "energy_consumption": 9326.738600559635, "selected": false, "client_name": "sta6"}
2026-07-01 21:02:07,095 - METRIC - INFO - {"loss": 0.06575784087181091, "accuracy": 0.9780933260917664, "energy_consumption": 8583.731845871567, "selected": false, "client_name": "sta0"}
2026-07-01 21:02:07,109 - METRIC - INFO - {"loss": 0.05301618576049805, "accuracy": 0.9842540621757507, "energy_consumption": 8685.10856523746, "selected": false, "client_name": "sta5"}
2026-07-01 21:02:07,123 - METRIC - INFO - {"loss": 0.05205812677741051, "accuracy": 0.9826439023017883, "energy_consumption": 8878.303241137295, "selected": false, "client_name": "sta3"}
2026-07-01 21:02:07,130 - METRIC - INFO - {"loss": 0.05403473228216171, "accuracy": 0.9831709265708923, "energy_consumption": 7863.298621778997, "selected": false, "client_name": "sta1"}
2026-07-01 21:02:07,313 - METRIC - INFO - {"loss": 0.05641917511820793, "accuracy": 0.9799291491508484, "energy_consumption": 8001.594513448483, "selected": false, "client_name": "sta7"}
2026-07-01 21:02:07,588 - METRIC - INFO - mean_accuracy: 0.9816625714302063

2026-07-01 21:02:07,588 - METRIC - INFO - round: 18
2026-07-01 21:02:07,588 - METRIC - INFO - n_selected: 11
2026-07-01 21:02:07,588 - METRIC - INFO - {"selected_trainers": ["sta0", "sta1", "sta10", "sta2", "sta3", "sta4", "sta5", "sta6", "sta7", "sta8", "sta9"]}
2026-07-01 21:02:12,989 - EXECUT - INFO - received weights from trainer sta4!
2026-07-01 21:02:13,174 - EXECUT - INFO - received weights from trainer sta8!
2026-07-01 21:02:16,397 - EXECUT - INFO - received weights from trainer sta10!
2026-07-01 21:02:17,934 - EXECUT - INFO - received weights from trainer sta1!
2026-07-01 21:02:18,055 - EXECUT - INFO - received weights from trainer sta0!
2026-07-01 21:02:19,165 - EXECUT - INFO - received weights from trainer sta2!
2026-07-01 21:02:19,894 - EXECUT - INFO - received weights from trainer sta6!
2026-07-01 21:02:20,430 - EXECUT - INFO - received weights from trainer sta9!
2026-07-01 21:02:21,017 - EXECUT - INFO - received weights from trainer sta3!
2026-07-01 21:02:21,823 - EXECUT - INFO - received weights from trainer sta5!
2026-07-01 21:02:21,903 - EXECUT - INFO - received weights from trainer sta7!
2026-07-01 21:02:22,236 - EXECUT - INFO - sent aggregated weights to trainers!
2026-07-01 21:02:22,532 - METRIC - INFO - {"loss": 0.05988325551152229, "accuracy": 0.9777777791023254, "energy_consumption": 11709.845734741757, "selected": false, "client_name": "sta4"}
2026-07-01 21:02:22,632 - METRIC - INFO - {"loss": 0.05835200473666191, "accuracy": 0.9814715385437012, "energy_consumption": 11847.529644040122, "selected": false, "client_name": "sta2"}
2026-07-01 21:02:22,635 - METRIC - INFO - {"loss": 0.06449854373931885, "accuracy": 0.9827883243560791, "energy_consumption": 11509.094642455118, "selected": false, "client_name": "sta8"}
2026-07-01 21:02:22,664 - METRIC - INFO - {"loss": 0.04587875306606293, "accuracy": 0.9842105507850647, "energy_consumption": 12589.072383630164, "selected": false, "client_name": "sta10"}
2026-07-01 21:02:22,744 - METRIC - INFO - {"loss": 0.04546556994318962, "accuracy": 0.9854315519332886, "energy_consumption": 12008.100190893958, "selected": false, "client_name": "sta9"}
2026-07-01 21:02:22,764 - METRIC - INFO - {"loss": 0.05539919063448906, "accuracy": 0.9838660359382629, "energy_consumption": 9761.548766098855, "selected": false, "client_name": "sta6"}
2026-07-01 21:02:22,779 - METRIC - INFO - {"loss": 0.06449632346630096, "accuracy": 0.9784989953041077, "energy_consumption": 8878.0710666108, "selected": false, "client_name": "sta0"}
2026-07-01 21:02:22,783 - METRIC - INFO - {"loss": 0.052787840366363525, "accuracy": 0.9823859333992004, "energy_consumption": 9098.913885412825, "selected": false, "client_name": "sta5"}
2026-07-01 21:02:22,826 - METRIC - INFO - {"loss": 0.05170538276433945, "accuracy": 0.9817761182785034, "energy_consumption": 9287.194988272091, "selected": false, "client_name": "sta3"}
2026-07-01 21:02:22,844 - METRIC - INFO - {"loss": 0.053877487778663635, "accuracy": 0.9818423390388489, "energy_consumption": 8204.889917783355, "selected": false, "client_name": "sta1"}
2026-07-01 21:02:22,856 - METRIC - INFO - {"loss": 0.05481911078095436, "accuracy": 0.9822904467582703, "energy_consumption": 8357.93520717495, "selected": false, "client_name": "sta7"}
2026-07-01 21:02:23,238 - METRIC - INFO - mean_accuracy: 0.9820308739488776

2026-07-01 21:02:23,238 - METRIC - INFO - round: 19
2026-07-01 21:02:23,238 - METRIC - INFO - n_selected: 11
2026-07-01 21:02:23,238 - METRIC - INFO - {"selected_trainers": ["sta0", "sta1", "sta10", "sta2", "sta3", "sta4", "sta5", "sta6", "sta7", "sta8", "sta9"]}
2026-07-01 21:02:28,061 - EXECUT - INFO - received weights from trainer sta8!
2026-07-01 21:02:28,186 - EXECUT - INFO - received weights from trainer sta4!
2026-07-01 21:02:32,071 - EXECUT - INFO - received weights from trainer sta10!
2026-07-01 21:02:33,576 - EXECUT - INFO - received weights from trainer sta1!
2026-07-01 21:02:33,672 - EXECUT - INFO - received weights from trainer sta0!
2026-07-01 21:02:34,895 - EXECUT - INFO - received weights from trainer sta2!
2026-07-01 21:02:35,518 - EXECUT - INFO - received weights from trainer sta6!
2026-07-01 21:02:36,053 - EXECUT - INFO - received weights from trainer sta9!
2026-07-01 21:02:36,570 - EXECUT - INFO - received weights from trainer sta3!
2026-07-01 21:02:37,440 - EXECUT - INFO - received weights from trainer sta5!
2026-07-01 21:02:37,474 - EXECUT - INFO - received weights from trainer sta7!
2026-07-01 21:02:37,858 - EXECUT - INFO - sent aggregated weights to trainers!
2026-07-01 21:02:38,230 - METRIC - INFO - {"loss": 0.06185262277722359, "accuracy": 0.9853700399398804, "energy_consumption": 12016.875940298014, "selected": false, "client_name": "sta8"}
2026-07-01 21:02:38,259 - METRIC - INFO - {"loss": 0.05775100365281105, "accuracy": 0.9830827116966248, "energy_consumption": 12385.841501120976, "selected": false, "client_name": "sta2"}
2026-07-01 21:02:38,264 - METRIC - INFO - {"loss": 0.05799388885498047, "accuracy": 0.9777777791023254, "energy_consumption": 12246.39462844219, "selected": false, "client_name": "sta4"}
2026-07-01 21:02:38,267 - METRIC - INFO - {"loss": 0.04518844559788704, "accuracy": 0.9846153855323792, "energy_consumption": 13162.96711597043, "selected": false, "client_name": "sta10"}
2026-07-01 21:02:38,363 - METRIC - INFO - {"loss": 0.050595175474882126, "accuracy": 0.9847792983055115, "energy_consumption": 10205.828355561309, "selected": false, "client_name": "sta6"}
2026-07-01 21:02:38,389 - METRIC - INFO - {"loss": 0.06293114274740219, "accuracy": 0.9780933260917664, "energy_consumption": 9265.36360540201, "selected": false, "client_name": "sta0"}
2026-07-01 21:02:38,393 - METRIC - INFO - {"loss": 0.04889991506934166, "accuracy": 0.9849580526351929, "energy_consumption": 9685.74729128888, "selected": false, "client_name": "sta3"}
2026-07-01 21:02:38,465 - METRIC - INFO - {"loss": 0.04392307624220848, "accuracy": 0.985981285572052, "energy_consumption": 12524.346085153784, "selected": false, "client_name": "sta9"}
2026-07-01 21:02:38,473 - METRIC - INFO - {"loss": 0.05468791350722313, "accuracy": 0.9805194735527039, "energy_consumption": 8738.705891780333, "selected": false, "client_name": "sta7"}
2026-07-01 21:02:38,531 - METRIC - INFO - {"loss": 0.050372153520584106, "accuracy": 0.9831709265708923, "energy_consumption": 8550.704503140007, "selected": false, "client_name": "sta1"}
2026-07-01 21:02:38,552 - METRIC - INFO - {"loss": 0.0501970537006855, "accuracy": 0.9842540621757507, "energy_consumption": 9507.179922813502, "selected": false, "client_name": "sta5"}
2026-07-01 21:02:38,860 - METRIC - INFO - mean_accuracy: 0.9829638491977345

2026-07-01 21:02:38,860 - METRIC - INFO - round: 20
2026-07-01 21:02:38,860 - METRIC - INFO - n_selected: 11
2026-07-01 21:02:38,860 - METRIC - INFO - {"selected_trainers": ["sta0", "sta1", "sta10", "sta2", "sta3", "sta4", "sta5", "sta6", "sta7", "sta8", "sta9"]}
2026-07-01 21:02:43,779 - EXECUT - INFO - received weights from trainer sta4!
2026-07-01 21:02:44,434 - EXECUT - INFO - received weights from trainer sta8!
2026-07-01 21:02:47,689 - EXECUT - INFO - received weights from trainer sta10!
2026-07-01 21:02:49,121 - EXECUT - INFO - received weights from trainer sta1!
2026-07-01 21:02:49,333 - EXECUT - INFO - received weights from trainer sta0!
2026-07-01 21:02:50,415 - EXECUT - INFO - received weights from trainer sta2!
2026-07-01 21:02:51,145 - EXECUT - INFO - received weights from trainer sta6!
2026-07-01 21:02:51,647 - EXECUT - INFO - received weights from trainer sta9!
2026-07-01 21:02:53,080 - EXECUT - INFO - received weights from trainer sta5!
2026-07-01 21:02:53,188 - EXECUT - INFO - received weights from trainer sta7!
2026-07-01 21:02:59,646 - EXECUT - INFO - received weights from trainer sta3!
2026-07-01 21:03:00,559 - EXECUT - INFO - sent aggregated weights to trainers!
2026-07-01 21:03:00,848 - METRIC - INFO - {"loss": 0.05552327260375023, "accuracy": 0.981249988079071, "energy_consumption": 13012.84052979107, "selected": false, "client_name": "sta4"}
2026-07-01 21:03:00,936 - METRIC - INFO - {"loss": 0.062085095793008804, "accuracy": 0.9845094680786133, "energy_consumption": 12784.541445321982, "selected": false, "client_name": "sta8"}
2026-07-01 21:03:00,966 - METRIC - INFO - {"loss": 0.05459121614694595, "accuracy": 0.9822770953178406, "energy_consumption": 13168.524229306115, "selected": false, "client_name": "sta2"}
2026-07-01 21:03:00,977 - METRIC - INFO - {"loss": 0.04435883089900017, "accuracy": 0.9846153855323792, "energy_consumption": 13883.411832618938, "selected": false, "client_name": "sta10"}
2026-07-01 21:03:01,050 - METRIC - INFO - {"loss": 0.04344703629612923, "accuracy": 0.985981285572052, "energy_consumption": 13221.732361697183, "selected": false, "client_name": "sta9"}
2026-07-01 21:03:01,062 - METRIC - INFO - {"loss": 0.050445057451725006, "accuracy": 0.9827280640602112, "energy_consumption": 9059.185485769744, "selected": false, "client_name": "sta1"}
2026-07-01 21:03:01,070 - METRIC - INFO - {"loss": 0.06196019798517227, "accuracy": 0.9793103337287903, "energy_consumption": 9817.232874487081, "selected": false, "client_name": "sta0"}
2026-07-01 21:03:01,076 - METRIC - INFO - {"loss": 0.05050620064139366, "accuracy": 0.9863013625144958, "energy_consumption": 10841.361644608747, "selected": false, "client_name": "sta6"}
2026-07-01 21:03:01,086 - METRIC - INFO - {"loss": 0.05021590366959572, "accuracy": 0.9834534525871277, "energy_consumption": 10098.5996146581, "selected": false, "client_name": "sta5"}
2026-07-01 21:03:01,117 - METRIC - INFO - {"loss": 0.0472765788435936, "accuracy": 0.9846687912940979, "energy_consumption": 10295.89942144408, "selected": false, "client_name": "sta3"}
2026-07-01 21:03:01,141 - METRIC - INFO - {"loss": 0.052698489278554916, "accuracy": 0.9831759333610535, "energy_consumption": 9285.303496456449, "selected": false, "client_name": "sta7"}
2026-07-01 21:03:01,561 - METRIC - INFO - mean_accuracy: 0.9834791963750665

2026-07-01 21:03:01,561 - METRIC - INFO - round: 21
2026-07-01 21:03:01,561 - METRIC - INFO - n_selected: 11
2026-07-01 21:03:01,561 - METRIC - INFO - {"selected_trainers": ["sta0", "sta1", "sta10", "sta2", "sta3", "sta4", "sta5", "sta6", "sta7", "sta8", "sta9"]}
2026-07-01 21:03:06,416 - EXECUT - INFO - received weights from trainer sta8!
2026-07-01 21:03:06,500 - EXECUT - INFO - received weights from trainer sta4!
2026-07-01 21:03:10,307 - EXECUT - INFO - received weights from trainer sta10!
2026-07-01 21:03:11,949 - EXECUT - INFO - received weights from trainer sta1!
2026-07-01 21:03:12,056 - EXECUT - INFO - received weights from trainer sta0!
2026-07-01 21:03:13,157 - EXECUT - INFO - received weights from trainer sta2!
2026-07-01 21:03:13,890 - EXECUT - INFO - received weights from trainer sta6!
2026-07-01 21:03:14,372 - EXECUT - INFO - received weights from trainer sta9!
2026-07-01 21:03:14,973 - EXECUT - INFO - received weights from trainer sta3!
2026-07-01 21:03:15,866 - EXECUT - INFO - received weights from trainer sta7!
2026-07-01 21:03:22,462 - EXECUT - INFO - received weights from trainer sta5!
2026-07-01 21:03:23,338 - EXECUT - INFO - sent aggregated weights to trainers!
2026-07-01 21:03:23,636 - METRIC - INFO - {"loss": 0.05429071933031082, "accuracy": 0.9819444417953491, "energy_consumption": 13806.928081142923, "selected": false, "client_name": "sta4"}
2026-07-01 21:03:23,719 - METRIC - INFO - {"loss": 0.06683770567178726, "accuracy": 0.9810671210289001, "energy_consumption": 13434.627189933173, "selected": false, "client_name": "sta8"}
2026-07-01 21:03:23,741 - METRIC - INFO - {"loss": 0.0548052154481411, "accuracy": 0.9833512306213379, "energy_consumption": 13973.235714247548, "selected": false, "client_name": "sta2"}
2026-07-01 21:03:23,751 - METRIC - INFO - {"loss": 0.04098914936184883, "accuracy": 0.9854251146316528, "energy_consumption": 14705.493981088537, "selected": false, "client_name": "sta10"}
2026-07-01 21:03:23,775 - METRIC - INFO - {"loss": 0.05879200994968414, "accuracy": 0.9817444086074829, "energy_consumption": 10362.15516382998, "selected": false, "client_name": "sta0"}
2026-07-01 21:03:23,838 - METRIC - INFO - {"loss": 0.045328203588724136, "accuracy": 0.9848818182945251, "energy_consumption": 14025.374386184358, "selected": false, "client_name": "sta9"}
2026-07-01 21:03:23,842 - METRIC - INFO - {"loss": 0.04758116975426674, "accuracy": 0.9859969615936279, "energy_consumption": 11477.519807947609, "selected": false, "client_name": "sta6"}
2026-07-01 21:03:23,881 - METRIC - INFO - {"loss": 0.04904178902506828, "accuracy": 0.985321581363678, "energy_consumption": 10694.013697950657, "selected": false, "client_name": "sta5"}
2026-07-01 21:03:23,901 - METRIC - INFO - {"loss": 0.04694758728146553, "accuracy": 0.9855365753173828, "energy_consumption": 10863.107427440298, "selected": false, "client_name": "sta3"}
2026-07-01 21:03:23,935 - METRIC - INFO - {"loss": 0.04817361384630203, "accuracy": 0.9840567111968994, "energy_consumption": 9582.237853795903, "selected": false, "client_name": "sta1"}
2026-07-01 21:03:23,951 - METRIC - INFO - {"loss": 0.05172464996576309, "accuracy": 0.982585608959198, "energy_consumption": 9812.186304013527, "selected": false, "client_name": "sta7"}
2026-07-01 21:03:24,340 - METRIC - INFO - mean_accuracy: 0.9838101430372759

2026-07-01 21:03:24,340 - METRIC - INFO - round: 22
2026-07-01 21:03:24,340 - METRIC - INFO - n_selected: 11
2026-07-01 21:03:24,340 - METRIC - INFO - {"selected_trainers": ["sta0", "sta1", "sta10", "sta2", "sta3", "sta4", "sta5", "sta6", "sta7", "sta8", "sta9"]}
2026-07-01 21:03:29,195 - EXECUT - INFO - received weights from trainer sta8!
2026-07-01 21:03:29,315 - EXECUT - INFO - received weights from trainer sta4!
2026-07-01 21:03:33,191 - EXECUT - INFO - received weights from trainer sta10!
2026-07-01 21:03:34,661 - EXECUT - INFO - received weights from trainer sta1!
2026-07-01 21:03:34,838 - EXECUT - INFO - received weights from trainer sta0!
2026-07-01 21:03:36,615 - EXECUT - INFO - received weights from trainer sta6!
2026-07-01 21:03:37,166 - EXECUT - INFO - received weights from trainer sta9!
2026-07-01 21:03:37,784 - EXECUT - INFO - received weights from trainer sta3!
2026-07-01 21:03:38,584 - EXECUT - INFO - received weights from trainer sta5!
2026-07-01 21:03:38,599 - EXECUT - INFO - received weights from trainer sta7!
2026-07-01 21:03:45,095 - EXECUT - INFO - received weights from trainer sta2!
2026-07-01 21:03:46,034 - EXECUT - INFO - sent aggregated weights to trainers!
2026-07-01 21:03:46,331 - METRIC - INFO - {"loss": 0.05266131833195686, "accuracy": 0.9819444417953491, "energy_consumption": 14586.243538189632, "selected": false, "client_name": "sta4"}
2026-07-01 21:03:46,449 - METRIC - INFO - {"loss": 0.059559065848588943, "accuracy": 0.9845094680786133, "energy_consumption": 14175.302939903315, "selected": false, "client_name": "sta8"}
2026-07-01 21:03:46,460 - METRIC - INFO - {"loss": 0.05316104367375374, "accuracy": 0.9841568470001221, "energy_consumption": 14765.17008137621, "selected": false, "client_name": "sta2"}
2026-07-01 21:03:46,466 - METRIC - INFO - {"loss": 0.040199290961027145, "accuracy": 0.9854251146316528, "energy_consumption": 15549.345604051705, "selected": false, "client_name": "sta10"}
2026-07-01 21:03:46,481 - METRIC - INFO - {"loss": 0.05840796232223511, "accuracy": 0.9817444086074829, "energy_consumption": 10904.233748884706, "selected": false, "client_name": "sta0"}
2026-07-01 21:03:46,544 - METRIC - INFO - {"loss": 0.05123910307884216, "accuracy": 0.9843320250511169, "energy_consumption": 14796.599103383216, "selected": false, "client_name": "sta9"}
2026-07-01 21:03:46,557 - METRIC - INFO - {"loss": 0.045289915055036545, "accuracy": 0.9853852987289429, "energy_consumption": 10108.0724364892, "selected": false, "client_name": "sta1"}
2026-07-01 21:03:46,566 - METRIC - INFO - {"loss": 0.04668555036187172, "accuracy": 0.9859969615936279, "energy_consumption": 12023.702141448193, "selected": false, "client_name": "sta6"}
2026-07-01 21:03:46,576 - METRIC - INFO - {"loss": 0.04661339893937111, "accuracy": 0.985321581363678, "energy_consumption": 11279.719848881621, "selected": false, "client_name": "sta5"}
2026-07-01 21:03:46,609 - METRIC - INFO - {"loss": 0.043969448655843735, "accuracy": 0.9864044189453125, "energy_consumption": 11417.896211773348, "selected": false, "client_name": "sta3"}
2026-07-01 21:03:46,622 - METRIC - INFO - {"loss": 0.049662306904792786, "accuracy": 0.9837662577629089, "energy_consumption": 10271.26793317143, "selected": false, "client_name": "sta7"}
2026-07-01 21:03:47,037 - METRIC - INFO - mean_accuracy: 0.9844533475962552

2026-07-01 21:03:47,037 - METRIC - INFO - round: 23
2026-07-01 21:03:47,037 - METRIC - INFO - n_selected: 11
2026-07-01 21:03:47,037 - METRIC - INFO - {"selected_trainers": ["sta0", "sta1", "sta10", "sta2", "sta3", "sta4", "sta5", "sta6", "sta7", "sta8", "sta9"]}
2026-07-01 21:03:51,913 - EXECUT - INFO - received weights from trainer sta8!
2026-07-01 21:03:51,940 - EXECUT - INFO - received weights from trainer sta4!
2026-07-01 21:03:55,850 - EXECUT - INFO - received weights from trainer sta10!
2026-07-01 21:03:57,434 - EXECUT - INFO - received weights from trainer sta1!
2026-07-01 21:03:57,557 - EXECUT - INFO - received weights from trainer sta0!
2026-07-01 21:03:58,597 - EXECUT - INFO - received weights from trainer sta2!
2026-07-01 21:03:59,384 - EXECUT - INFO - received weights from trainer sta6!
2026-07-01 21:03:59,855 - EXECUT - INFO - received weights from trainer sta9!
2026-07-01 21:04:00,423 - EXECUT - INFO - received weights from trainer sta3!
2026-07-01 21:04:01,272 - EXECUT - INFO - received weights from trainer sta7!
2026-07-01 21:04:01,291 - EXECUT - INFO - received weights from trainer sta5!
2026-07-01 21:04:01,674 - EXECUT - INFO - sent aggregated weights to trainers!
2026-07-01 21:04:01,988 - METRIC - INFO - {"loss": 0.051782310009002686, "accuracy": 0.9833333492279053, "energy_consumption": 15117.2229953461, "selected": false, "client_name": "sta4"}
2026-07-01 21:04:02,049 - METRIC - INFO - {"loss": 0.05858955532312393, "accuracy": 0.9836488962173462, "energy_consumption": 14688.516138952718, "selected": false, "client_name": "sta8"}
2026-07-01 21:04:02,075 - METRIC - INFO - {"loss": 0.05212939903140068, "accuracy": 0.9833512306213379, "energy_consumption": 15295.21772808406, "selected": false, "client_name": "sta2"}
2026-07-01 21:04:02,082 - METRIC - INFO - {"loss": 0.03994544968008995, "accuracy": 0.986639678478241, "energy_consumption": 16096.537092100272, "selected": false, "client_name": "sta10"}
2026-07-01 21:04:02,137 - METRIC - INFO - {"loss": 0.06007060781121254, "accuracy": 0.9809330701828003, "energy_consumption": 11273.654062204516, "selected": false, "client_name": "sta0"}
2026-07-01 21:04:02,155 - METRIC - INFO - {"loss": 0.03836050629615784, "accuracy": 0.9879054427146912, "energy_consumption": 15332.250747539832, "selected": false, "client_name": "sta9"}
2026-07-01 21:04:02,170 - METRIC - INFO - {"loss": 0.04590804502367973, "accuracy": 0.9863013625144958, "energy_consumption": 12448.717650041974, "selected": false, "client_name": "sta6"}
2026-07-01 21:04:02,213 - METRIC - INFO - {"loss": 0.04494619742035866, "accuracy": 0.9849424362182617, "energy_consumption": 10460.580602523825, "selected": false, "client_name": "sta1"}
2026-07-01 21:04:02,235 - METRIC - INFO - {"loss": 0.04289129003882408, "accuracy": 0.9861151576042175, "energy_consumption": 11812.304459742923, "selected": false, "client_name": "sta3"}
2026-07-01 21:04:02,251 - METRIC - INFO - {"loss": 0.04967179894447327, "accuracy": 0.9840614199638367, "energy_consumption": 10614.362402089093, "selected": false, "client_name": "sta7"}
2026-07-01 21:04:02,291 - METRIC - INFO - {"loss": 0.047559186816215515, "accuracy": 0.9842540621757507, "energy_consumption": 11712.265100081018, "selected": false, "client_name": "sta5"}
2026-07-01 21:04:02,677 - METRIC - INFO - mean_accuracy: 0.9846805550835349

2026-07-01 21:04:02,677 - METRIC - INFO - round: 24
2026-07-01 21:04:02,677 - METRIC - INFO - n_selected: 11
2026-07-01 21:04:02,677 - METRIC - INFO - {"selected_trainers": ["sta0", "sta1", "sta10", "sta2", "sta3", "sta4", "sta5", "sta6", "sta7", "sta8", "sta9"]}
2026-07-01 21:04:07,529 - EXECUT - INFO - received weights from trainer sta8!
2026-07-01 21:04:07,644 - EXECUT - INFO - received weights from trainer sta4!
2026-07-01 21:04:11,503 - EXECUT - INFO - received weights from trainer sta10!
2026-07-01 21:04:12,976 - EXECUT - INFO - received weights from trainer sta1!
2026-07-01 21:04:13,071 - EXECUT - INFO - received weights from trainer sta0!
2026-07-01 21:04:14,250 - EXECUT - INFO - received weights from trainer sta2!
2026-07-01 21:04:15,007 - EXECUT - INFO - received weights from trainer sta6!
2026-07-01 21:04:15,547 - EXECUT - INFO - received weights from trainer sta9!
2026-07-01 21:04:16,000 - EXECUT - INFO - received weights from trainer sta3!
2026-07-01 21:04:16,885 - EXECUT - INFO - received weights from trainer sta7!
2026-07-01 21:04:16,944 - EXECUT - INFO - received weights from trainer sta5!
2026-07-01 21:04:17,297 - EXECUT - INFO - sent aggregated weights to trainers!
2026-07-01 21:04:17,597 - METRIC - INFO - {"loss": 0.050757572054862976, "accuracy": 0.9833333492279053, "energy_consumption": 15646.341850228624, "selected": false, "client_name": "sta4"}
2026-07-01 21:04:17,699 - METRIC - INFO - {"loss": 0.05848325416445732, "accuracy": 0.9836488962173462, "energy_consumption": 15241.121377364154, "selected": false, "client_name": "sta8"}
2026-07-01 21:04:17,699 - METRIC - INFO - {"loss": 0.05272691324353218, "accuracy": 0.9833512306213379, "energy_consumption": 15808.170803688785, "selected": false, "client_name": "sta2"}
2026-07-01 21:04:17,708 - METRIC - INFO - {"loss": 0.03762594982981682, "accuracy": 0.9874494075775146, "energy_consumption": 16666.7245234314, "selected": false, "client_name": "sta10"}
2026-07-01 21:04:17,777 - METRIC - INFO - {"loss": 0.03836892545223236, "accuracy": 0.9870808124542236, "energy_consumption": 15885.785455197758, "selected": false, "client_name": "sta9"}
2026-07-01 21:04:17,805 - METRIC - INFO - {"loss": 0.04513738676905632, "accuracy": 0.9863013625144958, "energy_consumption": 12881.6661202922, "selected": false, "client_name": "sta6"}
2026-07-01 21:04:17,847 - METRIC - INFO - {"loss": 0.04280347004532814, "accuracy": 0.985828161239624, "energy_consumption": 10832.943955702036, "selected": false, "client_name": "sta1"}
2026-07-01 21:04:17,849 - METRIC - INFO - {"loss": 0.041607797145843506, "accuracy": 0.9866936802864075, "energy_consumption": 12226.735977540298, "selected": false, "client_name": "sta3"}
2026-07-01 21:04:17,872 - METRIC - INFO - {"loss": 0.044582247734069824, "accuracy": 0.9866560101509094, "energy_consumption": 12109.333971561, "selected": false, "client_name": "sta5"}
2026-07-01 21:04:17,894 - METRIC - INFO - {"loss": 0.04814007878303528, "accuracy": 0.9843565821647644, "energy_consumption": 10988.57804214008, "selected": false, "client_name": "sta7"}
2026-07-01 21:04:17,952 - METRIC - INFO - {"loss": 0.05538052320480347, "accuracy": 0.9817444086074829, "energy_consumption": 11666.431026752121, "selected": false, "client_name": "sta0"}
2026-07-01 21:04:18,300 - METRIC - INFO - mean_accuracy: 0.9851312637329102

2026-07-01 21:04:18,300 - METRIC - INFO - round: 25
2026-07-01 21:04:18,300 - METRIC - INFO - n_selected: 11
2026-07-01 21:04:18,300 - METRIC - INFO - {"selected_trainers": ["sta0", "sta1", "sta10", "sta2", "sta3", "sta4", "sta5", "sta6", "sta7", "sta8", "sta9"]}
2026-07-01 21:04:23,167 - EXECUT - INFO - received weights from trainer sta8!
2026-07-01 21:04:23,305 - EXECUT - INFO - received weights from trainer sta4!
2026-07-01 21:04:27,092 - EXECUT - INFO - received weights from trainer sta10!
2026-07-01 21:04:28,660 - EXECUT - INFO - received weights from trainer sta1!
2026-07-01 21:04:28,827 - EXECUT - INFO - received weights from trainer sta0!
2026-07-01 21:04:29,898 - EXECUT - INFO - received weights from trainer sta2!
2026-07-01 21:04:30,520 - EXECUT - INFO - received weights from trainer sta6!
2026-07-01 21:04:31,104 - EXECUT - INFO - received weights from trainer sta9!
2026-07-01 21:04:31,656 - EXECUT - INFO - received weights from trainer sta3!
2026-07-01 21:04:32,500 - EXECUT - INFO - received weights from trainer sta5!
2026-07-01 21:04:32,554 - EXECUT - INFO - received weights from trainer sta7!
2026-07-01 21:04:33,000 - EXECUT - INFO - sent aggregated weights to trainers!
2026-07-01 21:04:33,298 - METRIC - INFO - {"loss": 0.05005096271634102, "accuracy": 0.9826388955116272, "energy_consumption": 16040.310015279832, "selected": false, "client_name": "sta4"}
2026-07-01 21:04:33,383 - METRIC - INFO - {"loss": 0.05781858414411545, "accuracy": 0.9836488962173462, "energy_consumption": 15789.303585630792, "selected": false, "client_name": "sta8"}
2026-07-01 21:04:33,412 - METRIC - INFO - {"loss": 0.05064155161380768, "accuracy": 0.9854994416236877, "energy_consumption": 16313.225802083174, "selected": false, "client_name": "sta2"}
2026-07-01 21:04:33,417 - METRIC - INFO - {"loss": 0.037713561207056046, "accuracy": 0.9874494075775146, "energy_consumption": 17211.4598875868, "selected": false, "client_name": "sta10"}
2026-07-01 21:04:33,473 - METRIC - INFO - {"loss": 0.05569718778133392, "accuracy": 0.9813387393951416, "energy_consumption": 12042.587536222296, "selected": false, "client_name": "sta0"}
2026-07-01 21:04:33,494 - METRIC - INFO - {"loss": 0.03795589506626129, "accuracy": 0.9876305460929871, "energy_consumption": 16440.606184381042, "selected": false, "client_name": "sta9"}
2026-07-01 21:04:33,518 - METRIC - INFO - {"loss": 0.055850088596343994, "accuracy": 0.9826483726501465, "energy_consumption": 13321.722091036962, "selected": false, "client_name": "sta6"}
2026-07-01 21:04:33,532 - METRIC - INFO - {"loss": 0.04347352683544159, "accuracy": 0.9863891005516052, "energy_consumption": 12410.773776714692, "selected": false, "client_name": "sta5"}
2026-07-01 21:04:33,558 - METRIC - INFO - {"loss": 0.0458238311111927, "accuracy": 0.9867138862609863, "energy_consumption": 11189.420049771343, "selected": false, "client_name": "sta1"}
2026-07-01 21:04:33,560 - METRIC - INFO - {"loss": 0.04243010655045509, "accuracy": 0.9858258366584778, "energy_consumption": 12632.802801471702, "selected": false, "client_name": "sta3"}
2026-07-01 21:04:33,637 - METRIC - INFO - {"loss": 0.0487649068236351, "accuracy": 0.9840614199638367, "energy_consumption": 11368.876314666444, "selected": false, "client_name": "sta7"}
2026-07-01 21:04:34,001 - METRIC - INFO - mean_accuracy: 0.9848949584093961

2026-07-01 21:04:34,001 - METRIC - INFO - round: 26
2026-07-01 21:04:34,001 - METRIC - INFO - n_selected: 11
2026-07-01 21:04:34,001 - METRIC - INFO - {"selected_trainers": ["sta0", "sta1", "sta10", "sta2", "sta3", "sta4", "sta5", "sta6", "sta7", "sta8", "sta9"]}
2026-07-01 21:04:38,856 - EXECUT - INFO - received weights from trainer sta8!
2026-07-01 21:04:38,976 - EXECUT - INFO - received weights from trainer sta4!
2026-07-01 21:04:42,820 - EXECUT - INFO - received weights from trainer sta10!
2026-07-01 21:04:44,292 - EXECUT - INFO - received weights from trainer sta1!
2026-07-01 21:04:44,518 - EXECUT - INFO - received weights from trainer sta0!
2026-07-01 21:04:46,273 - EXECUT - INFO - received weights from trainer sta6!
2026-07-01 21:04:46,806 - EXECUT - INFO - received weights from trainer sta9!
2026-07-01 21:04:47,479 - EXECUT - INFO - received weights from trainer sta3!
2026-07-01 21:04:48,211 - EXECUT - INFO - received weights from trainer sta5!
2026-07-01 21:04:48,239 - EXECUT - INFO - received weights from trainer sta7!
2026-07-01 21:04:54,744 - EXECUT - INFO - received weights from trainer sta2!
2026-07-01 21:04:55,706 - EXECUT - INFO - sent aggregated weights to trainers!
2026-07-01 21:04:56,011 - METRIC - INFO - {"loss": 0.047438498586416245, "accuracy": 0.9840278029441833, "energy_consumption": 16843.16746806775, "selected": false, "client_name": "sta4"}
2026-07-01 21:04:56,082 - METRIC - INFO - {"loss": 0.05114692449569702, "accuracy": 0.9844253659248352, "energy_consumption": 17081.715279034623, "selected": false, "client_name": "sta2"}
2026-07-01 21:04:56,110 - METRIC - INFO - {"loss": 0.03613738715648651, "accuracy": 0.9878542423248291, "energy_consumption": 18066.77846776441, "selected": false, "client_name": "sta10"}
2026-07-01 21:04:56,170 - METRIC - INFO - {"loss": 0.04395567998290062, "accuracy": 0.9855884909629822, "energy_consumption": 13008.102138592738, "selected": false, "client_name": "sta5"}
2026-07-01 21:04:56,189 - METRIC - INFO - {"loss": 0.05423581972718239, "accuracy": 0.9829614758491516, "energy_consumption": 12575.792477771014, "selected": false, "client_name": "sta0"}
2026-07-01 21:04:56,190 - METRIC - INFO - {"loss": 0.04303043708205223, "accuracy": 0.9869102239608765, "energy_consumption": 13959.492130759147, "selected": false, "client_name": "sta6"}
2026-07-01 21:04:56,196 - METRIC - INFO - {"loss": 0.038508761674165726, "accuracy": 0.9870808124542236, "energy_consumption": 17240.899704021835, "selected": false, "client_name": "sta9"}
2026-07-01 21:04:56,199 - METRIC - INFO - {"loss": 0.041899509727954865, "accuracy": 0.9862710237503052, "energy_consumption": 11720.75849001868, "selected": false, "client_name": "sta1"}
2026-07-01 21:04:56,200 - METRIC - INFO - {"loss": 0.05665279179811478, "accuracy": 0.9853700399398804, "energy_consumption": 16595.872770692615, "selected": false, "client_name": "sta8"}
2026-07-01 21:04:56,242 - METRIC - INFO - {"loss": 0.04637467861175537, "accuracy": 0.9846516847610474, "energy_consumption": 11932.767527125743, "selected": false, "client_name": "sta7"}
2026-07-01 21:04:56,258 - METRIC - INFO - {"loss": 0.041294701397418976, "accuracy": 0.9864044189453125, "energy_consumption": 13247.938892242537, "selected": false, "client_name": "sta3"}
2026-07-01 21:04:56,707 - METRIC - INFO - mean_accuracy: 0.9855950528925116

2026-07-01 21:04:56,707 - METRIC - INFO - round: 27
2026-07-01 21:04:56,707 - METRIC - INFO - n_selected: 11
2026-07-01 21:04:56,707 - METRIC - INFO - {"selected_trainers": ["sta0", "sta1", "sta10", "sta2", "sta3", "sta4", "sta5", "sta6", "sta7", "sta8", "sta9"]}
2026-07-01 21:05:01,510 - EXECUT - INFO - received weights from trainer sta8!
2026-07-01 21:05:01,704 - EXECUT - INFO - received weights from trainer sta4!
2026-07-01 21:05:05,468 - EXECUT - INFO - received weights from trainer sta10!
2026-07-01 21:05:07,061 - EXECUT - INFO - received weights from trainer sta1!
2026-07-01 21:05:07,119 - EXECUT - INFO - received weights from trainer sta0!
2026-07-01 21:05:08,280 - EXECUT - INFO - received weights from trainer sta2!
2026-07-01 21:05:09,005 - EXECUT - INFO - received weights from trainer sta6!
2026-07-01 21:05:09,483 - EXECUT - INFO - received weights from trainer sta9!
2026-07-01 21:05:10,033 - EXECUT - INFO - received weights from trainer sta3!
2026-07-01 21:05:10,880 - EXECUT - INFO - received weights from trainer sta5!
2026-07-01 21:05:11,044 - EXECUT - INFO - received weights from trainer sta7!
2026-07-01 21:05:11,478 - EXECUT - INFO - sent aggregated weights to trainers!
2026-07-01 21:05:11,763 - METRIC - INFO - {"loss": 0.0472169890999794, "accuracy": 0.9847221970558167, "energy_consumption": 17367.18377420364, "selected": false, "client_name": "sta4"}
2026-07-01 21:05:11,835 - METRIC - INFO - {"loss": 0.05468403175473213, "accuracy": 0.9862306118011475, "energy_consumption": 17097.21589209749, "selected": false, "client_name": "sta8"}
2026-07-01 21:05:11,860 - METRIC - INFO - {"loss": 0.05029745772480965, "accuracy": 0.9846938848495483, "energy_consumption": 17567.040877859978, "selected": false, "client_name": "sta2"}
2026-07-01 21:05:11,887 - METRIC - INFO - {"loss": 0.03559357300400734, "accuracy": 0.9882591366767883, "energy_consumption": 18642.278722395768, "selected": false, "client_name": "sta10"}
2026-07-01 21:05:11,955 - METRIC - INFO - {"loss": 0.03760712966322899, "accuracy": 0.9868059158325195, "energy_consumption": 17777.5905466912, "selected": false, "client_name": "sta9"}
2026-07-01 21:05:11,964 - METRIC - INFO - {"loss": 0.05227414146065712, "accuracy": 0.9821500778198242, "energy_consumption": 12932.410870086458, "selected": false, "client_name": "sta0"}
2026-07-01 21:05:11,976 - METRIC - INFO - {"loss": 0.04248968884348869, "accuracy": 0.9872146248817444, "energy_consumption": 14389.504847601482, "selected": false, "client_name": "sta6"}
2026-07-01 21:05:11,994 - METRIC - INFO - {"loss": 0.04283057898283005, "accuracy": 0.9866560101509094, "energy_consumption": 13397.40825436329, "selected": false, "client_name": "sta5"}
2026-07-01 21:05:12,016 - METRIC - INFO - {"loss": 0.042351216077804565, "accuracy": 0.9862710237503052, "energy_consumption": 12043.910598356299, "selected": false, "client_name": "sta1"}
2026-07-01 21:05:12,038 - METRIC - INFO - {"loss": 0.03938455134630203, "accuracy": 0.9872722029685974, "energy_consumption": 13650.572114739876, "selected": false, "client_name": "sta3"}
2026-07-01 21:05:12,063 - METRIC - INFO - {"loss": 0.04565234109759331, "accuracy": 0.9840614199638367, "energy_consumption": 12285.310498632183, "selected": false, "client_name": "sta7"}
2026-07-01 21:05:12,479 - METRIC - INFO - mean_accuracy: 0.9858488277955488

2026-07-01 21:05:12,479 - METRIC - INFO - round: 28
2026-07-01 21:05:12,479 - METRIC - INFO - n_selected: 11
2026-07-01 21:05:12,479 - METRIC - INFO - {"selected_trainers": ["sta0", "sta1", "sta10", "sta2", "sta3", "sta4", "sta5", "sta6", "sta7", "sta8", "sta9"]}
2026-07-01 21:05:17,328 - EXECUT - INFO - received weights from trainer sta8!
2026-07-01 21:05:17,432 - EXECUT - INFO - received weights from trainer sta4!
2026-07-01 21:05:21,284 - EXECUT - INFO - received weights from trainer sta10!
2026-07-01 21:05:22,801 - EXECUT - INFO - received weights from trainer sta1!
2026-07-01 21:05:22,961 - EXECUT - INFO - received weights from trainer sta0!
2026-07-01 21:05:24,165 - EXECUT - INFO - received weights from trainer sta2!
2026-07-01 21:05:24,825 - EXECUT - INFO - received weights from trainer sta6!
2026-07-01 21:05:25,349 - EXECUT - INFO - received weights from trainer sta9!
2026-07-01 21:05:26,776 - EXECUT - INFO - received weights from trainer sta5!
2026-07-01 21:05:26,899 - EXECUT - INFO - received weights from trainer sta7!
2026-07-01 21:05:33,290 - EXECUT - INFO - received weights from trainer sta3!
2026-07-01 21:05:34,126 - EXECUT - INFO - sent aggregated weights to trainers!
2026-07-01 21:05:34,461 - METRIC - INFO - {"loss": 0.04759983345866203, "accuracy": 0.9840278029441833, "energy_consumption": 18155.69745500489, "selected": false, "client_name": "sta4"}
2026-07-01 21:05:34,538 - METRIC - INFO - {"loss": 0.21133948862552643, "accuracy": 0.9294320344924927, "energy_consumption": 17877.248717384697, "selected": false, "client_name": "sta8"}
2026-07-01 21:05:34,591 - METRIC - INFO - {"loss": 0.04159580543637276, "accuracy": 0.9862710237503052, "energy_consumption": 12599.02864992325, "selected": false, "client_name": "sta1"}
2026-07-01 21:05:34,626 - METRIC - INFO - {"loss": 0.03619760274887085, "accuracy": 0.9862561821937561, "energy_consumption": 18588.002445146303, "selected": false, "client_name": "sta9"}
2026-07-01 21:05:34,678 - METRIC - INFO - {"loss": 0.041783228516578674, "accuracy": 0.9863891005516052, "energy_consumption": 14006.719684644759, "selected": false, "client_name": "sta5"}
2026-07-01 21:05:34,686 - METRIC - INFO - {"loss": 0.04585304111242294, "accuracy": 0.9852420091629028, "energy_consumption": 12825.139991101949, "selected": false, "client_name": "sta7"}
2026-07-01 21:05:34,693 - METRIC - INFO - {"loss": 0.033117689192295074, "accuracy": 0.9890688061714172, "energy_consumption": 19475.850502226123, "selected": false, "client_name": "sta10"}
2026-07-01 21:05:34,716 - METRIC - INFO - {"loss": 0.05220680311322212, "accuracy": 0.9829614758491516, "energy_consumption": 13496.468563102773, "selected": false, "client_name": "sta0"}
2026-07-01 21:05:34,737 - METRIC - INFO - {"loss": 0.04896984621882439, "accuracy": 0.9844253659248352, "energy_consumption": 18359.08835204262, "selected": false, "client_name": "sta2"}
2026-07-01 21:05:34,788 - METRIC - INFO - {"loss": 0.04156448692083359, "accuracy": 0.98569256067276, "energy_consumption": 15025.281370835022, "selected": false, "client_name": "sta6"}
2026-07-01 21:05:34,794 - METRIC - INFO - {"loss": 0.04021291807293892, "accuracy": 0.9875614643096924, "energy_consumption": 14170.999657110779, "selected": false, "client_name": "sta3"}
2026-07-01 21:05:35,128 - METRIC - INFO - mean_accuracy: 0.9806661660021002

2026-07-01 21:05:35,128 - METRIC - INFO - round: 29
2026-07-01 21:05:35,128 - METRIC - INFO - n_selected: 11
2026-07-01 21:05:35,128 - METRIC - INFO - {"selected_trainers": ["sta0", "sta1", "sta10", "sta2", "sta3", "sta4", "sta5", "sta6", "sta7", "sta8", "sta9"]}
2026-07-01 21:05:39,939 - EXECUT - INFO - received weights from trainer sta8!
2026-07-01 21:05:40,076 - EXECUT - INFO - received weights from trainer sta4!
2026-07-01 21:05:43,972 - EXECUT - INFO - received weights from trainer sta10!
2026-07-01 21:05:45,449 - EXECUT - INFO - received weights from trainer sta1!
2026-07-01 21:05:45,582 - EXECUT - INFO - received weights from trainer sta0!
2026-07-01 21:05:46,711 - EXECUT - INFO - received weights from trainer sta2!
2026-07-01 21:05:47,422 - EXECUT - INFO - received weights from trainer sta6!
2026-07-01 21:05:47,959 - EXECUT - INFO - received weights from trainer sta9!
2026-07-01 21:05:49,423 - EXECUT - INFO - received weights from trainer sta7!
2026-07-01 21:05:49,447 - EXECUT - INFO - received weights from trainer sta5!
2026-07-01 21:05:55,939 - EXECUT - INFO - received weights from trainer sta3!
2026-07-01 21:05:56,827 - EXECUT - INFO - sent aggregated weights to trainers!
2026-07-01 21:05:57,122 - METRIC - INFO - {"loss": 0.04512767121195793, "accuracy": 0.9840278029441833, "energy_consumption": 18936.332460642472, "selected": false, "client_name": "sta4"}
2026-07-01 21:05:57,189 - METRIC - INFO - {"loss": 0.05547693371772766, "accuracy": 0.9853700399398804, "energy_consumption": 18598.92217379448, "selected": false, "client_name": "sta8"}
2026-07-01 21:05:57,203 - METRIC - INFO - {"loss": 0.05043478682637215, "accuracy": 0.9860365390777588, "energy_consumption": 19007.10492200258, "selected": false, "client_name": "sta2"}
2026-07-01 21:05:57,239 - METRIC - INFO - {"loss": 0.03313877806067467, "accuracy": 0.9874494075775146, "energy_consumption": 20354.042682458483, "selected": false, "client_name": "sta10"}
2026-07-01 21:05:57,288 - METRIC - INFO - {"loss": 0.0381244458258152, "accuracy": 0.9868059158325195, "energy_consumption": 19385.895530473754, "selected": false, "client_name": "sta9"}
2026-07-01 21:05:57,295 - METRIC - INFO - {"loss": 0.041256457567214966, "accuracy": 0.9866560101509094, "energy_consumption": 14593.791280286543, "selected": false, "client_name": "sta5"}
2026-07-01 21:05:57,307 - METRIC - INFO - {"loss": 0.04098548740148544, "accuracy": 0.9875190258026123, "energy_consumption": 15652.68635068407, "selected": false, "client_name": "sta6"}
2026-07-01 21:05:57,308 - METRIC - INFO - {"loss": 0.04057386890053749, "accuracy": 0.9862710237503052, "energy_consumption": 13065.478252536577, "selected": false, "client_name": "sta1"}
2026-07-01 21:05:57,340 - METRIC - INFO - {"loss": 0.055978816002607346, "accuracy": 0.9829614758491516, "energy_consumption": 14026.56851412456, "selected": false, "client_name": "sta0"}
2026-07-01 21:05:57,380 - METRIC - INFO - {"loss": 0.039089739322662354, "accuracy": 0.9872722029685974, "energy_consumption": 14745.167902946776, "selected": false, "client_name": "sta3"}
2026-07-01 21:05:57,437 - METRIC - INFO - {"loss": 0.047146182507276535, "accuracy": 0.9849468469619751, "energy_consumption": 13360.895414797738, "selected": false, "client_name": "sta7"}
2026-07-01 21:05:57,830 - METRIC - INFO - mean_accuracy: 0.9859378446232189

2026-07-01 21:05:57,830 - METRIC - INFO - round: 30
2026-07-01 21:05:57,830 - METRIC - INFO - n_selected: 11
2026-07-01 21:05:57,830 - METRIC - INFO - {"selected_trainers": ["sta0", "sta1", "sta10", "sta2", "sta3", "sta4", "sta5", "sta6", "sta7", "sta8", "sta9"]}
2026-07-01 21:06:02,682 - EXECUT - INFO - received weights from trainer sta8!
2026-07-01 21:06:02,803 - EXECUT - INFO - received weights from trainer sta4!
2026-07-01 21:06:06,639 - EXECUT - INFO - received weights from trainer sta10!
2026-07-01 21:06:08,154 - EXECUT - INFO - received weights from trainer sta1!
2026-07-01 21:06:08,326 - EXECUT - INFO - received weights from trainer sta0!
2026-07-01 21:06:09,416 - EXECUT - INFO - received weights from trainer sta2!
2026-07-01 21:06:10,153 - EXECUT - INFO - received weights from trainer sta6!
2026-07-01 21:06:10,662 - EXECUT - INFO - received weights from trainer sta9!
2026-07-01 21:06:11,204 - EXECUT - INFO - received weights from trainer sta3!
2026-07-01 21:06:12,114 - EXECUT - INFO - received weights from trainer sta7!
2026-07-01 21:06:12,147 - EXECUT - INFO - received weights from trainer sta5!
2026-07-01 21:06:12,505 - EXECUT - INFO - sent aggregated weights to trainers!
2026-07-01 21:06:12,816 - METRIC - INFO - {"loss": 0.04469108581542969, "accuracy": 0.9854166507720947, "energy_consumption": 19478.006188752533, "selected": false, "client_name": "sta4"}
2026-07-01 21:06:12,894 - METRIC - INFO - {"loss": 0.049196094274520874, "accuracy": 0.9860365390777588, "energy_consumption": 19507.429210673174, "selected": false, "client_name": "sta2"}
2026-07-01 21:06:12,904 - METRIC - INFO - {"loss": 0.05384695529937744, "accuracy": 0.9862306118011475, "energy_consumption": 19105.53521847742, "selected": false, "client_name": "sta8"}
2026-07-01 21:06:12,933 - METRIC - INFO - {"loss": 0.03211648017168045, "accuracy": 0.9894737005233765, "energy_consumption": 20935.960981324864, "selected": false, "client_name": "sta10"}
2026-07-01 21:06:13,028 - METRIC - INFO - {"loss": 0.03997821733355522, "accuracy": 0.9878234267234802, "energy_consumption": 16087.523842356937, "selected": false, "client_name": "sta6"}
2026-07-01 21:06:13,057 - METRIC - INFO - {"loss": 0.038822825998067856, "accuracy": 0.9862710237503052, "energy_consumption": 13379.605755067989, "selected": false, "client_name": "sta1"}
2026-07-01 21:06:13,076 - METRIC - INFO - {"loss": 0.04593319445848465, "accuracy": 0.9846516847610474, "energy_consumption": 13720.190245983758, "selected": false, "client_name": "sta7"}
2026-07-01 21:06:13,085 - METRIC - INFO - {"loss": 0.03790837898850441, "accuracy": 0.9866936802864075, "energy_consumption": 15133.198269235578, "selected": false, "client_name": "sta3"}
2026-07-01 21:06:13,088 - METRIC - INFO - {"loss": 0.040619928389787674, "accuracy": 0.9863891005516052, "energy_consumption": 14984.138140599467, "selected": false, "client_name": "sta5"}
2026-07-01 21:06:13,165 - METRIC - INFO - {"loss": 0.03813106194138527, "accuracy": 0.9870808124542236, "energy_consumption": 19883.91412455229, "selected": false, "client_name": "sta9"}
2026-07-01 21:06:13,178 - METRIC - INFO - {"loss": 0.054313644766807556, "accuracy": 0.9833671450614929, "energy_consumption": 14399.930996459168, "selected": false, "client_name": "sta0"}
2026-07-01 21:06:13,508 - METRIC - INFO - mean_accuracy: 0.9863122159784491

2026-07-01 21:06:13,508 - METRIC - INFO - round: 31
2026-07-01 21:06:13,508 - METRIC - INFO - n_selected: 11
2026-07-01 21:06:13,508 - METRIC - INFO - {"selected_trainers": ["sta0", "sta1", "sta10", "sta2", "sta3", "sta4", "sta5", "sta6", "sta7", "sta8", "sta9"]}
2026-07-01 21:06:18,287 - EXECUT - INFO - received weights from trainer sta8!
2026-07-01 21:06:18,536 - EXECUT - INFO - received weights from trainer sta4!
2026-07-01 21:06:22,276 - EXECUT - INFO - received weights from trainer sta10!
2026-07-01 21:06:23,823 - EXECUT - INFO - received weights from trainer sta1!
2026-07-01 21:06:23,957 - EXECUT - INFO - received weights from trainer sta0!
2026-07-01 21:06:25,092 - EXECUT - INFO - received weights from trainer sta2!
2026-07-01 21:06:25,789 - EXECUT - INFO - received weights from trainer sta6!
2026-07-01 21:06:26,244 - EXECUT - INFO - received weights from trainer sta9!
2026-07-01 21:06:26,917 - EXECUT - INFO - received weights from trainer sta3!
2026-07-01 21:06:27,726 - EXECUT - INFO - received weights from trainer sta5!
2026-07-01 21:06:27,740 - EXECUT - INFO - received weights from trainer sta7!
2026-07-01 21:06:28,222 - EXECUT - INFO - sent aggregated weights to trainers!
2026-07-01 21:06:28,597 - METRIC - INFO - {"loss": 0.05447134003043175, "accuracy": 0.9853700399398804, "energy_consumption": 19634.884436062242, "selected": false, "client_name": "sta8"}
2026-07-01 21:06:28,615 - METRIC - INFO - {"loss": 0.047570694237947464, "accuracy": 0.9844253659248352, "energy_consumption": 20048.993738831385, "selected": false, "client_name": "sta2"}
2026-07-01 21:06:28,621 - METRIC - INFO - {"loss": 0.04585426300764084, "accuracy": 0.9847221970558167, "energy_consumption": 19995.885701513627, "selected": false, "client_name": "sta4"}
2026-07-01 21:06:28,630 - METRIC - INFO - {"loss": 0.033436425030231476, "accuracy": 0.9894737005233765, "energy_consumption": 21510.45007070549, "selected": false, "client_name": "sta10"}
2026-07-01 21:06:28,724 - METRIC - INFO - {"loss": 0.034696314483881, "accuracy": 0.9876305460929871, "energy_consumption": 20437.07103718304, "selected": false, "client_name": "sta9"}
2026-07-01 21:06:28,726 - METRIC - INFO - {"loss": 0.04060620814561844, "accuracy": 0.9875190258026123, "energy_consumption": 16523.78036685761, "selected": false, "client_name": "sta6"}
2026-07-01 21:06:28,738 - METRIC - INFO - {"loss": 0.03937119245529175, "accuracy": 0.985828161239624, "energy_consumption": 13722.633775648022, "selected": false, "client_name": "sta1"}
2026-07-01 21:06:28,739 - METRIC - INFO - {"loss": 0.05245089530944824, "accuracy": 0.9829614758491516, "energy_consumption": 14682.403060703251, "selected": false, "client_name": "sta0"}
2026-07-01 21:06:28,752 - METRIC - INFO - {"loss": 0.04029717668890953, "accuracy": 0.9863891005516052, "energy_consumption": 15388.987924748637, "selected": false, "client_name": "sta5"}
2026-07-01 21:06:28,799 - METRIC - INFO - {"loss": 0.037083085626363754, "accuracy": 0.9884292483329773, "energy_consumption": 15560.077430298428, "selected": false, "client_name": "sta3"}
2026-07-01 21:06:28,957 - METRIC - INFO - {"loss": 0.04464974254369736, "accuracy": 0.9852420091629028, "energy_consumption": 14081.450106836033, "selected": false, "client_name": "sta7"}
2026-07-01 21:06:29,223 - METRIC - INFO - mean_accuracy: 0.9861809882250699

2026-07-01 21:06:29,223 - METRIC - INFO - round: 32
2026-07-01 21:06:29,223 - METRIC - INFO - n_selected: 11
2026-07-01 21:06:29,223 - METRIC - INFO - {"selected_trainers": ["sta0", "sta1", "sta10", "sta2", "sta3", "sta4", "sta5", "sta6", "sta7", "sta8", "sta9"]}
2026-07-01 21:06:34,067 - EXECUT - INFO - received weights from trainer sta8!
2026-07-01 21:06:34,141 - EXECUT - INFO - received weights from trainer sta4!
2026-07-01 21:06:38,079 - EXECUT - INFO - received weights from trainer sta10!
2026-07-01 21:06:39,634 - EXECUT - INFO - received weights from trainer sta1!
2026-07-01 21:06:39,667 - EXECUT - INFO - received weights from trainer sta0!
2026-07-01 21:06:40,799 - EXECUT - INFO - received weights from trainer sta2!
2026-07-01 21:06:41,454 - EXECUT - INFO - received weights from trainer sta6!
2026-07-01 21:06:42,013 - EXECUT - INFO - received weights from trainer sta9!
2026-07-01 21:06:42,601 - EXECUT - INFO - received weights from trainer sta3!
2026-07-01 21:06:43,470 - EXECUT - INFO - received weights from trainer sta5!
2026-07-01 21:06:43,546 - EXECUT - INFO - received weights from trainer sta7!
2026-07-01 21:06:43,940 - EXECUT - INFO - sent aggregated weights to trainers!
2026-07-01 21:06:44,248 - METRIC - INFO - {"loss": 0.043935343623161316, "accuracy": 0.9854166507720947, "energy_consumption": 20536.553720239473, "selected": false, "client_name": "sta4"}
2026-07-01 21:06:44,325 - METRIC - INFO - {"loss": 0.05352765694260597, "accuracy": 0.9862306118011475, "energy_consumption": 20170.39404854068, "selected": false, "client_name": "sta8"}
2026-07-01 21:06:44,331 - METRIC - INFO - {"loss": 0.04847411438822746, "accuracy": 0.9863050580024719, "energy_consumption": 20552.358820544923, "selected": false, "client_name": "sta2"}
2026-07-01 21:06:44,367 - METRIC - INFO - {"loss": 0.031404584646224976, "accuracy": 0.9882591366767883, "energy_consumption": 22080.697966737283, "selected": false, "client_name": "sta10"}
2026-07-01 21:06:44,443 - METRIC - INFO - {"loss": 0.03332779183983803, "accuracy": 0.9884551763534546, "energy_consumption": 20976.650022169088, "selected": false, "client_name": "sta9"}
2026-07-01 21:06:44,456 - METRIC - INFO - {"loss": 0.03862137719988823, "accuracy": 0.9881278276443481, "energy_consumption": 16966.668781626573, "selected": false, "client_name": "sta6"}
2026-07-01 21:06:44,470 - METRIC - INFO - {"loss": 0.05197826772928238, "accuracy": 0.9837728142738342, "energy_consumption": 15182.37050747499, "selected": false, "client_name": "sta0"}
2026-07-01 21:06:44,482 - METRIC - INFO - {"loss": 0.040541768074035645, "accuracy": 0.987189769744873, "energy_consumption": 15810.184991572874, "selected": false, "client_name": "sta5"}
2026-07-01 21:06:44,504 - METRIC - INFO - {"loss": 0.04401227459311485, "accuracy": 0.9849468469619751, "energy_consumption": 14453.111116078408, "selected": false, "client_name": "sta7"}
2026-07-01 21:06:44,526 - METRIC - INFO - {"loss": 0.03636148199439049, "accuracy": 0.9878507256507874, "energy_consumption": 15969.147126360576, "selected": false, "client_name": "sta3"}
2026-07-01 21:06:44,544 - METRIC - INFO - {"loss": 0.03887628763914108, "accuracy": 0.9853852987289429, "energy_consumption": 14072.955148619903, "selected": false, "client_name": "sta1"}
2026-07-01 21:06:44,942 - METRIC - INFO - mean_accuracy: 0.9865399924191561

2026-07-01 21:06:44,942 - METRIC - INFO - round: 33
2026-07-01 21:06:44,942 - METRIC - INFO - n_selected: 11
2026-07-01 21:06:44,942 - METRIC - INFO - {"selected_trainers": ["sta0", "sta1", "sta10", "sta2", "sta3", "sta4", "sta5", "sta6", "sta7", "sta8", "sta9"]}
2026-07-01 21:06:49,762 - EXECUT - INFO - received weights from trainer sta8!
2026-07-01 21:06:49,895 - EXECUT - INFO - received weights from trainer sta4!
2026-07-01 21:06:53,742 - EXECUT - INFO - received weights from trainer sta10!
2026-07-01 21:06:55,240 - EXECUT - INFO - received weights from trainer sta1!
2026-07-01 21:06:55,374 - EXECUT - INFO - received weights from trainer sta0!
2026-07-01 21:06:56,550 - EXECUT - INFO - received weights from trainer sta2!
2026-07-01 21:06:57,220 - EXECUT - INFO - received weights from trainer sta6!
2026-07-01 21:06:57,808 - EXECUT - INFO - received weights from trainer sta9!
2026-07-01 21:06:58,359 - EXECUT - INFO - received weights from trainer sta3!
2026-07-01 21:06:59,190 - EXECUT - INFO - received weights from trainer sta5!
2026-07-01 21:06:59,204 - EXECUT - INFO - received weights from trainer sta7!
2026-07-01 21:06:59,700 - EXECUT - INFO - sent aggregated weights to trainers!
2026-07-01 21:07:00,002 - METRIC - INFO - {"loss": 0.04254116117954254, "accuracy": 0.9840278029441833, "energy_consumption": 21045.262028634723, "selected": false, "client_name": "sta4"}
2026-07-01 21:07:00,087 - METRIC - INFO - {"loss": 0.04910844564437866, "accuracy": 0.9863050580024719, "energy_consumption": 21050.638993571145, "selected": false, "client_name": "sta2"}
2026-07-01 21:07:00,099 - METRIC - INFO - {"loss": 0.05303678661584854, "accuracy": 0.9853700399398804, "energy_consumption": 20705.840366323457, "selected": false, "client_name": "sta8"}
2026-07-01 21:07:00,109 - METRIC - INFO - {"loss": 0.032121431082487106, "accuracy": 0.9898785352706909, "energy_consumption": 22610.79591617471, "selected": false, "client_name": "sta10"}
2026-07-01 21:07:00,220 - METRIC - INFO - {"loss": 0.0391419343650341, "accuracy": 0.9878234267234802, "energy_consumption": 17400.866998680285, "selected": false, "client_name": "sta6"}
2026-07-01 21:07:00,280 - METRIC - INFO - {"loss": 0.03886904567480087, "accuracy": 0.9881399869918823, "energy_consumption": 16378.221768694095, "selected": false, "client_name": "sta3"}
2026-07-01 21:07:00,288 - METRIC - INFO - {"loss": 0.044056519865989685, "accuracy": 0.9849468469619751, "energy_consumption": 14823.843067619275, "selected": false, "client_name": "sta7"}
2026-07-01 21:07:00,311 - METRIC - INFO - {"loss": 0.03449740260839462, "accuracy": 0.9879054427146912, "energy_consumption": 21504.880833484465, "selected": false, "client_name": "sta9"}
2026-07-01 21:07:00,356 - METRIC - INFO - {"loss": 0.05097149685025215, "accuracy": 0.9833671450614929, "energy_consumption": 15581.789500403502, "selected": false, "client_name": "sta0"}
2026-07-01 21:07:00,427 - METRIC - INFO - {"loss": 0.03742218017578125, "accuracy": 0.9880425333976746, "energy_consumption": 14410.916057918332, "selected": false, "client_name": "sta1"}
2026-07-01 21:07:00,450 - METRIC - INFO - {"loss": 0.0397472158074379, "accuracy": 0.9866560101509094, "energy_consumption": 16222.938490514307, "selected": false, "client_name": "sta5"}
2026-07-01 21:07:00,701 - METRIC - INFO - mean_accuracy: 0.9865875298326666

2026-07-01 21:07:00,701 - METRIC - INFO - round: 34
2026-07-01 21:07:00,701 - METRIC - INFO - n_selected: 11
2026-07-01 21:07:00,701 - METRIC - INFO - {"selected_trainers": ["sta0", "sta1", "sta10", "sta2", "sta3", "sta4", "sta5", "sta6", "sta7", "sta8", "sta9"]}
2026-07-01 21:07:05,557 - EXECUT - INFO - received weights from trainer sta8!
2026-07-01 21:07:05,674 - EXECUT - INFO - received weights from trainer sta4!
2026-07-01 21:07:09,547 - EXECUT - INFO - received weights from trainer sta10!
2026-07-01 21:07:10,964 - EXECUT - INFO - received weights from trainer sta1!
2026-07-01 21:07:11,135 - EXECUT - INFO - received weights from trainer sta0!
2026-07-01 21:07:12,329 - EXECUT - INFO - received weights from trainer sta2!
2026-07-01 21:07:13,036 - EXECUT - INFO - received weights from trainer sta6!
2026-07-01 21:07:13,517 - EXECUT - INFO - received weights from trainer sta9!
2026-07-01 21:07:13,987 - EXECUT - INFO - received weights from trainer sta3!
2026-07-01 21:07:14,910 - EXECUT - INFO - received weights from trainer sta5!
2026-07-01 21:07:15,054 - EXECUT - INFO - received weights from trainer sta7!
2026-07-01 21:07:15,432 - EXECUT - INFO - sent aggregated weights to trainers!
2026-07-01 21:07:15,715 - METRIC - INFO - {"loss": 0.04394354671239853, "accuracy": 0.9840278029441833, "energy_consumption": 21566.73814779683, "selected": false, "client_name": "sta4"}
2026-07-01 21:07:15,777 - METRIC - INFO - {"loss": 0.05192947760224342, "accuracy": 0.9862306118011475, "energy_consumption": 21237.147969278307, "selected": false, "client_name": "sta8"}
2026-07-01 21:07:15,822 - METRIC - INFO - {"loss": 0.04914122819900513, "accuracy": 0.9852309226989746, "energy_consumption": 21554.136928024487, "selected": false, "client_name": "sta2"}
2026-07-01 21:07:15,828 - METRIC - INFO - {"loss": 0.030626989901065826, "accuracy": 0.9898785352706909, "energy_consumption": 23185.11241026729, "selected": false, "client_name": "sta10"}
2026-07-01 21:07:15,886 - METRIC - INFO - {"loss": 0.033777233213186264, "accuracy": 0.9876305460929871, "energy_consumption": 22041.96429711443, "selected": false, "client_name": "sta9"}
2026-07-01 21:07:15,923 - METRIC - INFO - {"loss": 0.038877613842487335, "accuracy": 0.9878234267234802, "energy_consumption": 17846.41890493664, "selected": false, "client_name": "sta6"}
2026-07-01 21:07:15,927 - METRIC - INFO - {"loss": 0.05122821033000946, "accuracy": 0.9845841526985168, "energy_consumption": 15871.889948204676, "selected": false, "client_name": "sta0"}
2026-07-01 21:07:15,944 - METRIC - INFO - {"loss": 0.03979355841875076, "accuracy": 0.9869228601455688, "energy_consumption": 16631.102225100203, "selected": false, "client_name": "sta5"}
2026-07-01 21:07:15,972 - METRIC - INFO - {"loss": 0.036420177668333054, "accuracy": 0.9872722029685974, "energy_consumption": 16798.577715110645, "selected": false, "client_name": "sta3"}
2026-07-01 21:07:15,976 - METRIC - INFO - {"loss": 0.0386570543050766, "accuracy": 0.9875996708869934, "energy_consumption": 14740.532319990927, "selected": false, "client_name": "sta1"}
2026-07-01 21:07:16,021 - METRIC - INFO - {"loss": 0.043639104813337326, "accuracy": 0.9852420091629028, "energy_consumption": 15189.707113890145, "selected": false, "client_name": "sta7"}
2026-07-01 21:07:16,434 - METRIC - INFO - mean_accuracy: 0.9865857037630948

2026-07-01 21:07:16,434 - METRIC - INFO - round: 35
2026-07-01 21:07:16,434 - METRIC - INFO - n_selected: 11
2026-07-01 21:07:16,434 - METRIC - INFO - {"selected_trainers": ["sta0", "sta1", "sta10", "sta2", "sta3", "sta4", "sta5", "sta6", "sta7", "sta8", "sta9"]}
2026-07-01 21:07:21,255 - EXECUT - INFO - received weights from trainer sta8!
2026-07-01 21:07:21,416 - EXECUT - INFO - received weights from trainer sta4!
2026-07-01 21:07:25,248 - EXECUT - INFO - received weights from trainer sta10!
2026-07-01 21:07:26,760 - EXECUT - INFO - received weights from trainer sta1!
2026-07-01 21:07:26,907 - EXECUT - INFO - received weights from trainer sta0!
2026-07-01 21:07:28,055 - EXECUT - INFO - received weights from trainer sta2!
2026-07-01 21:07:28,668 - EXECUT - INFO - received weights from trainer sta6!
2026-07-01 21:07:29,257 - EXECUT - INFO - received weights from trainer sta9!
2026-07-01 21:07:29,805 - EXECUT - INFO - received weights from trainer sta3!
2026-07-01 21:07:30,638 - EXECUT - INFO - received weights from trainer sta5!
2026-07-01 21:07:30,652 - EXECUT - INFO - received weights from trainer sta7!
2026-07-01 21:07:31,175 - EXECUT - INFO - sent aggregated weights to trainers!
2026-07-01 21:07:31,460 - METRIC - INFO - {"loss": 0.04150884598493576, "accuracy": 0.9854166507720947, "energy_consumption": 22098.58667737967, "selected": false, "client_name": "sta4"}
2026-07-01 21:07:31,522 - METRIC - INFO - {"loss": 0.052636098116636276, "accuracy": 0.9862306118011475, "energy_consumption": 21769.472456323958, "selected": false, "client_name": "sta8"}
2026-07-01 21:07:31,545 - METRIC - INFO - {"loss": 0.04909780994057655, "accuracy": 0.9844253659248352, "energy_consumption": 22085.196683427406, "selected": false, "client_name": "sta2"}
2026-07-01 21:07:31,575 - METRIC - INFO - {"loss": 0.030808810144662857, "accuracy": 0.9894737005233765, "energy_consumption": 23760.946409953678, "selected": false, "client_name": "sta10"}
2026-07-01 21:07:31,627 - METRIC - INFO - {"loss": 0.03871525824069977, "accuracy": 0.9884322881698608, "energy_consumption": 18288.60509905159, "selected": false, "client_name": "sta6"}
2026-07-01 21:07:31,640 - METRIC - INFO - {"loss": 0.03515416383743286, "accuracy": 0.9879054427146912, "energy_consumption": 22596.793585591586, "selected": false, "client_name": "sta9"}
2026-07-01 21:07:31,669 - METRIC - INFO - {"loss": 0.05306481197476387, "accuracy": 0.9833671450614929, "energy_consumption": 16258.549258215227, "selected": false, "client_name": "sta0"}
2026-07-01 21:07:31,673 - METRIC - INFO - {"loss": 0.03721793740987778, "accuracy": 0.9871567487716675, "energy_consumption": 15081.426837979592, "selected": false, "client_name": "sta1"}
2026-07-01 21:07:31,693 - METRIC - INFO - {"loss": 0.03951461613178253, "accuracy": 0.9863891005516052, "energy_consumption": 17035.390507531774, "selected": false, "client_name": "sta5"}
2026-07-01 21:07:31,708 - METRIC - INFO - {"loss": 0.036300886422395706, "accuracy": 0.9881399869918823, "energy_consumption": 17207.433432410697, "selected": false, "client_name": "sta3"}
2026-07-01 21:07:31,762 - METRIC - INFO - {"loss": 0.0428563728928566, "accuracy": 0.9858323335647583, "energy_consumption": 15549.516123544088, "selected": false, "client_name": "sta7"}
2026-07-01 21:07:32,178 - METRIC - INFO - mean_accuracy: 0.9866153977134011

2026-07-01 21:07:32,178 - METRIC - INFO - round: 36
2026-07-01 21:07:32,178 - METRIC - INFO - n_selected: 11
2026-07-01 21:07:32,178 - METRIC - INFO - {"selected_trainers": ["sta0", "sta1", "sta10", "sta2", "sta3", "sta4", "sta5", "sta6", "sta7", "sta8", "sta9"]}
2026-07-01 21:07:37,024 - EXECUT - INFO - received weights from trainer sta8!
2026-07-01 21:07:37,141 - EXECUT - INFO - received weights from trainer sta4!
2026-07-01 21:07:40,942 - EXECUT - INFO - received weights from trainer sta10!
2026-07-01 21:07:42,476 - EXECUT - INFO - received weights from trainer sta1!
2026-07-01 21:07:42,558 - EXECUT - INFO - received weights from trainer sta0!
2026-07-01 21:07:43,766 - EXECUT - INFO - received weights from trainer sta2!
2026-07-01 21:07:44,499 - EXECUT - INFO - received weights from trainer sta6!
2026-07-01 21:07:45,052 - EXECUT - INFO - received weights from trainer sta9!
2026-07-01 21:07:45,560 - EXECUT - INFO - received weights from trainer sta3!
2026-07-01 21:07:46,481 - EXECUT - INFO - received weights from trainer sta5!
2026-07-01 21:07:46,517 - EXECUT - INFO - received weights from trainer sta7!
2026-07-01 21:07:46,818 - EXECUT - INFO - sent aggregated weights to trainers!
2026-07-01 21:07:47,114 - METRIC - INFO - {"loss": 0.041876137256622314, "accuracy": 0.9854166507720947, "energy_consumption": 22646.335233738875, "selected": false, "client_name": "sta4"}
2026-07-01 21:07:47,193 - METRIC - INFO - {"loss": 0.05121331661939621, "accuracy": 0.9870912432670593, "energy_consumption": 22272.507859226476, "selected": false, "client_name": "sta8"}
2026-07-01 21:07:47,201 - METRIC - INFO - {"loss": 0.046538691967725754, "accuracy": 0.9849624037742615, "energy_consumption": 22622.537317552764, "selected": false, "client_name": "sta2"}
2026-07-01 21:07:47,241 - METRIC - INFO - {"loss": 0.030384603887796402, "accuracy": 0.9886639714241028, "energy_consumption": 24334.792589859, "selected": false, "client_name": "sta10"}
2026-07-01 21:07:47,295 - METRIC - INFO - {"loss": 0.032952431589365005, "accuracy": 0.9881803393363953, "energy_consumption": 23144.180332479387, "selected": false, "client_name": "sta9"}
2026-07-01 21:07:47,322 - METRIC - INFO - {"loss": 0.04981229081749916, "accuracy": 0.9833671450614929, "energy_consumption": 16637.025590258956, "selected": false, "client_name": "sta0"}
2026-07-01 21:07:47,330 - METRIC - INFO - {"loss": 0.03993343934416771, "accuracy": 0.9869102239608765, "energy_consumption": 18724.27779680992, "selected": false, "client_name": "sta6"}
2026-07-01 21:07:47,350 - METRIC - INFO - {"loss": 0.03924378752708435, "accuracy": 0.987189769744873, "energy_consumption": 17436.641801109166, "selected": false, "client_name": "sta5"}
2026-07-01 21:07:47,362 - METRIC - INFO - {"loss": 0.03655289113521576, "accuracy": 0.9880425333976746, "energy_consumption": 15427.849322183974, "selected": false, "client_name": "sta1"}
2026-07-01 21:07:47,374 - METRIC - INFO - {"loss": 0.03564395383000374, "accuracy": 0.988718569278717, "energy_consumption": 17630.56129221958, "selected": false, "client_name": "sta3"}
2026-07-01 21:07:47,378 - METRIC - INFO - {"loss": 0.042660366743803024, "accuracy": 0.9855371713638306, "energy_consumption": 15926.233304567097, "selected": false, "client_name": "sta7"}
2026-07-01 21:07:47,821 - METRIC - INFO - mean_accuracy: 0.9867345473983071

2026-07-01 21:07:47,821 - METRIC - INFO - round: 37
2026-07-01 21:07:47,821 - METRIC - INFO - n_selected: 11
2026-07-01 21:07:47,821 - METRIC - INFO - {"selected_trainers": ["sta0", "sta1", "sta10", "sta2", "sta3", "sta4", "sta5", "sta6", "sta7", "sta8", "sta9"]}
2026-07-01 21:07:52,671 - EXECUT - INFO - received weights from trainer sta8!
2026-07-01 21:07:52,768 - EXECUT - INFO - received weights from trainer sta4!
2026-07-01 21:07:56,637 - EXECUT - INFO - received weights from trainer sta10!
2026-07-01 21:07:58,179 - EXECUT - INFO - received weights from trainer sta1!
2026-07-01 21:07:58,279 - EXECUT - INFO - received weights from trainer sta0!
2026-07-01 21:07:59,442 - EXECUT - INFO - received weights from trainer sta2!
2026-07-01 21:08:00,191 - EXECUT - INFO - received weights from trainer sta6!
2026-07-01 21:08:00,608 - EXECUT - INFO - received weights from trainer sta9!
2026-07-01 21:08:01,158 - EXECUT - INFO - received weights from trainer sta3!
2026-07-01 21:08:02,052 - EXECUT - INFO - received weights from trainer sta5!
2026-07-01 21:08:08,809 - EXECUT - INFO - received weights from trainer sta7!
2026-07-01 21:08:09,480 - EXECUT - INFO - sent aggregated weights to trainers!
2026-07-01 21:08:09,785 - METRIC - INFO - {"loss": 0.041590359061956406, "accuracy": 0.9861111044883728, "energy_consumption": 23418.417585651398, "selected": false, "client_name": "sta4"}
2026-07-01 21:08:09,858 - METRIC - INFO - {"loss": 0.050745293498039246, "accuracy": 0.9870912432670593, "energy_consumption": 23060.485345793422, "selected": false, "client_name": "sta8"}
2026-07-01 21:08:09,891 - METRIC - INFO - {"loss": 0.02966594696044922, "accuracy": 0.9898785352706909, "energy_consumption": 25035.298730154333, "selected": false, "client_name": "sta10"}
2026-07-01 21:08:09,896 - METRIC - INFO - {"loss": 0.05049216374754906, "accuracy": 0.9853955507278442, "energy_consumption": 17190.8455935736, "selected": false, "client_name": "sta0"}
2026-07-01 21:08:09,902 - METRIC - INFO - {"loss": 0.04675145819783211, "accuracy": 0.9868420958518982, "energy_consumption": 23384.664535019263, "selected": false, "client_name": "sta2"}
2026-07-01 21:08:09,946 - METRIC - INFO - {"loss": 0.03900831565260887, "accuracy": 0.9869102239608765, "energy_consumption": 19355.66866436215, "selected": false, "client_name": "sta6"}
2026-07-01 21:08:09,973 - METRIC - INFO - {"loss": 0.03614399954676628, "accuracy": 0.9876305460929871, "energy_consumption": 23832.774999347275, "selected": false, "client_name": "sta9"}
2026-07-01 21:08:09,974 - METRIC - INFO - {"loss": 0.038036003708839417, "accuracy": 0.9889282584190369, "energy_consumption": 15951.490099431538, "selected": false, "client_name": "sta1"}
2026-07-01 21:08:09,987 - METRIC - INFO - {"loss": 0.03481185808777809, "accuracy": 0.9884292483329773, "energy_consumption": 18232.385432533425, "selected": false, "client_name": "sta3"}
2026-07-01 21:08:09,996 - METRIC - INFO - {"loss": 0.04235459864139557, "accuracy": 0.9858323335647583, "energy_consumption": 16476.754419263416, "selected": false, "client_name": "sta7"}
2026-07-01 21:08:10,047 - METRIC - INFO - {"loss": 0.03779894486069679, "accuracy": 0.9877235293388367, "energy_consumption": 18044.826516319958, "selected": false, "client_name": "sta5"}
2026-07-01 21:08:10,482 - METRIC - INFO - mean_accuracy: 0.987342969937758

2026-07-01 21:08:10,482 - METRIC - INFO - round: 38
2026-07-01 21:08:10,482 - METRIC - INFO - n_selected: 11
2026-07-01 21:08:10,482 - METRIC - INFO - {"selected_trainers": ["sta0", "sta1", "sta10", "sta2", "sta3", "sta4", "sta5", "sta6", "sta7", "sta8", "sta9"]}
2026-07-01 21:08:15,475 - EXECUT - INFO - received weights from trainer sta4!
2026-07-01 21:08:16,082 - EXECUT - INFO - received weights from trainer sta8!
2026-07-01 21:08:19,274 - EXECUT - INFO - received weights from trainer sta10!
2026-07-01 21:08:20,790 - EXECUT - INFO - received weights from trainer sta1!
2026-07-01 21:08:20,939 - EXECUT - INFO - received weights from trainer sta0!
2026-07-01 21:08:22,122 - EXECUT - INFO - received weights from trainer sta2!
2026-07-01 21:08:22,825 - EXECUT - INFO - received weights from trainer sta6!
2026-07-01 21:08:23,329 - EXECUT - INFO - received weights from trainer sta9!
2026-07-01 21:08:23,777 - EXECUT - INFO - received weights from trainer sta3!
2026-07-01 21:08:24,774 - EXECUT - INFO - received weights from trainer sta5!
2026-07-01 21:08:24,792 - EXECUT - INFO - received weights from trainer sta7!
2026-07-01 21:08:25,200 - EXECUT - INFO - sent aggregated weights to trainers!
2026-07-01 21:08:25,520 - METRIC - INFO - {"loss": 0.04126587510108948, "accuracy": 0.9861111044883728, "energy_consumption": 23915.985517577657, "selected": false, "client_name": "sta4"}
2026-07-01 21:08:25,583 - METRIC - INFO - {"loss": 0.05162898078560829, "accuracy": 0.9862306118011475, "energy_consumption": 23580.00751901959, "selected": false, "client_name": "sta8"}
2026-07-01 21:08:25,625 - METRIC - INFO - {"loss": 0.04593444988131523, "accuracy": 0.9865735769271851, "energy_consumption": 23900.27279460298, "selected": false, "client_name": "sta2"}
2026-07-01 21:08:25,629 - METRIC - INFO - {"loss": 0.05022897943854332, "accuracy": 0.9853955507278442, "energy_consumption": 17542.349568174424, "selected": false, "client_name": "sta0"}
2026-07-01 21:08:25,638 - METRIC - INFO - {"loss": 0.028288472443819046, "accuracy": 0.9902834296226501, "energy_consumption": 25559.38807979389, "selected": false, "client_name": "sta10"}
2026-07-01 21:08:25,705 - METRIC - INFO - {"loss": 0.03826124966144562, "accuracy": 0.9875190258026123, "energy_consumption": 19777.011907343884, "selected": false, "client_name": "sta6"}
2026-07-01 21:08:25,705 - METRIC - INFO - {"loss": 0.03296845033764839, "accuracy": 0.9895547032356262, "energy_consumption": 24370.401955130346, "selected": false, "client_name": "sta9"}
2026-07-01 21:08:25,723 - METRIC - INFO - {"loss": 0.03574010357260704, "accuracy": 0.9867138862609863, "energy_consumption": 16281.715491917585, "selected": false, "client_name": "sta1"}
2026-07-01 21:08:25,751 - METRIC - INFO - {"loss": 0.03832753747701645, "accuracy": 0.9882572889328003, "energy_consumption": 18450.205495885635, "selected": false, "client_name": "sta5"}
2026-07-01 21:08:25,773 - METRIC - INFO - {"loss": 0.04270452260971069, "accuracy": 0.986127495765686, "energy_consumption": 16837.634572911575, "selected": false, "client_name": "sta7"}
2026-07-01 21:08:25,789 - METRIC - INFO - {"loss": 0.034179337322711945, "accuracy": 0.9881399869918823, "energy_consumption": 18609.65199577746, "selected": false, "client_name": "sta3"}
2026-07-01 21:08:26,201 - METRIC - INFO - mean_accuracy: 0.9873551509597085

2026-07-01 21:08:26,201 - METRIC - INFO - round: 39
2026-07-01 21:08:26,201 - METRIC - INFO - n_selected: 11
2026-07-01 21:08:26,201 - METRIC - INFO - {"selected_trainers": ["sta0", "sta1", "sta10", "sta2", "sta3", "sta4", "sta5", "sta6", "sta7", "sta8", "sta9"]}
2026-07-01 21:08:31,029 - EXECUT - INFO - received weights from trainer sta8!
2026-07-01 21:08:31,232 - EXECUT - INFO - received weights from trainer sta4!
2026-07-01 21:08:35,084 - EXECUT - INFO - received weights from trainer sta10!
2026-07-01 21:08:36,543 - EXECUT - INFO - received weights from trainer sta1!
2026-07-01 21:08:36,593 - EXECUT - INFO - received weights from trainer sta0!
2026-07-01 21:08:37,815 - EXECUT - INFO - received weights from trainer sta2!
2026-07-01 21:08:38,494 - EXECUT - INFO - received weights from trainer sta6!
2026-07-01 21:08:39,017 - EXECUT - INFO - received weights from trainer sta9!
2026-07-01 21:08:39,508 - EXECUT - INFO - received weights from trainer sta3!
2026-07-01 21:08:40,477 - EXECUT - INFO - received weights from trainer sta5!
2026-07-01 21:08:40,488 - EXECUT - INFO - received weights from trainer sta7!
2026-07-01 21:08:41,049 - EXECUT - INFO - sent aggregated weights to trainers!
2026-07-01 21:08:41,337 - METRIC - INFO - {"loss": 0.04005767032504082, "accuracy": 0.9854166507720947, "energy_consumption": 24455.774730846842, "selected": false, "client_name": "sta4"}
2026-07-01 21:08:41,406 - METRIC - INFO - {"loss": 0.052414003759622574, "accuracy": 0.9862306118011475, "energy_consumption": 24128.998666075713, "selected": false, "client_name": "sta8"}
2026-07-01 21:08:41,426 - METRIC - INFO - {"loss": 0.04652916640043259, "accuracy": 0.9860365390777588, "energy_consumption": 24416.041409881305, "selected": false, "client_name": "sta2"}
2026-07-01 21:08:41,511 - METRIC - INFO - {"loss": 0.03291440010070801, "accuracy": 0.9903793334960938, "energy_consumption": 24935.805936803175, "selected": false, "client_name": "sta9"}
2026-07-01 21:08:41,534 - METRIC - INFO - {"loss": 0.03791278228163719, "accuracy": 0.9881278276443481, "energy_consumption": 20211.8457535668, "selected": false, "client_name": "sta6"}
2026-07-01 21:08:41,572 - METRIC - INFO - {"loss": 0.02779899351298809, "accuracy": 0.9890688061714172, "energy_consumption": 26134.231893800366, "selected": false, "client_name": "sta10"}
2026-07-01 21:08:41,574 - METRIC - INFO - {"loss": 0.037777017802000046, "accuracy": 0.9877235293388367, "energy_consumption": 18865.86686233483, "selected": false, "client_name": "sta5"}
2026-07-01 21:08:41,608 - METRIC - INFO - {"loss": 0.03461410850286484, "accuracy": 0.9884292483329773, "energy_consumption": 19020.359716745304, "selected": false, "client_name": "sta3"}
2026-07-01 21:08:41,614 - METRIC - INFO - {"loss": 0.03708527237176895, "accuracy": 0.9871567487716675, "energy_consumption": 16662.236061365817, "selected": false, "client_name": "sta1"}
2026-07-01 21:08:41,646 - METRIC - INFO - {"loss": 0.04221643880009651, "accuracy": 0.9867178201675415, "energy_consumption": 17210.020485953177, "selected": false, "client_name": "sta7"}
2026-07-01 21:08:41,672 - METRIC - INFO - {"loss": 0.04996125400066376, "accuracy": 0.9841784834861755, "energy_consumption": 17928.798406921873, "selected": false, "client_name": "sta0"}
2026-07-01 21:08:42,050 - METRIC - INFO - mean_accuracy: 0.9872241453690962

2026-07-01 21:08:42,050 - METRIC - INFO - round: 40
2026-07-01 21:08:42,050 - METRIC - INFO - n_selected: 11
2026-07-01 21:08:42,050 - METRIC - INFO - {"selected_trainers": ["sta0", "sta1", "sta10", "sta2", "sta3", "sta4", "sta5", "sta6", "sta7", "sta8", "sta9"]}
2026-07-01 21:08:46,896 - EXECUT - INFO - received weights from trainer sta8!
2026-07-01 21:08:47,009 - EXECUT - INFO - received weights from trainer sta4!
2026-07-01 21:08:50,833 - EXECUT - INFO - received weights from trainer sta10!
2026-07-01 21:08:52,458 - EXECUT - INFO - received weights from trainer sta1!
2026-07-01 21:08:52,579 - EXECUT - INFO - received weights from trainer sta0!
2026-07-01 21:08:53,646 - EXECUT - INFO - received weights from trainer sta2!
2026-07-01 21:08:54,873 - EXECUT - INFO - received weights from trainer sta9!
2026-07-01 21:08:55,469 - EXECUT - INFO - received weights from trainer sta3!
2026-07-01 21:08:56,290 - EXECUT - INFO - received weights from trainer sta5!
2026-07-01 21:08:56,304 - EXECUT - INFO - received weights from trainer sta7!
2026-07-01 21:09:02,991 - EXECUT - INFO - received weights from trainer sta6!
2026-07-01 21:09:03,776 - EXECUT - INFO - sent aggregated weights to trainers!
2026-07-01 21:09:04,075 - METRIC - INFO - {"loss": 0.039654094725847244, "accuracy": 0.9861111044883728, "energy_consumption": 25260.481705939954, "selected": false, "client_name": "sta4"}
2026-07-01 21:09:04,217 - METRIC - INFO - {"loss": 0.0284706000238657, "accuracy": 0.9894737005233765, "energy_consumption": 26996.20105172615, "selected": false, "client_name": "sta10"}
2026-07-01 21:09:04,253 - METRIC - INFO - {"loss": 0.05044905096292496, "accuracy": 0.9858012199401855, "energy_consumption": 18503.134108907987, "selected": false, "client_name": "sta0"}
2026-07-01 21:09:04,278 - METRIC - INFO - {"loss": 0.03318663313984871, "accuracy": 0.9890049695968628, "energy_consumption": 25764.880790774325, "selected": false, "client_name": "sta9"}
2026-07-01 21:09:04,305 - METRIC - INFO - {"loss": 0.04704903066158295, "accuracy": 0.9854994416236877, "energy_consumption": 25221.79950589934, "selected": false, "client_name": "sta2"}
2026-07-01 21:09:04,318 - METRIC - INFO - {"loss": 0.052310001105070114, "accuracy": 0.9862306118011475, "energy_consumption": 24796.452823650106, "selected": false, "client_name": "sta8"}
2026-07-01 21:09:04,323 - METRIC - INFO - {"loss": 0.037670113146305084, "accuracy": 0.9877235293388367, "energy_consumption": 19469.592168692503, "selected": false, "client_name": "sta5"}
2026-07-01 21:09:04,336 - METRIC - INFO - {"loss": 0.03574217110872269, "accuracy": 0.9875996708869934, "energy_consumption": 17181.078446751155, "selected": false, "client_name": "sta1"}
2026-07-01 21:09:04,372 - METRIC - INFO - {"loss": 0.042631957679986954, "accuracy": 0.9867178201675415, "energy_consumption": 17742.975368280186, "selected": false, "client_name": "sta7"}
2026-07-01 21:09:04,416 - METRIC - INFO - {"loss": 0.037733376026153564, "accuracy": 0.9881278276443481, "energy_consumption": 20856.1493663699, "selected": false, "client_name": "sta6"}
2026-07-01 21:09:04,475 - METRIC - INFO - {"loss": 0.03479035943746567, "accuracy": 0.989297091960907, "energy_consumption": 19636.747186459746, "selected": false, "client_name": "sta3"}
2026-07-01 21:09:04,779 - METRIC - INFO - mean_accuracy: 0.9874169989065691

2026-07-01 21:09:04,779 - METRIC - INFO - round: 41
2026-07-01 21:09:04,779 - METRIC - INFO - n_selected: 11
2026-07-01 21:09:04,779 - METRIC - INFO - {"selected_trainers": ["sta0", "sta1", "sta10", "sta2", "sta3", "sta4", "sta5", "sta6", "sta7", "sta8", "sta9"]}
2026-07-01 21:09:09,723 - EXECUT - INFO - received weights from trainer sta4!
2026-07-01 21:09:10,351 - EXECUT - INFO - received weights from trainer sta8!
2026-07-01 21:09:13,637 - EXECUT - INFO - received weights from trainer sta10!
2026-07-01 21:09:15,122 - EXECUT - INFO - received weights from trainer sta1!
2026-07-01 21:09:15,283 - EXECUT - INFO - received weights from trainer sta0!
2026-07-01 21:09:16,366 - EXECUT - INFO - received weights from trainer sta2!
2026-07-01 21:09:17,106 - EXECUT - INFO - received weights from trainer sta6!
2026-07-01 21:09:17,610 - EXECUT - INFO - received weights from trainer sta9!
2026-07-01 21:09:18,187 - EXECUT - INFO - received weights from trainer sta3!
2026-07-01 21:09:19,031 - EXECUT - INFO - received weights from trainer sta7!
2026-07-01 21:09:25,673 - EXECUT - INFO - received weights from trainer sta5!
2026-07-01 21:09:26,540 - EXECUT - INFO - sent aggregated weights to trainers!
2026-07-01 21:09:26,868 - METRIC - INFO - {"loss": 0.03963460028171539, "accuracy": 0.9868055582046509, "energy_consumption": 26055.536253589424, "selected": false, "client_name": "sta4"}
2026-07-01 21:09:26,940 - METRIC - INFO - {"loss": 0.05104576796293259, "accuracy": 0.9870912432670593, "energy_consumption": 25529.586147117003, "selected": false, "client_name": "sta8"}
2026-07-01 21:09:26,962 - METRIC - INFO - {"loss": 0.045472245663404465, "accuracy": 0.9865735769271851, "energy_consumption": 25984.21396421722, "selected": false, "client_name": "sta2"}
2026-07-01 21:09:26,972 - METRIC - INFO - {"loss": 0.028014305979013443, "accuracy": 0.9890688061714172, "energy_consumption": 27808.873188506408, "selected": false, "client_name": "sta10"}
2026-07-01 21:09:27,046 - METRIC - INFO - {"loss": 0.03640853986144066, "accuracy": 0.9881399869918823, "energy_consumption": 20215.720304638784, "selected": false, "client_name": "sta3"}
2026-07-01 21:09:27,049 - METRIC - INFO - {"loss": 0.032757461071014404, "accuracy": 0.9898295998573303, "energy_consumption": 26536.159784358584, "selected": false, "client_name": "sta9"}
2026-07-01 21:09:27,054 - METRIC - INFO - {"loss": 0.038335200399160385, "accuracy": 0.9878234267234802, "energy_consumption": 21503.35883346075, "selected": false, "client_name": "sta6"}
2026-07-01 21:09:27,071 - METRIC - INFO - {"loss": 0.0494171679019928, "accuracy": 0.9858012199401855, "energy_consumption": 19049.35660985345, "selected": false, "client_name": "sta0"}
2026-07-01 21:09:27,078 - METRIC - INFO - {"loss": 0.0405634269118309, "accuracy": 0.9858323335647583, "energy_consumption": 18185.924532456724, "selected": false, "client_name": "sta7"}
2026-07-01 21:09:27,092 - METRIC - INFO - {"loss": 0.037587106227874756, "accuracy": 0.9866560101509094, "energy_consumption": 20064.87312749845, "selected": false, "client_name": "sta5"}
2026-07-01 21:09:27,116 - METRIC - INFO - {"loss": 0.03596556559205055, "accuracy": 0.9875996708869934, "energy_consumption": 17688.41767498195, "selected": false, "client_name": "sta1"}
2026-07-01 21:09:27,542 - METRIC - INFO - mean_accuracy: 0.9873837666078047

2026-07-01 21:09:27,542 - METRIC - INFO - round: 42
2026-07-01 21:09:27,542 - METRIC - INFO - n_selected: 11
2026-07-01 21:09:27,542 - METRIC - INFO - {"selected_trainers": ["sta0", "sta1", "sta10", "sta2", "sta3", "sta4", "sta5", "sta6", "sta7", "sta8", "sta9"]}
2026-07-01 21:09:32,390 - EXECUT - INFO - received weights from trainer sta8!
2026-07-01 21:09:32,481 - EXECUT - INFO - received weights from trainer sta4!
2026-07-01 21:09:36,335 - EXECUT - INFO - received weights from trainer sta10!
2026-07-01 21:09:37,911 - EXECUT - INFO - received weights from trainer sta1!
2026-07-01 21:09:38,020 - EXECUT - INFO - received weights from trainer sta0!
2026-07-01 21:09:39,129 - EXECUT - INFO - received weights from trainer sta2!
2026-07-01 21:09:39,894 - EXECUT - INFO - received weights from trainer sta6!
2026-07-01 21:09:40,394 - EXECUT - INFO - received weights from trainer sta9!
2026-07-01 21:09:40,858 - EXECUT - INFO - received weights from trainer sta3!
2026-07-01 21:09:41,738 - EXECUT - INFO - received weights from trainer sta5!
2026-07-01 21:09:41,865 - EXECUT - INFO - received weights from trainer sta7!
2026-07-01 21:09:42,262 - EXECUT - INFO - sent aggregated weights to trainers!
2026-07-01 21:09:42,579 - METRIC - INFO - {"loss": 0.039497554302215576, "accuracy": 0.9854166507720947, "energy_consumption": 26578.96154127405, "selected": false, "client_name": "sta4"}
2026-07-01 21:09:42,652 - METRIC - INFO - {"loss": 0.05441780388355255, "accuracy": 0.9862306118011475, "energy_consumption": 25997.015172241674, "selected": false, "client_name": "sta8"}
2026-07-01 21:09:42,653 - METRIC - INFO - {"loss": 0.04543241113424301, "accuracy": 0.9863050580024719, "energy_consumption": 26500.194813731818, "selected": false, "client_name": "sta2"}
2026-07-01 21:09:42,691 - METRIC - INFO - {"loss": 0.02690916880965233, "accuracy": 0.9906882643699646, "energy_consumption": 28393.20573337204, "selected": false, "client_name": "sta10"}
2026-07-01 21:09:42,757 - METRIC - INFO - {"loss": 0.032446250319480896, "accuracy": 0.9895547032356262, "energy_consumption": 27088.965838972268, "selected": false, "client_name": "sta9"}
2026-07-01 21:09:42,772 - METRIC - INFO - {"loss": 0.035580284893512726, "accuracy": 0.9871567487716675, "energy_consumption": 18037.590480990337, "selected": false, "client_name": "sta1"}
2026-07-01 21:09:42,789 - METRIC - INFO - {"loss": 0.03897448256611824, "accuracy": 0.9872146248817444, "energy_consumption": 21930.456651923374, "selected": false, "client_name": "sta6"}
2026-07-01 21:09:42,792 - METRIC - INFO - {"loss": 0.050951309502124786, "accuracy": 0.9849898815155029, "energy_consumption": 19409.439556567253, "selected": false, "client_name": "sta0"}
2026-07-01 21:09:42,798 - METRIC - INFO - {"loss": 0.03751546889543533, "accuracy": 0.9877235293388367, "energy_consumption": 20467.246306001813, "selected": false, "client_name": "sta5"}
2026-07-01 21:09:42,816 - METRIC - INFO - {"loss": 0.034089453518390656, "accuracy": 0.9878507256507874, "energy_consumption": 20615.082570522445, "selected": false, "client_name": "sta3"}
2026-07-01 21:09:42,975 - METRIC - INFO - {"loss": 0.04073527082800865, "accuracy": 0.9858323335647583, "energy_consumption": 18541.17539874448, "selected": false, "client_name": "sta7"}
2026-07-01 21:09:43,265 - METRIC - INFO - mean_accuracy: 0.987178466536782

2026-07-01 21:09:43,265 - METRIC - INFO - round: 43
2026-07-01 21:09:43,265 - METRIC - INFO - n_selected: 11
2026-07-01 21:09:43,265 - METRIC - INFO - {"selected_trainers": ["sta0", "sta1", "sta10", "sta2", "sta3", "sta4", "sta5", "sta6", "sta7", "sta8", "sta9"]}
2026-07-01 21:09:48,101 - EXECUT - INFO - received weights from trainer sta8!
2026-07-01 21:09:48,248 - EXECUT - INFO - received weights from trainer sta4!
2026-07-01 21:09:52,114 - EXECUT - INFO - received weights from trainer sta10!
2026-07-01 21:09:53,585 - EXECUT - INFO - received weights from trainer sta1!
2026-07-01 21:09:53,773 - EXECUT - INFO - received weights from trainer sta0!
2026-07-01 21:09:54,858 - EXECUT - INFO - received weights from trainer sta2!
2026-07-01 21:09:55,667 - EXECUT - INFO - received weights from trainer sta6!
2026-07-01 21:09:56,567 - EXECUT - INFO - received weights from trainer sta3!
2026-07-01 21:09:57,592 - EXECUT - INFO - received weights from trainer sta7!
2026-07-01 21:10:04,151 - EXECUT - INFO - received weights from trainer sta5!
2026-07-01 21:10:04,289 - EXECUT - INFO - received weights from trainer sta9!
2026-07-01 21:10:04,902 - EXECUT - INFO - sent aggregated weights to trainers!
2026-07-01 21:10:05,209 - METRIC - INFO - {"loss": 0.039447903633117676, "accuracy": 0.9868055582046509, "energy_consumption": 27360.06279047931, "selected": false, "client_name": "sta4"}
2026-07-01 21:10:05,271 - METRIC - INFO - {"loss": 0.05078507959842682, "accuracy": 0.9870912432670593, "energy_consumption": 26781.3386649688, "selected": false, "client_name": "sta8"}
2026-07-01 21:10:05,301 - METRIC - INFO - {"loss": 0.04563780128955841, "accuracy": 0.9860365390777588, "energy_consumption": 27290.43963058389, "selected": false, "client_name": "sta2"}
2026-07-01 21:10:05,305 - METRIC - INFO - {"loss": 0.02728418819606304, "accuracy": 0.9898785352706909, "energy_consumption": 29236.99955905341, "selected": false, "client_name": "sta10"}
2026-07-01 21:10:05,388 - METRIC - INFO - {"loss": 0.03245716169476509, "accuracy": 0.9898295998573303, "energy_consumption": 27914.85419014268, "selected": false, "client_name": "sta9"}
2026-07-01 21:10:05,392 - METRIC - INFO - {"loss": 0.03931136429309845, "accuracy": 0.9878234267234802, "energy_consumption": 22457.41142377074, "selected": false, "client_name": "sta6"}
2026-07-01 21:10:05,441 - METRIC - INFO - {"loss": 0.04976559802889824, "accuracy": 0.9845841526985168, "energy_consumption": 19956.31436456437, "selected": false, "client_name": "sta0"}
2026-07-01 21:10:05,448 - METRIC - INFO - {"loss": 0.03567378222942352, "accuracy": 0.9875996708869934, "energy_consumption": 18561.569935367865, "selected": false, "client_name": "sta1"}
2026-07-01 21:10:05,454 - METRIC - INFO - {"loss": 0.0374053530395031, "accuracy": 0.9877235293388367, "energy_consumption": 21065.471832082778, "selected": false, "client_name": "sta5"}
2026-07-01 21:10:05,459 - METRIC - INFO - {"loss": 0.03368951752781868, "accuracy": 0.9878507256507874, "energy_consumption": 21231.497605202054, "selected": false, "client_name": "sta3"}
2026-07-01 21:10:05,505 - METRIC - INFO - {"loss": 0.0414130799472332, "accuracy": 0.9864226579666138, "energy_consumption": 19085.185035744664, "selected": false, "client_name": "sta7"}
2026-07-01 21:10:05,904 - METRIC - INFO - mean_accuracy: 0.9874223308129744

2026-07-01 21:10:05,904 - METRIC - INFO - round: 44
2026-07-01 21:10:05,904 - METRIC - INFO - n_selected: 11
2026-07-01 21:10:05,904 - METRIC - INFO - {"selected_trainers": ["sta0", "sta1", "sta10", "sta2", "sta3", "sta4", "sta5", "sta6", "sta7", "sta8", "sta9"]}
2026-07-01 21:10:10,740 - EXECUT - INFO - received weights from trainer sta8!
2026-07-01 21:10:10,809 - EXECUT - INFO - received weights from trainer sta4!
2026-07-01 21:10:14,694 - EXECUT - INFO - received weights from trainer sta10!
2026-07-01 21:10:16,354 - EXECUT - INFO - received weights from trainer sta1!
2026-07-01 21:10:16,413 - EXECUT - INFO - received weights from trainer sta0!
2026-07-01 21:10:18,254 - EXECUT - INFO - received weights from trainer sta6!
2026-07-01 21:10:18,716 - EXECUT - INFO - received weights from trainer sta9!
2026-07-01 21:10:20,233 - EXECUT - INFO - received weights from trainer sta5!
2026-07-01 21:10:20,267 - EXECUT - INFO - received weights from trainer sta7!
2026-07-01 21:10:26,658 - EXECUT - INFO - received weights from trainer sta2!
2026-07-01 21:10:26,711 - EXECUT - INFO - received weights from trainer sta3!
2026-07-01 21:10:27,598 - EXECUT - INFO - sent aggregated weights to trainers!
2026-07-01 21:10:27,988 - METRIC - INFO - {"loss": 0.03907303139567375, "accuracy": 0.9861111044883728, "energy_consumption": 28018.150206089682, "selected": false, "client_name": "sta4"}
2026-07-01 21:10:28,000 - METRIC - INFO - {"loss": 0.051757823675870895, "accuracy": 0.9870912432670593, "energy_consumption": 27574.89963257385, "selected": false, "client_name": "sta8"}
2026-07-01 21:10:28,008 - METRIC - INFO - {"loss": 0.050957560539245605, "accuracy": 0.9858012199401855, "energy_consumption": 20479.479211750386, "selected": false, "client_name": "sta0"}
2026-07-01 21:10:28,012 - METRIC - INFO - {"loss": 0.04430606961250305, "accuracy": 0.9860365390777588, "energy_consumption": 28046.16044987758, "selected": false, "client_name": "sta2"}
2026-07-01 21:10:28,020 - METRIC - INFO - {"loss": 0.026210766285657883, "accuracy": 0.9898785352706909, "energy_consumption": 30053.923112261604, "selected": false, "client_name": "sta10"}
2026-07-01 21:10:28,080 - METRIC - INFO - {"loss": 0.032799530774354935, "accuracy": 0.9895547032356262, "energy_consumption": 28725.932367676734, "selected": false, "client_name": "sta9"}
2026-07-01 21:10:28,096 - METRIC - INFO - {"loss": 0.03530978411436081, "accuracy": 0.9884853959083557, "energy_consumption": 19060.31615798892, "selected": false, "client_name": "sta1"}
2026-07-01 21:10:28,106 - METRIC - INFO - {"loss": 0.037774067372083664, "accuracy": 0.9881278276443481, "energy_consumption": 23110.583707087906, "selected": false, "client_name": "sta6"}
2026-07-01 21:10:28,128 - METRIC - INFO - {"loss": 0.037474747747182846, "accuracy": 0.9874566197395325, "energy_consumption": 21570.333624159768, "selected": false, "client_name": "sta5"}
2026-07-01 21:10:28,135 - METRIC - INFO - {"loss": 0.03423561900854111, "accuracy": 0.9884292483329773, "energy_consumption": 21815.5786926695, "selected": false, "client_name": "sta3"}
2026-07-01 21:10:28,187 - METRIC - INFO - {"loss": 0.04107195511460304, "accuracy": 0.9867178201675415, "energy_consumption": 19613.963044232696, "selected": false, "client_name": "sta7"}
2026-07-01 21:10:28,599 - METRIC - INFO - mean_accuracy: 0.9876082051884044

2026-07-01 21:10:28,599 - METRIC - INFO - round: 45
2026-07-01 21:10:28,599 - METRIC - INFO - n_selected: 11
2026-07-01 21:10:28,599 - METRIC - INFO - {"selected_trainers": ["sta0", "sta1", "sta10", "sta2", "sta3", "sta4", "sta5", "sta6", "sta7", "sta8", "sta9"]}
2026-07-01 21:10:33,461 - EXECUT - INFO - received weights from trainer sta8!
2026-07-01 21:10:33,571 - EXECUT - INFO - received weights from trainer sta4!
2026-07-01 21:10:37,369 - EXECUT - INFO - received weights from trainer sta10!
2026-07-01 21:10:38,907 - EXECUT - INFO - received weights from trainer sta1!
2026-07-01 21:10:39,068 - EXECUT - INFO - received weights from trainer sta0!
2026-07-01 21:10:40,191 - EXECUT - INFO - received weights from trainer sta2!
2026-07-01 21:10:40,898 - EXECUT - INFO - received weights from trainer sta6!
2026-07-01 21:10:41,419 - EXECUT - INFO - received weights from trainer sta9!
2026-07-01 21:10:41,919 - EXECUT - INFO - received weights from trainer sta3!
2026-07-01 21:10:42,806 - EXECUT - INFO - received weights from trainer sta5!
2026-07-01 21:10:42,922 - EXECUT - INFO - received weights from trainer sta7!
2026-07-01 21:10:43,243 - EXECUT - INFO - sent aggregated weights to trainers!
2026-07-01 21:10:43,531 - METRIC - INFO - {"loss": 0.03920460119843483, "accuracy": 0.9861111044883728, "energy_consumption": 28538.71747987227, "selected": false, "client_name": "sta4"}
2026-07-01 21:10:43,614 - METRIC - INFO - {"loss": 0.05161670595407486, "accuracy": 0.9870912432670593, "energy_consumption": 28090.49926714541, "selected": false, "client_name": "sta8"}
2026-07-01 21:10:43,647 - METRIC - INFO - {"loss": 0.026083359494805336, "accuracy": 0.9898785352706909, "energy_consumption": 30620.316907266817, "selected": false, "client_name": "sta10"}
2026-07-01 21:10:43,651 - METRIC - INFO - {"loss": 0.04447665810585022, "accuracy": 0.9868420958518982, "energy_consumption": 28562.10391731838, "selected": false, "client_name": "sta2"}
2026-07-01 21:10:43,729 - METRIC - INFO - {"loss": 0.03224799782037735, "accuracy": 0.9892798066139221, "energy_consumption": 29280.567718852977, "selected": false, "client_name": "sta9"}
2026-07-01 21:10:43,730 - METRIC - INFO - {"loss": 0.04964248090982437, "accuracy": 0.9853955507278442, "energy_consumption": 20846.41681755623, "selected": false, "client_name": "sta0"}
2026-07-01 21:10:43,736 - METRIC - INFO - {"loss": 0.04891429468989372, "accuracy": 0.9838660359382629, "energy_consumption": 23556.74877852979, "selected": false, "client_name": "sta6"}
2026-07-01 21:10:43,784 - METRIC - INFO - {"loss": 0.03673403710126877, "accuracy": 0.9879903793334961, "energy_consumption": 21950.32084465444, "selected": false, "client_name": "sta5"}
2026-07-01 21:10:43,814 - METRIC - INFO - {"loss": 0.0345740020275116, "accuracy": 0.9878507256507874, "energy_consumption": 22217.9745193573, "selected": false, "client_name": "sta3"}
2026-07-01 21:10:43,844 - METRIC - INFO - {"loss": 0.03582689166069031, "accuracy": 0.9880425333976746, "energy_consumption": 19377.506113030075, "selected": false, "client_name": "sta1"}
2026-07-01 21:10:43,844 - METRIC - INFO - {"loss": 0.04109553247690201, "accuracy": 0.9867178201675415, "energy_consumption": 19968.02275488505, "selected": false, "client_name": "sta7"}
2026-07-01 21:10:44,244 - METRIC - INFO - mean_accuracy: 0.9871878027915955

2026-07-01 21:10:44,244 - METRIC - INFO - round: 46
2026-07-01 21:10:44,244 - METRIC - INFO - n_selected: 11
2026-07-01 21:10:44,244 - METRIC - INFO - {"selected_trainers": ["sta0", "sta1", "sta10", "sta2", "sta3", "sta4", "sta5", "sta6", "sta7", "sta8", "sta9"]}
2026-07-01 21:10:49,101 - EXECUT - INFO - received weights from trainer sta8!
2026-07-01 21:10:49,226 - EXECUT - INFO - received weights from trainer sta4!
2026-07-01 21:10:53,017 - EXECUT - INFO - received weights from trainer sta10!
2026-07-01 21:10:54,610 - EXECUT - INFO - received weights from trainer sta1!
2026-07-01 21:10:54,720 - EXECUT - INFO - received weights from trainer sta0!
2026-07-01 21:10:55,864 - EXECUT - INFO - received weights from trainer sta2!
2026-07-01 21:10:56,593 - EXECUT - INFO - received weights from trainer sta6!
2026-07-01 21:10:57,085 - EXECUT - INFO - received weights from trainer sta9!
2026-07-01 21:10:57,594 - EXECUT - INFO - received weights from trainer sta3!
2026-07-01 21:10:58,525 - EXECUT - INFO - received weights from trainer sta7!
2026-07-01 21:10:58,542 - EXECUT - INFO - received weights from trainer sta5!
2026-07-01 21:10:58,992 - EXECUT - INFO - sent aggregated weights to trainers!
2026-07-01 21:10:59,300 - METRIC - INFO - {"loss": 0.03825761005282402, "accuracy": 0.9861111044883728, "energy_consumption": 29083.952740918678, "selected": false, "client_name": "sta4"}
2026-07-01 21:10:59,380 - METRIC - INFO - {"loss": 0.05165877938270569, "accuracy": 0.9862306118011475, "energy_consumption": 28598.414719135802, "selected": false, "client_name": "sta8"}
2026-07-01 21:10:59,407 - METRIC - INFO - {"loss": 0.026833726093173027, "accuracy": 0.9906882643699646, "energy_consumption": 31189.558619906453, "selected": false, "client_name": "sta10"}
2026-07-01 21:10:59,409 - METRIC - INFO - {"loss": 0.05069343373179436, "accuracy": 0.9833671450614929, "energy_consumption": 21239.60671573543, "selected": false, "client_name": "sta0"}
2026-07-01 21:10:59,417 - METRIC - INFO - {"loss": 0.04473000764846802, "accuracy": 0.9865735769271851, "energy_consumption": 29107.400392572887, "selected": false, "client_name": "sta2"}
2026-07-01 21:10:59,483 - METRIC - INFO - {"loss": 0.032154325395822525, "accuracy": 0.9898295998573303, "energy_consumption": 29833.388963009398, "selected": false, "client_name": "sta9"}
2026-07-01 21:10:59,486 - METRIC - INFO - {"loss": 0.03820115700364113, "accuracy": 0.9879903793334961, "energy_consumption": 22365.317277542177, "selected": false, "client_name": "sta5"}
2026-07-01 21:10:59,494 - METRIC - INFO - {"loss": 0.03544951230287552, "accuracy": 0.9880425333976746, "energy_consumption": 19753.16808765781, "selected": false, "client_name": "sta1"}
2026-07-01 21:10:59,497 - METRIC - INFO - {"loss": 0.036982011049985886, "accuracy": 0.9890410900115967, "energy_consumption": 24000.9553498044, "selected": false, "client_name": "sta6"}
2026-07-01 21:10:59,579 - METRIC - INFO - {"loss": 0.03386490046977997, "accuracy": 0.9884292483329773, "energy_consumption": 22625.22911950024, "selected": false, "client_name": "sta3"}
2026-07-01 21:10:59,603 - METRIC - INFO - {"loss": 0.04114581272006035, "accuracy": 0.9870129823684692, "energy_consumption": 20339.041852018305, "selected": false, "client_name": "sta7"}
2026-07-01 21:10:59,994 - METRIC - INFO - mean_accuracy: 0.9875742305408824

2026-07-01 21:10:59,994 - METRIC - INFO - round: 47
2026-07-01 21:10:59,994 - METRIC - INFO - n_selected: 11
2026-07-01 21:10:59,994 - METRIC - INFO - {"selected_trainers": ["sta0", "sta1", "sta10", "sta2", "sta3", "sta4", "sta5", "sta6", "sta7", "sta8", "sta9"]}
2026-07-01 21:11:04,829 - EXECUT - INFO - received weights from trainer sta8!
2026-07-01 21:11:04,978 - EXECUT - INFO - received weights from trainer sta4!
2026-07-01 21:11:08,822 - EXECUT - INFO - received weights from trainer sta10!
2026-07-01 21:11:10,368 - EXECUT - INFO - received weights from trainer sta1!
2026-07-01 21:11:10,410 - EXECUT - INFO - received weights from trainer sta0!
2026-07-01 21:11:11,610 - EXECUT - INFO - received weights from trainer sta2!
2026-07-01 21:11:12,355 - EXECUT - INFO - received weights from trainer sta6!
2026-07-01 21:11:12,832 - EXECUT - INFO - received weights from trainer sta9!
2026-07-01 21:11:13,298 - EXECUT - INFO - received weights from trainer sta3!
2026-07-01 21:11:14,235 - EXECUT - INFO - received weights from trainer sta5!
2026-07-01 21:11:14,298 - EXECUT - INFO - received weights from trainer sta7!
2026-07-01 21:11:14,777 - EXECUT - INFO - sent aggregated weights to trainers!
2026-07-01 21:11:15,075 - METRIC - INFO - {"loss": 0.03856246918439865, "accuracy": 0.9868055582046509, "energy_consumption": 29609.38570786867, "selected": false, "client_name": "sta4"}
2026-07-01 21:11:15,169 - METRIC - INFO - {"loss": 0.05377468466758728, "accuracy": 0.9870912432670593, "energy_consumption": 29127.452388099086, "selected": false, "client_name": "sta8"}
2026-07-01 21:11:15,182 - METRIC - INFO - {"loss": 0.026740891858935356, "accuracy": 0.9906882643699646, "energy_consumption": 31772.29139403734, "selected": false, "client_name": "sta10"}
2026-07-01 21:11:15,192 - METRIC - INFO - {"loss": 0.04456685483455658, "accuracy": 0.9860365390777588, "energy_consumption": 29647.032107084706, "selected": false, "client_name": "sta2"}
2026-07-01 21:11:15,274 - METRIC - INFO - {"loss": 0.048193544149398804, "accuracy": 0.9853955507278442, "energy_consumption": 21625.021354721346, "selected": false, "client_name": "sta0"}
2026-07-01 21:11:15,276 - METRIC - INFO - {"loss": 0.03786645084619522, "accuracy": 0.9887366890907288, "energy_consumption": 24420.50904824789, "selected": false, "client_name": "sta6"}
2026-07-01 21:11:15,337 - METRIC - INFO - {"loss": 0.0409281961619854, "accuracy": 0.9867178201675415, "energy_consumption": 20713.029039024394, "selected": false, "client_name": "sta7"}
2026-07-01 21:11:15,344 - METRIC - INFO - {"loss": 0.032991476356983185, "accuracy": 0.9881399869918823, "energy_consumption": 22924.209143131193, "selected": false, "client_name": "sta3"}
2026-07-01 21:11:15,374 - METRIC - INFO - {"loss": 0.035652678459882736, "accuracy": 0.9884853959083557, "energy_consumption": 20133.74191231656, "selected": false, "client_name": "sta1"}
2026-07-01 21:11:15,377 - METRIC - INFO - {"loss": 0.03151416778564453, "accuracy": 0.9903793334960938, "energy_consumption": 30378.15115935257, "selected": false, "client_name": "sta9"}
2026-07-01 21:11:15,429 - METRIC - INFO - {"loss": 0.0377461314201355, "accuracy": 0.987189769744873, "energy_consumption": 22779.91628878978, "selected": false, "client_name": "sta5"}
2026-07-01 21:11:15,778 - METRIC - INFO - mean_accuracy: 0.9877878319133412

2026-07-01 21:11:15,778 - METRIC - INFO - round: 48
2026-07-01 21:11:15,778 - METRIC - INFO - n_selected: 11
2026-07-01 21:11:15,778 - METRIC - INFO - {"selected_trainers": ["sta0", "sta1", "sta10", "sta2", "sta3", "sta4", "sta5", "sta6", "sta7", "sta8", "sta9"]}
2026-07-01 21:11:20,646 - EXECUT - INFO - received weights from trainer sta8!
2026-07-01 21:11:20,740 - EXECUT - INFO - received weights from trainer sta4!
2026-07-01 21:11:24,638 - EXECUT - INFO - received weights from trainer sta10!
2026-07-01 21:11:26,095 - EXECUT - INFO - received weights from trainer sta1!
2026-07-01 21:11:26,286 - EXECUT - INFO - received weights from trainer sta0!
2026-07-01 21:11:27,323 - EXECUT - INFO - received weights from trainer sta2!
2026-07-01 21:11:28,102 - EXECUT - INFO - received weights from trainer sta6!
2026-07-01 21:11:28,599 - EXECUT - INFO - received weights from trainer sta9!
2026-07-01 21:11:29,170 - EXECUT - INFO - received weights from trainer sta3!
2026-07-01 21:11:30,087 - EXECUT - INFO - received weights from trainer sta5!
2026-07-01 21:11:30,133 - EXECUT - INFO - received weights from trainer sta7!
2026-07-01 21:11:30,452 - EXECUT - INFO - sent aggregated weights to trainers!
2026-07-01 21:11:30,749 - METRIC - INFO - {"loss": 0.03819689899682999, "accuracy": 0.9868055582046509, "energy_consumption": 30159.042796173395, "selected": false, "client_name": "sta4"}
2026-07-01 21:11:30,821 - METRIC - INFO - {"loss": 0.05207974463701248, "accuracy": 0.9870912432670593, "energy_consumption": 29636.280937090753, "selected": false, "client_name": "sta8"}
2026-07-01 21:11:30,863 - METRIC - INFO - {"loss": 0.026938706636428833, "accuracy": 0.991093099117279, "energy_consumption": 32371.930425280563, "selected": false, "client_name": "sta10"}
2026-07-01 21:11:30,864 - METRIC - INFO - {"loss": 0.04581063985824585, "accuracy": 0.9857680201530457, "energy_consumption": 30059.857203969477, "selected": false, "client_name": "sta2"}
2026-07-01 21:11:30,936 - METRIC - INFO - {"loss": 0.03137151151895523, "accuracy": 0.9903793334960938, "energy_consumption": 30929.606487673493, "selected": false, "client_name": "sta9"}
2026-07-01 21:11:30,958 - METRIC - INFO - {"loss": 0.049215167760849, "accuracy": 0.9853955507278442, "energy_consumption": 21998.42357479131, "selected": false, "client_name": "sta0"}
2026-07-01 21:11:30,963 - METRIC - INFO - {"loss": 0.0381733700633049, "accuracy": 0.9875190258026123, "energy_consumption": 24845.73884891749, "selected": false, "client_name": "sta6"}
2026-07-01 21:11:30,964 - METRIC - INFO - {"loss": 0.03514030948281288, "accuracy": 0.9884853959083557, "energy_consumption": 20495.262484224226, "selected": false, "client_name": "sta1"}
2026-07-01 21:11:30,976 - METRIC - INFO - {"loss": 0.03685321658849716, "accuracy": 0.9874566197395325, "energy_consumption": 23173.604405994207, "selected": false, "client_name": "sta5"}
2026-07-01 21:11:30,999 - METRIC - INFO - {"loss": 0.03509064018726349, "accuracy": 0.9872722029685974, "energy_consumption": 23354.057972850253, "selected": false, "client_name": "sta3"}
2026-07-01 21:11:31,013 - METRIC - INFO - {"loss": 0.03983643651008606, "accuracy": 0.9864226579666138, "energy_consumption": 21082.48634091327, "selected": false, "client_name": "sta7"}
2026-07-01 21:11:31,453 - METRIC - INFO - mean_accuracy: 0.9876080643046986

2026-07-01 21:11:31,453 - METRIC - INFO - round: 49
2026-07-01 21:11:31,453 - METRIC - INFO - n_selected: 11
2026-07-01 21:11:31,453 - METRIC - INFO - {"selected_trainers": ["sta0", "sta1", "sta10", "sta2", "sta3", "sta4", "sta5", "sta6", "sta7", "sta8", "sta9"]}
2026-07-01 21:11:36,313 - EXECUT - INFO - received weights from trainer sta8!
2026-07-01 21:11:36,439 - EXECUT - INFO - received weights from trainer sta4!
2026-07-01 21:11:40,251 - EXECUT - INFO - received weights from trainer sta10!
2026-07-01 21:11:41,713 - EXECUT - INFO - received weights from trainer sta1!
2026-07-01 21:11:43,153 - EXECUT - INFO - received weights from trainer sta2!
2026-07-01 21:11:43,821 - EXECUT - INFO - received weights from trainer sta6!
2026-07-01 21:11:44,265 - EXECUT - INFO - received weights from trainer sta9!
2026-07-01 21:11:44,730 - EXECUT - INFO - received weights from trainer sta3!
2026-07-01 21:11:45,643 - EXECUT - INFO - received weights from trainer sta5!
2026-07-01 21:11:45,770 - EXECUT - INFO - received weights from trainer sta7!
2026-07-01 21:11:52,099 - EXECUT - INFO - received weights from trainer sta0!
2026-07-01 21:11:53,075 - EXECUT - INFO - sent aggregated weights to trainers!
2026-07-01 21:11:53,375 - METRIC - INFO - {"loss": 0.03802913427352905, "accuracy": 0.9854166507720947, "energy_consumption": 30945.759112751577, "selected": false, "client_name": "sta4"}
2026-07-01 21:11:53,464 - METRIC - INFO - {"loss": 0.05174825340509415, "accuracy": 0.9870912432670593, "energy_consumption": 30374.693402293306, "selected": false, "client_name": "sta8"}
2026-07-01 21:11:53,500 - METRIC - INFO - {"loss": 0.04514268785715103, "accuracy": 0.9863050580024719, "energy_consumption": 30851.55269561732, "selected": false, "client_name": "sta2"}
2026-07-01 21:11:53,508 - METRIC - INFO - {"loss": 0.02541719749569893, "accuracy": 0.9906882643699646, "energy_consumption": 33211.480330868784, "selected": false, "client_name": "sta10"}
2026-07-01 21:11:53,527 - METRIC - INFO - {"loss": 0.04994382709264755, "accuracy": 0.9853955507278442, "energy_consumption": 22587.559597309875, "selected": false, "client_name": "sta0"}
2026-07-01 21:11:53,588 - METRIC - INFO - {"loss": 0.037503134459257126, "accuracy": 0.9881278276443481, "energy_consumption": 25481.088281821278, "selected": false, "client_name": "sta6"}
2026-07-01 21:11:53,621 - METRIC - INFO - {"loss": 0.03295694664120674, "accuracy": 0.9881399869918823, "energy_consumption": 23948.27627007827, "selected": false, "client_name": "sta3"}
2026-07-01 21:11:53,630 - METRIC - INFO - {"loss": 0.03647167980670929, "accuracy": 0.9874566197395325, "energy_consumption": 23796.722950123232, "selected": false, "client_name": "sta5"}
2026-07-01 21:11:53,632 - METRIC - INFO - {"loss": 0.034629371017217636, "accuracy": 0.9880425333976746, "energy_consumption": 20953.69205865414, "selected": false, "client_name": "sta1"}
2026-07-01 21:11:53,646 - METRIC - INFO - {"loss": 0.04212420806288719, "accuracy": 0.9855371713638306, "energy_consumption": 21627.801489695827, "selected": false, "client_name": "sta7"}
2026-07-01 21:11:53,736 - METRIC - INFO - {"loss": 0.03154890239238739, "accuracy": 0.9903793334960938, "energy_consumption": 31758.428486896126, "selected": false, "client_name": "sta9"}
2026-07-01 21:11:54,076 - METRIC - INFO - mean_accuracy: 0.9875072945247997

2026-07-01 21:11:54,076 - METRIC - INFO - round: 50
2026-07-01 21:11:54,076 - METRIC - INFO - n_selected: 11
2026-07-01 21:11:54,076 - METRIC - INFO - {"selected_trainers": ["sta0", "sta1", "sta10", "sta2", "sta3", "sta4", "sta5", "sta6", "sta7", "sta8", "sta9"]}
2026-07-01 21:11:58,922 - EXECUT - INFO - received weights from trainer sta8!
2026-07-01 21:11:59,051 - EXECUT - INFO - received weights from trainer sta4!
2026-07-01 21:12:02,919 - EXECUT - INFO - received weights from trainer sta10!
2026-07-01 21:12:04,357 - EXECUT - INFO - received weights from trainer sta1!
2026-07-01 21:12:04,558 - EXECUT - INFO - received weights from trainer sta0!
2026-07-01 21:12:05,683 - EXECUT - INFO - received weights from trainer sta2!
2026-07-01 21:12:06,399 - EXECUT - INFO - received weights from trainer sta6!
2026-07-01 21:12:06,940 - EXECUT - INFO - received weights from trainer sta9!
2026-07-01 21:12:07,377 - EXECUT - INFO - received weights from trainer sta3!
2026-07-01 21:12:08,347 - EXECUT - INFO - received weights from trainer sta7!
2026-07-01 21:12:08,408 - EXECUT - INFO - received weights from trainer sta5!
2026-07-01 21:12:08,805 - EXECUT - INFO - sent aggregated weights to trainers!
2026-07-01 21:12:09,086 - METRIC - INFO - {"loss": 0.037496618926525116, "accuracy": 0.987500011920929, "energy_consumption": 31496.73975587016, "selected": false, "client_name": "sta4"}
2026-07-01 21:12:09,161 - METRIC - INFO - {"loss": 0.05272702872753143, "accuracy": 0.9862306118011475, "energy_consumption": 30871.01603197346, "selected": false, "client_name": "sta8"}
2026-07-01 21:12:09,168 - METRIC - INFO - {"loss": 0.04579629749059677, "accuracy": 0.9865735769271851, "energy_consumption": 31370.255509503335, "selected": false, "client_name": "sta2"}
2026-07-01 21:12:09,272 - METRIC - INFO - {"loss": 0.03691684827208519, "accuracy": 0.9881278276443481, "energy_consumption": 25919.6777341283, "selected": false, "client_name": "sta6"}
2026-07-01 21:12:09,278 - METRIC - INFO - {"loss": 0.0319422222673893, "accuracy": 0.9901044368743896, "energy_consumption": 32306.467844731258, "selected": false, "client_name": "sta9"}
2026-07-01 21:12:09,294 - METRIC - INFO - {"loss": 0.03442689776420593, "accuracy": 0.9884853959083557, "energy_consumption": 21269.138721000978, "selected": false, "client_name": "sta1"}
2026-07-01 21:12:09,305 - METRIC - INFO - {"loss": 0.02627560682594776, "accuracy": 0.9898785352706909, "energy_consumption": 33740.05355286573, "selected": false, "client_name": "sta10"}
2026-07-01 21:12:09,317 - METRIC - INFO - {"loss": 0.03684470057487488, "accuracy": 0.9877235293388367, "energy_consumption": 24209.768350156188, "selected": false, "client_name": "sta5"}
2026-07-01 21:12:09,357 - METRIC - INFO - {"loss": 0.033606793731451035, "accuracy": 0.9881399869918823, "energy_consumption": 24342.813712133113, "selected": false, "client_name": "sta3"}
2026-07-01 21:12:09,390 - METRIC - INFO - {"loss": 0.04215116798877716, "accuracy": 0.9855371713638306, "energy_consumption": 21975.14197444005, "selected": false, "client_name": "sta7"}
2026-07-01 21:12:09,442 - METRIC - INFO - {"loss": 0.050399355590343475, "accuracy": 0.9849898815155029, "energy_consumption": 22971.33165067313, "selected": false, "client_name": "sta0"}
2026-07-01 21:12:09,808 - METRIC - INFO - mean_accuracy: 0.9875719059597362

2026-07-01 21:12:09,808 - METRIC - INFO - round: 51
2026-07-01 21:12:09,808 - METRIC - INFO - n_selected: 11
2026-07-01 21:12:09,808 - METRIC - INFO - {"selected_trainers": ["sta0", "sta1", "sta10", "sta2", "sta3", "sta4", "sta5", "sta6", "sta7", "sta8", "sta9"]}
2026-07-01 21:12:14,638 - EXECUT - INFO - received weights from trainer sta8!
2026-07-01 21:12:14,797 - EXECUT - INFO - received weights from trainer sta4!
2026-07-01 21:12:18,590 - EXECUT - INFO - received weights from trainer sta10!
2026-07-01 21:12:20,183 - EXECUT - INFO - received weights from trainer sta1!
2026-07-01 21:12:20,254 - EXECUT - INFO - received weights from trainer sta0!
2026-07-01 21:12:21,400 - EXECUT - INFO - received weights from trainer sta2!
2026-07-01 21:12:22,179 - EXECUT - INFO - received weights from trainer sta6!
2026-07-01 21:12:22,628 - EXECUT - INFO - received weights from trainer sta9!
2026-07-01 21:12:23,203 - EXECUT - INFO - received weights from trainer sta3!
2026-07-01 21:12:24,060 - EXECUT - INFO - received weights from trainer sta5!
2026-07-01 21:12:24,168 - EXECUT - INFO - received weights from trainer sta7!
2026-07-01 21:12:24,520 - EXECUT - INFO - sent aggregated weights to trainers!
2026-07-01 21:12:24,811 - METRIC - INFO - {"loss": 0.039697643369436264, "accuracy": 0.9854166507720947, "energy_consumption": 32023.311107825884, "selected": false, "client_name": "sta4"}
2026-07-01 21:12:24,869 - METRIC - INFO - {"loss": 0.05112544447183609, "accuracy": 0.9870912432670593, "energy_consumption": 31374.071900564508, "selected": false, "client_name": "sta8"}
2026-07-01 21:12:24,922 - METRIC - INFO - {"loss": 0.02678862400352955, "accuracy": 0.9914979934692383, "energy_consumption": 34301.11081239528, "selected": false, "client_name": "sta10"}
2026-07-01 21:12:24,947 - METRIC - INFO - {"loss": 0.04926500841975212, "accuracy": 0.9849898815155029, "energy_consumption": 23374.10325658044, "selected": false, "client_name": "sta0"}
2026-07-01 21:12:24,983 - METRIC - INFO - {"loss": 0.034999895840883255, "accuracy": 0.9880425333976746, "energy_consumption": 21611.698892453485, "selected": false, "client_name": "sta1"}
2026-07-01 21:12:24,986 - METRIC - INFO - {"loss": 0.03139766678214073, "accuracy": 0.9903793334960938, "energy_consumption": 32861.381210317435, "selected": false, "client_name": "sta9"}
2026-07-01 21:12:24,988 - METRIC - INFO - {"loss": 0.03659841790795326, "accuracy": 0.9887366890907288, "energy_consumption": 26365.63680027489, "selected": false, "client_name": "sta6"}
2026-07-01 21:12:25,037 - METRIC - INFO - {"loss": 0.03732162341475487, "accuracy": 0.9877235293388367, "energy_consumption": 24618.861432867932, "selected": false, "client_name": "sta5"}
2026-07-01 21:12:25,061 - METRIC - INFO - {"loss": 0.032509248703718185, "accuracy": 0.9878507256507874, "energy_consumption": 24756.4056139896, "selected": false, "client_name": "sta3"}
2026-07-01 21:12:25,077 - METRIC - INFO - {"loss": 0.04556037485599518, "accuracy": 0.9863050580024719, "energy_consumption": 31881.89604731756, "selected": false, "client_name": "sta2"}
2026-07-01 21:12:25,108 - METRIC - INFO - {"loss": 0.04080986976623535, "accuracy": 0.9867178201675415, "energy_consumption": 22344.196654358664, "selected": false, "client_name": "sta7"}
2026-07-01 21:12:25,522 - METRIC - INFO - mean_accuracy: 0.9877046780152754

2026-07-01 21:12:25,522 - METRIC - INFO - round: 52
2026-07-01 21:12:25,522 - METRIC - INFO - n_selected: 11
2026-07-01 21:12:25,522 - METRIC - INFO - {"selected_trainers": ["sta0", "sta1", "sta10", "sta2", "sta3", "sta4", "sta5", "sta6", "sta7", "sta8", "sta9"]}
2026-07-01 21:12:30,372 - EXECUT - INFO - received weights from trainer sta8!
2026-07-01 21:12:30,487 - EXECUT - INFO - received weights from trainer sta4!
2026-07-01 21:12:34,372 - EXECUT - INFO - received weights from trainer sta10!
2026-07-01 21:12:35,814 - EXECUT - INFO - received weights from trainer sta1!
2026-07-01 21:12:36,035 - EXECUT - INFO - received weights from trainer sta0!
2026-07-01 21:12:37,182 - EXECUT - INFO - received weights from trainer sta2!
2026-07-01 21:12:37,892 - EXECUT - INFO - received weights from trainer sta6!
2026-07-01 21:12:38,389 - EXECUT - INFO - received weights from trainer sta9!
2026-07-01 21:12:38,901 - EXECUT - INFO - received weights from trainer sta3!
2026-07-01 21:12:39,801 - EXECUT - INFO - received weights from trainer sta7!
2026-07-01 21:12:39,824 - EXECUT - INFO - received weights from trainer sta5!
2026-07-01 21:12:40,250 - EXECUT - INFO - sent aggregated weights to trainers!
2026-07-01 21:12:40,545 - METRIC - INFO - {"loss": 0.037560079246759415, "accuracy": 0.987500011920929, "energy_consumption": 32543.838788525136, "selected": false, "client_name": "sta4"}
2026-07-01 21:12:40,609 - METRIC - INFO - {"loss": 0.05206979438662529, "accuracy": 0.9862306118011475, "energy_consumption": 31910.43151284735, "selected": false, "client_name": "sta8"}
2026-07-01 21:12:40,644 - METRIC - INFO - {"loss": 0.02663234993815422, "accuracy": 0.9914979934692383, "energy_consumption": 34851.70671389879, "selected": false, "client_name": "sta10"}
2026-07-01 21:12:40,645 - METRIC - INFO - {"loss": 0.044986072927713394, "accuracy": 0.9868420958518982, "energy_consumption": 32365.78770827239, "selected": false, "client_name": "sta2"}
2026-07-01 21:12:40,663 - METRIC - INFO - {"loss": 0.04838917776942253, "accuracy": 0.9853955507278442, "energy_consumption": 23791.03127394072, "selected": false, "client_name": "sta0"}
2026-07-01 21:12:40,707 - METRIC - INFO - {"loss": 0.03710205480456352, "accuracy": 0.9881278276443481, "energy_consumption": 26795.93274494406, "selected": false, "client_name": "sta6"}
2026-07-01 21:12:40,713 - METRIC - INFO - {"loss": 0.03738582879304886, "accuracy": 0.9877235293388367, "energy_consumption": 25030.77972893168, "selected": false, "client_name": "sta5"}
2026-07-01 21:12:40,723 - METRIC - INFO - {"loss": 0.03198178857564926, "accuracy": 0.9903793334960938, "energy_consumption": 33411.21728565634, "selected": false, "client_name": "sta9"}
2026-07-01 21:12:40,799 - METRIC - INFO - {"loss": 0.035896819084882736, "accuracy": 0.9875996708869934, "energy_consumption": 21978.471291863047, "selected": false, "client_name": "sta1"}
2026-07-01 21:12:40,809 - METRIC - INFO - {"loss": 0.03277260437607765, "accuracy": 0.9884292483329773, "energy_consumption": 25172.94029670229, "selected": false, "client_name": "sta3"}
2026-07-01 21:12:40,838 - METRIC - INFO - {"loss": 0.041661426424980164, "accuracy": 0.986127495765686, "energy_consumption": 22716.377001815068, "selected": false, "client_name": "sta7"}
2026-07-01 21:12:41,252 - METRIC - INFO - mean_accuracy: 0.9878048517487266

2026-07-01 21:12:41,253 - METRIC - INFO - round: 53
2026-07-01 21:12:41,253 - METRIC - INFO - n_selected: 11
2026-07-01 21:12:41,253 - METRIC - INFO - {"selected_trainers": ["sta0", "sta1", "sta10", "sta2", "sta3", "sta4", "sta5", "sta6", "sta7", "sta8", "sta9"]}
2026-07-01 21:12:46,078 - EXECUT - INFO - received weights from trainer sta8!
2026-07-01 21:12:46,300 - EXECUT - INFO - received weights from trainer sta4!
2026-07-01 21:12:50,132 - EXECUT - INFO - received weights from trainer sta10!
2026-07-01 21:12:51,615 - EXECUT - INFO - received weights from trainer sta1!
2026-07-01 21:12:51,688 - EXECUT - INFO - received weights from trainer sta0!
2026-07-01 21:12:52,909 - EXECUT - INFO - received weights from trainer sta2!
2026-07-01 21:12:53,586 - EXECUT - INFO - received weights from trainer sta6!
2026-07-01 21:12:54,022 - EXECUT - INFO - received weights from trainer sta9!
2026-07-01 21:12:54,593 - EXECUT - INFO - received weights from trainer sta3!
2026-07-01 21:12:55,459 - EXECUT - INFO - received weights from trainer sta5!
2026-07-01 21:12:55,560 - EXECUT - INFO - received weights from trainer sta7!
2026-07-01 21:12:55,979 - EXECUT - INFO - sent aggregated weights to trainers!
2026-07-01 21:12:56,294 - METRIC - INFO - {"loss": 0.037205204367637634, "accuracy": 0.987500011920929, "energy_consumption": 33068.50483167578, "selected": false, "client_name": "sta4"}
2026-07-01 21:12:56,400 - METRIC - INFO - {"loss": 0.024865517392754555, "accuracy": 0.9898785352706909, "energy_consumption": 35413.100027324195, "selected": false, "client_name": "sta10"}
2026-07-01 21:12:56,477 - METRIC - INFO - {"loss": 0.04532623291015625, "accuracy": 0.9865735769271851, "energy_consumption": 32872.0837185423, "selected": false, "client_name": "sta2"}
2026-07-01 21:12:56,485 - METRIC - INFO - {"loss": 0.03130359202623367, "accuracy": 0.9903793334960938, "energy_consumption": 33962.65795265358, "selected": false, "client_name": "sta9"}
2026-07-01 21:12:56,506 - METRIC - INFO - {"loss": 0.03703426942229271, "accuracy": 0.9879903793334961, "energy_consumption": 25432.154388818813, "selected": false, "client_name": "sta5"}
2026-07-01 21:12:56,508 - METRIC - INFO - {"loss": 0.04888959228992462, "accuracy": 0.9862068891525269, "energy_consumption": 24208.985992672206, "selected": false, "client_name": "sta0"}
2026-07-01 21:12:56,516 - METRIC - INFO - {"loss": 0.05144093185663223, "accuracy": 0.9870912432670593, "energy_consumption": 32435.363289852645, "selected": false, "client_name": "sta8"}
2026-07-01 21:12:56,559 - METRIC - INFO - {"loss": 0.0346619188785553, "accuracy": 0.9884853959083557, "energy_consumption": 22452.590885647907, "selected": false, "client_name": "sta1"}
2026-07-01 21:12:56,569 - METRIC - INFO - {"loss": 0.04180418327450752, "accuracy": 0.986127495765686, "energy_consumption": 23084.973189072865, "selected": false, "client_name": "sta7"}
2026-07-01 21:12:56,617 - METRIC - INFO - {"loss": 0.036955710500478745, "accuracy": 0.9887366890907288, "energy_consumption": 27227.62914768767, "selected": false, "client_name": "sta6"}
2026-07-01 21:12:56,700 - METRIC - INFO - {"loss": 0.03320382907986641, "accuracy": 0.9875614643096924, "energy_consumption": 25588.2471048022, "selected": false, "client_name": "sta3"}
2026-07-01 21:12:56,982 - METRIC - INFO - mean_accuracy: 0.9878664558584039

2026-07-01 21:12:56,982 - METRIC - INFO - round: 54
2026-07-01 21:12:56,982 - METRIC - INFO - n_selected: 11
2026-07-01 21:12:56,982 - METRIC - INFO - {"selected_trainers": ["sta0", "sta1", "sta10", "sta2", "sta3", "sta4", "sta5", "sta6", "sta7", "sta8", "sta9"]}
2026-07-01 21:13:01,809 - EXECUT - INFO - received weights from trainer sta8!
2026-07-01 21:13:01,988 - EXECUT - INFO - received weights from trainer sta4!
2026-07-01 21:13:05,729 - EXECUT - INFO - received weights from trainer sta10!
2026-07-01 21:13:07,370 - EXECUT - INFO - received weights from trainer sta1!
2026-07-01 21:13:07,454 - EXECUT - INFO - received weights from trainer sta0!
2026-07-01 21:13:08,526 - EXECUT - INFO - received weights from trainer sta2!
2026-07-01 21:13:09,249 - EXECUT - INFO - received weights from trainer sta6!
2026-07-01 21:13:09,904 - EXECUT - INFO - received weights from trainer sta9!
2026-07-01 21:13:10,344 - EXECUT - INFO - received weights from trainer sta3!
2026-07-01 21:13:11,245 - EXECUT - INFO - received weights from trainer sta7!
2026-07-01 21:13:11,287 - EXECUT - INFO - received weights from trainer sta5!
2026-07-01 21:13:11,715 - EXECUT - INFO - sent aggregated weights to trainers!
2026-07-01 21:13:12,007 - METRIC - INFO - {"loss": 0.03728789836168289, "accuracy": 0.987500011920929, "energy_consumption": 33614.99259006767, "selected": false, "client_name": "sta4"}
2026-07-01 21:13:12,086 - METRIC - INFO - {"loss": 0.05327881872653961, "accuracy": 0.9862306118011475, "energy_consumption": 32968.35884718807, "selected": false, "client_name": "sta8"}
2026-07-01 21:13:12,130 - METRIC - INFO - {"loss": 0.04500611126422882, "accuracy": 0.9871106147766113, "energy_consumption": 33407.22754453596, "selected": false, "client_name": "sta2"}
2026-07-01 21:13:12,131 - METRIC - INFO - {"loss": 0.025102846324443817, "accuracy": 0.991093099117279, "energy_consumption": 35993.661672269525, "selected": false, "client_name": "sta10"}
2026-07-01 21:13:12,188 - METRIC - INFO - {"loss": 0.03177174925804138, "accuracy": 0.9903793334960938, "energy_consumption": 34499.19555369805, "selected": false, "client_name": "sta9"}
2026-07-01 21:13:12,221 - METRIC - INFO - {"loss": 0.034487560391426086, "accuracy": 0.9880425333976746, "energy_consumption": 22751.463540025234, "selected": false, "client_name": "sta1"}
2026-07-01 21:13:12,236 - METRIC - INFO - {"loss": 0.04944450780749321, "accuracy": 0.9858012199401855, "energy_consumption": 24601.158430927702, "selected": false, "client_name": "sta0"}
2026-07-01 21:13:12,242 - METRIC - INFO - {"loss": 0.03702791407704353, "accuracy": 0.9874566197395325, "energy_consumption": 25825.93010656069, "selected": false, "client_name": "sta5"}
2026-07-01 21:13:12,242 - METRIC - INFO - {"loss": 0.03645762428641319, "accuracy": 0.9884322881698608, "energy_consumption": 27655.48129713301, "selected": false, "client_name": "sta6"}
2026-07-01 21:13:12,281 - METRIC - INFO - {"loss": 0.03301746025681496, "accuracy": 0.9866936802864075, "energy_consumption": 25970.18365289286, "selected": false, "client_name": "sta3"}
2026-07-01 21:13:12,400 - METRIC - INFO - {"loss": 0.04203058034181595, "accuracy": 0.986127495765686, "energy_consumption": 23459.45418218924, "selected": false, "client_name": "sta7"}
2026-07-01 21:13:12,718 - METRIC - INFO - mean_accuracy: 0.9877152280374006

2026-07-01 21:13:12,718 - METRIC - INFO - round: 55
2026-07-01 21:13:12,718 - METRIC - INFO - n_selected: 11
2026-07-01 21:13:12,718 - METRIC - INFO - {"selected_trainers": ["sta0", "sta1", "sta10", "sta2", "sta3", "sta4", "sta5", "sta6", "sta7", "sta8", "sta9"]}
2026-07-01 21:13:17,587 - EXECUT - INFO - received weights from trainer sta8!
2026-07-01 21:13:17,711 - EXECUT - INFO - received weights from trainer sta4!
2026-07-01 21:13:21,505 - EXECUT - INFO - received weights from trainer sta10!
2026-07-01 21:13:23,098 - EXECUT - INFO - received weights from trainer sta1!
2026-07-01 21:13:23,192 - EXECUT - INFO - received weights from trainer sta0!
2026-07-01 21:13:24,239 - EXECUT - INFO - received weights from trainer sta2!
2026-07-01 21:13:25,064 - EXECUT - INFO - received weights from trainer sta6!
2026-07-01 21:13:25,498 - EXECUT - INFO - received weights from trainer sta9!
2026-07-01 21:13:26,221 - EXECUT - INFO - received weights from trainer sta3!
2026-07-01 21:13:27,074 - EXECUT - INFO - received weights from trainer sta5!
2026-07-01 21:13:33,705 - EXECUT - INFO - received weights from trainer sta7!
2026-07-01 21:13:34,571 - EXECUT - INFO - sent aggregated weights to trainers!
2026-07-01 21:13:34,971 - METRIC - INFO - {"loss": 0.05301039665937424, "accuracy": 0.9862306118011475, "energy_consumption": 33736.918091852895, "selected": false, "client_name": "sta8"}
2026-07-01 21:13:34,985 - METRIC - INFO - {"loss": 0.03675398603081703, "accuracy": 0.987500011920929, "energy_consumption": 34398.23965461212, "selected": false, "client_name": "sta4"}
2026-07-01 21:13:34,993 - METRIC - INFO - {"loss": 0.052731409668922424, "accuracy": 0.9841784834861755, "energy_consumption": 25116.69282617601, "selected": false, "client_name": "sta0"}
2026-07-01 21:13:35,000 - METRIC - INFO - {"loss": 0.046359267085790634, "accuracy": 0.9868420958518982, "energy_consumption": 34176.424373190544, "selected": false, "client_name": "sta2"}
2026-07-01 21:13:35,000 - METRIC - INFO - {"loss": 0.025372518226504326, "accuracy": 0.991093099117279, "energy_consumption": 36829.71931993079, "selected": false, "client_name": "sta10"}
2026-07-01 21:13:35,089 - METRIC - INFO - {"loss": 0.036978580057621, "accuracy": 0.9887366890907288, "energy_consumption": 28295.55310611135, "selected": false, "client_name": "sta6"}
2026-07-01 21:13:35,095 - METRIC - INFO - {"loss": 0.03185969591140747, "accuracy": 0.9903793334960938, "energy_consumption": 35309.61783017865, "selected": false, "client_name": "sta9"}
2026-07-01 21:13:35,097 - METRIC - INFO - {"loss": 0.03441052511334419, "accuracy": 0.9880425333976746, "energy_consumption": 23300.897063415247, "selected": false, "client_name": "sta1"}
2026-07-01 21:13:35,104 - METRIC - INFO - {"loss": 0.03275453671813011, "accuracy": 0.9875614643096924, "energy_consumption": 26568.576089136885, "selected": false, "client_name": "sta3"}
2026-07-01 21:13:35,123 - METRIC - INFO - {"loss": 0.036763839423656464, "accuracy": 0.9879903793334961, "energy_consumption": 26420.997398977826, "selected": false, "client_name": "sta5"}
2026-07-01 21:13:35,132 - METRIC - INFO - {"loss": 0.04193801060318947, "accuracy": 0.986127495765686, "energy_consumption": 23997.60961794501, "selected": false, "client_name": "sta7"}
2026-07-01 21:13:35,572 - METRIC - INFO - mean_accuracy: 0.9876983815973456

2026-07-01 21:13:35,572 - METRIC - INFO - round: 56
2026-07-01 21:13:35,572 - METRIC - INFO - n_selected: 11
2026-07-01 21:13:35,572 - METRIC - INFO - {"selected_trainers": ["sta0", "sta1", "sta10", "sta2", "sta3", "sta4", "sta5", "sta6", "sta7", "sta8", "sta9"]}
2026-07-01 21:13:40,463 - EXECUT - INFO - received weights from trainer sta8!
2026-07-01 21:13:40,597 - EXECUT - INFO - received weights from trainer sta4!
2026-07-01 21:13:44,383 - EXECUT - INFO - received weights from trainer sta10!
2026-07-01 21:13:45,933 - EXECUT - INFO - received weights from trainer sta1!
2026-07-01 21:13:46,040 - EXECUT - INFO - received weights from trainer sta0!
2026-07-01 21:13:47,184 - EXECUT - INFO - received weights from trainer sta2!
2026-07-01 21:13:47,912 - EXECUT - INFO - received weights from trainer sta6!
2026-07-01 21:13:48,420 - EXECUT - INFO - received weights from trainer sta9!
2026-07-01 21:13:48,918 - EXECUT - INFO - received weights from trainer sta3!
2026-07-01 21:13:49,798 - EXECUT - INFO - received weights from trainer sta5!
2026-07-01 21:13:49,873 - EXECUT - INFO - received weights from trainer sta7!
2026-07-01 21:13:50,188 - EXECUT - INFO - sent aggregated weights to trainers!
2026-07-01 21:13:50,485 - METRIC - INFO - {"loss": 0.03778298199176788, "accuracy": 0.9868055582046509, "energy_consumption": 34942.43184799971, "selected": false, "client_name": "sta4"}
2026-07-01 21:13:50,567 - METRIC - INFO - {"loss": 0.05270218476653099, "accuracy": 0.9862306118011475, "energy_consumption": 34237.770724017304, "selected": false, "client_name": "sta8"}
2026-07-01 21:13:50,593 - METRIC - INFO - {"loss": 0.04484826326370239, "accuracy": 0.9871106147766113, "energy_consumption": 34688.97209557869, "selected": false, "client_name": "sta2"}
2026-07-01 21:13:50,617 - METRIC - INFO - {"loss": 0.025363245978951454, "accuracy": 0.9914979934692383, "energy_consumption": 37384.86102465911, "selected": false, "client_name": "sta10"}
2026-07-01 21:13:50,686 - METRIC - INFO - {"loss": 0.04946768656373024, "accuracy": 0.9853955507278442, "energy_consumption": 25463.35535715769, "selected": false, "client_name": "sta0"}
2026-07-01 21:13:50,692 - METRIC - INFO - {"loss": 0.032200299203395844, "accuracy": 0.9901044368743896, "energy_consumption": 35847.52309500734, "selected": false, "client_name": "sta9"}
2026-07-01 21:13:50,718 - METRIC - INFO - {"loss": 0.036224108189344406, "accuracy": 0.9874566197395325, "energy_consumption": 26816.50773257494, "selected": false, "client_name": "sta5"}
2026-07-01 21:13:50,718 - METRIC - INFO - {"loss": 0.03638536483049393, "accuracy": 0.9887366890907288, "energy_consumption": 28713.00151528884, "selected": false, "client_name": "sta6"}
2026-07-01 21:13:50,754 - METRIC - INFO - {"loss": 0.032384563237428665, "accuracy": 0.9875614643096924, "energy_consumption": 26961.312563194864, "selected": false, "client_name": "sta3"}
2026-07-01 21:13:50,771 - METRIC - INFO - {"loss": 0.04023440554738045, "accuracy": 0.9867178201675415, "energy_consumption": 24346.71462454545, "selected": false, "client_name": "sta7"}
2026-07-01 21:13:50,774 - METRIC - INFO - {"loss": 0.03505436331033707, "accuracy": 0.9884853959083557, "energy_consumption": 23612.477435938483, "selected": false, "client_name": "sta1"}
2026-07-01 21:13:51,190 - METRIC - INFO - mean_accuracy: 0.9878275231881575

2026-07-01 21:13:51,190 - METRIC - INFO - round: 57
2026-07-01 21:13:51,190 - METRIC - INFO - n_selected: 11
2026-07-01 21:13:51,190 - METRIC - INFO - {"selected_trainers": ["sta0", "sta1", "sta10", "sta2", "sta3", "sta4", "sta5", "sta6", "sta7", "sta8", "sta9"]}
2026-07-01 21:13:56,004 - EXECUT - INFO - received weights from trainer sta8!
2026-07-01 21:13:56,204 - EXECUT - INFO - received weights from trainer sta4!
2026-07-01 21:13:59,984 - EXECUT - INFO - received weights from trainer sta10!
2026-07-01 21:14:01,498 - EXECUT - INFO - received weights from trainer sta1!
2026-07-01 21:14:01,660 - EXECUT - INFO - received weights from trainer sta0!
2026-07-01 21:14:02,765 - EXECUT - INFO - received weights from trainer sta2!
2026-07-01 21:14:03,542 - EXECUT - INFO - received weights from trainer sta6!
2026-07-01 21:14:04,034 - EXECUT - INFO - received weights from trainer sta9!
2026-07-01 21:14:04,634 - EXECUT - INFO - received weights from trainer sta3!
2026-07-01 21:14:05,456 - EXECUT - INFO - received weights from trainer sta5!
2026-07-01 21:14:05,564 - EXECUT - INFO - received weights from trainer sta7!
2026-07-01 21:14:05,909 - EXECUT - INFO - sent aggregated weights to trainers!
2026-07-01 21:14:06,208 - METRIC - INFO - {"loss": 0.0374821238219738, "accuracy": 0.9888888597488403, "energy_consumption": 35492.52968893444, "selected": false, "client_name": "sta4"}
2026-07-01 21:14:06,278 - METRIC - INFO - {"loss": 0.053619686514139175, "accuracy": 0.9862306118011475, "energy_consumption": 34766.902303615425, "selected": false, "client_name": "sta8"}
2026-07-01 21:14:06,302 - METRIC - INFO - {"loss": 0.04530228674411774, "accuracy": 0.9860365390777588, "energy_consumption": 35208.96900031092, "selected": false, "client_name": "sta2"}
2026-07-01 21:14:06,336 - METRIC - INFO - {"loss": 0.024091314524412155, "accuracy": 0.9902834296226501, "energy_consumption": 37958.03389159792, "selected": false, "client_name": "sta10"}
2026-07-01 21:14:06,404 - METRIC - INFO - {"loss": 0.03181282803416252, "accuracy": 0.9901044368743896, "energy_consumption": 36405.70327429219, "selected": false, "client_name": "sta9"}
2026-07-01 21:14:06,418 - METRIC - INFO - {"loss": 0.03718731552362442, "accuracy": 0.9884322881698608, "energy_consumption": 29150.360093178646, "selected": false, "client_name": "sta6"}
2026-07-01 21:14:06,448 - METRIC - INFO - {"loss": 0.04840850457549095, "accuracy": 0.9866125583648682, "energy_consumption": 25826.903033455805, "selected": false, "client_name": "sta0"}
2026-07-01 21:14:06,461 - METRIC - INFO - {"loss": 0.03607999160885811, "accuracy": 0.9885241389274597, "energy_consumption": 27200.24456801456, "selected": false, "client_name": "sta5"}
2026-07-01 21:14:06,469 - METRIC - INFO - {"loss": 0.03360438719391823, "accuracy": 0.9884292483329773, "energy_consumption": 27353.82788163806, "selected": false, "client_name": "sta3"}
2026-07-01 21:14:06,477 - METRIC - INFO - {"loss": 0.03506643325090408, "accuracy": 0.9875996708869934, "energy_consumption": 23951.893781448976, "selected": false, "client_name": "sta1"}
2026-07-01 21:14:06,506 - METRIC - INFO - {"loss": 0.039797794073820114, "accuracy": 0.9864226579666138, "energy_consumption": 24726.51448034273, "selected": false, "client_name": "sta7"}
2026-07-01 21:14:06,910 - METRIC - INFO - mean_accuracy: 0.9879604036157782

2026-07-01 21:14:06,911 - METRIC - INFO - round: 58
2026-07-01 21:14:06,911 - METRIC - INFO - n_selected: 11
2026-07-01 21:14:06,911 - METRIC - INFO - {"selected_trainers": ["sta0", "sta1", "sta10", "sta2", "sta3", "sta4", "sta5", "sta6", "sta7", "sta8", "sta9"]}
2026-07-01 21:14:11,748 - EXECUT - INFO - received weights from trainer sta8!
2026-07-01 21:14:11,811 - EXECUT - INFO - received weights from trainer sta4!
2026-07-01 21:14:15,737 - EXECUT - INFO - received weights from trainer sta10!
2026-07-01 21:14:17,276 - EXECUT - INFO - received weights from trainer sta1!
2026-07-01 21:14:17,392 - EXECUT - INFO - received weights from trainer sta0!
2026-07-01 21:14:18,486 - EXECUT - INFO - received weights from trainer sta2!
2026-07-01 21:14:19,238 - EXECUT - INFO - received weights from trainer sta6!
2026-07-01 21:14:19,771 - EXECUT - INFO - received weights from trainer sta9!
2026-07-01 21:14:20,332 - EXECUT - INFO - received weights from trainer sta3!
2026-07-01 21:14:21,170 - EXECUT - INFO - received weights from trainer sta5!
2026-07-01 21:14:21,290 - EXECUT - INFO - received weights from trainer sta7!
2026-07-01 21:14:21,603 - EXECUT - INFO - sent aggregated weights to trainers!
2026-07-01 21:14:21,905 - METRIC - INFO - {"loss": 0.036665499210357666, "accuracy": 0.988194465637207, "energy_consumption": 36035.67852553987, "selected": false, "client_name": "sta4"}
2026-07-01 21:14:21,979 - METRIC - INFO - {"loss": 0.05392256751656532, "accuracy": 0.9862306118011475, "energy_consumption": 35286.10875849538, "selected": false, "client_name": "sta8"}
2026-07-01 21:14:22,014 - METRIC - INFO - {"loss": 0.049495577812194824, "accuracy": 0.9858012199401855, "energy_consumption": 26198.994414020515, "selected": false, "client_name": "sta0"}
2026-07-01 21:14:22,027 - METRIC - INFO - {"loss": 0.04435933381319046, "accuracy": 0.9865735769271851, "energy_consumption": 35744.38136545868, "selected": false, "client_name": "sta2"}
2026-07-01 21:14:22,040 - METRIC - INFO - {"loss": 0.026612473651766777, "accuracy": 0.991093099117279, "energy_consumption": 38396.94733547125, "selected": false, "client_name": "sta10"}
2026-07-01 21:14:22,108 - METRIC - INFO - {"loss": 0.032097648829221725, "accuracy": 0.9903793334960938, "energy_consumption": 36941.903956083246, "selected": false, "client_name": "sta9"}
2026-07-01 21:14:22,110 - METRIC - INFO - {"loss": 0.03635917976498604, "accuracy": 0.9887366890907288, "energy_consumption": 29589.40226958371, "selected": false, "client_name": "sta6"}
2026-07-01 21:14:22,113 - METRIC - INFO - {"loss": 0.032715193927288055, "accuracy": 0.9875614643096924, "energy_consumption": 27783.414260419187, "selected": false, "client_name": "sta3"}
2026-07-01 21:14:22,140 - METRIC - INFO - {"loss": 0.036559317260980606, "accuracy": 0.9882572889328003, "energy_consumption": 27605.401643854675, "selected": false, "client_name": "sta5"}
2026-07-01 21:14:22,162 - METRIC - INFO - {"loss": 0.040405333042144775, "accuracy": 0.9870129823684692, "energy_consumption": 25104.2161627964, "selected": false, "client_name": "sta7"}
2026-07-01 21:14:22,173 - METRIC - INFO - {"loss": 0.03521474078297615, "accuracy": 0.9889282584190369, "energy_consumption": 24294.21708728051, "selected": false, "client_name": "sta1"}
2026-07-01 21:14:22,605 - METRIC - INFO - mean_accuracy: 0.9880699081854387

2026-07-01 21:14:22,605 - METRIC - INFO - round: 59
2026-07-01 21:14:22,605 - METRIC - INFO - n_selected: 11
2026-07-01 21:14:22,605 - METRIC - INFO - {"selected_trainers": ["sta0", "sta1", "sta10", "sta2", "sta3", "sta4", "sta5", "sta6", "sta7", "sta8", "sta9"]}
2026-07-01 21:14:27,427 - EXECUT - INFO - received weights from trainer sta8!
2026-07-01 21:14:27,987 - EXECUT - INFO - received weights from trainer sta4!
2026-07-01 21:14:31,395 - EXECUT - INFO - received weights from trainer sta10!
2026-07-01 21:14:32,969 - EXECUT - INFO - received weights from trainer sta1!
2026-07-01 21:14:33,102 - EXECUT - INFO - received weights from trainer sta0!
2026-07-01 21:14:34,262 - EXECUT - INFO - received weights from trainer sta2!
2026-07-01 21:14:34,960 - EXECUT - INFO - received weights from trainer sta6!
2026-07-01 21:14:35,480 - EXECUT - INFO - received weights from trainer sta9!
2026-07-01 21:14:35,969 - EXECUT - INFO - received weights from trainer sta3!
2026-07-01 21:14:36,909 - EXECUT - INFO - received weights from trainer sta7!
2026-07-01 21:14:36,923 - EXECUT - INFO - received weights from trainer sta5!
2026-07-01 21:14:37,419 - EXECUT - INFO - sent aggregated weights to trainers!
2026-07-01 21:14:37,708 - METRIC - INFO - {"loss": 0.03647945821285248, "accuracy": 0.988194465637207, "energy_consumption": 36565.13384726403, "selected": false, "client_name": "sta4"}
2026-07-01 21:14:37,777 - METRIC - INFO - {"loss": 0.05426265299320221, "accuracy": 0.9862306118011475, "energy_consumption": 35799.9425210774, "selected": false, "client_name": "sta8"}
2026-07-01 21:14:37,806 - METRIC - INFO - {"loss": 0.04528291895985603, "accuracy": 0.9868420958518982, "energy_consumption": 36275.063167936045, "selected": false, "client_name": "sta2"}
2026-07-01 21:14:37,823 - METRIC - INFO - {"loss": 0.02556142583489418, "accuracy": 0.991093099117279, "energy_consumption": 39112.87138214272, "selected": false, "client_name": "sta10"}
2026-07-01 21:14:37,905 - METRIC - INFO - {"loss": 0.031736478209495544, "accuracy": 0.9901044368743896, "energy_consumption": 37512.17772322661, "selected": false, "client_name": "sta9"}
2026-07-01 21:14:37,915 - METRIC - INFO - {"loss": 0.03598489612340927, "accuracy": 0.9887366890907288, "energy_consumption": 30020.464508434412, "selected": false, "client_name": "sta6"}
2026-07-01 21:14:37,930 - METRIC - INFO - {"loss": 0.04893949627876282, "accuracy": 0.9853955507278442, "energy_consumption": 26573.529643900358, "selected": false, "client_name": "sta0"}
2026-07-01 21:14:37,970 - METRIC - INFO - {"loss": 0.03482690826058388, "accuracy": 0.9875996708869934, "energy_consumption": 24668.481393234902, "selected": false, "client_name": "sta1"}
2026-07-01 21:14:37,988 - METRIC - INFO - {"loss": 0.03315143659710884, "accuracy": 0.9881399869918823, "energy_consumption": 28203.380628130428, "selected": false, "client_name": "sta3"}
2026-07-01 21:14:37,997 - METRIC - INFO - {"loss": 0.03600308299064636, "accuracy": 0.987189769744873, "energy_consumption": 28019.05947222453, "selected": false, "client_name": "sta5"}
2026-07-01 21:14:38,018 - METRIC - INFO - {"loss": 0.04127916693687439, "accuracy": 0.9864226579666138, "energy_consumption": 25477.619059635235, "selected": false, "client_name": "sta7"}
2026-07-01 21:14:38,421 - METRIC - INFO - mean_accuracy: 0.9878135486082598

2026-07-01 21:14:38,421 - METRIC - INFO - round: 60
2026-07-01 21:14:38,421 - METRIC - INFO - n_selected: 11
2026-07-01 21:14:38,421 - METRIC - INFO - {"selected_trainers": ["sta0", "sta1", "sta10", "sta2", "sta3", "sta4", "sta5", "sta6", "sta7", "sta8", "sta9"]}
2026-07-01 21:14:43,309 - EXECUT - INFO - received weights from trainer sta8!
2026-07-01 21:14:43,396 - EXECUT - INFO - received weights from trainer sta4!
2026-07-01 21:14:47,218 - EXECUT - INFO - received weights from trainer sta10!
2026-07-01 21:14:48,781 - EXECUT - INFO - received weights from trainer sta1!
2026-07-01 21:14:48,909 - EXECUT - INFO - received weights from trainer sta0!
2026-07-01 21:14:50,088 - EXECUT - INFO - received weights from trainer sta2!
2026-07-01 21:14:50,749 - EXECUT - INFO - received weights from trainer sta6!
2026-07-01 21:14:51,248 - EXECUT - INFO - received weights from trainer sta9!
2026-07-01 21:14:51,769 - EXECUT - INFO - received weights from trainer sta3!
2026-07-01 21:14:52,743 - EXECUT - INFO - received weights from trainer sta7!
2026-07-01 21:14:59,312 - EXECUT - INFO - received weights from trainer sta5!
2026-07-01 21:15:00,170 - EXECUT - INFO - sent aggregated weights to trainers!
2026-07-01 21:15:00,439 - METRIC - INFO - {"loss": 0.036485787481069565, "accuracy": 0.987500011920929, "energy_consumption": 37357.59309981967, "selected": false, "client_name": "sta4"}
2026-07-01 21:15:00,538 - METRIC - INFO - {"loss": 0.053653471171855927, "accuracy": 0.9862306118011475, "energy_consumption": 36583.89268452987, "selected": false, "client_name": "sta8"}
2026-07-01 21:15:00,544 - METRIC - INFO - {"loss": 0.04417790099978447, "accuracy": 0.9871106147766113, "energy_consumption": 37073.63480098438, "selected": false, "client_name": "sta2"}
2026-07-01 21:15:00,585 - METRIC - INFO - {"loss": 0.024994973093271255, "accuracy": 0.991093099117279, "energy_consumption": 39843.018848922075, "selected": false, "client_name": "sta10"}
2026-07-01 21:15:00,650 - METRIC - INFO - {"loss": 0.03415811434388161, "accuracy": 0.9889282584190369, "energy_consumption": 25178.593220111386, "selected": false, "client_name": "sta1"}
2026-07-01 21:15:00,658 - METRIC - INFO - {"loss": 0.036235980689525604, "accuracy": 0.9887366890907288, "energy_consumption": 30669.363645868314, "selected": false, "client_name": "sta6"}
2026-07-01 21:15:00,661 - METRIC - INFO - {"loss": 0.03184521943330765, "accuracy": 0.9901044368743896, "energy_consumption": 38322.32352891746, "selected": false, "client_name": "sta9"}
2026-07-01 21:15:00,683 - METRIC - INFO - {"loss": 0.03682269528508186, "accuracy": 0.9882572889328003, "energy_consumption": 28612.530293821572, "selected": false, "client_name": "sta5"}
2026-07-01 21:15:00,691 - METRIC - INFO - {"loss": 0.049928344786167145, "accuracy": 0.9862068891525269, "energy_consumption": 27104.287469927363, "selected": false, "client_name": "sta0"}
2026-07-01 21:15:00,719 - METRIC - INFO - {"loss": 0.03319558873772621, "accuracy": 0.9878507256507874, "energy_consumption": 28787.569601880827, "selected": false, "client_name": "sta3"}
2026-07-01 21:15:00,753 - METRIC - INFO - {"loss": 0.04221075028181076, "accuracy": 0.986127495765686, "energy_consumption": 26009.09287368236, "selected": false, "client_name": "sta7"}
2026-07-01 21:15:01,173 - METRIC - INFO - mean_accuracy: 0.9880132837729021

2026-07-01 21:15:01,173 - METRIC - INFO - round: 61
2026-07-01 21:15:01,173 - METRIC - INFO - n_selected: 11
2026-07-01 21:15:01,173 - METRIC - INFO - {"selected_trainers": ["sta0", "sta1", "sta10", "sta2", "sta3", "sta4", "sta5", "sta6", "sta7", "sta8", "sta9"]}
2026-07-01 21:15:05,987 - EXECUT - INFO - received weights from trainer sta8!
2026-07-01 21:15:06,154 - EXECUT - INFO - received weights from trainer sta4!
2026-07-01 21:15:10,047 - EXECUT - INFO - received weights from trainer sta10!
2026-07-01 21:15:11,523 - EXECUT - INFO - received weights from trainer sta1!
2026-07-01 21:15:11,709 - EXECUT - INFO - received weights from trainer sta0!
2026-07-01 21:15:12,836 - EXECUT - INFO - received weights from trainer sta2!
2026-07-01 21:15:13,545 - EXECUT - INFO - received weights from trainer sta6!
2026-07-01 21:15:14,011 - EXECUT - INFO - received weights from trainer sta9!
2026-07-01 21:15:15,471 - EXECUT - INFO - received weights from trainer sta5!
2026-07-01 21:15:15,509 - EXECUT - INFO - received weights from trainer sta7!
2026-07-01 21:15:22,010 - EXECUT - INFO - received weights from trainer sta3!
2026-07-01 21:15:22,996 - EXECUT - INFO - sent aggregated weights to trainers!
2026-07-01 21:15:23,295 - METRIC - INFO - {"loss": 0.037658531218767166, "accuracy": 0.9868055582046509, "energy_consumption": 38129.847653072895, "selected": false, "client_name": "sta4"}
2026-07-01 21:15:23,375 - METRIC - INFO - {"loss": 0.053170327097177505, "accuracy": 0.9862306118011475, "energy_consumption": 37215.27171138045, "selected": false, "client_name": "sta8"}
2026-07-01 21:15:23,416 - METRIC - INFO - {"loss": 0.04428485780954361, "accuracy": 0.9865735769271851, "energy_consumption": 37849.94661942058, "selected": false, "client_name": "sta2"}
2026-07-01 21:15:23,516 - METRIC - INFO - {"loss": 0.037297558039426804, "accuracy": 0.9887366890907288, "energy_consumption": 31300.4676944926, "selected": false, "client_name": "sta6"}
2026-07-01 21:15:23,543 - METRIC - INFO - {"loss": 0.03355320170521736, "accuracy": 0.9881399869918823, "energy_consumption": 29344.61781284527, "selected": false, "client_name": "sta3"}
2026-07-01 21:15:23,551 - METRIC - INFO - {"loss": 0.04218251630663872, "accuracy": 0.9855371713638306, "energy_consumption": 26520.068158716105, "selected": false, "client_name": "sta7"}
2026-07-01 21:15:23,561 - METRIC - INFO - {"loss": 0.025252938270568848, "accuracy": 0.9914979934692383, "energy_consumption": 40660.76694902591, "selected": false, "client_name": "sta10"}
2026-07-01 21:15:23,570 - METRIC - INFO - {"loss": 0.04908822849392891, "accuracy": 0.9862068891525269, "energy_consumption": 27597.72208522565, "selected": false, "client_name": "sta0"}
2026-07-01 21:15:23,600 - METRIC - INFO - {"loss": 0.03185486048460007, "accuracy": 0.9901044368743896, "energy_consumption": 38998.1920460891, "selected": false, "client_name": "sta9"}
2026-07-01 21:15:23,677 - METRIC - INFO - {"loss": 0.03665364906191826, "accuracy": 0.9879903793334961, "energy_consumption": 29189.41299667823, "selected": false, "client_name": "sta5"}
2026-07-01 21:15:23,687 - METRIC - INFO - {"loss": 0.034954752773046494, "accuracy": 0.989371120929718, "energy_consumption": 25674.76143022887, "selected": false, "client_name": "sta1"}
2026-07-01 21:15:23,998 - METRIC - INFO - mean_accuracy: 0.9879267649217085

2026-07-01 21:15:23,998 - METRIC - INFO - round: 62
2026-07-01 21:15:23,998 - METRIC - INFO - n_selected: 11
2026-07-01 21:15:23,998 - METRIC - INFO - {"selected_trainers": ["sta0", "sta1", "sta10", "sta2", "sta3", "sta4", "sta5", "sta6", "sta7", "sta8", "sta9"]}
2026-07-01 21:15:28,858 - EXECUT - INFO - received weights from trainer sta8!
2026-07-01 21:15:29,018 - EXECUT - INFO - received weights from trainer sta4!
2026-07-01 21:15:32,823 - EXECUT - INFO - received weights from trainer sta10!
2026-07-01 21:15:34,313 - EXECUT - INFO - received weights from trainer sta1!
2026-07-01 21:15:34,480 - EXECUT - INFO - received weights from trainer sta0!
2026-07-01 21:15:35,608 - EXECUT - INFO - received weights from trainer sta2!
2026-07-01 21:15:36,363 - EXECUT - INFO - received weights from trainer sta6!
2026-07-01 21:15:36,806 - EXECUT - INFO - received weights from trainer sta9!
2026-07-01 21:15:37,436 - EXECUT - INFO - received weights from trainer sta3!
2026-07-01 21:15:38,207 - EXECUT - INFO - received weights from trainer sta5!
2026-07-01 21:15:38,284 - EXECUT - INFO - received weights from trainer sta7!
2026-07-01 21:15:38,624 - EXECUT - INFO - sent aggregated weights to trainers!
2026-07-01 21:15:38,927 - METRIC - INFO - {"loss": 0.03697199374437332, "accuracy": 0.9868055582046509, "energy_consumption": 38668.02891165636, "selected": false, "client_name": "sta4"}
2026-07-01 21:15:39,008 - METRIC - INFO - {"loss": 0.05407514050602913, "accuracy": 0.9862306118011475, "energy_consumption": 37727.20290667187, "selected": false, "client_name": "sta8"}
2026-07-01 21:15:39,017 - METRIC - INFO - {"loss": 0.04643275588750839, "accuracy": 0.9868420958518982, "energy_consumption": 38365.0393610184, "selected": false, "client_name": "sta2"}
2026-07-01 21:15:39,061 - METRIC - INFO - {"loss": 0.025572922080755234, "accuracy": 0.991093099117279, "energy_consumption": 41228.89292969036, "selected": false, "client_name": "sta10"}
2026-07-01 21:15:39,120 - METRIC - INFO - {"loss": 0.03184164687991142, "accuracy": 0.9906542301177979, "energy_consumption": 39499.76029465663, "selected": false, "client_name": "sta9"}
2026-07-01 21:15:39,144 - METRIC - INFO - {"loss": 0.03623473644256592, "accuracy": 0.9887366890907288, "energy_consumption": 31736.03060711471, "selected": false, "client_name": "sta6"}
2026-07-01 21:15:39,156 - METRIC - INFO - {"loss": 0.04930805042386055, "accuracy": 0.9862068891525269, "energy_consumption": 27942.34683399866, "selected": false, "client_name": "sta0"}
2026-07-01 21:15:39,165 - METRIC - INFO - {"loss": 0.03654276952147484, "accuracy": 0.9879903793334961, "energy_consumption": 29582.348240146326, "selected": false, "client_name": "sta5"}
2026-07-01 21:15:39,171 - METRIC - INFO - {"loss": 0.03434141352772713, "accuracy": 0.9880425333976746, "energy_consumption": 26028.091190811116, "selected": false, "client_name": "sta1"}
2026-07-01 21:15:39,194 - METRIC - INFO - {"loss": 0.03354956582188606, "accuracy": 0.9881399869918823, "energy_consumption": 29744.56157279205, "selected": false, "client_name": "sta3"}
2026-07-01 21:15:39,255 - METRIC - INFO - {"loss": 0.04110606387257576, "accuracy": 0.9864226579666138, "energy_consumption": 26882.104066312877, "selected": false, "client_name": "sta7"}
2026-07-01 21:15:39,627 - METRIC - INFO - mean_accuracy: 0.9879240664568815

2026-07-01 21:15:39,627 - METRIC - INFO - round: 63
2026-07-01 21:15:39,627 - METRIC - INFO - n_selected: 11
2026-07-01 21:15:39,627 - METRIC - INFO - {"selected_trainers": ["sta0", "sta1", "sta10", "sta2", "sta3", "sta4", "sta5", "sta6", "sta7", "sta8", "sta9"]}
2026-07-01 21:15:44,434 - EXECUT - INFO - received weights from trainer sta8!
2026-07-01 21:15:44,592 - EXECUT - INFO - received weights from trainer sta4!
2026-07-01 21:15:48,480 - EXECUT - INFO - received weights from trainer sta10!
2026-07-01 21:15:49,961 - EXECUT - INFO - received weights from trainer sta1!
2026-07-01 21:15:50,120 - EXECUT - INFO - received weights from trainer sta0!
2026-07-01 21:15:51,238 - EXECUT - INFO - received weights from trainer sta2!
2026-07-01 21:15:51,955 - EXECUT - INFO - received weights from trainer sta6!
2026-07-01 21:15:52,463 - EXECUT - INFO - received weights from trainer sta9!
2026-07-01 21:15:53,003 - EXECUT - INFO - received weights from trainer sta3!
2026-07-01 21:15:53,894 - EXECUT - INFO - received weights from trainer sta7!
2026-07-01 21:16:00,522 - EXECUT - INFO - received weights from trainer sta5!
2026-07-01 21:16:01,308 - EXECUT - INFO - sent aggregated weights to trainers!
2026-07-01 21:16:01,588 - METRIC - INFO - {"loss": 0.03653155639767647, "accuracy": 0.988194465637207, "energy_consumption": 39455.408450236675, "selected": false, "client_name": "sta4"}
2026-07-01 21:16:01,675 - METRIC - INFO - {"loss": 0.0545499213039875, "accuracy": 0.9862306118011475, "energy_consumption": 38514.162735945654, "selected": false, "client_name": "sta8"}
2026-07-01 21:16:01,678 - METRIC - INFO - {"loss": 0.044818464666604996, "accuracy": 0.9865735769271851, "energy_consumption": 39140.03474804336, "selected": false, "client_name": "sta2"}
2026-07-01 21:16:01,714 - METRIC - INFO - {"loss": 0.025791389867663383, "accuracy": 0.991093099117279, "energy_consumption": 42078.066713402, "selected": false, "client_name": "sta10"}
2026-07-01 21:16:01,793 - METRIC - INFO - {"loss": 0.03502631559967995, "accuracy": 0.9880425333976746, "energy_consumption": 26545.485987897588, "selected": false, "client_name": "sta1"}
2026-07-01 21:16:01,798 - METRIC - INFO - {"loss": 0.0315982960164547, "accuracy": 0.9906542301177979, "energy_consumption": 40310.38255384058, "selected": false, "client_name": "sta9"}
2026-07-01 21:16:01,805 - METRIC - INFO - {"loss": 0.0502265989780426, "accuracy": 0.9858012199401855, "energy_consumption": 28493.058378858448, "selected": false, "client_name": "sta0"}
2026-07-01 21:16:01,808 - METRIC - INFO - {"loss": 0.03673654794692993, "accuracy": 0.9887366890907288, "energy_consumption": 32269.346813424847, "selected": false, "client_name": "sta6"}
2026-07-01 21:16:01,838 - METRIC - INFO - {"loss": 0.03735121712088585, "accuracy": 0.9874566197395325, "energy_consumption": 30171.292018493965, "selected": false, "client_name": "sta5"}
2026-07-01 21:16:01,869 - METRIC - INFO - {"loss": 0.032690953463315964, "accuracy": 0.9878507256507874, "energy_consumption": 30354.80978320124, "selected": false, "client_name": "sta3"}
2026-07-01 21:16:01,896 - METRIC - INFO - {"loss": 0.04151860624551773, "accuracy": 0.9870129823684692, "energy_consumption": 27356.331028656077, "selected": false, "client_name": "sta7"}
2026-07-01 21:16:02,309 - METRIC - INFO - mean_accuracy: 0.9879678867079995

2026-07-01 21:16:02,309 - METRIC - INFO - round: 64
2026-07-01 21:16:02,309 - METRIC - INFO - n_selected: 11
2026-07-01 21:16:02,309 - METRIC - INFO - {"selected_trainers": ["sta0", "sta1", "sta10", "sta2", "sta3", "sta4", "sta5", "sta6", "sta7", "sta8", "sta9"]}
2026-07-01 21:16:07,120 - EXECUT - INFO - received weights from trainer sta8!
2026-07-01 21:16:07,255 - EXECUT - INFO - received weights from trainer sta4!
2026-07-01 21:16:11,196 - EXECUT - INFO - received weights from trainer sta10!
2026-07-01 21:16:12,649 - EXECUT - INFO - received weights from trainer sta1!
2026-07-01 21:16:12,754 - EXECUT - INFO - received weights from trainer sta0!
2026-07-01 21:16:13,950 - EXECUT - INFO - received weights from trainer sta2!
2026-07-01 21:16:15,170 - EXECUT - INFO - received weights from trainer sta9!
2026-07-01 21:16:15,668 - EXECUT - INFO - received weights from trainer sta3!
2026-07-01 21:16:16,495 - EXECUT - INFO - received weights from trainer sta7!
2026-07-01 21:16:16,582 - EXECUT - INFO - received weights from trainer sta5!
2026-07-01 21:16:23,245 - EXECUT - INFO - received weights from trainer sta6!
2026-07-01 21:16:24,046 - EXECUT - INFO - sent aggregated weights to trainers!
2026-07-01 21:16:24,352 - METRIC - INFO - {"loss": 0.03600797429680824, "accuracy": 0.988194465637207, "energy_consumption": 40113.73281446464, "selected": false, "client_name": "sta4"}
2026-07-01 21:16:24,427 - METRIC - INFO - {"loss": 0.055202189832925797, "accuracy": 0.9862306118011475, "energy_consumption": 39268.60286558664, "selected": false, "client_name": "sta8"}
2026-07-01 21:16:24,450 - METRIC - INFO - {"loss": 0.044414643198251724, "accuracy": 0.9871106147766113, "energy_consumption": 39902.20268867691, "selected": false, "client_name": "sta2"}
2026-07-01 21:16:24,460 - METRIC - INFO - {"loss": 0.025472888723015785, "accuracy": 0.991093099117279, "energy_consumption": 42906.591514661275, "selected": false, "client_name": "sta10"}
2026-07-01 21:16:24,477 - METRIC - INFO - {"loss": 0.03498347848653793, "accuracy": 0.989371120929718, "energy_consumption": 27055.936014039027, "selected": false, "client_name": "sta1"}
2026-07-01 21:16:24,503 - METRIC - INFO - {"loss": 0.036295149475336075, "accuracy": 0.9877235293388367, "energy_consumption": 30678.73099626373, "selected": false, "client_name": "sta5"}
2026-07-01 21:16:24,516 - METRIC - INFO - {"loss": 0.032209478318691254, "accuracy": 0.9903793334960938, "energy_consumption": 41089.21446024019, "selected": false, "client_name": "sta9"}
2026-07-01 21:16:24,520 - METRIC - INFO - {"loss": 0.036641400307416916, "accuracy": 0.9887366890907288, "energy_consumption": 32894.646567984026, "selected": false, "client_name": "sta6"}
2026-07-01 21:16:24,592 - METRIC - INFO - {"loss": 0.0501878522336483, "accuracy": 0.9866125583648682, "energy_consumption": 29042.555464662255, "selected": false, "client_name": "sta0"}
2026-07-01 21:16:24,595 - METRIC - INFO - {"loss": 0.03280724957585335, "accuracy": 0.9884292483329773, "energy_consumption": 30941.587901842133, "selected": false, "client_name": "sta3"}
2026-07-01 21:16:24,639 - METRIC - INFO - {"loss": 0.04042986407876015, "accuracy": 0.9864226579666138, "energy_consumption": 27890.970851202328, "selected": false, "client_name": "sta7"}
2026-07-01 21:16:25,048 - METRIC - INFO - mean_accuracy: 0.9882094480774619

2026-07-01 21:16:25,048 - METRIC - INFO - round: 65
2026-07-01 21:16:25,048 - METRIC - INFO - n_selected: 11
2026-07-01 21:16:25,048 - METRIC - INFO - {"selected_trainers": ["sta0", "sta1", "sta10", "sta2", "sta3", "sta4", "sta5", "sta6", "sta7", "sta8", "sta9"]}
2026-07-01 21:16:29,921 - EXECUT - INFO - received weights from trainer sta8!
2026-07-01 21:16:30,036 - EXECUT - INFO - received weights from trainer sta4!
2026-07-01 21:16:35,389 - EXECUT - INFO - received weights from trainer sta1!
2026-07-01 21:16:35,463 - EXECUT - INFO - received weights from trainer sta10!
2026-07-01 21:16:35,504 - EXECUT - INFO - received weights from trainer sta0!
2026-07-01 21:16:36,703 - EXECUT - INFO - received weights from trainer sta2!
2026-07-01 21:16:37,381 - EXECUT - INFO - received weights from trainer sta6!
2026-07-01 21:16:37,980 - EXECUT - INFO - received weights from trainer sta9!
2026-07-01 21:16:38,494 - EXECUT - INFO - received weights from trainer sta3!
2026-07-01 21:16:39,306 - EXECUT - INFO - received weights from trainer sta5!
2026-07-01 21:16:39,318 - EXECUT - INFO - received weights from trainer sta7!
2026-07-01 21:16:39,761 - EXECUT - INFO - sent aggregated weights to trainers!
2026-07-01 21:16:40,067 - METRIC - INFO - {"loss": 0.03572109714150429, "accuracy": 0.9888888597488403, "energy_consumption": 40641.17101464194, "selected": false, "client_name": "sta4"}
2026-07-01 21:16:40,162 - METRIC - INFO - {"loss": 0.05464251711964607, "accuracy": 0.9862306118011475, "energy_consumption": 39760.47306165235, "selected": false, "client_name": "sta8"}
2026-07-01 21:16:40,180 - METRIC - INFO - {"loss": 0.049290623515844345, "accuracy": 0.9870182275772095, "energy_consumption": 29389.867509852083, "selected": false, "client_name": "sta0"}
2026-07-01 21:16:40,183 - METRIC - INFO - {"loss": 0.024043964222073555, "accuracy": 0.9914979934692383, "energy_consumption": 43480.524648079336, "selected": false, "client_name": "sta10"}
2026-07-01 21:16:40,194 - METRIC - INFO - {"loss": 0.0468057356774807, "accuracy": 0.9865735769271851, "energy_consumption": 40417.298100390755, "selected": false, "client_name": "sta2"}
2026-07-01 21:16:40,276 - METRIC - INFO - {"loss": 0.034638840705156326, "accuracy": 0.9880425333976746, "energy_consumption": 27395.337586050257, "selected": false, "client_name": "sta1"}
2026-07-01 21:16:40,279 - METRIC - INFO - {"loss": 0.03111848048865795, "accuracy": 0.9903793334960938, "energy_consumption": 41594.8092014775, "selected": false, "client_name": "sta9"}
2026-07-01 21:16:40,287 - METRIC - INFO - {"loss": 0.036447010934352875, "accuracy": 0.9887366890907288, "energy_consumption": 33343.813765443905, "selected": false, "client_name": "sta6"}
2026-07-01 21:16:40,305 - METRIC - INFO - {"loss": 0.03712351620197296, "accuracy": 0.9877235293388367, "energy_consumption": 31070.423386633724, "selected": false, "client_name": "sta5"}
2026-07-01 21:16:40,312 - METRIC - INFO - {"loss": 0.03316223621368408, "accuracy": 0.9884292483329773, "energy_consumption": 31348.87228131847, "selected": false, "client_name": "sta3"}
2026-07-01 21:16:40,351 - METRIC - INFO - {"loss": 0.04123377799987793, "accuracy": 0.9864226579666138, "energy_consumption": 28253.945340033835, "selected": false, "client_name": "sta7"}
2026-07-01 21:16:40,764 - METRIC - INFO - mean_accuracy: 0.9881766601042314

2026-07-01 21:16:40,764 - METRIC - INFO - round: 66
2026-07-01 21:16:40,764 - METRIC - INFO - n_selected: 11
2026-07-01 21:16:40,764 - METRIC - INFO - {"selected_trainers": ["sta0", "sta1", "sta10", "sta2", "sta3", "sta4", "sta5", "sta6", "sta7", "sta8", "sta9"]}
2026-07-01 21:16:45,622 - EXECUT - INFO - received weights from trainer sta8!
2026-07-01 21:16:45,761 - EXECUT - INFO - received weights from trainer sta4!
2026-07-01 21:16:49,529 - EXECUT - INFO - received weights from trainer sta10!
2026-07-01 21:16:51,092 - EXECUT - INFO - received weights from trainer sta1!
2026-07-01 21:16:51,205 - EXECUT - INFO - received weights from trainer sta0!
2026-07-01 21:16:52,349 - EXECUT - INFO - received weights from trainer sta2!
2026-07-01 21:16:53,119 - EXECUT - INFO - received weights from trainer sta6!
2026-07-01 21:16:53,671 - EXECUT - INFO - received weights from trainer sta9!
2026-07-01 21:16:54,122 - EXECUT - INFO - received weights from trainer sta3!
2026-07-01 21:16:55,040 - EXECUT - INFO - received weights from trainer sta5!
2026-07-01 21:16:55,088 - EXECUT - INFO - received weights from trainer sta7!
2026-07-01 21:16:55,483 - EXECUT - INFO - sent aggregated weights to trainers!
2026-07-01 21:16:55,788 - METRIC - INFO - {"loss": 0.03688352182507515, "accuracy": 0.9888888597488403, "energy_consumption": 41156.08339160426, "selected": false, "client_name": "sta4"}
2026-07-01 21:16:55,879 - METRIC - INFO - {"loss": 0.055012527853250504, "accuracy": 0.9862306118011475, "energy_consumption": 40304.99982094189, "selected": false, "client_name": "sta8"}
2026-07-01 21:16:55,885 - METRIC - INFO - {"loss": 0.058933623135089874, "accuracy": 0.9833512306213379, "energy_consumption": 40954.36996689556, "selected": false, "client_name": "sta2"}
2026-07-01 21:16:55,901 - METRIC - INFO - {"loss": 0.02428206242620945, "accuracy": 0.991093099117279, "energy_consumption": 44053.628593815534, "selected": false, "client_name": "sta10"}
2026-07-01 21:16:55,964 - METRIC - INFO - {"loss": 0.03223707154393196, "accuracy": 0.9901044368743896, "energy_consumption": 42146.08791464362, "selected": false, "client_name": "sta9"}
2026-07-01 21:16:55,970 - METRIC - INFO - {"loss": 0.050424087792634964, "accuracy": 0.9858012199401855, "energy_consumption": 29775.482165655758, "selected": false, "client_name": "sta0"}
2026-07-01 21:16:55,998 - METRIC - INFO - {"loss": 0.036390271037817, "accuracy": 0.9890410900115967, "energy_consumption": 33817.00248848167, "selected": false, "client_name": "sta6"}
2026-07-01 21:16:56,014 - METRIC - INFO - {"loss": 0.03689805045723915, "accuracy": 0.9879903793334961, "energy_consumption": 31477.21295143833, "selected": false, "client_name": "sta5"}
2026-07-01 21:16:56,040 - METRIC - INFO - {"loss": 0.034444164484739304, "accuracy": 0.9898139834403992, "energy_consumption": 27758.203941120977, "selected": false, "client_name": "sta1"}
2026-07-01 21:16:56,061 - METRIC - INFO - {"loss": 0.03346310555934906, "accuracy": 0.9884292483329773, "energy_consumption": 31773.370110732943, "selected": false, "client_name": "sta3"}
2026-07-01 21:16:56,188 - METRIC - INFO - {"loss": 0.04044550657272339, "accuracy": 0.9867178201675415, "energy_consumption": 28630.736818154426, "selected": false, "client_name": "sta7"}
2026-07-01 21:16:56,485 - METRIC - INFO - mean_accuracy: 0.987951089035381

2026-07-01 21:16:56,485 - METRIC - INFO - round: 67
2026-07-01 21:16:56,485 - METRIC - INFO - n_selected: 11
2026-07-01 21:16:56,485 - METRIC - INFO - {"selected_trainers": ["sta0", "sta1", "sta10", "sta2", "sta3", "sta4", "sta5", "sta6", "sta7", "sta8", "sta9"]}
2026-07-01 21:17:01,348 - EXECUT - INFO - received weights from trainer sta8!
2026-07-01 21:17:01,437 - EXECUT - INFO - received weights from trainer sta4!
2026-07-01 21:17:05,333 - EXECUT - INFO - received weights from trainer sta10!
2026-07-01 21:17:06,886 - EXECUT - INFO - received weights from trainer sta1!
2026-07-01 21:17:06,967 - EXECUT - INFO - received weights from trainer sta0!
2026-07-01 21:17:08,059 - EXECUT - INFO - received weights from trainer sta2!
2026-07-01 21:17:08,845 - EXECUT - INFO - received weights from trainer sta6!
2026-07-01 21:17:09,326 - EXECUT - INFO - received weights from trainer sta9!
2026-07-01 21:17:09,889 - EXECUT - INFO - received weights from trainer sta3!
2026-07-01 21:17:10,818 - EXECUT - INFO - received weights from trainer sta5!
2026-07-01 21:17:17,488 - EXECUT - INFO - received weights from trainer sta7!
2026-07-01 21:17:18,118 - EXECUT - INFO - sent aggregated weights to trainers!
2026-07-01 21:17:18,425 - METRIC - INFO - {"loss": 0.0365820974111557, "accuracy": 0.9888888597488403, "energy_consumption": 41928.527979215185, "selected": false, "client_name": "sta4"}
2026-07-01 21:17:18,528 - METRIC - INFO - {"loss": 0.024030299857258797, "accuracy": 0.9914979934692383, "energy_consumption": 44880.78818833593, "selected": false, "client_name": "sta10"}
2026-07-01 21:17:18,599 - METRIC - INFO - {"loss": 0.03452004864811897, "accuracy": 0.9880425333976746, "energy_consumption": 28274.822565063994, "selected": false, "client_name": "sta1"}
2026-07-01 21:17:18,602 - METRIC - INFO - {"loss": 0.031224746257066727, "accuracy": 0.9901044368743896, "energy_consumption": 42927.63027730461, "selected": false, "client_name": "sta9"}
2026-07-01 21:17:18,614 - METRIC - INFO - {"loss": 0.051205407828092575, "accuracy": 0.9853955507278442, "energy_consumption": 30313.576710242945, "selected": false, "client_name": "sta0"}
2026-07-01 21:17:18,640 - METRIC - INFO - {"loss": 0.054875362664461136, "accuracy": 0.9862306118011475, "energy_consumption": 41119.51855206513, "selected": false, "client_name": "sta8"}
2026-07-01 21:17:18,647 - METRIC - INFO - {"loss": 0.03661101311445236, "accuracy": 0.9882572889328003, "energy_consumption": 32088.263842627948, "selected": false, "client_name": "sta5"}
2026-07-01 21:17:18,661 - METRIC - INFO - {"loss": 0.04429864510893822, "accuracy": 0.9868420958518982, "energy_consumption": 41612.92713470553, "selected": false, "client_name": "sta2"}
2026-07-01 21:17:18,720 - METRIC - INFO - {"loss": 0.040614333003759384, "accuracy": 0.986127495765686, "energy_consumption": 29187.332170978978, "selected": false, "client_name": "sta7"}
2026-07-01 21:17:18,737 - METRIC - INFO - {"loss": 0.03634689375758171, "accuracy": 0.9890410900115967, "energy_consumption": 34463.83551392755, "selected": false, "client_name": "sta6"}
2026-07-01 21:17:18,758 - METRIC - INFO - {"loss": 0.03325805068016052, "accuracy": 0.9881399869918823, "energy_consumption": 32242.03139019782, "selected": false, "client_name": "sta3"}
2026-07-01 21:17:19,119 - METRIC - INFO - mean_accuracy: 0.9880516312339089

2026-07-01 21:17:19,119 - METRIC - INFO - round: 68
2026-07-01 21:17:19,119 - METRIC - INFO - n_selected: 11
2026-07-01 21:17:19,119 - METRIC - INFO - {"selected_trainers": ["sta0", "sta1", "sta10", "sta2", "sta3", "sta4", "sta5", "sta6", "sta7", "sta8", "sta9"]}
2026-07-01 21:17:23,948 - EXECUT - INFO - received weights from trainer sta8!
2026-07-01 21:17:24,153 - EXECUT - INFO - received weights from trainer sta4!
2026-07-01 21:17:27,929 - EXECUT - INFO - received weights from trainer sta10!
2026-07-01 21:17:29,477 - EXECUT - INFO - received weights from trainer sta1!
2026-07-01 21:17:29,567 - EXECUT - INFO - received weights from trainer sta0!
2026-07-01 21:17:30,737 - EXECUT - INFO - received weights from trainer sta2!
2026-07-01 21:17:31,464 - EXECUT - INFO - received weights from trainer sta6!
2026-07-01 21:17:31,959 - EXECUT - INFO - received weights from trainer sta9!
2026-07-01 21:17:32,557 - EXECUT - INFO - received weights from trainer sta3!
2026-07-01 21:17:33,401 - EXECUT - INFO - received weights from trainer sta5!
2026-07-01 21:17:33,526 - EXECUT - INFO - received weights from trainer sta7!
2026-07-01 21:17:33,877 - EXECUT - INFO - sent aggregated weights to trainers!
2026-07-01 21:17:34,238 - METRIC - INFO - {"loss": 0.05489761382341385, "accuracy": 0.9862306118011475, "energy_consumption": 41614.849661253415, "selected": false, "client_name": "sta8"}
2026-07-01 21:17:34,243 - METRIC - INFO - {"loss": 0.036132823675870895, "accuracy": 0.988194465637207, "energy_consumption": 42475.814496450745, "selected": false, "client_name": "sta4"}
2026-07-01 21:17:34,246 - METRIC - INFO - {"loss": 0.0458698533475399, "accuracy": 0.9865735769271851, "energy_consumption": 42127.11552207253, "selected": false, "client_name": "sta2"}
2026-07-01 21:17:34,294 - METRIC - INFO - {"loss": 0.025274425745010376, "accuracy": 0.9914979934692383, "energy_consumption": 45452.816293129974, "selected": false, "client_name": "sta10"}
2026-07-01 21:17:34,342 - METRIC - INFO - {"loss": 0.03224154934287071, "accuracy": 0.9903793334960938, "energy_consumption": 43459.12486669484, "selected": false, "client_name": "sta9"}
2026-07-01 21:17:34,360 - METRIC - INFO - {"loss": 0.03583772853016853, "accuracy": 0.9893454909324646, "energy_consumption": 34879.646040711756, "selected": false, "client_name": "sta6"}
2026-07-01 21:17:34,361 - METRIC - INFO - {"loss": 0.0343090184032917, "accuracy": 0.9889282584190369, "energy_consumption": 28641.947412628047, "selected": false, "client_name": "sta1"}
2026-07-01 21:17:34,382 - METRIC - INFO - {"loss": 0.038817062973976135, "accuracy": 0.9877235293388367, "energy_consumption": 32489.276081056203, "selected": false, "client_name": "sta5"}
2026-07-01 21:17:34,385 - METRIC - INFO - {"loss": 0.049247611314058304, "accuracy": 0.9866125583648682, "energy_consumption": 30679.410188962956, "selected": false, "client_name": "sta0"}
2026-07-01 21:17:34,425 - METRIC - INFO - {"loss": 0.03326791152358055, "accuracy": 0.988718569278717, "energy_consumption": 32605.105302456395, "selected": false, "client_name": "sta3"}
2026-07-01 21:17:34,477 - METRIC - INFO - {"loss": 0.04084062948822975, "accuracy": 0.9867178201675415, "energy_consumption": 29545.046593772422, "selected": false, "client_name": "sta7"}
2026-07-01 21:17:34,880 - METRIC - INFO - mean_accuracy: 0.9882656552574851

2026-07-01 21:17:34,880 - METRIC - INFO - round: 69
2026-07-01 21:17:34,880 - METRIC - INFO - n_selected: 11
2026-07-01 21:17:34,880 - METRIC - INFO - {"selected_trainers": ["sta0", "sta1", "sta10", "sta2", "sta3", "sta4", "sta5", "sta6", "sta7", "sta8", "sta9"]}
2026-07-01 21:17:39,704 - EXECUT - INFO - received weights from trainer sta8!
2026-07-01 21:17:39,851 - EXECUT - INFO - received weights from trainer sta4!
2026-07-01 21:17:43,683 - EXECUT - INFO - received weights from trainer sta10!
2026-07-01 21:17:45,254 - EXECUT - INFO - received weights from trainer sta1!
2026-07-01 21:17:45,367 - EXECUT - INFO - received weights from trainer sta0!
2026-07-01 21:17:46,578 - EXECUT - INFO - received weights from trainer sta2!
2026-07-01 21:17:47,230 - EXECUT - INFO - received weights from trainer sta6!
2026-07-01 21:17:47,723 - EXECUT - INFO - received weights from trainer sta9!
2026-07-01 21:17:48,205 - EXECUT - INFO - received weights from trainer sta3!
2026-07-01 21:17:49,202 - EXECUT - INFO - received weights from trainer sta5!
2026-07-01 21:17:49,226 - EXECUT - INFO - received weights from trainer sta7!
2026-07-01 21:17:49,636 - EXECUT - INFO - sent aggregated weights to trainers!
2026-07-01 21:17:49,939 - METRIC - INFO - {"loss": 0.03577474132180214, "accuracy": 0.9895833134651184, "energy_consumption": 42999.921764487044, "selected": false, "client_name": "sta4"}
2026-07-01 21:17:50,022 - METRIC - INFO - {"loss": 0.05470127612352371, "accuracy": 0.9862306118011475, "energy_consumption": 42161.13406300054, "selected": false, "client_name": "sta8"}
2026-07-01 21:17:50,049 - METRIC - INFO - {"loss": 0.044897086918354034, "accuracy": 0.9873791337013245, "energy_consumption": 42633.49805274706, "selected": false, "client_name": "sta2"}
2026-07-01 21:17:50,053 - METRIC - INFO - {"loss": 0.024306636303663254, "accuracy": 0.991093099117279, "energy_consumption": 46023.64030306433, "selected": false, "client_name": "sta10"}
2026-07-01 21:17:50,115 - METRIC - INFO - {"loss": 0.050056979060173035, "accuracy": 0.9858012199401855, "energy_consumption": 31071.720371049538, "selected": false, "client_name": "sta0"}
2026-07-01 21:17:50,128 - METRIC - INFO - {"loss": 0.03199978172779083, "accuracy": 0.9901044368743896, "energy_consumption": 44011.331608187684, "selected": false, "client_name": "sta9"}
2026-07-01 21:17:50,136 - METRIC - INFO - {"loss": 0.036326806992292404, "accuracy": 0.9890410900115967, "energy_consumption": 35309.66825969818, "selected": false, "client_name": "sta6"}
2026-07-01 21:17:50,185 - METRIC - INFO - {"loss": 0.03745972365140915, "accuracy": 0.9877235293388367, "energy_consumption": 32901.948848795626, "selected": false, "client_name": "sta5"}
2026-07-01 21:17:50,206 - METRIC - INFO - {"loss": 0.034795667976140976, "accuracy": 0.9880425333976746, "energy_consumption": 29013.533477864632, "selected": false, "client_name": "sta1"}
2026-07-01 21:17:50,216 - METRIC - INFO - {"loss": 0.03324181213974953, "accuracy": 0.988718569278717, "energy_consumption": 33004.45658519333, "selected": false, "client_name": "sta3"}
2026-07-01 21:17:50,225 - METRIC - INFO - {"loss": 0.04122902825474739, "accuracy": 0.986127495765686, "energy_consumption": 29913.090781015395, "selected": false, "client_name": "sta7"}
2026-07-01 21:17:50,638 - METRIC - INFO - mean_accuracy: 0.9881677302447233

2026-07-01 21:17:50,638 - METRIC - INFO - round: 70
2026-07-01 21:17:50,638 - METRIC - INFO - n_selected: 11
2026-07-01 21:17:50,638 - METRIC - INFO - {"selected_trainers": ["sta0", "sta1", "sta10", "sta2", "sta3", "sta4", "sta5", "sta6", "sta7", "sta8", "sta9"]}
2026-07-01 21:17:55,464 - EXECUT - INFO - received weights from trainer sta8!
2026-07-01 21:17:55,654 - EXECUT - INFO - received weights from trainer sta4!
2026-07-01 21:17:59,545 - EXECUT - INFO - received weights from trainer sta10!
2026-07-01 21:18:00,954 - EXECUT - INFO - received weights from trainer sta1!
2026-07-01 21:18:02,295 - EXECUT - INFO - received weights from trainer sta2!
2026-07-01 21:18:02,997 - EXECUT - INFO - received weights from trainer sta6!
2026-07-01 21:18:03,466 - EXECUT - INFO - received weights from trainer sta9!
2026-07-01 21:18:04,011 - EXECUT - INFO - received weights from trainer sta3!
2026-07-01 21:18:04,868 - EXECUT - INFO - received weights from trainer sta5!
2026-07-01 21:18:04,914 - EXECUT - INFO - received weights from trainer sta7!
2026-07-01 21:18:11,298 - EXECUT - INFO - received weights from trainer sta0!
2026-07-01 21:18:12,304 - EXECUT - INFO - sent aggregated weights to trainers!
2026-07-01 21:18:12,617 - METRIC - INFO - {"loss": 0.03557004779577255, "accuracy": 0.9895833134651184, "energy_consumption": 43805.40632282743, "selected": false, "client_name": "sta4"}
2026-07-01 21:18:12,721 - METRIC - INFO - {"loss": 0.05450798198580742, "accuracy": 0.9879518151283264, "energy_consumption": 42925.46590028622, "selected": false, "client_name": "sta8"}
2026-07-01 21:18:12,738 - METRIC - INFO - {"loss": 0.044353365898132324, "accuracy": 0.9860365390777588, "energy_consumption": 43406.98100870305, "selected": false, "client_name": "sta2"}
2026-07-01 21:18:12,746 - METRIC - INFO - {"loss": 0.025005880743265152, "accuracy": 0.991093099117279, "energy_consumption": 46859.78284147471, "selected": false, "client_name": "sta10"}
2026-07-01 21:18:12,792 - METRIC - INFO - {"loss": 0.04983847215771675, "accuracy": 0.9853955507278442, "energy_consumption": 31560.398423308106, "selected": false, "client_name": "sta0"}
2026-07-01 21:18:12,817 - METRIC - INFO - {"loss": 0.03205910697579384, "accuracy": 0.9906542301177979, "energy_consumption": 44815.89369835416, "selected": false, "client_name": "sta9"}
2026-07-01 21:18:12,832 - METRIC - INFO - {"loss": 0.034794434905052185, "accuracy": 0.9875996708869934, "energy_consumption": 29449.434830860315, "selected": false, "client_name": "sta1"}
2026-07-01 21:18:12,843 - METRIC - INFO - {"loss": 0.037030428647994995, "accuracy": 0.9882572889328003, "energy_consumption": 33509.47284374961, "selected": false, "client_name": "sta5"}
2026-07-01 21:18:12,848 - METRIC - INFO - {"loss": 0.036763500422239304, "accuracy": 0.9893454909324646, "energy_consumption": 35949.50655602019, "selected": false, "client_name": "sta6"}
2026-07-01 21:18:12,880 - METRIC - INFO - {"loss": 0.033435117453336716, "accuracy": 0.988718569278717, "energy_consumption": 33586.05897681841, "selected": false, "client_name": "sta3"}
2026-07-01 21:18:12,897 - METRIC - INFO - {"loss": 0.041780367493629456, "accuracy": 0.986127495765686, "energy_consumption": 30459.931834475294, "selected": false, "client_name": "sta7"}
2026-07-01 21:18:13,307 - METRIC - INFO - mean_accuracy: 0.9882511875846169

2026-07-01 21:18:13,307 - METRIC - INFO - round: 71
2026-07-01 21:18:13,307 - METRIC - INFO - n_selected: 11
2026-07-01 21:18:13,307 - METRIC - INFO - {"selected_trainers": ["sta0", "sta1", "sta10", "sta2", "sta3", "sta4", "sta5", "sta6", "sta7", "sta8", "sta9"]}
2026-07-01 21:18:18,218 - EXECUT - INFO - received weights from trainer sta8!
2026-07-01 21:18:18,731 - EXECUT - INFO - received weights from trainer sta4!
2026-07-01 21:18:22,038 - EXECUT - INFO - received weights from trainer sta10!
2026-07-01 21:18:23,740 - EXECUT - INFO - received weights from trainer sta1!
2026-07-01 21:18:23,836 - EXECUT - INFO - received weights from trainer sta0!
2026-07-01 21:18:24,895 - EXECUT - INFO - received weights from trainer sta2!
2026-07-01 21:18:25,604 - EXECUT - INFO - received weights from trainer sta6!
2026-07-01 21:18:26,174 - EXECUT - INFO - received weights from trainer sta9!
2026-07-01 21:18:26,752 - EXECUT - INFO - received weights from trainer sta3!
2026-07-01 21:18:27,712 - EXECUT - INFO - received weights from trainer sta7!
2026-07-01 21:18:34,207 - EXECUT - INFO - received weights from trainer sta5!
2026-07-01 21:18:34,985 - EXECUT - INFO - sent aggregated weights to trainers!
2026-07-01 21:18:35,315 - METRIC - INFO - {"loss": 0.03648991882801056, "accuracy": 0.9888888597488403, "energy_consumption": 44581.5057381688, "selected": false, "client_name": "sta4"}
2026-07-01 21:18:35,356 - METRIC - INFO - {"loss": 0.05774199590086937, "accuracy": 0.9862306118011475, "energy_consumption": 43655.16250037111, "selected": false, "client_name": "sta8"}
2026-07-01 21:18:35,406 - METRIC - INFO - {"loss": 0.04427951201796532, "accuracy": 0.9868420958518982, "energy_consumption": 44185.08038081219, "selected": false, "client_name": "sta2"}
2026-07-01 21:18:35,408 - METRIC - INFO - {"loss": 0.024343915283679962, "accuracy": 0.9914979934692383, "energy_consumption": 47551.518791352835, "selected": false, "client_name": "sta10"}
2026-07-01 21:18:35,462 - METRIC - INFO - {"loss": 0.037212345749139786, "accuracy": 0.9879903793334961, "energy_consumption": 34091.82205801359, "selected": false, "client_name": "sta5"}
2026-07-01 21:18:35,475 - METRIC - INFO - {"loss": 0.032289136201143265, "accuracy": 0.9901044368743896, "energy_consumption": 45593.428768941914, "selected": false, "client_name": "sta9"}
2026-07-01 21:18:35,483 - METRIC - INFO - {"loss": 0.036000847816467285, "accuracy": 0.9899543523788452, "energy_consumption": 36583.94960397527, "selected": false, "client_name": "sta6"}
2026-07-01 21:18:35,497 - METRIC - INFO - {"loss": 0.05109541118144989, "accuracy": 0.9858012199401855, "energy_consumption": 32101.131779013296, "selected": false, "client_name": "sta0"}
2026-07-01 21:18:35,514 - METRIC - INFO - {"loss": 0.04190171882510185, "accuracy": 0.986127495765686, "energy_consumption": 30990.379452713463, "selected": false, "client_name": "sta7"}
2026-07-01 21:18:35,541 - METRIC - INFO - {"loss": 0.03362327441573143, "accuracy": 0.9884853959083557, "energy_consumption": 29945.84363854814, "selected": false, "client_name": "sta1"}
2026-07-01 21:18:35,567 - METRIC - INFO - {"loss": 0.03298862278461456, "accuracy": 0.988718569278717, "energy_consumption": 34161.527551145715, "selected": false, "client_name": "sta3"}
2026-07-01 21:18:35,987 - METRIC - INFO - mean_accuracy: 0.9882401282137091

2026-07-01 21:18:35,987 - METRIC - INFO - round: 72
2026-07-01 21:18:35,987 - METRIC - INFO - n_selected: 11
2026-07-01 21:18:35,987 - METRIC - INFO - {"selected_trainers": ["sta0", "sta1", "sta10", "sta2", "sta3", "sta4", "sta5", "sta6", "sta7", "sta8", "sta9"]}
2026-07-01 21:18:40,902 - EXECUT - INFO - received weights from trainer sta8!
2026-07-01 21:18:40,949 - EXECUT - INFO - received weights from trainer sta4!
2026-07-01 21:18:44,818 - EXECUT - INFO - received weights from trainer sta10!
2026-07-01 21:18:46,311 - EXECUT - INFO - received weights from trainer sta1!
2026-07-01 21:18:46,456 - EXECUT - INFO - received weights from trainer sta0!
2026-07-01 21:18:47,653 - EXECUT - INFO - received weights from trainer sta2!
2026-07-01 21:18:48,306 - EXECUT - INFO - received weights from trainer sta6!
2026-07-01 21:18:48,854 - EXECUT - INFO - received weights from trainer sta9!
2026-07-01 21:18:49,302 - EXECUT - INFO - received weights from trainer sta3!
2026-07-01 21:18:50,229 - EXECUT - INFO - received weights from trainer sta7!
2026-07-01 21:18:50,272 - EXECUT - INFO - received weights from trainer sta5!
2026-07-01 21:18:50,630 - EXECUT - INFO - sent aggregated weights to trainers!
2026-07-01 21:18:50,917 - METRIC - INFO - {"loss": 0.03574648126959801, "accuracy": 0.9902777671813965, "energy_consumption": 45083.66534058537, "selected": false, "client_name": "sta4"}
2026-07-01 21:18:51,001 - METRIC - INFO - {"loss": 0.055563122034072876, "accuracy": 0.9862306118011475, "energy_consumption": 44153.101007741236, "selected": false, "client_name": "sta8"}
2026-07-01 21:18:51,056 - METRIC - INFO - {"loss": 0.04533955454826355, "accuracy": 0.9871106147766113, "energy_consumption": 44705.460454292624, "selected": false, "client_name": "sta2"}
2026-07-01 21:18:51,127 - METRIC - INFO - {"loss": 0.03586877882480621, "accuracy": 0.9896499514579773, "energy_consumption": 37016.706930484994, "selected": false, "client_name": "sta6"}
2026-07-01 21:18:51,128 - METRIC - INFO - {"loss": 0.03194206953048706, "accuracy": 0.9903793334960938, "energy_consumption": 46129.09828998772, "selected": false, "client_name": "sta9"}
2026-07-01 21:18:51,157 - METRIC - INFO - {"loss": 0.03650887683033943, "accuracy": 0.9877235293388367, "energy_consumption": 34482.366315171836, "selected": false, "client_name": "sta5"}
2026-07-01 21:18:51,160 - METRIC - INFO - {"loss": 0.024618025869131088, "accuracy": 0.9914979934692383, "energy_consumption": 48106.54592662308, "selected": false, "client_name": "sta10"}
2026-07-01 21:18:51,179 - METRIC - INFO - {"loss": 0.033119700849056244, "accuracy": 0.988718569278717, "energy_consumption": 34558.14129630021, "selected": false, "client_name": "sta3"}
2026-07-01 21:18:51,192 - METRIC - INFO - {"loss": 0.03472490981221199, "accuracy": 0.9875996708869934, "energy_consumption": 30256.116909336597, "selected": false, "client_name": "sta1"}
2026-07-01 21:18:51,228 - METRIC - INFO - {"loss": 0.04029708355665207, "accuracy": 0.9864226579666138, "energy_consumption": 31348.734161448498, "selected": false, "client_name": "sta7"}
2026-07-01 21:18:51,231 - METRIC - INFO - {"loss": 0.04847996309399605, "accuracy": 0.9858012199401855, "energy_consumption": 32449.282290731684, "selected": false, "client_name": "sta0"}
2026-07-01 21:18:51,631 - METRIC - INFO - mean_accuracy: 0.9883101745085283

2026-07-01 21:18:51,631 - METRIC - INFO - round: 73
2026-07-01 21:18:51,631 - METRIC - INFO - n_selected: 11
2026-07-01 21:18:51,631 - METRIC - INFO - {"selected_trainers": ["sta0", "sta1", "sta10", "sta2", "sta3", "sta4", "sta5", "sta6", "sta7", "sta8", "sta9"]}
2026-07-01 21:18:56,549 - EXECUT - INFO - received weights from trainer sta8!
2026-07-01 21:18:56,587 - EXECUT - INFO - received weights from trainer sta4!
2026-07-01 21:19:00,408 - EXECUT - INFO - received weights from trainer sta10!
2026-07-01 21:19:02,063 - EXECUT - INFO - received weights from trainer sta1!
2026-07-01 21:19:02,087 - EXECUT - INFO - received weights from trainer sta0!
2026-07-01 21:19:03,269 - EXECUT - INFO - received weights from trainer sta2!
2026-07-01 21:19:03,984 - EXECUT - INFO - received weights from trainer sta6!
2026-07-01 21:19:04,510 - EXECUT - INFO - received weights from trainer sta9!
2026-07-01 21:19:04,997 - EXECUT - INFO - received weights from trainer sta3!
2026-07-01 21:19:05,853 - EXECUT - INFO - received weights from trainer sta5!
2026-07-01 21:19:12,637 - EXECUT - INFO - received weights from trainer sta7!
2026-07-01 21:19:13,324 - EXECUT - INFO - sent aggregated weights to trainers!
2026-07-01 21:19:13,623 - METRIC - INFO - {"loss": 0.03699476644396782, "accuracy": 0.9895833134651184, "energy_consumption": 45831.82027025967, "selected": false, "client_name": "sta4"}
2026-07-01 21:19:13,688 - METRIC - INFO - {"loss": 0.05541541054844856, "accuracy": 0.9862306118011475, "energy_consumption": 44807.97341958536, "selected": false, "client_name": "sta8"}
2026-07-01 21:19:13,740 - METRIC - INFO - {"loss": 0.02429988421499729, "accuracy": 0.991093099117279, "energy_consumption": 48952.6282944107, "selected": false, "client_name": "sta10"}
2026-07-01 21:19:13,755 - METRIC - INFO - {"loss": 0.04544416442513466, "accuracy": 0.9868420958518982, "energy_consumption": 45501.513381274126, "selected": false, "client_name": "sta2"}
2026-07-01 21:19:13,779 - METRIC - INFO - {"loss": 0.03399236127734184, "accuracy": 0.9875996708869934, "energy_consumption": 30786.07876871347, "selected": false, "client_name": "sta1"}
2026-07-01 21:19:13,814 - METRIC - INFO - {"loss": 0.05035863071680069, "accuracy": 0.9862068891525269, "energy_consumption": 33002.40081706699, "selected": false, "client_name": "sta0"}
2026-07-01 21:19:13,815 - METRIC - INFO - {"loss": 0.032174378633499146, "accuracy": 0.9901044368743896, "energy_consumption": 46818.475549136376, "selected": false, "client_name": "sta9"}
2026-07-01 21:19:13,827 - METRIC - INFO - {"loss": 0.03594489023089409, "accuracy": 0.9896499514579773, "energy_consumption": 37649.955636510575, "selected": false, "client_name": "sta6"}
2026-07-01 21:19:13,885 - METRIC - INFO - {"loss": 0.037031251937150955, "accuracy": 0.9877235293388367, "energy_consumption": 35089.10825660862, "selected": false, "client_name": "sta5"}
2026-07-01 21:19:13,896 - METRIC - INFO - {"loss": 0.033448606729507446, "accuracy": 0.9881399869918823, "energy_consumption": 35177.06007096827, "selected": false, "client_name": "sta3"}
2026-07-01 21:19:13,939 - METRIC - INFO - {"loss": 0.04143768548965454, "accuracy": 0.9867178201675415, "energy_consumption": 31895.779479243316, "selected": false, "client_name": "sta7"}
2026-07-01 21:19:14,325 - METRIC - INFO - mean_accuracy: 0.9881719459186901

2026-07-01 21:19:14,325 - METRIC - INFO - round: 74
2026-07-01 21:19:14,325 - METRIC - INFO - n_selected: 11
2026-07-01 21:19:14,325 - METRIC - INFO - {"selected_trainers": ["sta0", "sta1", "sta10", "sta2", "sta3", "sta4", "sta5", "sta6", "sta7", "sta8", "sta9"]}
2026-07-01 21:19:19,145 - EXECUT - INFO - received weights from trainer sta8!
2026-07-01 21:19:19,304 - EXECUT - INFO - received weights from trainer sta4!
2026-07-01 21:19:23,135 - EXECUT - INFO - received weights from trainer sta10!
2026-07-01 21:19:24,700 - EXECUT - INFO - received weights from trainer sta1!
2026-07-01 21:19:24,809 - EXECUT - INFO - received weights from trainer sta0!
2026-07-01 21:19:25,946 - EXECUT - INFO - received weights from trainer sta2!
2026-07-01 21:19:27,180 - EXECUT - INFO - received weights from trainer sta9!
2026-07-01 21:19:27,707 - EXECUT - INFO - received weights from trainer sta3!
2026-07-01 21:19:28,667 - EXECUT - INFO - received weights from trainer sta7!
2026-07-01 21:19:35,207 - EXECUT - INFO - received weights from trainer sta5!
2026-07-01 21:19:35,230 - EXECUT - INFO - received weights from trainer sta6!
2026-07-01 21:19:36,066 - EXECUT - INFO - sent aggregated weights to trainers!
2026-07-01 21:19:36,377 - METRIC - INFO - {"loss": 0.03683606907725334, "accuracy": 0.9888888597488403, "energy_consumption": 46601.051729179315, "selected": false, "client_name": "sta4"}
2026-07-01 21:19:36,417 - METRIC - INFO - {"loss": 0.056476566940546036, "accuracy": 0.9870912432670593, "energy_consumption": 45569.730369582125, "selected": false, "client_name": "sta8"}
2026-07-01 21:19:36,481 - METRIC - INFO - {"loss": 0.044619858264923096, "accuracy": 0.9868420958518982, "energy_consumption": 46263.843416807664, "selected": false, "client_name": "sta2"}
2026-07-01 21:19:36,485 - METRIC - INFO - {"loss": 0.02576288767158985, "accuracy": 0.9902834296226501, "energy_consumption": 49753.298646004994, "selected": false, "client_name": "sta10"}
2026-07-01 21:19:36,550 - METRIC - INFO - {"loss": 0.032208044081926346, "accuracy": 0.9898295998573303, "energy_consumption": 47582.441161107556, "selected": false, "client_name": "sta9"}
2026-07-01 21:19:36,563 - METRIC - INFO - {"loss": 0.034390997141599655, "accuracy": 0.9884853959083557, "energy_consumption": 31294.08849209451, "selected": false, "client_name": "sta1"}
2026-07-01 21:19:36,572 - METRIC - INFO - {"loss": 0.04947951063513756, "accuracy": 0.9858012199401855, "energy_consumption": 33540.45668636861, "selected": false, "client_name": "sta0"}
2026-07-01 21:19:36,580 - METRIC - INFO - {"loss": 0.03584333509206772, "accuracy": 0.9893454909324646, "energy_consumption": 38194.70749215657, "selected": false, "client_name": "sta6"}
2026-07-01 21:19:36,604 - METRIC - INFO - {"loss": 0.03405604884028435, "accuracy": 0.988718569278717, "energy_consumption": 35777.74733354945, "selected": false, "client_name": "sta3"}
2026-07-01 21:19:36,605 - METRIC - INFO - {"loss": 0.041228171437978745, "accuracy": 0.9864226579666138, "energy_consumption": 32354.52508346044, "selected": false, "client_name": "sta7"}
2026-07-01 21:19:36,700 - METRIC - INFO - {"loss": 0.03711514547467232, "accuracy": 0.9869228601455688, "energy_consumption": 35682.60075222909, "selected": false, "client_name": "sta5"}
2026-07-01 21:19:37,068 - METRIC - INFO - mean_accuracy: 0.988057402047244

2026-07-01 21:19:37,068 - METRIC - INFO - round: 75
2026-07-01 21:19:37,068 - METRIC - INFO - n_selected: 11
2026-07-01 21:19:37,068 - METRIC - INFO - {"selected_trainers": ["sta0", "sta1", "sta10", "sta2", "sta3", "sta4", "sta5", "sta6", "sta7", "sta8", "sta9"]}
2026-07-01 21:19:41,882 - EXECUT - INFO - received weights from trainer sta8!
2026-07-01 21:19:42,011 - EXECUT - INFO - received weights from trainer sta4!
2026-07-01 21:19:45,858 - EXECUT - INFO - received weights from trainer sta10!
2026-07-01 21:19:47,358 - EXECUT - INFO - received weights from trainer sta1!
2026-07-01 21:19:47,561 - EXECUT - INFO - received weights from trainer sta0!
2026-07-01 21:19:48,721 - EXECUT - INFO - received weights from trainer sta2!
2026-07-01 21:19:49,475 - EXECUT - INFO - received weights from trainer sta6!
2026-07-01 21:19:49,961 - EXECUT - INFO - received weights from trainer sta9!
2026-07-01 21:19:50,443 - EXECUT - INFO - received weights from trainer sta3!
2026-07-01 21:19:51,300 - EXECUT - INFO - received weights from trainer sta7!
2026-07-01 21:19:51,404 - EXECUT - INFO - received weights from trainer sta5!
2026-07-01 21:19:51,826 - EXECUT - INFO - sent aggregated weights to trainers!
2026-07-01 21:19:52,148 - METRIC - INFO - {"loss": 0.0362468846142292, "accuracy": 0.9888888597488403, "energy_consumption": 47131.18703024879, "selected": false, "client_name": "sta4"}
2026-07-01 21:19:52,207 - METRIC - INFO - {"loss": 0.055471986532211304, "accuracy": 0.9870912432670593, "energy_consumption": 46073.98935790973, "selected": false, "client_name": "sta8"}
2026-07-01 21:19:52,257 - METRIC - INFO - {"loss": 0.0251799114048481, "accuracy": 0.9914979934692383, "energy_consumption": 50311.41343004784, "selected": false, "client_name": "sta10"}
2026-07-01 21:19:52,274 - METRIC - INFO - {"loss": 0.04520820826292038, "accuracy": 0.9868420958518982, "energy_consumption": 46784.46503535745, "selected": false, "client_name": "sta2"}
2026-07-01 21:19:52,282 - METRIC - INFO - {"loss": 0.049739304929971695, "accuracy": 0.9858012199401855, "energy_consumption": 33905.867428201615, "selected": false, "client_name": "sta0"}
2026-07-01 21:19:52,348 - METRIC - INFO - {"loss": 0.03562742471694946, "accuracy": 0.9890410900115967, "energy_consumption": 38731.451674174736, "selected": false, "client_name": "sta6"}
2026-07-01 21:19:52,359 - METRIC - INFO - {"loss": 0.042584408074617386, "accuracy": 0.9864226579666138, "energy_consumption": 32694.065060757366, "selected": false, "client_name": "sta7"}
2026-07-01 21:19:52,366 - METRIC - INFO - {"loss": 0.033219121396541595, "accuracy": 0.988718569278717, "energy_consumption": 36157.3198180775, "selected": false, "client_name": "sta3"}
2026-07-01 21:19:52,445 - METRIC - INFO - {"loss": 0.032085977494716644, "accuracy": 0.9903793334960938, "energy_consumption": 48136.20755053344, "selected": false, "client_name": "sta9"}
2026-07-01 21:19:52,479 - METRIC - INFO - {"loss": 0.0371650867164135, "accuracy": 0.9877235293388367, "energy_consumption": 36114.91529205469, "selected": false, "client_name": "sta5"}
2026-07-01 21:19:52,516 - METRIC - INFO - {"loss": 0.03429390862584114, "accuracy": 0.9889282584190369, "energy_consumption": 31645.97872198874, "selected": false, "client_name": "sta1"}
2026-07-01 21:19:52,828 - METRIC - INFO - mean_accuracy: 0.9883031682534651

2026-07-01 21:19:52,828 - METRIC - INFO - round: 76
2026-07-01 21:19:52,828 - METRIC - INFO - n_selected: 11
2026-07-01 21:19:52,828 - METRIC - INFO - {"selected_trainers": ["sta0", "sta1", "sta10", "sta2", "sta3", "sta4", "sta5", "sta6", "sta7", "sta8", "sta9"]}
2026-07-01 21:19:57,728 - EXECUT - INFO - received weights from trainer sta8!
2026-07-01 21:19:57,804 - EXECUT - INFO - received weights from trainer sta4!
2026-07-01 21:20:01,628 - EXECUT - INFO - received weights from trainer sta10!
2026-07-01 21:20:03,177 - EXECUT - INFO - received weights from trainer sta1!
2026-07-01 21:20:03,344 - EXECUT - INFO - received weights from trainer sta0!
2026-07-01 21:20:04,438 - EXECUT - INFO - received weights from trainer sta2!
2026-07-01 21:20:05,213 - EXECUT - INFO - received weights from trainer sta6!
2026-07-01 21:20:05,713 - EXECUT - INFO - received weights from trainer sta9!
2026-07-01 21:20:07,044 - EXECUT - INFO - received weights from trainer sta5!
2026-07-01 21:20:13,642 - EXECUT - INFO - received weights from trainer sta3!
2026-07-01 21:20:13,796 - EXECUT - INFO - received weights from trainer sta7!
2026-07-01 21:20:14,570 - EXECUT - INFO - sent aggregated weights to trainers!
2026-07-01 21:20:14,844 - METRIC - INFO - {"loss": 0.03619740158319473, "accuracy": 0.9895833134651184, "energy_consumption": 47895.93458234393, "selected": false, "client_name": "sta4"}
2026-07-01 21:20:14,939 - METRIC - INFO - {"loss": 0.05999717861413956, "accuracy": 0.9862306118011475, "energy_consumption": 46859.77791862128, "selected": false, "client_name": "sta8"}
2026-07-01 21:20:14,969 - METRIC - INFO - {"loss": 0.023524384945631027, "accuracy": 0.9914979934692383, "energy_consumption": 51157.5368442475, "selected": false, "client_name": "sta10"}
2026-07-01 21:20:14,984 - METRIC - INFO - {"loss": 0.04914472997188568, "accuracy": 0.9858012199401855, "energy_consumption": 34472.42198318257, "selected": false, "client_name": "sta0"}
2026-07-01 21:20:14,987 - METRIC - INFO - {"loss": 0.04501911252737045, "accuracy": 0.9863050580024719, "energy_consumption": 47574.80941034384, "selected": false, "client_name": "sta2"}
2026-07-01 21:20:15,044 - METRIC - INFO - {"loss": 0.03223671391606331, "accuracy": 0.9901044368743896, "energy_consumption": 48975.360449702166, "selected": false, "client_name": "sta9"}
2026-07-01 21:20:15,057 - METRIC - INFO - {"loss": 0.03572391718626022, "accuracy": 0.9893454909324646, "energy_consumption": 39265.38907978063, "selected": false, "client_name": "sta6"}
2026-07-01 21:20:15,094 - METRIC - INFO - {"loss": 0.03655814379453659, "accuracy": 0.9874566197395325, "energy_consumption": 36757.39966903001, "selected": false, "client_name": "sta5"}
2026-07-01 21:20:15,106 - METRIC - INFO - {"loss": 0.033835187554359436, "accuracy": 0.9884853959083557, "energy_consumption": 32185.036323076147, "selected": false, "client_name": "sta1"}
2026-07-01 21:20:15,113 - METRIC - INFO - {"loss": 0.03410203382372856, "accuracy": 0.989007830619812, "energy_consumption": 36748.43386768098, "selected": false, "client_name": "sta3"}
2026-07-01 21:20:15,165 - METRIC - INFO - {"loss": 0.04255504533648491, "accuracy": 0.9864226579666138, "energy_consumption": 33237.71679062798, "selected": false, "client_name": "sta7"}
2026-07-01 21:20:15,573 - METRIC - INFO - mean_accuracy: 0.9882036935199391

2026-07-01 21:20:15,573 - METRIC - INFO - round: 77
2026-07-01 21:20:15,573 - METRIC - INFO - n_selected: 11
2026-07-01 21:20:15,573 - METRIC - INFO - {"selected_trainers": ["sta0", "sta1", "sta10", "sta2", "sta3", "sta4", "sta5", "sta6", "sta7", "sta8", "sta9"]}
2026-07-01 21:20:20,388 - EXECUT - INFO - received weights from trainer sta8!
2026-07-01 21:20:20,567 - EXECUT - INFO - received weights from trainer sta4!
2026-07-01 21:20:24,367 - EXECUT - INFO - received weights from trainer sta10!
2026-07-01 21:20:25,942 - EXECUT - INFO - received weights from trainer sta1!
2026-07-01 21:20:26,046 - EXECUT - INFO - received weights from trainer sta0!
2026-07-01 21:20:27,198 - EXECUT - INFO - received weights from trainer sta2!
2026-07-01 21:20:27,909 - EXECUT - INFO - received weights from trainer sta6!
2026-07-01 21:20:28,459 - EXECUT - INFO - received weights from trainer sta9!
2026-07-01 21:20:28,826 - EXECUT - INFO - received weights from trainer sta3!
2026-07-01 21:20:29,805 - EXECUT - INFO - received weights from trainer sta7!
2026-07-01 21:20:29,846 - EXECUT - INFO - received weights from trainer sta5!
2026-07-01 21:20:30,323 - EXECUT - INFO - sent aggregated weights to trainers!
2026-07-01 21:20:30,617 - METRIC - INFO - {"loss": 0.03638084605336189, "accuracy": 0.9888888597488403, "energy_consumption": 48408.00689327584, "selected": false, "client_name": "sta4"}
2026-07-01 21:20:30,684 - METRIC - INFO - {"loss": 0.05669056251645088, "accuracy": 0.9870912432670593, "energy_consumption": 47356.5616331352, "selected": false, "client_name": "sta8"}
2026-07-01 21:20:30,734 - METRIC - INFO - {"loss": 0.025062285363674164, "accuracy": 0.991093099117279, "energy_consumption": 51730.830924294, "selected": false, "client_name": "sta10"}
2026-07-01 21:20:30,769 - METRIC - INFO - {"loss": 0.034245070070028305, "accuracy": 0.9875996708869934, "energy_consumption": 32513.306466768503, "selected": false, "client_name": "sta1"}
2026-07-01 21:20:30,769 - METRIC - INFO - {"loss": 0.04592548683285713, "accuracy": 0.9871106147766113, "energy_consumption": 48070.46875588694, "selected": false, "client_name": "sta2"}
2026-07-01 21:20:30,815 - METRIC - INFO - {"loss": 0.0319085456430912, "accuracy": 0.9901044368743896, "energy_consumption": 49503.384695656365, "selected": false, "client_name": "sta9"}
2026-07-01 21:20:30,818 - METRIC - INFO - {"loss": 0.0360555537045002, "accuracy": 0.990563154220581, "energy_consumption": 39687.57905979368, "selected": false, "client_name": "sta6"}
2026-07-01 21:20:30,836 - METRIC - INFO - {"loss": 0.050909481942653656, "accuracy": 0.9862068891525269, "energy_consumption": 34840.498940506746, "selected": false, "client_name": "sta0"}
2026-07-01 21:20:30,840 - METRIC - INFO - {"loss": 0.032787781208753586, "accuracy": 0.9884292483329773, "energy_consumption": 37148.71599193558, "selected": false, "client_name": "sta3"}
2026-07-01 21:20:30,878 - METRIC - INFO - {"loss": 0.03701315447688103, "accuracy": 0.9882572889328003, "energy_consumption": 37077.18858576034, "selected": false, "client_name": "sta5"}
2026-07-01 21:20:30,934 - METRIC - INFO - {"loss": 0.041850097477436066, "accuracy": 0.9864226579666138, "energy_consumption": 33567.70712878787, "selected": false, "client_name": "sta7"}
2026-07-01 21:20:31,326 - METRIC - INFO - mean_accuracy: 0.9883424693887884

2026-07-01 21:20:31,326 - METRIC - INFO - round: 78
2026-07-01 21:20:31,326 - METRIC - INFO - n_selected: 11
2026-07-01 21:20:31,326 - METRIC - INFO - {"selected_trainers": ["sta0", "sta1", "sta10", "sta2", "sta3", "sta4", "sta5", "sta6", "sta7", "sta8", "sta9"]}
2026-07-01 21:20:36,246 - EXECUT - INFO - received weights from trainer sta8!
2026-07-01 21:20:36,299 - EXECUT - INFO - received weights from trainer sta4!
2026-07-01 21:20:40,236 - EXECUT - INFO - received weights from trainer sta10!
2026-07-01 21:20:41,676 - EXECUT - INFO - received weights from trainer sta1!
2026-07-01 21:20:42,991 - EXECUT - INFO - received weights from trainer sta2!
2026-07-01 21:20:43,694 - EXECUT - INFO - received weights from trainer sta6!
2026-07-01 21:20:44,210 - EXECUT - INFO - received weights from trainer sta9!
2026-07-01 21:20:44,686 - EXECUT - INFO - received weights from trainer sta3!
2026-07-01 21:20:45,629 - EXECUT - INFO - received weights from trainer sta7!
2026-07-01 21:20:51,985 - EXECUT - INFO - received weights from trainer sta0!
2026-07-01 21:20:52,244 - EXECUT - INFO - received weights from trainer sta5!
2026-07-01 21:20:53,107 - EXECUT - INFO - sent aggregated weights to trainers!
2026-07-01 21:20:53,404 - METRIC - INFO - {"loss": 0.03606116399168968, "accuracy": 0.9888888597488403, "energy_consumption": 49070.15197315448, "selected": false, "client_name": "sta4"}
2026-07-01 21:20:53,521 - METRIC - INFO - {"loss": 0.056801747530698776, "accuracy": 0.9862306118011475, "energy_consumption": 48181.50830907735, "selected": false, "client_name": "sta8"}
2026-07-01 21:20:53,531 - METRIC - INFO - {"loss": 0.025496214628219604, "accuracy": 0.9914979934692383, "energy_consumption": 52603.63129094427, "selected": false, "client_name": "sta10"}
2026-07-01 21:20:53,607 - METRIC - INFO - {"loss": 0.03254384547472, "accuracy": 0.9895547032356262, "energy_consumption": 50309.80071367911, "selected": false, "client_name": "sta9"}
2026-07-01 21:20:53,612 - METRIC - INFO - {"loss": 0.04575815051794052, "accuracy": 0.9873791337013245, "energy_consumption": 48868.21297446173, "selected": false, "client_name": "sta2"}
2026-07-01 21:20:53,614 - METRIC - INFO - {"loss": 0.04956060275435448, "accuracy": 0.9862068891525269, "energy_consumption": 35402.773784889665, "selected": false, "client_name": "sta0"}
2026-07-01 21:20:53,647 - METRIC - INFO - {"loss": 0.037281278520822525, "accuracy": 0.9879903793334961, "energy_consumption": 37687.46707251286, "selected": false, "client_name": "sta5"}
2026-07-01 21:20:53,717 - METRIC - INFO - {"loss": 0.0345056876540184, "accuracy": 0.9880425333976746, "energy_consumption": 33043.23177460181, "selected": false, "client_name": "sta1"}
2026-07-01 21:20:53,725 - METRIC - INFO - {"loss": 0.03559504821896553, "accuracy": 0.9899543523788452, "energy_consumption": 40326.3760034153, "selected": false, "client_name": "sta6"}
2026-07-01 21:20:53,809 - METRIC - INFO - {"loss": 0.0329073965549469, "accuracy": 0.989007830619812, "energy_consumption": 37757.68570001247, "selected": false, "client_name": "sta3"}
2026-07-01 21:20:53,838 - METRIC - INFO - {"loss": 0.041485320776700974, "accuracy": 0.9867178201675415, "energy_consumption": 34115.23554977057, "selected": false, "client_name": "sta7"}
2026-07-01 21:20:54,109 - METRIC - INFO - mean_accuracy: 0.9883155551823702

2026-07-01 21:20:54,109 - METRIC - INFO - round: 79
2026-07-01 21:20:54,109 - METRIC - INFO - n_selected: 11
2026-07-01 21:20:54,109 - METRIC - INFO - {"selected_trainers": ["sta0", "sta1", "sta10", "sta2", "sta3", "sta4", "sta5", "sta6", "sta7", "sta8", "sta9"]}
2026-07-01 21:20:58,947 - EXECUT - INFO - received weights from trainer sta8!
2026-07-01 21:20:59,155 - EXECUT - INFO - received weights from trainer sta4!
2026-07-01 21:21:02,855 - EXECUT - INFO - received weights from trainer sta10!
2026-07-01 21:21:04,437 - EXECUT - INFO - received weights from trainer sta1!
2026-07-01 21:21:04,574 - EXECUT - INFO - received weights from trainer sta0!
2026-07-01 21:21:05,784 - EXECUT - INFO - received weights from trainer sta2!
2026-07-01 21:21:06,352 - EXECUT - INFO - received weights from trainer sta6!
2026-07-01 21:21:06,967 - EXECUT - INFO - received weights from trainer sta9!
2026-07-01 21:21:07,512 - EXECUT - INFO - received weights from trainer sta3!
2026-07-01 21:21:08,433 - EXECUT - INFO - received weights from trainer sta7!
2026-07-01 21:21:14,997 - EXECUT - INFO - received weights from trainer sta5!
2026-07-01 21:21:15,835 - EXECUT - INFO - sent aggregated weights to trainers!
2026-07-01 21:21:16,233 - METRIC - INFO - {"loss": 0.03599733114242554, "accuracy": 0.9902777671813965, "energy_consumption": 49866.96783431296, "selected": false, "client_name": "sta4"}
2026-07-01 21:21:16,236 - METRIC - INFO - {"loss": 0.04465923458337784, "accuracy": 0.9871106147766113, "energy_consumption": 49507.03399461538, "selected": false, "client_name": "sta2"}
2026-07-01 21:21:16,248 - METRIC - INFO - {"loss": 0.05658350884914398, "accuracy": 0.9862306118011475, "energy_consumption": 48930.33705205231, "selected": false, "client_name": "sta8"}
2026-07-01 21:21:16,267 - METRIC - INFO - {"loss": 0.024846481159329414, "accuracy": 0.991093099117279, "energy_consumption": 53447.40404418161, "selected": false, "client_name": "sta10"}
2026-07-01 21:21:16,337 - METRIC - INFO - {"loss": 0.035838428884744644, "accuracy": 0.9902587532997131, "energy_consumption": 40965.86979654866, "selected": false, "client_name": "sta6"}
2026-07-01 21:21:16,343 - METRIC - INFO - {"loss": 0.03249343857169151, "accuracy": 0.9901044368743896, "energy_consumption": 51131.89764506591, "selected": false, "client_name": "sta9"}
2026-07-01 21:21:16,364 - METRIC - INFO - {"loss": 0.036688875406980515, "accuracy": 0.9877235293388367, "energy_consumption": 38260.07332328428, "selected": false, "client_name": "sta5"}
2026-07-01 21:21:16,367 - METRIC - INFO - {"loss": 0.0511825755238533, "accuracy": 0.9862068891525269, "energy_consumption": 35941.37354036087, "selected": false, "client_name": "sta0"}
2026-07-01 21:21:16,393 - METRIC - INFO - {"loss": 0.03542354330420494, "accuracy": 0.9880425333976746, "energy_consumption": 33539.82400431045, "selected": false, "client_name": "sta1"}
2026-07-01 21:21:16,417 - METRIC - INFO - {"loss": 0.04180596023797989, "accuracy": 0.9867178201675415, "energy_consumption": 34647.83416314472, "selected": false, "client_name": "sta7"}
2026-07-01 21:21:16,420 - METRIC - INFO - {"loss": 0.03346053510904312, "accuracy": 0.9884292483329773, "energy_consumption": 38251.978315312925, "selected": false, "client_name": "sta3"}
2026-07-01 21:21:16,837 - METRIC - INFO - mean_accuracy: 0.9883813912218268

2026-07-01 21:21:16,837 - METRIC - INFO - round: 80
2026-07-01 21:21:16,837 - METRIC - INFO - n_selected: 11
2026-07-01 21:21:16,837 - METRIC - INFO - {"selected_trainers": ["sta0", "sta1", "sta10", "sta2", "sta3", "sta4", "sta5", "sta6", "sta7", "sta8", "sta9"]}
2026-07-01 21:21:21,738 - EXECUT - INFO - received weights from trainer sta8!
2026-07-01 21:21:21,876 - EXECUT - INFO - received weights from trainer sta4!
2026-07-01 21:21:25,723 - EXECUT - INFO - received weights from trainer sta10!
2026-07-01 21:21:27,191 - EXECUT - INFO - received weights from trainer sta1!
2026-07-01 21:21:27,373 - EXECUT - INFO - received weights from trainer sta0!
2026-07-01 21:21:28,375 - EXECUT - INFO - received weights from trainer sta2!
2026-07-01 21:21:29,156 - EXECUT - INFO - received weights from trainer sta6!
2026-07-01 21:21:29,731 - EXECUT - INFO - received weights from trainer sta9!
2026-07-01 21:21:30,256 - EXECUT - INFO - received weights from trainer sta3!
2026-07-01 21:21:31,133 - EXECUT - INFO - received weights from trainer sta5!
2026-07-01 21:21:31,225 - EXECUT - INFO - received weights from trainer sta7!
2026-07-01 21:21:31,564 - EXECUT - INFO - sent aggregated weights to trainers!
2026-07-01 21:21:31,857 - METRIC - INFO - {"loss": 0.035861048847436905, "accuracy": 0.9909722208976746, "energy_consumption": 50400.936000495676, "selected": false, "client_name": "sta4"}
2026-07-01 21:21:31,945 - METRIC - INFO - {"loss": 0.05657558515667915, "accuracy": 0.9870912432670593, "energy_consumption": 49420.75704987447, "selected": false, "client_name": "sta8"}
2026-07-01 21:21:31,975 - METRIC - INFO - {"loss": 0.04592331871390343, "accuracy": 0.9871106147766113, "energy_consumption": 50033.57846936583, "selected": false, "client_name": "sta2"}
2026-07-01 21:21:31,984 - METRIC - INFO - {"loss": 0.02499280869960785, "accuracy": 0.9914979934692383, "energy_consumption": 54011.599352058016, "selected": false, "client_name": "sta10"}
2026-07-01 21:21:32,071 - METRIC - INFO - {"loss": 0.051022719591856, "accuracy": 0.9862068891525269, "energy_consumption": 36315.501667756515, "selected": false, "client_name": "sta0"}
2026-07-01 21:21:32,076 - METRIC - INFO - {"loss": 0.03255244717001915, "accuracy": 0.9898295998573303, "energy_consumption": 51671.47719260987, "selected": false, "client_name": "sta9"}
2026-07-01 21:21:32,094 - METRIC - INFO - {"loss": 0.03613665699958801, "accuracy": 0.9890410900115967, "energy_consumption": 41381.40891379934, "selected": false, "client_name": "sta6"}
2026-07-01 21:21:32,115 - METRIC - INFO - {"loss": 0.037895768880844116, "accuracy": 0.9879903793334961, "energy_consumption": 38667.621510389814, "selected": false, "client_name": "sta5"}
2026-07-01 21:21:32,136 - METRIC - INFO - {"loss": 0.04130743443965912, "accuracy": 0.9864226579666138, "energy_consumption": 35000.241558289476, "selected": false, "client_name": "sta7"}
2026-07-01 21:21:32,137 - METRIC - INFO - {"loss": 0.03473854437470436, "accuracy": 0.9884853959083557, "energy_consumption": 33875.627623762724, "selected": false, "client_name": "sta1"}
2026-07-01 21:21:32,238 - METRIC - INFO - {"loss": 0.03334498405456543, "accuracy": 0.9884292483329773, "energy_consumption": 38609.05476353816, "selected": false, "client_name": "sta3"}
2026-07-01 21:21:32,565 - METRIC - INFO - mean_accuracy: 0.9884615757248618

2026-07-01 21:21:32,565 - METRIC - INFO - round: 81
2026-07-01 21:21:32,565 - METRIC - INFO - n_selected: 11
2026-07-01 21:21:32,565 - METRIC - INFO - {"selected_trainers": ["sta0", "sta1", "sta10", "sta2", "sta3", "sta4", "sta5", "sta6", "sta7", "sta8", "sta9"]}
2026-07-01 21:21:37,439 - EXECUT - INFO - received weights from trainer sta8!
2026-07-01 21:21:37,508 - EXECUT - INFO - received weights from trainer sta4!
2026-07-01 21:21:41,437 - EXECUT - INFO - received weights from trainer sta10!
2026-07-01 21:21:42,900 - EXECUT - INFO - received weights from trainer sta1!
2026-07-01 21:21:43,073 - EXECUT - INFO - received weights from trainer sta0!
2026-07-01 21:21:44,121 - EXECUT - INFO - received weights from trainer sta2!
2026-07-01 21:21:44,943 - EXECUT - INFO - received weights from trainer sta6!
2026-07-01 21:21:45,392 - EXECUT - INFO - received weights from trainer sta9!
2026-07-01 21:21:45,981 - EXECUT - INFO - received weights from trainer sta3!
2026-07-01 21:21:46,809 - EXECUT - INFO - received weights from trainer sta5!
2026-07-01 21:21:46,833 - EXECUT - INFO - received weights from trainer sta7!
2026-07-01 21:21:47,272 - EXECUT - INFO - sent aggregated weights to trainers!
2026-07-01 21:21:47,574 - METRIC - INFO - {"loss": 0.03621533885598183, "accuracy": 0.9895833134651184, "energy_consumption": 50938.14095130271, "selected": false, "client_name": "sta4"}
2026-07-01 21:21:47,668 - METRIC - INFO - {"loss": 0.04669274389743805, "accuracy": 0.9873791337013245, "energy_consumption": 50563.732017299335, "selected": false, "client_name": "sta2"}
2026-07-01 21:21:47,685 - METRIC - INFO - {"loss": 0.02464575506746769, "accuracy": 0.9914979934692383, "energy_consumption": 54571.63076043851, "selected": false, "client_name": "sta10"}
2026-07-01 21:21:47,765 - METRIC - INFO - {"loss": 0.03237447887659073, "accuracy": 0.9895547032356262, "energy_consumption": 52238.78638786868, "selected": false, "client_name": "sta9"}
2026-07-01 21:21:47,775 - METRIC - INFO - {"loss": 0.057934265583753586, "accuracy": 0.9870912432670593, "energy_consumption": 49959.289693654, "selected": false, "client_name": "sta8"}
2026-07-01 21:21:47,781 - METRIC - INFO - {"loss": 0.04980259761214256, "accuracy": 0.9862068891525269, "energy_consumption": 36703.33128836446, "selected": false, "client_name": "sta0"}
2026-07-01 21:21:47,783 - METRIC - INFO - {"loss": 0.035417698323726654, "accuracy": 0.9890410900115967, "energy_consumption": 41821.14012307551, "selected": false, "client_name": "sta6"}
2026-07-01 21:21:47,803 - METRIC - INFO - {"loss": 0.03741918131709099, "accuracy": 0.9879903793334961, "energy_consumption": 39074.30940478439, "selected": false, "client_name": "sta5"}
2026-07-01 21:21:47,826 - METRIC - INFO - {"loss": 0.03493873029947281, "accuracy": 0.9889282584190369, "energy_consumption": 34267.65364643763, "selected": false, "client_name": "sta1"}
2026-07-01 21:21:47,857 - METRIC - INFO - {"loss": 0.04272317886352539, "accuracy": 0.9864226579666138, "energy_consumption": 35377.347237070724, "selected": false, "client_name": "sta7"}
2026-07-01 21:21:47,865 - METRIC - INFO - {"loss": 0.03316546976566315, "accuracy": 0.9881399869918823, "energy_consumption": 38991.246505799405, "selected": false, "client_name": "sta3"}
2026-07-01 21:21:48,274 - METRIC - INFO - mean_accuracy: 0.9883486953648654

2026-07-01 21:21:48,274 - METRIC - INFO - round: 82
2026-07-01 21:21:48,274 - METRIC - INFO - n_selected: 11
2026-07-01 21:21:48,274 - METRIC - INFO - {"selected_trainers": ["sta0", "sta1", "sta10", "sta2", "sta3", "sta4", "sta5", "sta6", "sta7", "sta8", "sta9"]}
2026-07-01 21:21:53,252 - EXECUT - INFO - received weights from trainer sta4!
2026-07-01 21:21:53,846 - EXECUT - INFO - received weights from trainer sta8!
2026-07-01 21:21:57,100 - EXECUT - INFO - received weights from trainer sta10!
2026-07-01 21:21:58,600 - EXECUT - INFO - received weights from trainer sta1!
2026-07-01 21:21:58,666 - EXECUT - INFO - received weights from trainer sta0!
2026-07-01 21:21:59,828 - EXECUT - INFO - received weights from trainer sta2!
2026-07-01 21:22:00,657 - EXECUT - INFO - received weights from trainer sta6!
2026-07-01 21:22:01,154 - EXECUT - INFO - received weights from trainer sta9!
2026-07-01 21:22:01,548 - EXECUT - INFO - received weights from trainer sta3!
2026-07-01 21:22:02,532 - EXECUT - INFO - received weights from trainer sta7!
2026-07-01 21:22:02,588 - EXECUT - INFO - received weights from trainer sta5!
2026-07-01 21:22:02,960 - EXECUT - INFO - sent aggregated weights to trainers!
2026-07-01 21:22:03,257 - METRIC - INFO - {"loss": 0.0363900251686573, "accuracy": 0.9888888597488403, "energy_consumption": 51484.954842381194, "selected": false, "client_name": "sta4"}
2026-07-01 21:22:03,364 - METRIC - INFO - {"loss": 0.05757468193769455, "accuracy": 0.9870912432670593, "energy_consumption": 50483.01706066103, "selected": false, "client_name": "sta8"}
2026-07-01 21:22:03,364 - METRIC - INFO - {"loss": 0.04476979002356529, "accuracy": 0.9871106147766113, "energy_consumption": 51070.00279494572, "selected": false, "client_name": "sta2"}
2026-07-01 21:22:03,380 - METRIC - INFO - {"loss": 0.02408214844763279, "accuracy": 0.991093099117279, "energy_consumption": 55133.838847571664, "selected": false, "client_name": "sta10"}
2026-07-01 21:22:03,442 - METRIC - INFO - {"loss": 0.03254380822181702, "accuracy": 0.9898295998573303, "energy_consumption": 52790.90056755856, "selected": false, "client_name": "sta9"}
2026-07-01 21:22:03,477 - METRIC - INFO - {"loss": 0.03522405028343201, "accuracy": 0.9899543523788452, "energy_consumption": 42261.897997974185, "selected": false, "client_name": "sta6"}
2026-07-01 21:22:03,491 - METRIC - INFO - {"loss": 0.037202123552560806, "accuracy": 0.9879903793334961, "energy_consumption": 39479.47401007648, "selected": false, "client_name": "sta5"}
2026-07-01 21:22:03,500 - METRIC - INFO - {"loss": 0.04974367097020149, "accuracy": 0.9862068891525269, "energy_consumption": 37084.093302008565, "selected": false, "client_name": "sta0"}
2026-07-01 21:22:03,513 - METRIC - INFO - {"loss": 0.03421032801270485, "accuracy": 0.9884853959083557, "energy_consumption": 34637.78839114649, "selected": false, "client_name": "sta1"}
2026-07-01 21:22:03,551 - METRIC - INFO - {"loss": 0.033116817474365234, "accuracy": 0.989007830619812, "energy_consumption": 39367.572721464734, "selected": false, "client_name": "sta3"}
2026-07-01 21:22:03,555 - METRIC - INFO - {"loss": 0.042162250727415085, "accuracy": 0.9858323335647583, "energy_consumption": 35761.814284179505, "selected": false, "client_name": "sta7"}
2026-07-01 21:22:03,963 - METRIC - INFO - mean_accuracy: 0.9883173270659014

2026-07-01 21:22:03,963 - METRIC - INFO - round: 83
2026-07-01 21:22:03,963 - METRIC - INFO - n_selected: 11
2026-07-01 21:22:03,963 - METRIC - INFO - {"selected_trainers": ["sta0", "sta1", "sta10", "sta2", "sta3", "sta4", "sta5", "sta6", "sta7", "sta8", "sta9"]}
2026-07-01 21:22:08,939 - EXECUT - INFO - received weights from trainer sta4!
2026-07-01 21:22:09,539 - EXECUT - INFO - received weights from trainer sta8!
2026-07-01 21:22:12,795 - EXECUT - INFO - received weights from trainer sta10!
2026-07-01 21:22:14,283 - EXECUT - INFO - received weights from trainer sta1!
2026-07-01 21:22:14,490 - EXECUT - INFO - received weights from trainer sta0!
2026-07-01 21:22:15,559 - EXECUT - INFO - received weights from trainer sta2!
2026-07-01 21:22:16,253 - EXECUT - INFO - received weights from trainer sta6!
2026-07-01 21:22:16,790 - EXECUT - INFO - received weights from trainer sta9!
2026-07-01 21:22:17,356 - EXECUT - INFO - received weights from trainer sta3!
2026-07-01 21:22:18,227 - EXECUT - INFO - received weights from trainer sta5!
2026-07-01 21:22:18,289 - EXECUT - INFO - received weights from trainer sta7!
2026-07-01 21:22:18,655 - EXECUT - INFO - sent aggregated weights to trainers!
2026-07-01 21:22:18,968 - METRIC - INFO - {"loss": 0.03618892654776573, "accuracy": 0.9895833134651184, "energy_consumption": 52017.85316689942, "selected": false, "client_name": "sta4"}
2026-07-01 21:22:19,030 - METRIC - INFO - {"loss": 0.05736128240823746, "accuracy": 0.9870912432670593, "energy_consumption": 51013.18320483812, "selected": false, "client_name": "sta8"}
2026-07-01 21:22:19,079 - METRIC - INFO - {"loss": 0.04485704377293587, "accuracy": 0.9871106147766113, "energy_consumption": 51575.69316369757, "selected": false, "client_name": "sta2"}
2026-07-01 21:22:19,142 - METRIC - INFO - {"loss": 0.03563445433974266, "accuracy": 0.990563154220581, "energy_consumption": 42696.97915292246, "selected": false, "client_name": "sta6"}
2026-07-01 21:22:19,158 - METRIC - INFO - {"loss": 0.03297063335776329, "accuracy": 0.9895547032356262, "energy_consumption": 53347.253723272755, "selected": false, "client_name": "sta9"}
2026-07-01 21:22:19,183 - METRIC - INFO - {"loss": 0.042209330946207047, "accuracy": 0.9864226579666138, "energy_consumption": 36138.84684995497, "selected": false, "client_name": "sta7"}
2026-07-01 21:22:19,190 - METRIC - INFO - {"loss": 0.02637464925646782, "accuracy": 0.991093099117279, "energy_consumption": 55677.740315104165, "selected": false, "client_name": "sta10"}
2026-07-01 21:22:19,199 - METRIC - INFO - {"loss": 0.03769410774111748, "accuracy": 0.9877235293388367, "energy_consumption": 39882.969322615994, "selected": false, "client_name": "sta5"}
2026-07-01 21:22:19,203 - METRIC - INFO - {"loss": 0.03321583569049835, "accuracy": 0.9884292483329773, "energy_consumption": 39773.66457577675, "selected": false, "client_name": "sta3"}
2026-07-01 21:22:19,229 - METRIC - INFO - {"loss": 0.0344415158033371, "accuracy": 0.9880425333976746, "energy_consumption": 35021.90858739996, "selected": false, "client_name": "sta1"}
2026-07-01 21:22:19,250 - METRIC - INFO - {"loss": 0.05170788615942001, "accuracy": 0.9862068891525269, "energy_consumption": 37462.66447033338, "selected": false, "client_name": "sta0"}
2026-07-01 21:22:19,658 - METRIC - INFO - mean_accuracy: 0.988347362388264

2026-07-01 21:22:19,658 - METRIC - INFO - round: 84
2026-07-01 21:22:19,658 - METRIC - INFO - n_selected: 11
2026-07-01 21:22:19,658 - METRIC - INFO - {"selected_trainers": ["sta0", "sta1", "sta10", "sta2", "sta3", "sta4", "sta5", "sta6", "sta7", "sta8", "sta9"]}
2026-07-01 21:22:24,565 - EXECUT - INFO - received weights from trainer sta8!
2026-07-01 21:22:24,631 - EXECUT - INFO - received weights from trainer sta4!
2026-07-01 21:22:28,525 - EXECUT - INFO - received weights from trainer sta10!
2026-07-01 21:22:30,008 - EXECUT - INFO - received weights from trainer sta1!
2026-07-01 21:22:30,124 - EXECUT - INFO - received weights from trainer sta0!
2026-07-01 21:22:31,249 - EXECUT - INFO - received weights from trainer sta2!
2026-07-01 21:22:32,017 - EXECUT - INFO - received weights from trainer sta6!
2026-07-01 21:22:32,515 - EXECUT - INFO - received weights from trainer sta9!
2026-07-01 21:22:33,004 - EXECUT - INFO - received weights from trainer sta3!
2026-07-01 21:22:33,937 - EXECUT - INFO - received weights from trainer sta5!
2026-07-01 21:22:33,949 - EXECUT - INFO - received weights from trainer sta7!
2026-07-01 21:22:34,384 - EXECUT - INFO - sent aggregated weights to trainers!
2026-07-01 21:22:34,685 - METRIC - INFO - {"loss": 0.03663868457078934, "accuracy": 0.9895833134651184, "energy_consumption": 52558.255042385405, "selected": false, "client_name": "sta4"}
2026-07-01 21:22:34,743 - METRIC - INFO - {"loss": 0.05781664699316025, "accuracy": 0.9879518151283264, "energy_consumption": 51526.61534943549, "selected": false, "client_name": "sta8"}
2026-07-01 21:22:34,783 - METRIC - INFO - {"loss": 0.02454422600567341, "accuracy": 0.9914979934692383, "energy_consumption": 56230.65099483394, "selected": false, "client_name": "sta10"}
2026-07-01 21:22:34,784 - METRIC - INFO - {"loss": 0.046658407896757126, "accuracy": 0.9871106147766113, "energy_consumption": 52100.70171154782, "selected": false, "client_name": "sta2"}
2026-07-01 21:22:34,867 - METRIC - INFO - {"loss": 0.03265867382287979, "accuracy": 0.9898295998573303, "energy_consumption": 53893.20191201056, "selected": false, "client_name": "sta9"}
2026-07-01 21:22:34,879 - METRIC - INFO - {"loss": 0.03570513054728508, "accuracy": 0.9890410900115967, "energy_consumption": 43122.43558429771, "selected": false, "client_name": "sta6"}
2026-07-01 21:22:34,908 - METRIC - INFO - {"loss": 0.03723331168293953, "accuracy": 0.9874566197395325, "energy_consumption": 40287.38859214725, "selected": false, "client_name": "sta5"}
2026-07-01 21:22:34,932 - METRIC - INFO - {"loss": 0.049845725297927856, "accuracy": 0.9862068891525269, "energy_consumption": 37850.08328214439, "selected": false, "client_name": "sta0"}
2026-07-01 21:22:34,932 - METRIC - INFO - {"loss": 0.033770620822906494, "accuracy": 0.9884292483329773, "energy_consumption": 40177.55469515867, "selected": false, "client_name": "sta3"}
2026-07-01 21:22:34,949 - METRIC - INFO - {"loss": 0.03517412766814232, "accuracy": 0.9884853959083557, "energy_consumption": 35422.82647278085, "selected": false, "client_name": "sta1"}
2026-07-01 21:22:34,972 - METRIC - INFO - {"loss": 0.042311958968639374, "accuracy": 0.987308144569397, "energy_consumption": 36508.97183064072, "selected": false, "client_name": "sta7"}
2026-07-01 21:22:35,387 - METRIC - INFO - mean_accuracy: 0.988445520401001

2026-07-01 21:22:35,387 - METRIC - INFO - round: 85
2026-07-01 21:22:35,387 - METRIC - INFO - n_selected: 11
2026-07-01 21:22:35,387 - METRIC - INFO - {"selected_trainers": ["sta0", "sta1", "sta10", "sta2", "sta3", "sta4", "sta5", "sta6", "sta7", "sta8", "sta9"]}
2026-07-01 21:22:40,266 - EXECUT - INFO - received weights from trainer sta8!
2026-07-01 21:22:40,334 - EXECUT - INFO - received weights from trainer sta4!
2026-07-01 21:22:44,223 - EXECUT - INFO - received weights from trainer sta10!
2026-07-01 21:22:45,697 - EXECUT - INFO - received weights from trainer sta1!
2026-07-01 21:22:45,915 - EXECUT - INFO - received weights from trainer sta0!
2026-07-01 21:22:46,960 - EXECUT - INFO - received weights from trainer sta2!
2026-07-01 21:22:47,724 - EXECUT - INFO - received weights from trainer sta6!
2026-07-01 21:22:48,271 - EXECUT - INFO - received weights from trainer sta9!
2026-07-01 21:22:48,775 - EXECUT - INFO - received weights from trainer sta3!
2026-07-01 21:22:49,687 - EXECUT - INFO - received weights from trainer sta5!
2026-07-01 21:22:49,740 - EXECUT - INFO - received weights from trainer sta7!
2026-07-01 21:22:50,006 - EXECUT - INFO - sent aggregated weights to trainers!
2026-07-01 21:22:50,295 - METRIC - INFO - {"loss": 0.036187417805194855, "accuracy": 0.9902777671813965, "energy_consumption": 53105.29730223269, "selected": false, "client_name": "sta4"}
2026-07-01 21:22:50,370 - METRIC - INFO - {"loss": 0.058291297405958176, "accuracy": 0.9870912432670593, "energy_consumption": 52046.798876711335, "selected": false, "client_name": "sta8"}
2026-07-01 21:22:50,419 - METRIC - INFO - {"loss": 0.024045554921030998, "accuracy": 0.9914979934692383, "energy_consumption": 56755.87790453925, "selected": false, "client_name": "sta10"}
2026-07-01 21:22:50,425 - METRIC - INFO - {"loss": 0.0521571971476078, "accuracy": 0.9858012199401855, "energy_consumption": 38226.88137604273, "selected": false, "client_name": "sta0"}
2026-07-01 21:22:50,441 - METRIC - INFO - {"loss": 0.04511287063360214, "accuracy": 0.9865735769271851, "energy_consumption": 52642.212845212896, "selected": false, "client_name": "sta2"}
2026-07-01 21:22:50,489 - METRIC - INFO - {"loss": 0.032541099935770035, "accuracy": 0.9895547032356262, "energy_consumption": 54457.02419975533, "selected": false, "client_name": "sta9"}
2026-07-01 21:22:50,515 - METRIC - INFO - {"loss": 0.03555377200245857, "accuracy": 0.9893454909324646, "energy_consumption": 43562.903234867044, "selected": false, "client_name": "sta6"}
2026-07-01 21:22:50,526 - METRIC - INFO - {"loss": 0.03759239986538887, "accuracy": 0.9879903793334961, "energy_consumption": 40698.19435130419, "selected": false, "client_name": "sta5"}
2026-07-01 21:22:50,550 - METRIC - INFO - {"loss": 0.034344907850027084, "accuracy": 0.9884853959083557, "energy_consumption": 35788.62201805817, "selected": false, "client_name": "sta1"}
2026-07-01 21:22:50,561 - METRIC - INFO - {"loss": 0.033482324331998825, "accuracy": 0.989007830619812, "energy_consumption": 40576.359699026085, "selected": false, "client_name": "sta3"}
2026-07-01 21:22:50,608 - METRIC - INFO - {"loss": 0.04204458370804787, "accuracy": 0.9870129823684692, "energy_consumption": 36869.8635537363, "selected": false, "client_name": "sta7"}
2026-07-01 21:22:51,009 - METRIC - INFO - mean_accuracy: 0.988421689380299

2026-07-01 21:22:51,009 - METRIC - INFO - round: 86
2026-07-01 21:22:51,009 - METRIC - INFO - n_selected: 11
2026-07-01 21:22:51,009 - METRIC - INFO - {"selected_trainers": ["sta0", "sta1", "sta10", "sta2", "sta3", "sta4", "sta5", "sta6", "sta7", "sta8", "sta9"]}
2026-07-01 21:22:55,850 - EXECUT - INFO - received weights from trainer sta8!
2026-07-01 21:22:55,984 - EXECUT - INFO - received weights from trainer sta4!
2026-07-01 21:22:59,903 - EXECUT - INFO - received weights from trainer sta10!
2026-07-01 21:23:01,387 - EXECUT - INFO - received weights from trainer sta1!
2026-07-01 21:23:01,504 - EXECUT - INFO - received weights from trainer sta0!
2026-07-01 21:23:02,622 - EXECUT - INFO - received weights from trainer sta2!
2026-07-01 21:23:03,357 - EXECUT - INFO - received weights from trainer sta6!
2026-07-01 21:23:03,862 - EXECUT - INFO - received weights from trainer sta9!
2026-07-01 21:23:04,305 - EXECUT - INFO - received weights from trainer sta3!
2026-07-01 21:23:05,245 - EXECUT - INFO - received weights from trainer sta5!
2026-07-01 21:23:05,347 - EXECUT - INFO - received weights from trainer sta7!
2026-07-01 21:23:05,728 - EXECUT - INFO - sent aggregated weights to trainers!
2026-07-01 21:23:06,027 - METRIC - INFO - {"loss": 0.03646352142095566, "accuracy": 0.9909722208976746, "energy_consumption": 53624.88753645566, "selected": false, "client_name": "sta4"}
2026-07-01 21:23:06,094 - METRIC - INFO - {"loss": 0.057965755462646484, "accuracy": 0.9870912432670593, "energy_consumption": 52569.80707531617, "selected": false, "client_name": "sta8"}
2026-07-01 21:23:06,131 - METRIC - INFO - {"loss": 0.024886300787329674, "accuracy": 0.9914979934692383, "energy_consumption": 57336.840520084545, "selected": false, "client_name": "sta10"}
2026-07-01 21:23:06,161 - METRIC - INFO - {"loss": 0.04604879766702652, "accuracy": 0.9873791337013245, "energy_consumption": 53149.11577762081, "selected": false, "client_name": "sta2"}
2026-07-01 21:23:06,207 - METRIC - INFO - {"loss": 0.05003337562084198, "accuracy": 0.9862068891525269, "energy_consumption": 38647.85426814268, "selected": false, "client_name": "sta0"}
2026-07-01 21:23:06,225 - METRIC - INFO - {"loss": 0.03246480971574783, "accuracy": 0.9895547032356262, "energy_consumption": 55013.744802400965, "selected": false, "client_name": "sta9"}
2026-07-01 21:23:06,230 - METRIC - INFO - {"loss": 0.03619205206632614, "accuracy": 0.9893454909324646, "energy_consumption": 43993.98853585664, "selected": false, "client_name": "sta6"}
2026-07-01 21:23:06,264 - METRIC - INFO - {"loss": 0.037701498717069626, "accuracy": 0.9882572889328003, "energy_consumption": 41106.39836395058, "selected": false, "client_name": "sta5"}
2026-07-01 21:23:06,278 - METRIC - INFO - {"loss": 0.03327345848083496, "accuracy": 0.988718569278717, "energy_consumption": 40979.614894414815, "selected": false, "client_name": "sta3"}
2026-07-01 21:23:06,289 - METRIC - INFO - {"loss": 0.03410830721259117, "accuracy": 0.9884853959083557, "energy_consumption": 36059.35359998015, "selected": false, "client_name": "sta1"}
2026-07-01 21:23:06,319 - METRIC - INFO - {"loss": 0.041117530316114426, "accuracy": 0.9867178201675415, "energy_consumption": 37251.96691317906, "selected": false, "client_name": "sta7"}
2026-07-01 21:23:06,729 - METRIC - INFO - mean_accuracy: 0.9885660680857572

2026-07-01 21:23:06,729 - METRIC - INFO - round: 87
2026-07-01 21:23:06,729 - METRIC - INFO - n_selected: 11
2026-07-01 21:23:06,729 - METRIC - INFO - {"selected_trainers": ["sta0", "sta1", "sta10", "sta2", "sta3", "sta4", "sta5", "sta6", "sta7", "sta8", "sta9"]}
2026-07-01 21:23:11,598 - EXECUT - INFO - received weights from trainer sta8!
2026-07-01 21:23:11,732 - EXECUT - INFO - received weights from trainer sta4!
2026-07-01 21:23:15,625 - EXECUT - INFO - received weights from trainer sta10!
2026-07-01 21:23:17,088 - EXECUT - INFO - received weights from trainer sta1!
2026-07-01 21:23:17,161 - EXECUT - INFO - received weights from trainer sta0!
2026-07-01 21:23:18,404 - EXECUT - INFO - received weights from trainer sta2!
2026-07-01 21:23:19,105 - EXECUT - INFO - received weights from trainer sta6!
2026-07-01 21:23:19,596 - EXECUT - INFO - received weights from trainer sta9!
2026-07-01 21:23:20,009 - EXECUT - INFO - received weights from trainer sta3!
2026-07-01 21:23:21,080 - EXECUT - INFO - received weights from trainer sta7!
2026-07-01 21:23:27,624 - EXECUT - INFO - received weights from trainer sta5!
2026-07-01 21:23:28,485 - EXECUT - INFO - sent aggregated weights to trainers!
2026-07-01 21:23:28,783 - METRIC - INFO - {"loss": 0.03644302114844322, "accuracy": 0.9909722208976746, "energy_consumption": 54410.001621603944, "selected": false, "client_name": "sta4"}
2026-07-01 21:23:28,855 - METRIC - INFO - {"loss": 0.05846260488033295, "accuracy": 0.9870912432670593, "energy_consumption": 53324.10684928483, "selected": false, "client_name": "sta8"}
2026-07-01 21:23:28,903 - METRIC - INFO - {"loss": 0.02512483485043049, "accuracy": 0.9902834296226501, "energy_consumption": 58168.82119126271, "selected": false, "client_name": "sta10"}
2026-07-01 21:23:28,926 - METRIC - INFO - {"loss": 0.04556497186422348, "accuracy": 0.9873791337013245, "energy_consumption": 53934.993600946524, "selected": false, "client_name": "sta2"}
2026-07-01 21:23:28,944 - METRIC - INFO - {"loss": 0.050060637295246124, "accuracy": 0.9866125583648682, "energy_consumption": 39142.6438705073, "selected": false, "client_name": "sta0"}
2026-07-01 21:23:28,972 - METRIC - INFO - {"loss": 0.03899051621556282, "accuracy": 0.9879054427146912, "energy_consumption": 55856.019569779986, "selected": false, "client_name": "sta9"}
2026-07-01 21:23:29,009 - METRIC - INFO - {"loss": 0.03575558960437775, "accuracy": 0.9893454909324646, "energy_consumption": 44633.87180331778, "selected": false, "client_name": "sta6"}
2026-07-01 21:23:29,020 - METRIC - INFO - {"loss": 0.03789353743195534, "accuracy": 0.9882572889328003, "energy_consumption": 41705.738967306366, "selected": false, "client_name": "sta5"}
2026-07-01 21:23:29,039 - METRIC - INFO - {"loss": 0.03455975279211998, "accuracy": 0.9884853959083557, "energy_consumption": 36606.29233168156, "selected": false, "client_name": "sta1"}
2026-07-01 21:23:29,042 - METRIC - INFO - {"loss": 0.04231279343366623, "accuracy": 0.986127495765686, "energy_consumption": 37820.26228943056, "selected": false, "client_name": "sta7"}
2026-07-01 21:23:29,051 - METRIC - INFO - {"loss": 0.034140780568122864, "accuracy": 0.989007830619812, "energy_consumption": 41595.784977915086, "selected": false, "client_name": "sta3"}
2026-07-01 21:23:29,487 - METRIC - INFO - mean_accuracy: 0.9883152300661261

2026-07-01 21:23:29,487 - METRIC - INFO - round: 88
2026-07-01 21:23:29,487 - METRIC - INFO - n_selected: 11
2026-07-01 21:23:29,487 - METRIC - INFO - {"selected_trainers": ["sta0", "sta1", "sta10", "sta2", "sta3", "sta4", "sta5", "sta6", "sta7", "sta8", "sta9"]}
2026-07-01 21:23:34,333 - EXECUT - INFO - received weights from trainer sta8!
2026-07-01 21:23:34,442 - EXECUT - INFO - received weights from trainer sta4!
2026-07-01 21:23:38,323 - EXECUT - INFO - received weights from trainer sta10!
2026-07-01 21:23:39,822 - EXECUT - INFO - received weights from trainer sta1!
2026-07-01 21:23:41,023 - EXECUT - INFO - received weights from trainer sta2!
2026-07-01 21:23:41,839 - EXECUT - INFO - received weights from trainer sta6!
2026-07-01 21:23:42,436 - EXECUT - INFO - received weights from trainer sta9!
2026-07-01 21:23:42,936 - EXECUT - INFO - received weights from trainer sta3!
2026-07-01 21:23:43,781 - EXECUT - INFO - received weights from trainer sta5!
2026-07-01 21:23:43,819 - EXECUT - INFO - received weights from trainer sta7!
2026-07-01 21:23:50,147 - EXECUT - INFO - received weights from trainer sta0!
2026-07-01 21:23:51,252 - EXECUT - INFO - sent aggregated weights to trainers!
2026-07-01 21:23:51,548 - METRIC - INFO - {"loss": 0.03699621185660362, "accuracy": 0.9895833134651184, "energy_consumption": 55181.7279037471, "selected": false, "client_name": "sta4"}
2026-07-01 21:23:51,627 - METRIC - INFO - {"loss": 0.06106380745768547, "accuracy": 0.9879518151283264, "energy_consumption": 54083.172780413006, "selected": false, "client_name": "sta8"}
2026-07-01 21:23:51,649 - METRIC - INFO - {"loss": 0.05042754486203194, "accuracy": 0.9858012199401855, "energy_consumption": 39665.29356079064, "selected": false, "client_name": "sta0"}
2026-07-01 21:23:51,665 - METRIC - INFO - {"loss": 0.02410120703279972, "accuracy": 0.9914979934692383, "energy_consumption": 58864.20478897307, "selected": false, "client_name": "sta10"}
2026-07-01 21:23:51,688 - METRIC - INFO - {"loss": 0.045269496738910675, "accuracy": 0.9868420958518982, "energy_consumption": 54694.76409633182, "selected": false, "client_name": "sta2"}
2026-07-01 21:23:51,713 - METRIC - INFO - {"loss": 0.03252518177032471, "accuracy": 0.9906542301177979, "energy_consumption": 56534.73731715263, "selected": false, "client_name": "sta9"}
2026-07-01 21:23:51,759 - METRIC - INFO - {"loss": 0.03612280637025833, "accuracy": 0.9896499514579773, "energy_consumption": 45295.78485026035, "selected": false, "client_name": "sta6"}
2026-07-01 21:23:51,762 - METRIC - INFO - {"loss": 0.03732943534851074, "accuracy": 0.9879903793334961, "energy_consumption": 42309.707272661144, "selected": false, "client_name": "sta5"}
2026-07-01 21:23:51,787 - METRIC - INFO - {"loss": 0.03412086144089699, "accuracy": 0.988718569278717, "energy_consumption": 42174.347792170425, "selected": false, "client_name": "sta3"}
2026-07-01 21:23:51,789 - METRIC - INFO - {"loss": 0.035253867506980896, "accuracy": 0.9875996708869934, "energy_consumption": 37083.62875569381, "selected": false, "client_name": "sta1"}
2026-07-01 21:23:51,841 - METRIC - INFO - {"loss": 0.04118230938911438, "accuracy": 0.9867178201675415, "energy_consumption": 38343.04961778837, "selected": false, "client_name": "sta7"}
2026-07-01 21:23:52,253 - METRIC - INFO - mean_accuracy: 0.9884551871906627

2026-07-01 21:23:52,253 - METRIC - INFO - round: 89
2026-07-01 21:23:52,253 - METRIC - INFO - n_selected: 11
2026-07-01 21:23:52,253 - METRIC - INFO - {"selected_trainers": ["sta0", "sta1", "sta10", "sta2", "sta3", "sta4", "sta5", "sta6", "sta7", "sta8", "sta9"]}
2026-07-01 21:23:57,121 - EXECUT - INFO - received weights from trainer sta8!
2026-07-01 21:23:57,270 - EXECUT - INFO - received weights from trainer sta4!
2026-07-01 21:24:01,187 - EXECUT - INFO - received weights from trainer sta10!
2026-07-01 21:24:02,576 - EXECUT - INFO - received weights from trainer sta1!
2026-07-01 21:24:02,768 - EXECUT - INFO - received weights from trainer sta0!
2026-07-01 21:24:03,919 - EXECUT - INFO - received weights from trainer sta2!
2026-07-01 21:24:04,599 - EXECUT - INFO - received weights from trainer sta6!
2026-07-01 21:24:05,155 - EXECUT - INFO - received weights from trainer sta9!
2026-07-01 21:24:05,580 - EXECUT - INFO - received weights from trainer sta3!
2026-07-01 21:24:06,562 - EXECUT - INFO - received weights from trainer sta7!
2026-07-01 21:24:13,175 - EXECUT - INFO - received weights from trainer sta5!
2026-07-01 21:24:13,969 - EXECUT - INFO - sent aggregated weights to trainers!
2026-07-01 21:24:14,269 - METRIC - INFO - {"loss": 0.03590647503733635, "accuracy": 0.9902777671813965, "energy_consumption": 55980.7210888531, "selected": false, "client_name": "sta4"}
2026-07-01 21:24:14,343 - METRIC - INFO - {"loss": 0.05886072665452957, "accuracy": 0.9879518151283264, "energy_consumption": 54739.89498247667, "selected": false, "client_name": "sta8"}
2026-07-01 21:24:14,364 - METRIC - INFO - {"loss": 0.045899029821157455, "accuracy": 0.9871106147766113, "energy_consumption": 55460.27847321374, "selected": false, "client_name": "sta2"}
2026-07-01 21:24:14,382 - METRIC - INFO - {"loss": 0.024942416697740555, "accuracy": 0.9914979934692383, "energy_consumption": 59692.57364278606, "selected": false, "client_name": "sta10"}
2026-07-01 21:24:14,482 - METRIC - INFO - {"loss": 0.05041394382715225, "accuracy": 0.9862068891525269, "energy_consumption": 40196.69211196262, "selected": false, "client_name": "sta0"}
2026-07-01 21:24:14,482 - METRIC - INFO - {"loss": 0.03602658584713936, "accuracy": 0.9890410900115967, "energy_consumption": 45932.7679809136, "selected": false, "client_name": "sta6"}
2026-07-01 21:24:14,540 - METRIC - INFO - {"loss": 0.03332540765404701, "accuracy": 0.9884292483329773, "energy_consumption": 42761.97018106251, "selected": false, "client_name": "sta3"}
2026-07-01 21:24:14,549 - METRIC - INFO - {"loss": 0.04249456897377968, "accuracy": 0.9864226579666138, "energy_consumption": 38870.40270329468, "selected": false, "client_name": "sta7"}
2026-07-01 21:24:14,586 - METRIC - INFO - {"loss": 0.033057354390621185, "accuracy": 0.9898295998573303, "energy_consumption": 57352.395045936224, "selected": false, "client_name": "sta9"}
2026-07-01 21:24:14,641 - METRIC - INFO - {"loss": 0.037968073040246964, "accuracy": 0.9877235293388367, "energy_consumption": 42903.89711626458, "selected": false, "client_name": "sta5"}
2026-07-01 21:24:14,645 - METRIC - INFO - {"loss": 0.03457040712237358, "accuracy": 0.9884853959083557, "energy_consumption": 37606.34995469225, "selected": false, "client_name": "sta1"}
2026-07-01 21:24:14,971 - METRIC - INFO - mean_accuracy: 0.9884524182839827

2026-07-01 21:24:14,971 - METRIC - INFO - round: 90
2026-07-01 21:24:14,971 - METRIC - INFO - n_selected: 11
2026-07-01 21:24:14,971 - METRIC - INFO - {"selected_trainers": ["sta0", "sta1", "sta10", "sta2", "sta3", "sta4", "sta5", "sta6", "sta7", "sta8", "sta9"]}
2026-07-01 21:24:19,804 - EXECUT - INFO - received weights from trainer sta8!
2026-07-01 21:24:19,941 - EXECUT - INFO - received weights from trainer sta4!
2026-07-01 21:24:23,770 - EXECUT - INFO - received weights from trainer sta10!
2026-07-01 21:24:25,390 - EXECUT - INFO - received weights from trainer sta1!
2026-07-01 21:24:25,597 - EXECUT - INFO - received weights from trainer sta0!
2026-07-01 21:24:26,567 - EXECUT - INFO - received weights from trainer sta2!
2026-07-01 21:24:27,290 - EXECUT - INFO - received weights from trainer sta6!
2026-07-01 21:24:27,828 - EXECUT - INFO - received weights from trainer sta9!
2026-07-01 21:24:28,440 - EXECUT - INFO - received weights from trainer sta3!
2026-07-01 21:24:29,264 - EXECUT - INFO - received weights from trainer sta5!
2026-07-01 21:24:29,308 - EXECUT - INFO - received weights from trainer sta7!
2026-07-01 21:24:29,762 - EXECUT - INFO - sent aggregated weights to trainers!
2026-07-01 21:24:30,047 - METRIC - INFO - {"loss": 0.03632446378469467, "accuracy": 0.9909722208976746, "energy_consumption": 56529.49372213447, "selected": false, "client_name": "sta4"}
2026-07-01 21:24:30,115 - METRIC - INFO - {"loss": 0.058431029319763184, "accuracy": 0.9870912432670593, "energy_consumption": 55258.340026605954, "selected": false, "client_name": "sta8"}
2026-07-01 21:24:30,173 - METRIC - INFO - {"loss": 0.024365801364183426, "accuracy": 0.991093099117279, "energy_consumption": 60225.14583982943, "selected": false, "client_name": "sta10"}
2026-07-01 21:24:30,195 - METRIC - INFO - {"loss": 0.04947877675294876, "accuracy": 0.9853955507278442, "energy_consumption": 40559.54077270416, "selected": false, "client_name": "sta0"}
2026-07-01 21:24:30,237 - METRIC - INFO - {"loss": 0.0325169712305069, "accuracy": 0.9895547032356262, "energy_consumption": 57868.59785235343, "selected": false, "client_name": "sta9"}
2026-07-01 21:24:30,286 - METRIC - INFO - {"loss": 0.03754741698503494, "accuracy": 0.9882572889328003, "energy_consumption": 43299.87514578768, "selected": false, "client_name": "sta5"}
2026-07-01 21:24:30,289 - METRIC - INFO - {"loss": 0.03509427234530449, "accuracy": 0.9875996708869934, "energy_consumption": 37952.968615521866, "selected": false, "client_name": "sta1"}
2026-07-01 21:24:30,309 - METRIC - INFO - {"loss": 0.04592413827776909, "accuracy": 0.9873791337013245, "energy_consumption": 55998.30912803764, "selected": false, "client_name": "sta2"}
2026-07-01 21:24:30,354 - METRIC - INFO - {"loss": 0.04179738089442253, "accuracy": 0.987308144569397, "energy_consumption": 39248.25790286269, "selected": false, "client_name": "sta7"}
2026-07-01 21:24:30,401 - METRIC - INFO - {"loss": 0.03578998148441315, "accuracy": 0.9899543523788452, "energy_consumption": 46359.90811522299, "selected": false, "client_name": "sta6"}
2026-07-01 21:24:30,433 - METRIC - INFO - {"loss": 0.03371594473719597, "accuracy": 0.988718569278717, "energy_consumption": 43144.33741186356, "selected": false, "client_name": "sta3"}
2026-07-01 21:24:30,765 - METRIC - INFO - mean_accuracy: 0.9884839979085055

2026-07-01 21:24:30,771 - METRIC - INFO - stop_condition: rounds
